# Realistic Hand 3D Mesh
v 59.297 -0.455242 -70.6708
v 66.3921 -1.96008 -58.9775
v 16.5746 0.161123 -39.5063
v 18.2525 0.95657 -40.6551
v 17.3607 1.07308 -37.8435
v 19.002 2.59699 -36.1719
v 19.6616 2.70037 -37.9262
v 66.9914 -1.77892 -55.9374
v 20.8064 3.33291 -38.2781
v 22.1039 4.38823 -35.957
v 22.3624 4.83942 -33.7326
v 19.4973 1.45907 -42.4704
v 20.5731 2.4728 -40.8952
v 23.1392 5.5428 -32.2573
v 63.5426 -0.224764 -57.0515
v 23.5432 5.38663 -34.578
v 20.8546 4.19799 -32.1001
v 25.9879 6.96109 -31.7745
v 25.733 6.46019 -33.6676
v 23.5639 3.58075 -41.8029
v 19.6621 3.62934 -31.7498
v 16.5338 1.9012 -32.711
v 18.6496 3.5615 -28.7283
v 21.8344 2.52031 -44.3228
v 67.9391 -3.58197 -65.2841
v 67.1596 -2.66167 -61.4624
v 63.6583 -1.16055 -62.1593
v 66.2787 -2.63489 -63.9886
v 70.0895 -4.54885 -64.3659
v 61.715 -0.565634 -64.9243
v 61.5945 -0.166022 -62.1266
v 69.9528 -4.05117 -62.5192
v 71.0807 -4.25168 -60.1036
v 67.7185 -2.79143 -60.2657
v 71.9839 -4.22908 -57.8904
v 69.7505 -3.23705 -57.3485
v 68.2286 -2.06049 -54.5602
v 71.4976 -4.97993 -63.0819
v 71.9034 -4.94795 -61.3782
v 71.4251 -3.80459 -56.543
v 73.1671 -4.18906 -55.5892
v 73.303 -4.68647 -57.1669
v 73.8562 -6.54219 -61.0427
v 72.3096 -3.63144 -54.3262
v 75.153 -4.32943 -52.6247
v 72.9205 -3.31727 -51.9209
v 73.6692 -3.2182 -50.5654
v 75.8867 -4.23451 -50.9523
v 67.0119 -3.62391 -68.3689
v 14.573 0.290406 -34.6426
v 14.6214 -0.594246 -37.9409
v 13.214 -1.35085 -38.07
v 10.6579 -1.93398 -34.3007
v 14.0303 -1.37135 -40.1546
v 11.4279 -2.74904 -39.6562
v 58.9674 0.451336 -66.2421
v 12.0494 -0.155719 -30.834
v 7.24683 -4.93157 -37.1138
v 7.03676 -4.08036 -33.3783
v 5.79004 -3.89729 -27.7841
v 7.9549 -2.51269 -28.8663
v 6.71856 -2.43376 -25.2613
v 4.87329 -4.01206 -25.7562
v 4.54319 -3.18427 -22.6864
v 5.70477 -5.17057 -33.3972
v 8.79452 -1.08054 -25.2225
v 10.9566 0.023582 -26.8537
v 7.72185 -0.943519 -21.8443
v 9.01588 -0.0157885 -21.4547
v 8.06042 -0.164879 -19.0355
v 10.7747 0.751163 -23.5148
v 11.0942 1.68974 -21.132
v 3.80275 -5.34542 -27.8956
v 2.86181 -6.18421 -28.1125
v 1.42149 -7.12869 -26.8672
v 1.73528 -8.04591 -29.9955
v 0.209355 -7.99536 -25.5237
v 1.0383 -9.5229 -30.5637
v 8.42406 -3.54998 -35.2896
v 9.55029 -3.39728 -37.8971
v 14.9862 3.1675 -22.2501
v 12.341 2.41547 -20.8199
v 14.4198 2.46872 -25.0197
v 11.2121 2.34055 -17.7553
v 9.15437 -2.48025 -32.4037
v 0.124991 -9.22754 -27.762
v 2.19381 -5.87605 -24.8884
v 0.272304 -7.04083 -23.0438
v -0.840432 -8.25615 -23.206
v 1.31807 -5.71193 -20.3373
v -0.182004 -6.98311 -20.7584
v 2.71918 -5.05401 -23.4314
v -2.59513 -8.51387 -19.1929
v -1.01058 -9.20742 -24.6665
v -2.70849 -10.7451 -22.0757
v -2.1742 -9.6312 -22.0969
v 7.48602 -5.6502 -40.2081
v 8.34089 -4.83459 -39.885
v 1.91735 -3.67129 -17.1226
v 4.05143 -2.89431 -20.0268
v 5.46323 -1.86508 -18.8702
v 2.88799 -4.13069 -20.5964
v 5.94142 -7.63824 -41.0505
v 5.2109 -9.47224 -42.7235
v 4.89004 -7.3057 -37.4861
v 5.74797 -6.79913 -38.5872
v 5.14277 -6.26053 -35.0434
v 5.83624 -4.60317 -31.2377
v 3.98985 -7.9763 -35.9841
v 3.10465 -8.10953 -33.9094
v 2.66908 -10.4318 -36.5065
v 2.11042 -10.0813 -34.8449
v 5.82455 -6.13164 -36.9799
v 14.8458 -1.48325 -42.4132
v 0.199301 -11.6405 -30.7802
v 9.39132 1.11508 -17.7568
v 2.72576 -6.87998 -29.9013
v 9.52785 1.55309 -14.5218
v 6.93036 -0.567613 -14.3914
v 6.69006 -1.19705 -19.5741
v 6.6969 -0.910366 -15.94
v 10.6348 2.29415 -14.5353
v 13.2168 3.5244 -15.0937
v -3.57213 -9.44615 -18.7192
v -4.34088 -8.84135 -16.4316
v -2.06035 -7.21012 -17.4909
v -4.88757 -10.0655 -16.8597
v -1.24282 -5.46739 -15.1381
v -5.30962 -11.0433 -16.8095
v 13.1207 2.38791 -22.8644
v -0.337897 -4.3394 -13.644
v -4.0152 -5.46207 -10.7185
v 9.72658 -3.81871 -39.7405
v 10.511 -3.87501 -42.3833
v 12.8667 2.87357 -19.5516
v 14.3717 1.56318 -29.0637
v 12.6033 -0.245892 -32.5279
v 12.893 1.47212 -25.9861
v 8.72809 -5.21183 -42.2801
v 8.13923 -6.62348 -44.7574
v 10.1632 -4.55985 -44.0959
v 14.7799 1.16114 -31.6805
v 11.7034 -3.82185 -45.37
v 16.8434 -1.09906 -46.5801
v 9.79598 2.03846 -11.1804
v 9.4976 2.21996 -8.21805
v 8.16238 0.728602 -9.69246
v 10.7964 2.85119 -10.8901
v 10.5809 3.32599 -7.7639
v 7.03704 -0.597092 -7.73839
v 10.8346 4.11035 -6.18105
v 9.49227 4.83825 -1.11551
v 6.87292 -1.27022 -5.37925
v 5.79776 -2.28285 -5.971
v 6.42361 -2.41941 -3.72904
v 8.23496 1.22663 -3.85436
v 5.08922 -2.95582 -4.89671
v 7.84384 0.719004 -1.89243
v 8.14667 0.842036 -6.24857
v 12.2623 5.0337 -6.75463
v 11.9175 3.38321 -11.7943
v 7.39006 -0.863829 -2.52494
v 8.30697 2.37302 -1.13992
v 9.30149 3.29057 -3.76294
v 8.59072 3.87772 0.40368
v 8.05749 4.24278 2.87838
v 10.0436 5.29956 -1.86344
v 7.63911 1.37765 1.59389
v 7.8751 2.8283 1.76685
v 7.10722 -1.65153 -2.28604
v 6.66773 -2.60532 -1.80222
v 77.08 -5.22775 -52.755
v 78.8315 -6.02705 -51.7693
v 14.2543 7.49581 -4.65361
v 12.5405 7.84534 -1.54473
v 12.9467 8.83494 -0.0668077
v 14.3215 8.29503 -2.93403
v 16.1056 9.17694 -2.92936
v 11.4936 7.74452 -0.091045
v 12.5854 9.56728 1.87177
v 16.3342 8.66313 -4.87364
v 14.0243 10.576 2.39307
v 11.8412 10.1121 4.12016
v 11.1112 9.35128 3.63608
v 10.4491 8.26552 2.7536
v 14.4152 11.7987 5.48919
v 12.651 11.3865 6.00005
v 15.9905 12.1387 5.86871
v 8.69759 8.46289 6.12141
v 14.3472 9.41022 -0.393658
v 15.778 9.96456 -0.291839
v 16.6514 11.459 3.12107
v 16.8471 10.5167 0.594083
v 11.1028 6.46058 -1.95762
v 9.50153 8.85531 5.35239
v 10.8796 10.5217 6.13625
v 7.72137 0.481333 -0.640871
v 10.2359 11.1366 7.93018
v 5.96922 -2.96737 -2.88673
v 4.7985 -3.54995 -2.68713
v 5.73659 -1.86805 -8.43594
v 15.1814 6.79783 -7.6116
v 13.7145 5.27563 -8.73554
v 8.9832 5.48162 1.59588
v 12.072 5.93788 -4.71622
v 8.09088 6.04854 4.6323
v 16.7525 6.99761 -9.93198
v 11.9544 4.11268 -8.86615
v 16.4048 9.88064 -1.08174
v 16.7811 6.22967 -11.6284
v 16.5042 5.35268 -13.5307
v 18.9802 7.68905 -12.4088
v 17.9519 10.7677 1.09292
v 18.2572 7.23816 -12.3138
v 18.8574 6.90337 -15.0138
v 17.0812 4.88416 -17.5668
v 13.3796 4.12162 -12.0523
v 14.9839 4.02494 -16.4844
v 15.9472 4.10097 -18.8397
v 79.0368 -7.1719 -53.5162
v 9.07908 10.2956 8.06144
v 9.45998 2.68239 -5.92377
v 15.3951 11.5267 3.85906
v 18.7271 2.92722 -34.0749
v 67.2229 -1.46225 -53.689
v 68.2785 -1.30486 -51.5023
v 64.7843 -0.115894 -53.2726
v 65.584 0.455717 -49.5152
v 66.8463 0.537444 -47.0017
v 60.1174 0.17732 -64.5897
v 63.9799 1.56164 -48.1194
v 63.2068 0.989547 -52.1213
v 58.0094 4.02833 -51.452
v 59.7227 3.14758 -51.1558
v 59.595 2.29224 -55.4356
v 61.2071 2.02567 -52.9172
v 61.5106 1.22956 -55.3202
v 57.0834 3.71184 -55.337
v 55.4214 4.52677 -54.3441
v 57.8576 3.73119 -53.3638
v 61.6526 0.431399 -58.8953
v 60.5491 3.78824 -45.3776
v 56.8831 5.36916 -47.6977
v 61.3997 2.68162 -48.7463
v 18.7585 8.48255 -8.86656
v 64.2506 2.75374 -42.9864
v 61.3994 3.6863 -44.0365
v 62.4991 3.43821 -42.8936
v 63.7321 2.20764 -45.7327
v 66.3654 2.04637 -42.8947
v 65.3574 1.69559 -45.1223
v 18.907 9.26719 -5.28417
v 12.611 -3.70692 -47.4973
v 12.3214 -4.6388 -50.4271
v 15.0585 -2.74956 -50.4116
v 10.4435 -6.10159 -49.5842
v 11.6603 -5.52636 -51.3489
v 10.1379 -7.00882 -51.0212
v 7.55751 0.224956 -12.5146
v 58.143 1.54955 -61.8315
v 10.4251 -7.69349 -53.6093
v 56.5721 2.80261 -59.6763
v 56.1458 1.79685 -65.0744
v 15.3165 -4.10955 -56.8992
v 13.4133 -5.29729 -55.7783
v 15.307 -3.40863 -54.6205
v 15.2831 -3.03431 -52.9467
v 56.874 3.30482 -56.9789
v 58.266 2.47795 -57.7339
v 66.009 -0.378764 -51.8215
v 12.5105 -4.18517 -49.3068
v 14.8491 5.29161 -10.6513
v 17.5062 -2.98897 -58.9392
v 17.6521 -3.64525 -61.6826
v 0.0285615 -5.86474 -17.9909
v 20.2124 8.34129 -11.6991
v 7.64856 5.36906 5.29471
v 16.5684 2.61285 -28.8424
v 14.4885 2.02822 -27.3416
v 23.6707 4.99332 -36.654
v 57.9214 1.20528 -64.415
v -1.28021 -8.23745 -21.618
v 6.5376 -0.902859 -10.8346
v 5.82819 -1.54916 -10.5996
v 5.85681 -1.55027 -15.9089
v 5.08246 -2.06663 -12.8623
v 61.2574 1.01981 -57.5072
v 62.8411 0.995988 -53.6176
v 64.3078 -0.86597 -58.5422
v 17.0103 3.94797 -22.257
v 17.3781 2.72213 -30.7541
v 16.5713 3.31138 -24.8567
v 16.5307 -0.609411 -42.6615
v 21.5856 6.73361 -22.6731
v 20.1276 5.22263 -24.2334
v 22.9647 6.50799 -26.301
v 18.768 0.329076 -45.0239
v 14.6996 3.70069 -18.045
v 55.8716 5.44836 -49.0675
v 59.8139 3.84325 -47.3495
v 56.8386 4.78031 -50.5934
v 55.6104 5.13421 -51.1693
v 54.9987 5.98666 -47.8635
v 14.1057 -2.58858 -46.5103
v 5.72892 -3.49712 -1.80289
v 8.88564 -7.84311 -49.1376
v 4.78229 -4.64708 1.93568
v 7.7073 -8.73613 -47.9353
v 7.5322 -9.80662 -49.3576
v 9.72271 -8.02282 -52.2926
v 8.55387 -9.56403 -51.7121
v 8.75739 -10.6396 -53.8086
v 3.67187 -4.05528 -0.639141
v 4.01463 -3.5389 -3.35033
v 3.06603 -3.43962 -5.01392
v 0.429799 -3.58204 0.898622
v 1.35151 -3.58989 -0.997084
v 4.0362 -3.13556 -6.11549
v 3.78224 -2.81913 -9.41874
v 2.98955 -3.09341 -8.69358
v 2.93515 -3.01404 -10.3358
v 1.62371 -3.43933 -4.54567
v -0.396006 -3.58229 -9.14424
v 0.959182 -3.36876 -2.74615
v -1.46689 -2.93164 -1.06143
v 9.97192 -9.10398 -55.0621
v 1.84319 -3.316 -7.75978
v 9.08683 -11.4241 -55.7085
v 10.7471 -10.3555 -58.7037
v 8.80399 -13.7185 -56.7409
v 6.75634 -11.9927 -49.7556
v 7.67155 -10.9708 -51.3503
v 7.42753 -12.1655 -51.9633
v 9.20135 -15.3347 -58.9823
v 8.36085 -16.3364 -57.0423
v 8.68254 -18.7656 -58.5173
v 9.68392 -20.0429 -61.1862
v 6.94886 -17.59 -54.054
v 9.33745 -16.6916 -59.8151
v 10.0042 -12.8099 -59.5235
v 10.2031 -14.1209 -61.0457
v 10.4423 -11.5633 -59.4896
v 10.5052 -15.4615 -62.8323
v 8.80012 -20.9608 -59.134
v 5.5562 -20.2822 -51.8214
v 4.30546 -18.9757 -48.1851
v 5.23833 -22.1839 -51.4098
v 6.1441 -22.2236 -53.4112
v 11.8704 -11.6385 -63.8601
v 10.4186 -18.8647 -63.2903
v 10.3048 -16.8206 -62.684
v 11.8741 -15.8407 -67.791
v 11.9383 -14.6924 -67.4172
v 11.6983 -12.8172 -64.7839
v 12.8679 -12.4432 -68.5755
v 12.5493 -15.8175 -70.4629
v 13.1093 -14.0632 -71.2298
v 13.3418 -13.059 -70.905
v 12.6047 -12.0201 -66.8182
v 12.1948 -19.7602 -69.0891
v 12.0326 -17.2138 -68.8121
v 12.693 -22.3552 -69.6392
v 13.7068 -10.8819 -68.8709
v 10.7868 -20.8902 -64.1992
v 12.7289 -10.8499 -65.3091
v 14.8469 -11.6195 -74.645
v 13.664 -11.5828 -69.9363
v 14.4258 -12.8115 -74.635
v 15.6053 -11.59 -77.7256
v 14.7934 -9.90252 -71.2607
v 13.793 -14.9446 -74.4198
v 14.5465 -13.7352 -76.0509
v 15.5187 -12.8909 -78.6732
v 14.8852 -14.9905 -77.9916
v 15.6647 -15.2942 -81.2975
v 15.3002 -17.1373 -80.3979
v 15.0953 -19.1329 -79.6861
v 16.0994 -13.4932 -82.0499
v 14.8475 -21.2966 -78.0921
v 17.1102 -10.0345 -81.1356
v 17.0289 -11.512 -85.1912
v 16.4572 -11.986 -81.9288
v 16.4237 -13.2654 -84.841
v 16.1156 -14.6148 -83.6764
v 16.6724 -13.6517 -87.3659
v 16.949 -12.5556 -87.2955
v 16.4883 -15.9344 -87.1411
v 17.7671 -11.1669 -88.2236
v 15.4989 -9.95834 -74.209
v 16.6274 -8.99466 -77.1835
v 17.1284 -7.56886 -74.993
v 16.0021 -16.6872 -84.074
v 17.4999 -13.1246 -90.1667
v 16.0314 -10.7936 -78.3056
v 16.0755 -20.316 -83.7509
v 15.7651 -21.3083 -81.8215
v 16.5373 -22.7036 -84.6018
v 17.0906 -25.3012 -84.6027
v 15.6393 -23.375 -79.8959
v 17.4389 -24.5737 -88.9138
v 16.7535 -15.1318 -88.5002
v 18.5664 -28.6379 -90.0254
v 17.3635 -15.5424 -92.3307
v 16.881 -17.0368 -90.0454
v 17.269 -14.5293 -90.7778
v 17.2993 -18.6001 -92.895
v 17.4301 -17.1091 -93.2314
v 18.0233 -15.3288 -94.9386
v 18.1055 -16.8774 -96.6268
v 18.0423 -14.4123 -94.1295
v 18.7119 -14.6856 -96.8922
v 17.7319 -18.5058 -95.5378
v 18.1099 -18.4281 -98.0552
v 18.4418 -17.6697 -98.983
v 17.9886 -19.8893 -97.8499
v 17.8861 -20.8902 -97.302
v 17.8244 -22.6526 -96.266
v 17.6921 -22.6229 -94.4286
v 17.5576 -20.4095 -94.6555
v 18.0498 -13.486 -93.0949
v 18.5972 -13.1159 -94.2695
v 16.934 -21.8974 -88.5721
v 16.7256 -19.1895 -88.9717
v 17.2371 -21.1836 -91.6437
v 17.9839 -24.9141 -94.9589
v 19.2729 -10.8345 -92.0382
v 20.845 -9.36542 -93.1166
v 18.5562 -11.7137 -91.6438
v 14.2372 -19.2845 -76.6133
v 14.3994 -17.2407 -77.12
v 13.3923 -17.7862 -74.0426
v 17.6274 -25.786 -87.9
v 17.4642 -27.1768 -83.507
v 18.015 -28.129 -85.257
v 16.4206 -23.6084 -82.9753
v 19.5012 -31.6623 -86.2292
v 20.0822 -32.8141 -84.3424
v 16.4809 -7.91484 -73.3952
v 17.8118 -24.6272 -93.0402
v 17.3231 -23.3637 -89.9501
v 16.6733 -20.652 -87.7195
v 15.9499 -18.8033 -83.6407
v 21.0587 -34.1388 -82.5121
v 17.7645 -7.32958 -77.2561
v 5.83836 -12.8881 -48.3075
v 6.56684 -10.9288 -48.1012
v 17.8692 -9.65451 -84.0595
v 7.4194 -25.3694 -56.0703
v 8.86296 -27.57 -58.1718
v 6.75093 -27.4485 -53.8664
v 7.07794 -22.4201 -55.372
v 18.1963 -26.5505 -93.4557
v 11.28 -23.0229 -65.0074
v 12.1818 -23.6227 -67.3756
v 19.4544 -31.4863 -91.5105
v 19.1777 -30.5714 -92.0978
v 18.9084 -29.6616 -92.6317
v 19.8053 -32.3947 -90.8879
v 11.7003 -24.9507 -65.1911
v 18.6729 -28.7023 -93.1551
v 12.7808 -27.3702 -65.84
v 13.6485 -27.3551 -67.9713
v 12.8136 -25.2275 -67.8691
v 9.77467 -22.3186 -61.4341
v 10.7869 -25.1338 -63.0935
v 9.50896 -24.3237 -60.6027
v 13.6922 -21.2488 -73.9296
v 14.7182 -22.5417 -76.5443
v 13.1459 -23.7191 -70.2617
v 12.8957 -19.6685 -71.7842
v 13.4884 -19.2741 -74.1158
v 14.9798 -24.3405 -75.7005
v 13.9839 -23.8197 -73.0533
v 14.4596 -26.2696 -71.8457
v 15.1483 -26.298 -74.0924
v 11.9503 -27.4745 -64.0308
v 4.72152 -15.9371 -47.7638
v 5.70868 -14.6514 -49.3792
v 4.91815 -14.3701 -47.1147
v 15.8114 -26.2215 -76.2045
v 6.3227 -15.3455 -51.4087
v 7.04305 -19.8421 -55.0375
v 19.6105 -12.9534 -96.8828
v 10.5605 -26.7523 -61.8659
v 14.5661 -27.4965 -70.4756
v 8.89281 -22.7347 -59.4206
v 18.8452 -29.8507 -88.0485
v 12.546 -17.2414 -70.8707
v 13.5096 -24.826 -70.3214
v 15.5979 -8.53528 -70.9927
v 15.3255 -8.66622 -69.6192
v 19.2502 -15.8253 -99.9294
v 20.1432 -13.8833 -100.124
v 6.3961 -24.3146 -53.9828
v 21.1123 -34.0119 -79.012
v 1.24281 -3.40352 -6.2533
v 19.8008 -32.4243 -79.671
v 7.39491 -15.3408 -54.0867
v 7.71668 -13.3104 -53.587
v 20.0907 -11.2224 -95.1418
v 2.17468 -12.1339 -37.441
v 2.11919 -13.9092 -38.5844
v 5.49339 -2.11149 -21.2388
v 18.6978 5.45322 -19.9026
v -1.45013 -3.1767 -4.3222
v 17.6445 5.49081 -16.5564
v 20.0758 6.85751 -18.5138
v 19.9011 7.21371 -16.9553
v 17.8556 4.53489 -21.4606
v 19.8978 4.2678 -27.9475
v 19.2711 -31.547 -81.9814
v 21.6169 5.12494 -29.0908
v 21.7994 6.34795 -24.2386
v 21.5666 1.91395 -46.5386
v 9.97583 12.8649 10.8131
v 4.04319 -2.55698 -12.1163
v 17.3797 -10.7425 -85.1412
v 3.60423 -10.1045 -39.1564
v 18.2796 -10.139 -87.1884
v 4.27747 -10.1084 -41.0641
v 3.04234 -12.9624 -40.6473
v 4.12084 -12.6036 -43.1552
v 3.00034 -15.2465 -42.2804
v 2.7698 -11.163 -38.1309
v 2.52557 -16.6434 -41.5936
v 2.41345 -15.1174 -40.1459
v 1.84601 -17.6547 -39.6212
v 2.13291 -19.4272 -41.7469
v 11.8538 11.9167 7.70017
v 0.568287 -17.8105 -35.3347
v 1.00767 -19.1752 -37.4307
v 1.49323 -20.3567 -39.7318
v 0.49354 -19.2301 -35.7909
v 0.967943 -22.4859 -37.9795
v 0.317641 -21.4958 -35.3053
v 0.123149 -23.881 -34.2068
v 1.26711 -24.4526 -38.7334
v 0.743244 -25.3965 -35.7923
v 1.32157 -28.612 -33.4874
v 1.05558 -26.8699 -35.7584
v 0.33738 -25.8855 -33.5424
v 1.94149 -28.2117 -37.843
v -0.581743 -23.8704 -30.639
v -0.769359 -22.8861 -30.387
v -1.90403 -22.0269 -26.4448
v -0.562237 -20.4838 -31.8293
v -0.256549 -22.4234 -32.8766
v -0.282681 -25.2943 -30.6438
v 1.90753 -21.7627 -41.5659
v 1.76735 -22.7659 -41.0482
v 2.95363 -24.2238 -44.8241
v 3.36135 -22.7967 -46.472
v 3.27862 -25.7305 -45.3566
v 1.15456 -25.9097 -37.4021
v 3.05388 -26.857 -44.08
v 0.775685 -16.5723 -35.3594
v -0.807091 -18.8298 -30.8636
v -0.7499 -15.5496 -30.1906
v -0.480329 -14.4386 -30.6757
v -0.0128179 -19.6477 -33.809
v 3.46866 -20.8337 -46.5441
v 2.10889 -25.263 -41.5402
v -1.52457 -14.995 -27.2027
v 3.24351 -27.7509 -43.8992
v -2.36773 -17.7041 -24.9772
v -1.67596 -18.3335 -27.6544
v -1.43109 -20.0402 -28.7453
v -2.24527 -14.3473 -24.7649
v 2.06991 -29.5184 -35.2043
v 1.88533 -26.8658 -39.3899
v 2.361 -28.1191 -39.5851
v 0.450976 -14.9977 -33.85
v 1.49961 -15.1299 -37.2851
v -0.521768 -11.5526 -28.585
v -0.236192 -10.3413 -28.2197
v 3.75564 -29.1982 -43.7932
v -0.635645 -9.61179 -26.0321
v -2.87494 -16.7093 -23.4067
v 2.66002 -29.5091 -38.3132
v 5.70058 -31.3755 -46.6622
v 3.84338 -31.3661 -39.3677
v 4.69447 -27.4664 -48.5307
v -1.82557 -13.2607 -25.6199
v 0.397013 -27.0366 -32.1058
v -1.3466 -11.4207 -25.8923
v 6.36483 -32.3362 -46.8081
v 0.267747 -27.4745 -28.9104
v 1.02744 -28.6107 -31.5184
v 2.95766 -18.9048 -44.2114
v 19.9527 7.83635 -13.9696
v 68.1608 0.939045 -44.46
v 70.6785 -0.984456 -47.2751
v 69.9777 0.0883287 -45.0332
v 72.0162 -0.249104 -44.3004
v 69.8641 -1.56276 -49.997
v 68.1513 -0.90873 -49.8798
v 68.085 -0.308002 -47.8984
v 71.8818 -2.71395 -50.9854
v 73.2001 0.0852887 -42.2915
v 74.1797 -1.09966 -44.29
v 76.593 -1.54959 -43.2578
v 75.3469 -3.01875 -47.846
v 76.3783 -2.43403 -45.3957
v 79.244 -3.90504 -46.1221
v 78.711 -2.5768 -43.5741
v 80.0664 -4.15768 -45.8356
v 71.5358 -2.10502 -49.4895
v 79.7385 -2.46847 -42.3171
v 76.9117 -3.60703 -47.5522
v 78.8138 -4.37968 -47.7208
v 72.3775 0.880183 -41.2563
v 18.3888 -29.6796 -83.1981
v 24.7387 6.74318 -29.2885
v 27.0495 7.47305 -30.171
v 26.5686 8.05589 -25.8704
v 19.5158 0.0987334 -49.7729
v 22.9843 2.23472 -49.922
v 20.0149 0.0337571 -52.0109
v 18.3438 -1.04213 -52.6251
v 22.9082 1.83263 -51.7902
v 18.851 -1.17311 -54.8574
v 20.586 1.12442 -47.9518
v 30.184 8.58717 -28.3695
v 20.7472 -34.141 -86.4716
v 20.4591 -0.157296 -54.0076
v 32.0207 9.72402 -25.8801
v 0.272931 -4.73 -16.0267
v 2.45152 -3.19185 -16.6928
v 2.0744 -3.15803 -14.4594
v 11.7117 -6.72554 -54.7692
v 2.83012 -2.82109 -13.7742
v 14.5542 -6.14318 -60.7206
v 15.3015 -5.19173 -59.8523
v 16.6589 -3.78467 -59.4174
v 18.6249 9.83397 -2.41885
v 64.6151 3.49448 -40.0004
v 63.0092 4.14784 -39.6668
v 2.75923 -30.7354 -34.7164
v 4.01203 -32.2982 -35.6058
v 4.17358 -6.15485 -31.9038
v 69.2475 -4.76525 -67.2986
v 9.13423 7.17754 3.56035
v 3.8207 -32.4087 -32.9624
v 8.3638 7.22252 5.28526
v 3.97141 -30.4014 -42.7649
v 5.04228 -32.0672 -42.8358
v 18.9995 -2.59827 -61.6719
v 16.7896 -4.92242 -63.2453
v 17.9772 -4.51001 -65.3471
v 16.0543 -7.03838 -67.6575
v 14.8053 -7.21675 -63.8151
v 13.3467 -9.10787 -63.902
v 18.7482 -5.03333 -70.6845
v 19.8328 -3.51776 -67.6116
v 17.3967 -5.65897 -68.0168
v 20.887 -3.34313 -70.349
v 20.8981 -3.63725 -72.5774
v 13.5655 -6.77073 -59.5766
v 13.1438 -8.12173 -61.3387
v 69.8709 1.56198 -41.4984
v 72.3026 1.715 -39.4222
v 74.2268 0.708648 -40.0976
v 71.4383 2.24578 -38.5945
v 74.3085 1.9826 -36.9458
v 73.5462 2.7566 -35.3986
v 76.6379 0.569188 -38.337
v 75.6164 2.39054 -34.3182
v 70.3397 3.36294 -35.9257
v 71.6466 4.24754 -32.0157
v 67.8381 4.20038 -35.0221
v 66.1467 5.22657 -32.7257
v 74.8469 3.58526 -31.6832
v 73.6261 4.77468 -27.8338
v 75.3996 4.03308 -29.0286
v 69.6247 5.21692 -29.0253
v 71.1777 5.2762 -27.3763
v 68.9215 5.90986 -26.1801
v 68.5948 4.65243 -32.6475
v 61.9511 5.97393 -34.4724
v 64.0921 5.76231 -32.8204
v 61.9462 6.6769 -32.0528
v 60.9839 5.58218 -37.4686
v 62.6589 4.87202 -37.2747
v 57.979 6.84101 -38.5508
v 57.1457 7.31115 -38.0597
v 57.1237 8.15125 -34.5586
v 59.492 6.99441 -34.8846
v 59.5072 5.95289 -38.7705
v 59.5708 8.80898 -29.0796
v 58.7855 8.85651 -29.7355
v 55.7916 7.8338 -37.3248
v 58.3194 9.83999 -27.0861
v 56.3516 9.34261 -29.8907
v 57.3223 8.88495 -31.1228
v 68 5.24714 -30.5471
v 66.9406 6.10266 -27.9913
v 64.9732 6.55223 -29.2078
v 67.5288 6.66241 -23.9391
v 65.3272 7.25906 -24.3545
v 63.1121 8.52326 -23.9897
v 61.7279 8.94868 -25.416
v 63.6032 7.83434 -25.6334
v 60.3385 10.0432 -24.6306
v 61.1045 10.1995 -22.5526
v 59.0408 11.1024 -22.9198
v 58.0404 11.3142 -23.0683
v 59.8116 11.2571 -20.549
v 61.8869 9.71529 -21.7838
v 61.1892 10.5161 -20.0014
v 57.0928 11.3375 -23.3754
v 59.6917 11.6105 -17.5764
v 63.3587 8.89006 -20.2498
v 64.5303 8.19508 -20.6331
v 64.308 7.8274 -23.5579
v 64.5217 8.62846 -18.285
v 62.9734 9.97645 -16.738
v 66.0706 7.61125 -20.7119
v 59.8293 9.59124 -26.3398
v 61.488 10.7974 -17.5644
v 63.6915 9.78852 -15.1364
v 61.6396 11.4008 -14.9084
v 62.6607 11.5665 -12.4063
v 61.6804 12.156 -12.3569
v 63.7981 11.6037 -10.3672
v 62.6293 7.79127 -27.6506
v 64.5144 9.78308 -13.0892
v 70.8228 5.99141 -23.148
v 76.8168 2.70393 -31.7899
v 75.9736 4.23352 -26.4142
v 77.9968 3.20413 -26.4806
v 77.5135 3.17218 -29.0011
v 82.4506 1.24197 -25.8885
v 77.9869 1.53486 -34.5065
v 82.3726 1.1435 -24.3578
v 83.4821 0.535515 -26.7288
v 80.7292 0.870764 -33.6014
v 80.6073 1.66199 -30.3177
v 82.0662 0.988709 -31.4572
v 84.2291 -0.314204 -26.4878
v 83.7828 -0.118443 -25.3677
v 79.2378 1.99081 -31.2599
v 82.1925 1.37977 -27.911
v 74.919 4.61868 -26.4958
v 73.067 5.36893 -24.2531
v 60.8321 4.36452 -42.243
v 64.8892 9.23205 -14.4089
v 65.2885 8.46083 -17.492
v 79.6053 2.33363 -29.0078
v 76.5902 4.05808 -24.3858
v 78.4357 3.12773 -23.0474
v 80.5937 1.81894 -21.7807
v 79.6417 2.5831 -24.4678
v 77.7418 3.27677 -20.5938
v 57.741 12.0403 -18.6443
v 54.7104 12.9647 -17.0887
v 57.6584 12.2492 -15.8932
v 84.8119 -0.8534 -25.2702
v 55.2167 12.7004 -18.5676
v 55.2344 12.3982 -20.1702
v 67.3988 3.07226 -39.1784
v 61.6125 13.4552 -8.3273
v 82.8617 0.443873 -22.8221
v 74.0972 5.13247 -23.3809
v 51.4714 7.96627 -39.0589
v 75.0174 4.77503 -21.5103
v 56.6334 10.0652 -27.1558
v 72.0707 5.93666 -20.1948
v 74.0207 5.11933 -18.9972
v 67.9199 7.11395 -20.0557
v 79.3128 2.02722 -19.3031
v 77.3748 3.1084 -18.3562
v 76.4705 3.92723 -19.8674
v 78.3312 1.60957 -16.3905
v 77.3355 1.94286 -14.9758
v 74.9958 4.20908 -15.9932
v 76.5726 2.95458 -15.7246
v 76.1134 2.5543 -13.3646
v 77.3072 0.250434 -12.3433
v 78.4683 0.313176 -14.4138
v 76.2383 1.34753 -11.3445
v 75.4764 0.798066 -7.85747
v 74.7022 2.25501 -7.90323
v 74.6508 2.97885 -9.87527
v 72.0584 5.64704 -5.28775
v 73.0222 4.47048 -7.27167
v 71.0109 6.71549 -10.5032
v 72.8954 5.11394 -12.3289
v 72.9612 4.82151 -8.9935
v 70.3644 6.96258 -13.738
v 75.0188 3.82106 -14.0722
v 69.8919 7.52689 -10.4036
v 68.4448 8.21969 -12.0586
v 67.8282 8.33251 -13.233
v 71.2392 6.67712 -8.47305
v 69.5013 8.36511 -8.04265
v 66.0639 9.71084 -10.5059
v 70.4686 7.80053 -6.41122
v 68.2951 8.74616 -9.49286
v 68.8139 7.51704 -15.4426
v 66.7646 10.2082 -8.07016
v 71.7874 6.0557 -15.9339
v 70.353 6.68289 -17.406
v 74.3843 4.81394 -17.4678
v 71.1461 7.41599 -4.05799
v 75.2158 2.99034 -11.5373
v 73.6836 4.26019 -10.7498
v 80.5752 -1.12945 -15.0035
v 81.0593 0.0873694 -17.6146
v 81.7258 -2.04326 -15.7371
v 74.9653 0.592871 -5.59222
v 82.1103 -3.27007 -16.1509
v 70.3695 8.68208 -4.21486
v 76.6885 -0.439014 -10.443
v 71.5671 6.35682 -6.29502
v 67.4714 10.8137 -4.88042
v 66.1369 11.3372 -6.80238
v 69.8196 9.56698 -2.47372
v 69.3802 9.47398 -4.64971
v 64.9731 12.9885 -4.47584
v 64.5396 12.7061 -6.71863
v 63.3595 13.7388 -5.42902
v 64.1063 13.8366 -3.30496
v 64.8296 13.7786 -1.63579
v 62.9515 14.4823 -1.95555
v 65.9104 12.3028 -4.35859
v 67.4724 12.6416 1.11728
v 63.816 14.4203 -0.604562
v 67.7583 11.5004 -1.76231
v 68.9874 10.5744 -1.30667
v 69.208 11.0011 1.19108
v 78.7244 -1.79343 -12.0394
v 80.6294 -2.0008 -14.085
v 64.2946 11.9989 -8.88764
v 73.2111 3.56405 -4.67015
v 79.5973 -3.15539 -11.908
v 74.1452 2.07738 -5.15595
v 72.2179 5.26094 -2.71634
v 58.3693 5.32653 -43.8669
v 57.9725 6.08154 -41.8234
v 55.9986 5.69312 -47.7772
v 53.2949 6.57517 -46.424
v 55.7523 6.57962 -43.363
v 53.5432 6.08165 -49.1323
v 54.5788 6.95414 -42.9118
v 55.0202 7.21205 -41.2638
v 52.9821 13.6562 -14.0646
v 64.7184 4.18157 -37.724
v 54.4111 13.2332 -15.223
v 19.669 8.74528 -8.62146
v 28.1351 8.3564 -26.991
v 0.965117 -11.2745 -32.9537
v 0.455382 -13.0758 -32.9309
v 63.409 -1.65956 -67.0348
v 65.3526 -2.46137 -65.9241
v 16.761 -26.4749 -81.1317
v 80.6126 -3.79543 -44.2896
v 82.6039 -3.83242 -42.4317
v 1.85236 -9.60152 -33.1539
v 83.3733 -4.62828 -42.8313
v 77.4476 0.891926 -36.6035
v 83.0199 -5.24049 -44.1715
v 83.501 -6.18524 -45.6338
v 84.3367 -6.40907 -44.5246
v 14.145 -9.40722 -66.9467
v 16.1322 -25.1355 -80.0984
v 2.07988 -30.2083 -32.826
v 21.2913 7.35415 -19.7006
v 80.0063 -6.69868 -51.0182
v 61.0369 -0.711329 -67.828
v 56.3893 6.8201 -41.3763
v 56.4571 12.9166 -13.6315
v 19.6457 -5.76064 -78.0275
v 57.3383 13.1389 -11.6398
v 58.7917 12.5046 -13.327
v 56.6415 13.8569 -9.27307
v 53.5452 14.0733 -11.1832
v 64.9329 10.347 -10.7164
v 81.9537 -8.11141 -50.0784
v 81.5918 -6.74956 -48.5371
v 77.9719 -4.94586 -50.1258
v 80.5221 -6.25909 -49.6432
v 80.7412 -5.54137 -47.5252
v 51.4827 14.4885 -9.3083
v 26.7652 6.15673 -35.8477
v 20.4154 6.34849 -21.2707
v 12.914 -29.0405 -64.6091
v 25.8235 5.5816 -37.1275
v 3.6657 -18.5513 -46.0892
v 6.14448 -25.9014 -53.0265
v 4.0919 -14.2981 -44.8028
v 63.6251 7.41428 -27.4907
v 30.916 10.1046 -23.4965
v 29.407 9.33036 -24.2959
v 10.3819 7.03241 0.743905
v 20.9279 7.79859 -16.7463
v 53.42 12.6701 -19.4195
v 9.53174 -5.46453 -45.4046
v 15.7449 -27.7157 -74.0251
v 5.38635 -29.149 -48.862
v 17.5587 -29.8802 -75.7406
v 17.0441 -28.6907 -76.2708
v 18.1195 -30.0814 -77.5267
v 16.803 -27.8855 -77.2099
v 16.6675 -26.9497 -79.4153
v 17.8998 -29.4858 -80.0733
v 17.7589 -31.5498 -72.704
v 16.6494 -30.3048 -72.1602
v 18.5877 -30.7646 -78.0828
v 82.1073 -5.34131 -45.5452
v 83.0747 -3.13745 -40.609
v 53.5933 4.14888 -58.2457
v 54.8909 4.00949 -57.0972
v 53.3769 4.61574 -56.0021
v 52.563 4.1521 -59.0433
v 15.4992 -28.9079 -71.3214
v 52.3867 5.58126 -52.8235
v -3.55178 -3.04543 -3.19277
v 11.6124 -7.51486 -56.111
v 80.2631 -4.32931 -11.9581
v 81.0053 -4.64126 -12.9306
v 23.7813 7.52223 -23.3718
v 26.3352 8.45541 -23.2738
v 22.9426 8.28845 -18.6329
v 25.6884 8.79519 -20.7123
v 50.769 4.89036 -56.6367
v 27.8265 10.2737 -17.6594
v 29.9346 10.794 -18.6535
v 28.9487 11.027 -15.6867
v 25.206 9.61655 -15.7126
v 26.4117 10.33 -13.9784
v 11.2714 -14.0533 -64.6166
v 75.0139 -4.62128 -54.0545
v 28.1332 6.38029 -36.4859
v 11.3817 -29.551 -61.3873
v 17.9404 -2.15407 -57.1949
v 83.3401 0.620154 -30.33
v 80.2542 -5.38382 -11.7281
v 2.82144 -3.68959 -2.43282
v 32.8519 9.33955 -28.4197
v 4.93022 -8.23362 -39.4162
v 76.5498 -2.68959 -8.5062
v 53.1767 7.68688 -40.258
v 75.2224 -5.30074 -56.221
v 1.50946 -29.7105 -27.6342
v -3.12841 -2.77595 -1.67356
v -3.56147 -2.42224 0.514574
v 2.85407 -28.6744 -41.1636
v 81.3824 -2.36529 -40.8248
v 1.13824 -13.609 -35.4202
v 12.2317 -9.65678 -61.6894
v 77.6409 -6.3929 -54.4208
v 82.2514 0.479261 -33.3014
v 13.3654 -16.3402 -73.6326
v 3.95842 -24.2794 -48.1026
v 4.55592 -25.556 -49.2446
v 4.20899 -23.1438 -48.8429
v 54.7468 9.5087 -29.7714
v 49.68 5.25844 -55.1073
v 16.7359 -6.86538 -70.526
v 66.9595 7.96234 -17.0364
v 47.1793 5.05719 -55.9875
v 59.8235 11.927 -15.2018
v -3.09592 -9.72545 -20.2713
v 29.7171 10.1708 -21.5055
v 7.15994 10.8926 11.5223
v 6.26506 9.33068 11.5076
v 6.01824 10.4958 12.9642
v 70.0592 -2.32135 -52.251
v 77.1302 -6.8401 -56.3645
v 70.2504 -5.18285 -66.454
v 4.65581 -20.7643 -49.682
v 19.2799 -10.0712 -90.2426
v 7.02982 7.27584 8.26185
v -0.355431 -3.85576 -11.7027
v 55.9464 2.20879 -63.1829
v 50.6122 4.12948 -60.0274
v 58.1717 7.99243 -33.6157
v 59.0266 7.86456 -32.776
v 82.6763 -0.378608 -35.2023
v -4.83815 -5.29396 -9.21467
v -3.32343 -4.14641 -7.75161
v 49.9341 6.33048 -49.9357
v 47.9167 6.87524 -46.5997
v 50.3878 7.01837 -45.4057
v 5.6222 -4.67171 2.81612
v 4.77211 -5.32283 3.81157
v 6.37366 -4.12999 2.26156
v 5.6226 -5.01284 4.42676
v 7.39904 -2.85107 2.28301
v 4.02534 -5.86425 4.65186
v 4.55741 -5.98864 5.33125
v 7.62071 -1.9191 2.54726
v 6.98061 -3.53895 1.84531
v 48.4328 7.18765 -44.2901
v 3.22469 -6.65364 5.62028
v 6.74608 -4.06002 4.25967
v 7.43398 -1.54023 -0.0275699
v 7.05126 -2.82517 0.304103
v 82.0702 -1.50463 -38.4541
v 80.0113 -0.230205 -37.2201
v 83.9423 -1.87474 -37.6504
v 86.2273 -2.52146 -36.5484
v -1.57514 -2.89747 0.333738
v 88.3792 -3.02245 -35.0952
v 88.579 -2.44294 -33.5974
v -1.00622 -3.11471 1.6309
v 87.4769 -1.68045 -32.0942
v 86.4435 -1.42324 -32.0959
v 86.7636 -1.98803 -34.2993
v 85.3383 -1.30543 -34.5045
v 85.5858 -1.05502 -32.2215
v 88.1237 -1.28708 -29.9717
v 86.3914 -1.37612 -31.0119
v 86.0804 -1.15422 -29.3227
v 6.43317 -3.50179 -0.135689
v 87.5249 -0.861257 -26.7613
v 89.5078 -1.21886 -28.2003
v 87.5719 -0.856486 -25.0856
v 90.8111 -1.06512 -24.5359
v 91.0363 -1.79816 -28.9223
v 86.0841 -0.899988 -25.8908
v 86.1871 -1.02673 -24.646
v 85.0736 -1.3065 -23.6922
v 85.0768 -0.756975 -26.3306
v 89.6805 -0.84684 -24.4456
v 92.3283 -2.50635 -28.7608
v 92.0167 -1.81896 -26.7951
v 92.1433 -3.07382 -30.949
v 93.2655 -2.55279 -26.8399
v 94.2805 -3.2889 -26.8114
v 71.4483 7.46725 -1.70181
v 71.8349 6.28707 -2.2952
v 10.5937 -5.13901 -47.357
v 16.2356 8.00572 -6.626
v 25.7618 7.50794 -26.9238
v 55.7548 14.2025 -8.0765
v 22.8676 5.65649 -30.0959
v 2.46028 -7.01499 6.68959
v 10.1731 -27.823 -60.4727
v 9.61675 -29.013 -58.6539
v 9.98622 -30.4545 -58.078
v 89.9604 -3.81954 -35.0636
v 88.9156 -3.78525 -36.3401
v 16.589 -2.38366 -53.765
v 5.34251 -11.4164 -45.3305
v 57.9279 14.7465 -2.32579
v 58.0267 14.1386 -7.14045
v 20.1747 -2.6929 -64.9824
v 17.3846 9.44213 -3.23157
v -6.47663 -5.38497 -7.53924
v -5.96395 -6.46005 -9.88944
v -5.46419 -4.53356 -7.08505
v -7.24575 -6.78378 -8.60916
v -5.67064 -3.59017 -4.12882
v -7.41787 -4.29214 -4.27984
v -3.86372 -3.61687 -5.91146
v -7.56019 -3.2146 -1.86791
v -7.99859 -5.05187 -5.17974
v -10.9574 -4.38421 -1.37334
v -5.30652 -3.0625 -2.59383
v -6.09536 -2.37932 -0.343296
v 62.7619 12.9339 -8.89356
v 73.6003 2.33471 -3.44122
v 73.7847 0.167677 -1.39015
v 74.5603 0.033462 -3.66921
v 73.0198 2.59012 0.179834
v 73.4882 0.36495 -0.0441916
v 74.4638 -1.80634 -1.99585
v 75.0555 -1.62909 -4.10663
v 72.4148 4.62832 -1.21053
v 83.6382 0.496216 -28.8403
v 8.09129 -29.899 -54.9682
v 8.92006 -28.4549 -57.7238
v 10.1762 -32.1189 -56.602
v 21.0705 2.41397 -42.4828
v 17.5542 -6.08677 -70.8172
v 6.36572 -4.75743 6.98932
v 6.22816 -32.8919 -44.8372
v 5.01406 -2.12361 -10.3441
v 58.758 13.2338 -10.3229
v 53.2156 14.3599 -8.77223
v 65.3006 13.9686 0.58254
v 54.4758 14.7107 -4.85056
v 66.0698 14.2975 3.75136
v 24.7665 9.68109 -13.0263
v 25.386 9.14344 -18.7244
v 65.1636 14.5337 2.34973
v 26.5815 10.9099 -10.9247
v 23.0775 8.87746 -13.5729
v 62.6233 15.6368 3.78542
v 23.2676 9.18241 -10.7239
v 25.3258 11.0488 -7.0393
v 26.3746 11.383 -8.5261
v 27.7431 12.5246 -7.27708
v 29.4077 12.8995 -9.59017
v 27.9599 13.1067 -5.52228
v 30.5393 14.4799 -6.80234
v 23.3673 10.1274 -6.36585
v 30.1215 14.5143 -4.26122
v 30.9707 14.9562 -2.66265
v 28.9114 13.9657 -3.52164
v 28.6673 13.9536 0.453893
v 27.788 13.3906 -1.56624
v 23.7237 10.9827 0.814148
v 24.6694 11.4338 0.835221
v 24.1917 11.137 -1.81588
v 27.2683 13.1241 2.71928
v 23.3297 10.5778 -3.3921
v 22.1151 10.2081 -2.78434
v 25.5501 11.7209 -4.14521
v 21.1646 9.62347 -5.04137
v 25.3418 11.7928 -1.58752
v 28.4665 11.939 -10.8844
v 22.8473 10.6705 -0.97661
v 28.3481 11.5113 -12.1846
v 28.3689 13.9306 4.86584
v 27.6062 13.3991 5.98885
v 25.486 11.707 4.43569
v 24.8159 10.9969 6.18014
v 24.2139 10.5478 6.59785
v 25.3832 11.4756 6.96683
v 25.8675 12.0387 8.78389
v 24.657 10.3421 10.3218
v 24.4623 10.3888 8.30293
v 27.0368 13.1611 7.74099
v 25.2294 11.1403 10.8175
v 26.1664 12.7737 11.1116
v 26.3222 13.7335 13.5367
v 25.568 12.8728 14.4869
v 25.516 12.1162 12.6057
v 25.7496 14.0987 16.4621
v 27.0399 14.1916 12.3071
v 28.7325 16.7017 14.6714
v 26.8824 15.0568 15.1162
v 26.8919 13.3998 9.90306
v 28.0342 16.5513 15.8211
v 26.2752 15.8011 18.1623
v 25.5024 15.4069 19.4449
v 29.2306 18.451 18.0478
v 30.9244 19.0053 17.2686
v 25.0647 14.5287 19.3274
v 24.7449 16.1922 22.7318
v 24.9576 13.4602 18.3224
v 25.626 16.6402 20.9825
v 24.3693 13.5727 20.8157
v 28.7853 15.0645 9.7434
v 28.6829 15.9297 12.8378
v 29.2279 14.633 5.9616
v 26.0332 17.9307 22.3146
v 24.9592 18.1871 24.9806
v 23.5794 16.075 26.441
v 26.9933 17.3462 19.5065
v 25.1237 12.9117 16.8845
v 28.3195 18.9896 20.4759
v 23.9351 13.3758 23.2915
v 24.14 14.5166 22.8348
v 23.8602 17.5186 27.2778
v 22.8871 16.5337 29.043
v 23.1744 18.7229 30.5613
v 23.5554 14.0625 25.0689
v 23.5606 14.9568 25.468
v 30.8777 17.0892 12.2579
v 29.7557 16.4846 12.268
v 30.3835 17.9783 15.426
v 31.9986 16.9785 9.78043
v 24.1378 16.3701 24.7356
v 32.328 16.3736 6.1378
v 30.2584 15.8897 8.94092
v 33.8689 17.0664 6.66794
v 30.6478 15.054 2.56927
v 30.4705 15.2152 4.98603
v 22.1387 14.972 30.5987
v 25.4277 19.2264 25.8652
v 26.051 20.8817 28.5864
v 31.8034 18.4483 15.0807
v 22.2321 17.0766 31.2981
v 32.3577 19.0757 16.2169
v 21.6032 17.3236 33.3233
v 24.0581 19.4931 29.6248
v 22.0604 19.3927 33.6316
v 34.406 19.1063 15.2583
v 33.4296 18.5931 14.0859
v 22.8678 15.1565 28.0969
v 29.7468 19.3491 19.5067
v 33.8112 20.2537 18.9119
v 31.4542 12.8967 -12.2837
v 24.8053 11.459 15.7077
v 26.9195 18.9135 22.6188
v 28.7623 20.3667 23.1667
v 29.8235 11.7835 -14.2695
v 33.0965 17.8491 11.714
v 21.4152 18.7419 34.9541
v 28.4126 21.3853 26.5485
v 29.635 21.1286 24.1106
v 26.8352 19.9834 25.0477
v 30.5338 21.3022 23.578
v 27.5595 21.9191 29.1717
v 25.3711 20.6987 29.319
v 26.2227 21.861 30.563
v 24.2696 21.0457 31.7109
v 23.8897 21.574 33.6938
v 26.1334 22.3119 32.0907
v 64.4861 15.3754 5.47429
v 22.8869 10.5314 3.81371
v 24.0808 10.9481 3.60185
v 22.1068 9.59559 -6.42445
v 28.8396 14.1825 3.71833
v 32.2261 21.9807 24.5088
v 30.611 22.2104 26.5128
v 34.0333 14.0556 -12.1702
v 34.49 13.3534 -14.4141
v 36.4127 14.0842 -15.4753
v 36.5231 13.3595 -18.0033
v 30.0541 14.629 -0.341387
v 22.4138 10.6235 1.1404
v 21.3983 10.5197 1.71191
v 20.3967 10.5497 1.21784
v 20.9512 10.6581 3.42817
v 20.9366 10.9091 5.26811
v 18.862 11.092 2.81132
v 33.0096 16.0264 1.03001
v 33.5963 16.4083 2.23506
v 31.7637 20.8535 21.5002
v 33.302 21.2666 21.9931
v 34.8177 21.1228 21.32
v 24.2936 12.6521 20.7568
v 29.6578 13.8132 -7.65024
v 24.8774 10.845 13.228
v 23.0015 9.53857 -8.05507
v 22.2183 8.42007 -15.5616
v 24.399 22.1679 34.1999
v 23.3641 21.5075 35.1525
v 21.8695 8.88055 -9.74935
v 22.8171 21.753 37.2006
v 21.7448 19.6583 35.9901
v 20.4579 18.7426 38.1364
v 19.9347 17.6976 38.0844
v 19.8428 18.9309 40.2179
v 19.805 16.9397 37.9817
v 20.0336 19.7901 41.4554
v 19.2758 18.2939 40.9708
v 19.3048 19.794 43.3267
v 20.591 20.9895 42.2456
v 19.5364 20.9678 44.5424
v 20.0526 22.5608 46.2595
v 21.5318 23.2789 44.4295
v 21.0129 23.5767 46.3733
v 19.0046 23.9491 50.9863
v 19.9279 23.3523 48.1974
v 18.4113 18.8646 45.7206
v 18.726 19.741 45.2811
v 21.21 24.8152 48.566
v 19.0131 21.5244 47.3485
v 18.3967 22.1544 50.006
v 21.2566 20.8495 41.13
v 22.7379 23.6998 42.7377
v 18.2951 19.6196 47.6093
v 21.8575 24.5977 47.2007
v 23.0998 25.313 47.3814
v 20.3571 26.5065 53.1606
v 20.1612 25.0293 50.6208
v 19.3395 25.7506 53.3972
v 22.2782 25.8802 49.5145
v 23.325 26.6642 50.382
v 19.0978 26.5018 55.2801
v 20.5516 27.4704 55.5543
v 18.1709 26.8832 58.236
v 23.1962 27.3953 52.1143
v 18.6459 27.9792 60.0111
v 19.76 27.9103 58.1966
v 18.2273 23.6285 52.4161
v 19.8837 28.5539 59.8539
v 17.0382 27.7045 62.2616
v 18.3121 24.7791 53.9269
v 17.6297 20.6887 51.1619
v 17.3185 18.9003 51.87
v 17.4197 27.1418 60.0776
v 16.064 24.3689 58.5668
v 17.2947 24.5168 55.7296
v 17.4201 25.8438 57.5848
v 18.0062 25.3708 55.3627
v 16.7971 21.2366 54.1174
v 16.4362 18.9279 55.464
v 15.0001 24.4681 61.2771
v 16.3788 22.903 56.48
v 15.6322 23.6237 58.926
v 16.6662 17.5543 55.4803
v 15.8251 20.7663 57.255
v 15.9909 26.0616 61.3158
v 21.8415 26.8154 51.9936
v 18.6833 18.2687 43.8339
v 24.413 27.6599 51.9751
v 25.1664 27.9264 52.472
v 23.0339 24.5918 45.2118
v 24.3771 24.9449 43.7014
v 23.3198 13.4151 26.1097
v 22.9685 27.9994 54.4655
v 23.1418 10.5239 4.90387
v 35.956 19.6565 17.0619
v 54.6608 2.76754 -62.6898
v 70.4986 9.00993 -1.35513
v -3.10628 -2.41496 3.2151
v -2.05626 -2.94835 3.84026
v -5.31616 -1.82598 2.77551
v -6.81172 -1.59643 4.68761
v -6.09682 -1.83739 6.26119
v -3.51991 -2.51214 5.06602
v -5.81272 -2.17085 7.85714
v -8.42626 -1.56587 7.17774
v -7.39588 -1.72512 7.81921
v -7.58234 -1.80648 9.25589
v -9.57519 -1.49038 9.96674
v -5.92981 -1.91948 1.3325
v -10.7503 -1.45172 8.93993
v -11.1966 -1.33944 10.367
v -11.0011 -1.28856 11.0556
v 6.22744 7.73179 10.429
v 6.40878 5.9549 9.0813
v 5.64841 5.05354 11.5391
v 6.90707 4.41226 6.98561
v 5.65142 3.75709 12.2528
v 6.5113 2.18963 10.3696
v 5.74686 2.64699 13.1067
v 7.44209 -0.257944 10.2146
v 7.57121 -1.16539 11.3653
v 7.76323 -1.08785 8.58689
v 7.32405 -0.654916 12.1598
v 7.86436 -2.11925 6.99207
v 6.35171 1.4304 12.5695
v 7.01257 1.47194 8.5202
v 7.45855 0.335407 6.96487
v 5.40677 1.68087 15.8742
v 7.21981 -2.20908 16.543
v 4.91925 3.76887 14.8572
v 4.70265 5.29251 14.3495
v 4.42706 6.33849 14.6689
v 6.83261 3.18124 7.67997
v 6.63036 -1.63387 17.9727
v 8.00558 -3.77075 17.3572
v 7.68763 -2.03816 11.5119
v 4.62729 1.9309 18.0905
v 7.50937 -1.70027 13.5707
v 7.66126 -2.69748 13.4826
v 7.56535 -3.62791 14.3056
v 7.57512 -2.88958 15.2114
v 2.89434 5.3004 19.3557
v 3.8299 3.81993 18.0788
v 3.05031 3.49744 20.572
v 7.80193 -3.65036 16.3382
v 2.76139 6.73903 18.9028
v 1.48866 7.29661 21.5527
v -12.8586 -1.09324 11.8956
v 2.6266 8.63839 18.9112
v 0.778587 8.27711 23.0015
v 1.49632 9.25035 21.4687
v 0.74745 6.31787 24.1439
v 0.0574823 7.927 24.9208
v 0.256721 5.44339 26.7497
v -0.287559 5.9291 28.5485
v 1.5703 2.20094 27.6051
v 1.43178 10.0996 21.9188
v -1.05211 7.45531 29.3471
v 1.61026 1.7927 29.8523
v 3.58179 9.40942 16.9603
v 2.47815 9.84518 19.5215
v 0.326993 4.00516 30.1181
v -0.593664 7.32067 27.702
v 0.191561 9.53288 24.4694
v -0.320495 4.96348 32.1279
v 4.65129 10.3306 15.2081
v 4.79724 11.3691 15.7685
v -0.33486 10.9301 26.8123
v 4.48491 12.8089 18.0492
v 5.62957 12.6667 15.9946
v 4.66808 14.022 19.643
v 0.226919 11.6741 26.2379
v -0.509117 9.17665 26.5089
v 5.87761 14.8264 19.3568
v 6.70567 14.7907 17.9316
v 7.54011 14.2565 15.82
v 5.24503 15.3916 21.1986
v 5.95653 15.8568 21.5547
v 3.19708 13.6424 21.5771
v 3.70668 14.8772 22.5728
v 2.92131 14.1033 23.0592
v 6.85094 15.3938 19.3899
v 9.66513 15.9597 17.5974
v 2.03492 13.439 24.6485
v 8.53311 15.1665 16.5641
v 10.6954 16.2962 17.7777
v -0.814904 8.20753 27.7541
v -1.21157 9.17562 28.7893
v 2.95488 14.8913 24.4538
v -0.522013 10.1224 26.7696
v -1.82631 9.61117 31.2011
v -1.73465 10.8141 30.447
v -2.0423 11.0225 32.2296
v -2.18247 9.28145 34.3408
v -1.69572 8.32647 32.2519
v -1.53134 7.59974 32.9813
v -2.01489 8.396 35.3662
v -1.97853 11.947 32.5112
v -2.70259 11.1677 36.1585
v -2.37624 12.4843 34.8161
v -1.66182 13.9422 33.874
v -2.33991 10.207 34.2179
v -0.5133 5.46895 34.8501
v -0.26837 5.1445 35.9543
v -2.46884 9.36786 36.7568
v -2.67789 9.57542 39.2842
v -3.19837 11.9031 39.1625
v -2.78435 12.5001 36.8887
v -2.21084 8.11212 40.0636
v -3.47357 12.9396 40.2981
v -2.72947 13.7736 37.6353
v -3.56602 13.8638 40.9281
v -3.41286 15.5823 41.6372
v -2.76127 15.383 39.5552
v -2.15733 17.9547 41.2305
v -1.91034 16.5962 38.8156
v -3.47692 14.7325 41.1735
v -3.48747 16.7985 43.0612
v -4.52031 14.7889 44.6814
v -4.40468 13.8249 44.149
v -4.2611 16.4123 44.8454
v -0.71725 18.5367 39.2542
v 0.303355 19.9099 40.2864
v -0.909541 19.6109 41.5683
v 0.222541 18.1833 37.2887
v -2.04041 14.9217 36.7444
v -4.98203 15.545 46.4384
v 1.29809 20.7271 40.8643
v 1.53943 19.1779 37.3336
v -5.65209 14.1468 49.0853
v -4.98892 14.1539 46.5561
v -3.87998 11.9107 42.7849
v -6.10225 15.5526 50.0702
v -4.7633 12.3918 46.9703
v -6.33047 16.4663 50.8255
v -0.239977 20.3179 42.0128
v -6.46825 14.6275 51.921
v -5.58191 13.254 49.8834
v -6.08396 13.1446 52.4805
v -5.77794 12.2017 54.2921
v -2.05898 19.3002 43.3684
v -1.2581 20.4163 44.7553
v -6.57615 17.6397 51.8939
v -2.54018 19.792 45.8618
v -3.27466 18.4134 44.6005
v -4.12829 18.3793 46.9533
v 0.423892 21.2837 44.2928
v -3.63322 19.814 48.4366
v -0.540066 21.2092 45.9332
v -2.43174 20.7152 48.0624
v -5.26626 16.431 47.748
v -5.6343 17.2848 49.5297
v 0.358271 4.12047 34.2138
v 1.74531 2.70062 34.5347
v -4.41383 17.3317 46.1828
v -1.35233 6.71189 39.0884
v -1.98954 7.86827 37.708
v 2.87925 20.2353 38.4019
v 2.39699 21.2172 41.0618
v 4.30328 20.7005 38.5961
v -1.20107 6.47604 37.4165
v -5.20617 12.023 50.5042
v -4.63657 11.0149 51.5021
v -7.08419 15.9675 53.0284
v -2.3462 7.97423 42.5595
v -4.61972 11.2195 49.282
v -1.32161 6.68109 40.9109
v -1.39271 6.90857 42.4894
v -0.881202 16.45 36.3377
v -0.200938 22.0415 48.2791
v -4.33054 12.8166 44.3653
v -4.27806 11.0199 46.8533
v -3.73706 10.5274 44.4399
v -3.8317 10.1119 46.8229
v 3.93266 19.7032 36.3819
v -2.97571 9.00509 43.5978
v -2.81849 8.71731 45.5424
v -3.12718 9.75821 41.8906
v -9.89502 -1.51669 11.4589
v 0.854508 3.03795 32.7074
v 1.63071 2.15587 32.9833
v 7.1218 3.5007 5.80774
v 5.26969 0.574107 18.1733
v -4.21869 19.9325 49.7967
v -5.81169 19.6216 52.0539
v -4.9289 20.5738 52.0358
v -5.87039 18.525 50.9221
v 7.27517 1.86397 5.41442
v 2.23648 14.8265 25.585
v 6.21349 11.7792 13.9283
v 1.2882 11.4175 23.3265
v 2.43191 11.3623 20.6263
v 3.18824 10.739 18.6297
v -3.95577 10.0942 50.0341
v -7.38759 18.2337 54.023
v -7.83578 17.1684 54.6719
v 1.88412 3.4591 24.2663
v 1.80866 6.25525 21.3617
v -3.45827 11.0048 41.514
v 2.72493 3.09045 22.1635
v 3.37429 0.873752 23.9541
v 4.7039 -0.405655 22.2439
v 3.62353 -0.0413619 25.3557
v 4.21112 0.663394 21.3332
v 2.42577 1.06024 26.913
v 5.92487 -1.429 20.3471
v 7.51586 -3.26391 10.4529
v 7.60752 -2.96754 8.52433
v 7.38809 -3.62793 12.674
v 7.01818 -4.29663 11.063
v 1.5037 21.5127 43.1902
v 7.59015 -3.03477 7.16539
v -7.641 15.9139 54.5878
v -6.96407 14.5009 53.603
v 3.36939 15.5835 25.2104
v -1.62269 11.8351 30.9212
v -1.03469 11.2365 28.6905
v -0.280376 14.6149 31.9542
v 21.6846 21.0756 40.2899
v 3.26658 7.65451 17.4413
v 63.9348 4.89528 -35.8502
v 31.4427 14.2715 -9.13498
v 17.0351 15.5461 57.3296
v -0.298557 -12.7898 -30.3132
v 68.4305 2.23355 -40.7146
v 24.5622 28.6828 55.9616
v 23.309 28.5169 55.9746
v 81.6098 0.602104 -19.8727
v 33.154 15.5457 -4.12298
v 67.6479 13.2727 3.56936
v 34.0919 15.5181 -6.72545
v 6.83502 -5.06784 12.6364
v 3.65284 -31.5828 -36.8671
v -2.44473 -22.1698 -24.0084
v 51.6017 14.1852 -11.7238
v -2.08899 -20.2409 -26.1265
v 17.1467 15.9592 55.699
v 22.1189 21.0509 38.608
v 15.5446 -25.1446 -76.9125
v 53.6684 13.0073 -17.7873
v 61.4712 14.7387 -1.7729
v 4.0472 -30.8961 -42.0254
v 17.8491 11.5349 3.72344
v 8.68696 11.7435 10.496
v -2.92919 -18.7201 -23.3024
v 36.2024 15.0915 -12.1189
v -3.53995 -17.7038 -21.7202
v -4.26145 -15.8454 -20.2002
v 17.3311 17.0983 52.5677
v -5.07462 -16.8954 -18.359
v -4.44839 -13.4119 -19.5496
v -4.67949 -19.1231 -18.6668
v -2.72052 -11.9521 -22.8129
v 17.6471 15.753 52.5238
v 18.0209 14.8912 51.9979
v -4.46289 -11.6505 -18.9828
v -4.41836 -10.8416 -18.4902
v 18.7757 13.853 50.4182
v -6.43824 -14.954 -15.5935
v -7.53794 -13.5805 -12.8214
v -5.42015 -13.0019 -17.5093
v -6.77178 -12.6716 -14.3174
v -6.90084 -16.6322 -14.302
v 18.6347 15.1389 47.1114
v -8.01203 -14.5035 -11.7817
v 19.2447 13.2013 48.0997
v -6.84927 -17.685 -14.0192
v -7.60234 -16.9384 -12.2543
v -8.88685 -14.6078 -9.29835
v -8.72003 -16.5038 -8.97041
v -8.62692 -13.5538 -9.9875
v -7.50724 -19.1714 -10.6944
v -7.96847 -19.336 -7.6991
v -7.81439 -11.7123 -11.2836
v -6.95223 -10.4444 -12.3462
v -6.27683 -20.5832 -12.6881
v -6.21908 -19.4398 -14.2153
v -7.0328 -20.497 -9.90012
v -6.2275 -21.7901 -9.0233
v -5.69401 -21.0372 -14.3818
v -4.76076 -21.836 -16.4469
v -5.22838 -20.1256 -16.7962
v -5.16035 -22.1708 -14.4715
v -3.63292 -22.7931 -18.7193
v -6.27212 -17.8794 -15.1418
v -5.92196 -17.1255 -16.3437
v -3.7902 -20.3929 -20.3437
v -3.99997 -21.8401 -18.796
v 21.9673 -1.03375 -62.8138
v 29.0252 22.4574 29.2887
v 69.7302 6.65818 -19.7058
v 19.0299 -8.04586 -82.9455
v 19.8975 -7.19267 -82.7178
v 20.8595 -6.57848 -82.9519
v 19.7539 -8.32876 -86.4102
v 21.3333 -5.04699 -79.755
v 19.8517 -6.19127 -79.6883
v 23.1757 -4.90771 -82.1004
v 23.5806 -5.29479 -84.2023
v 83.0335 -7.68015 -47.726
v 62.1276 7.31436 -29.8098
v 82.4887 -6.33524 -46.7482
v 30.7988 10.636 -20.9175
v -7.78659 -8.62101 -9.43454
v 12.9987 12.8436 8.62901
v 73.648 -5.27332 -58.4836
v 81.8646 -7.3116 -49.2618
v 23.5044 10.2604 7.33265
v -2.1127 -22.9653 -24.7744
v 0.144761 16.603 34.2972
v 6.92727 -8.16809 -44.847
v 64.5411 -2.53662 -69.3887
v 66.0778 -3.51701 -70.9357
v 66.1452 -3.88899 -72.2236
v 66.1563 -4.17156 -73.9737
v 64.8514 -3.00276 -71.2892
v 64.8311 -4.2012 -77.8295
v 63.8346 -2.97304 -74.2835
v 64.6771 -3.77214 -76.3288
v 66.7236 -5.11906 -76.6656
v 64.6061 -3.26277 -73.5207
v 63.0987 -3.57267 -79.382
v 61.6535 -2.02006 -74.1215
v 68.1642 -5.55686 -72.8112
v 69.9902 -7.70401 -73.0167
v 67.9513 -5.81335 -74.8689
v 68.3058 -4.63367 -69.3145
v 3.31327 21.7852 42.6896
v 61.2523 -2.70882 -80.2162
v 61.5246 -2.66216 -78.5368
v 1.63211 21.8685 45.557
v 69.0196 12.3231 4.49013
v 34.7215 16.9697 4.19101
v 70.0488 11.2857 7.48936
v 68.5835 12.9363 6.99475
v 68.5747 12.4787 11.161
v 66.8326 13.9584 10.6112
v 67.1454 13.996 6.14078
v 65.1608 15.1498 7.88084
v 63.4492 16.0063 8.71746
v 63.2994 15.8268 6.06329
v 65.3233 15.0486 10.1109
v 71.4236 8.16696 10.6986
v 71.6153 8.22324 8.64234
v 72.0726 6.68423 9.43466
v 72.3831 5.69391 8.30842
v 72.4577 3.83575 9.74896
v 71.8743 6.1698 11.7411
v 66.9078 14.0742 13.3128
v 68.3153 12.7553 14.4085
v 71.4444 7.45981 12.8951
v 70.3992 9.69046 13.1715
v 69.6661 11.1394 11.0261
v 69.46 11.3532 16.2196
v 70.4106 9.19329 15.9111
v 70.1835 9.5757 18.6998
v 69.3864 12.5608 19.7518
v 69.8529 10.5406 18.1839
v 69.0651 12.0792 16.4718
v 68.8506 14.0853 20.792
v 70.3377 8.80829 20.0715
v 70.359 7.02692 21.026
v 71.0329 7.60227 14.9384
v 70.7036 7.25338 17.7405
v 70.6855 10.1534 8.41874
v 72.6969 3.00482 6.48092
v 69.8885 11.8055 21.6139
v 69.716 12.992 22.8377
v 68.2814 14.4208 19.0823
v 70.3129 9.62852 22.1153
v 69.6979 13.8032 24.8294
v 68.9064 12.1316 13.4537
v 70.1943 12.7122 27.553
v 69.6388 14.4472 27.5795
v 70.1795 11.9011 25.067
v 70.4221 10.201 25.0921
v 69.0039 15.274 24.5314
v 69.074 15.4127 26.6835
v 70.4727 11.8898 29.3305
v 70.0478 14.2862 31.0814
v 69.4324 15.6549 30.7652
v 70.1581 14.1913 34.5455
v 69.6542 15.4039 34.5574
v 68.5256 17.1601 33.3834
v 69.1275 16.6787 36.6851
v 67.6441 18.3666 35.6522
v 69.3499 16.6643 39.6298
v 64.837 20.222 33.5179
v 66.6548 19.4154 36.5558
v 68.6247 17.7038 37.4785
v 70.5025 12.7578 34.0024
v 69.7732 15.4502 37.5441
v 70.4569 13.2145 36.9196
v 69.0186 16.4766 32.6175
v 67.0385 18.215 30.3252
v 67.0657 18.5826 33.4996
v 65.4538 19.4256 31.7619
v 65.6315 18.9272 28.7242
v 66.9979 18.002 28.2912
v 64.4829 19.5322 29.2516
v 68.8438 16.3302 28.908
v 70.5576 10.0799 27.6692
v 68.3166 17.01 29.2726
v 69.3867 16.9157 41.9715
v 69.786 15.4982 42.4018
v 51.0217 5.71095 -52.712
v 69.0265 17.6056 42.0479
v 68.0273 18.9751 44.1965
v 68.651 17.9211 44.6267
v 69.3611 16.2685 43.8722
v 69.207 16.2762 46.6217
v 68.8528 17.0214 47.7039
v 68.2311 18.8279 46.9178
v 68.1823 17.5087 50.3641
v 67.9682 18.7113 49.5849
v 67.0477 19.9822 52.1962
v 66.2361 21.4924 48.7199
v 67.3782 20.2042 47.0715
v 64.918 22.713 48.1206
v 65.8482 20.9959 44.3284
v 67.4575 18.6115 52.9343
v 67.363 19.6432 43.4827
v 67.6588 17.6004 52.7897
v 64.8482 22.183 44.7586
v 66.6859 20.8515 46.4902
v 67.0415 18.8326 54.8827
v 64.5825 22.5051 46.1117
v 67.1539 16.3875 54.4753
v 66.5875 16.094 55.826
v 66.7185 17.8244 56.81
v 67.5613 14.5167 51.9483
v 66.6068 12.557 51.8019
v 68.0103 14.581 50.596
v 67.9229 16.0993 51.8522
v 66.4287 14.088 54.3173
v 65.6364 16.2638 58.5613
v 66.2284 18.2328 59.0421
v 66.9995 17.9207 55.5427
v 66.449 20.313 58.4303
v 67.4533 12.1959 49.6749
v 65.9838 14.83 55.7862
v 2.1182 -30.4968 -30.2089
v 66.6314 20.622 54.567
v 71.0822 -6.28867 -67.2332
v 29.6261 22.1268 27.3404
v 65.2786 -4.83561 -80.7208
v 22.2128 10.5386 5.67995
v 80.7609 -5.29267 -12.2991
v 5.64634 9.19406 12.6642
v 17.5875 -1.13737 -49.8788
v 0.124263 5.5568 41.3038
v 60.6477 13.0166 -10.2678
v 32.5818 22.5058 26.5098
v 22.2204 1.0088 -53.8216
v 35.3461 16.9076 1.60808
v 22.7191 1.10477 -55.2906
v 18.2593 21.0029 49.0573
v 17.8294 19.6763 49.6287
v 18.0336 17.5018 47.9653
v 21.5148 -0.0475356 -57.2035
v 17.904 16.8914 49.8463
v 18.2511 16.5821 46.9202
v 18.2954 15.3531 49.5785
v -3.1354 -20.1646 -22.4685
v -3.0361 -21.8632 -21.804
v 92.8015 -1.86831 -25.0841
v 21.5368 10.4169 -0.503138
v 94.7364 -2.85118 -25.0829
v 95.5152 -2.43253 -22.7006
v 96.8258 -3.4202 -23.4246
v 96.844 -2.45567 -21.2317
v 92.8128 -1.50504 -23.1792
v 95.8789 -3.94874 -25.4032
v 96.905 -4.56065 -25.2013
v 96.7097 -5.47249 -26.3266
v 76.2201 -0.947421 -8.59144
v 7.8008 -34.1675 -46.8208
v 6.43361 -31.349 -48.8993
v 75.7482 -0.809437 -6.67062
v 92.1869 -1.22708 -22.4732
v 62.3717 16.0835 6.8606
v 91.6585 -1.1257 -21.5267
v 93.1138 -1.13488 -20.5338
v 94.4426 -1.30695 -19.5596
v 92.6697 -1.06117 -19.2119
v 95.1595 -1.2408 -17.415
v 94.4271 -1.61162 -21.493
v 96.6293 -1.53664 -17.67
v 96.1282 -1.89127 -20.1227
v 19.0186 -7.37788 -80.7607
v 51.157 7.50547 -42.507
v 68.1291 12.9732 48.9612
v 68.7912 14.6277 48.4356
v 68.9062 12.8442 46.2438
v 68.9417 12.5715 45.2764
v 69.1599 14.6713 46.9547
v 72.6678 -5.12273 -60.114
v 6.22742 -30.5218 -49.5668
v 5.54316 -27.622 -50.8731
v 60.9788 -1.37229 -71.8928
v 62.8691 -2.15204 -71.8846
v -10.6319 -5.72769 -3.56749
v 63.0353 -1.94339 -69.7861
v 22.242 -1.88818 -67.5489
v 21.5584 -2.69585 -69.068
v 82.0665 -0.962847 -17.8255
v 19.5746 -31.7322 -88.9631
v 24.4604 11.7353 18.4551
v 14.5881 -29.3638 -68.0637
v 22.886 14.1796 27.4163
v 23.9966 11.6234 23.4488
v 24.5777 22.6475 35.1546
v 4.71285 -0.985932 24.1506
v 25.3893 23.034 35.559
v 53.5039 2.80867 -63.875
v 52.1803 2.24866 -68.4685
v 51.6322 2.93346 -64.8734
v 53.8623 2.10821 -66.7709
v 54.1735 1.41847 -70.4162
v 56.1268 1.25443 -67.8025
v 55.9027 0.82317 -70.956
v 53.4182 1.16139 -73.6185
v 56.0914 0.0592836 -74.543
v 57.661 -0.122781 -72.3783
v 58.4029 0.164625 -69.0201
v 50.4445 1.80777 -73.4895
v 49.745 2.04671 -72.2746
v 48.5728 1.98003 -73.9969
v 51.6416 2.00055 -70.8305
v 7.73642 -0.939299 6.09345
v 71.7082 -6.08838 -65.866
v 6.59009 -29.6008 -51.6864
v 6.57022 -28.6803 -52.6612
v 8.02318 -30.5669 -54.127
v 99.2282 -2.14997 -17.9979
v 69.4001 13.8463 44.848
v 69.4423 14.864 44.8163
v 8.42099 12.5558 12.0967
v 10.6438 14.836 14.0567
v 9.81119 13.8515 12.7652
v 51.9047 6.45328 -48.6676
v 53.3876 5.53214 -52.2542
v 5.45257 6.29894 12.0282
v 14.4106 21.5583 62.0341
v 14.877 22.0194 60.4452
v 15.1503 20.6431 59.8996
v 15.5933 19.2923 58.7935
v 15.5028 18.0324 61.1622
v 16.0223 17.2466 59.7812
v 14.1934 22.9675 62.4595
v 14.1321 23.7057 62.8715
v 12.5428 23.449 66.9973
v 13.5432 21.755 65.1878
v 14.042 19.4897 67.0136
v 13.223 20.6257 69.1026
v 13.3908 23.0017 64.9874
v 14.0246 25.0624 64.3135
v 12.8762 21.5441 68.2701
v 11.967 22.5566 69.8381
v 14.5862 19.4187 63.2444
v 11.5587 24.2627 69.4504
v 52.3631 6.95486 -44.8782
v 15.661 17.1507 62.0421
v 5.02269 -26.5481 -50.0158
v 9.07333 -25.5602 -59.3925
v 23.4945 -0.887987 -66.1187
v 24.8224 -0.0764445 -65.0248
v -0.588122 -3.45431 -7.02329
v 21.8425 -8.15183 -91.7025
v 66.5828 20.6877 56.5068
v 66.0796 22.2125 58.8747
v 66.155 21.6456 59.6156
v 65.9266 20.0298 60.506
v 75.0601 -7.70606 -60.8816
v 74.1619 -7.38124 -62.2051
v 65.6904 18.6366 60.4506
v 65.5976 17.609 60.0432
v 65.2582 24.1409 60.3814
v 65.804 22.955 60.6737
v 65.1495 24.7128 63.7885
v 66.0072 21.3224 60.7971
v 64.9109 24.4118 59.4659
v 64.5935 25.7143 63.6674
v 63.8849 25.9556 60.212
v 65.4884 23.1784 57.4075
v 63.7015 24.5857 54.7063
v 63.5538 25.4035 57.837
v 66.1429 21.8846 57.1187
v 64.5679 23.653 53.796
v 63.5839 24.0152 51.0154
v 62.9792 24.9106 53.7096
v 62.3294 27.2923 60.9282
v 61.1793 27.6351 60.2555
v 64.1003 26.0689 61.7336
v 60.904 25.1568 49.6895
v 65.6659 22.9889 64.0072
v 62.3158 24.9419 51.8102
v 65.1717 22.7109 50.581
v 65.9839 21.9069 51.232
v 84.483 -0.205704 -31.2069
v 66.9843 20.4311 50.6675
v 85.1952 -0.985542 -29.6349
v 65.8556 22.1036 53.2805
v 65.9711 21.998 54.9717
v 85.2113 -1.05218 -28.767
v 31.3378 14.822 -6.72356
v 63.7858 20.1344 31.3596
v 63.5053 23.7136 49.3138
v 6.53504 -7.54687 -42.8382
v 63.3477 20.7613 32.8622
v 62.0233 21.1687 33.0336
v 53.1871 8.18072 -37.2016
v 21.8948 -35.061 -81.4589
v 76.0577 -6.69473 -57.4236
v 70.4571 10.3532 4.62549
v 21.1212 -34.9313 -88.6832
v 18.627 15.122 44.6785
v 19.0573 11.935 6.73428
v 21.1916 11.0375 6.61363
v 18.832 12.5483 9.49865
v 17.874 12.6913 8.54574
v 20.2604 12.1561 11.3719
v 21.5215 11.1607 10.2716
v 22.6412 10.4483 9.57107
v 19.8235 12.1597 9.94446
v 19.5485 12.9406 12.4954
v 21.776 10.9135 14.6912
v 20.9832 11.8167 14.2714
v 19.9617 13.1584 15.1307
v 21.5601 11.1042 16.1306
v 19.3299 14.0624 16.7331
v 19.032 13.8359 14.2976
v 22.4427 10.5123 11.3215
v 17.9582 15.2672 17.3566
v 20.7301 12.4547 16.983
v 19.7779 13.6686 18.1234
v 18.5672 14.9464 18.9652
v 19.5898 13.7759 20.5247
v 17.966 15.243 21.5758
v 17.2915 15.7889 20.0439
v 19.6086 13.3533 22.5134
v 15.5664 16.7186 22.4573
v 20.8579 12.0256 18.8675
v 18.1596 14.6901 26.0175
v 17.7235 15.407 23.1945
v 15.7517 16.4972 20.4971
v 18.1179 14.1912 13.3016
v 15.019 17.0323 24.798
v 14.5748 17.1401 23.3681
v 13.624 17.4098 24.0519
v 22.764 10.4147 8.38865
v 16.7894 13.3816 9.72709
v 16.4956 16.1867 24.8076
v 17.9067 13.6978 11.7219
v 11.9833 17.2799 22.8265
v 17.8155 14.9203 15.3711
v 14.0044 17.7228 26.4566
v 17.0007 15.8297 17.6539
v 16.7213 15.0709 14.178
v 15.8936 16.6533 27.6357
v 14.3723 17.6184 28.3563
v 14.1082 16.9994 21.57
v 16.9012 15.7122 28.1647
v 16.6996 16.1306 30.0081
v 18.7162 14.0771 25.4956
v -5.37906 -14.9359 -17.8922
v 32.9633 14.6059 -9.99606
v -1.63094 -24.3672 -24.9346
v -0.565736 -25.2709 -28.9808
v -0.647476 -26.5887 -24.1319
v -0.119015 -27.4349 -22.9499
v 1.22607 -29.069 -22.2809
v -4.6213 10.9296 53.2865
v -3.78251 10.308 53.2407
v -2.81157 10.1849 54.6313
v -1.90669 9.24086 53.176
v -1.67626 10.7868 57.8693
v -0.775126 9.98057 55.5842
v -3.02604 10.9597 57.6239
v -1.52797 11.258 59.9836
v 0.0879255 10.9772 58.8836
v -4.54469 11.7578 59.6454
v -4.69914 11.3614 55.8922
v -2.85087 11.4554 60.2716
v -4.06184 11.2193 57.0936
v -0.0331032 11.627 61.0774
v -0.169407 12.3268 63.6891
v 1.67555 11.7492 60.1665
v 1.37523 12.3694 62.3363
v 1.73184 10.906 58.0297
v 4.03562 11.3319 56.9585
v 2.46916 10.7778 56.8857
v -1.48247 11.9527 63.0248
v 5.26077 10.3456 54.3654
v 5.26886 12.3189 57.7965
v 5.40921 11.2073 55.5794
v 4.32423 12.857 60.2685
v 3.16902 13.517 63.1346
v 1.97531 13.5885 65.0805
v -3.60973 12.3602 63.5901
v -6.06494 13.4894 65.0993
v -4.41277 13.3635 67.1521
v -3.16773 13.1374 67.4767
v -2.93784 12.4228 64.5019
v -2.04185 12.4076 64.8508
v -5.95553 12.9122 63.0369
v 2.04821 14.672 67.4401
v -5.29654 14.0438 69.1434
v -7.0867 14.2853 66.4017
v 0.140699 10.4767 57.1253
v 0.187085 13.2912 66.3372
v 25.4235 29.3021 58.1182
v -1.17302 12.6399 65.5509
v -3.39833 13.7979 70.4768
v -6.72554 13.0474 59.7646
v 1.46171 3.67073 36.4083
v -6.35252 12.7262 57.5137
v 18.6453 -16.2345 -98.5347
v 10.6392 -9.44744 -57.0176
v 3.70659 -16.849 -45.4837
v -11.6222 -2.00512 7.60874
v 15.8972 25.1013 59.9382
v 17.408 7.87398 -9.06588
v 4.65233 9.13572 14.551
v 2.6922 -4.5064 1.45706
v 37.462 15.7611 -11.2632
v -12.0363 -2.5436 6.07061
v -13.8797 -3.71244 4.00276
v -7.53763 -9.88698 -10.7341
v 21.3563 28.5779 57.9556
v 22.4785 28.9176 57.9323
v 72.6757 1.04761 5.50178
v 72.7506 1.72374 4.08567
v 21.4395 -33.7938 -76.1353
v 22.2784 -35.0901 -78.7636
v 72.6875 3.04896 2.40311
v 72.5062 4.70227 4.07115
v 0.0994606 -27.4429 -27.5306
v -1.58949 -22.9129 -27.0438
v 70.6144 10.4379 34.8485
v -10.9254 -2.35116 3.8417
v 3.06003 -5.62956 4.48663
v 23.3399 -2.29593 -73.0387
v -12.6061 -1.72945 9.48707
v 23.6677 -1.51014 -69.9837
v 25.0731 -1.13036 -71.6558
v 24.4427 -2.09123 -75.364
v -2.25162 13.0837 67.4923
v 50.66 2.23259 -70.1168
v 25.8477 -0.910794 -73.0181
v 23.898 2.79771 -47.8509
v 22.9846 2.49113 -47.5767
v 71.8661 7.16767 5.73809
v -8.59498 -5.67499 -5.53828
v 98.7719 -2.80592 -20.0443
v 30.7232 22.6062 28.4864
v 64.985 25.5858 65.1096
v 65.4473 23.39 65.6637
v 64.7961 25.8381 67.2011
v 64.9548 23.3848 67.8969
v 64.0691 26.9959 69.0291
v 63.7297 27.6024 66.5762
v 62.4986 29.0603 67.8652
v 61.7378 29.674 69.1965
v 63.2071 28.3827 69.6308
v 60.6355 30.2971 69.8151
v 62.4737 29.275 72.4291
v 62.4135 28.5751 65.1536
v 60.8118 29.8556 66.2965
v 59.8062 29.468 63.7351
v 63.5466 27.7612 71.2963
v 63.8997 26.5813 71.5795
v 64.128 26.811 65.1414
v 21.0704 -10.1675 -95.6029
v 53.481 8.76625 -33.8559
v 20.7452 -11.4568 -97.3708
v 21.4806 -10.5047 -97.4954
v 83.9623 -0.279474 -33.343
v 68.2985 16.4297 26.3888
v 67.8249 16.6589 24.357
v 65.6402 17.3746 21.0312
v 64.9174 18.3731 23.5325
v 66.0303 18.3486 25.819
v 62.829 19.0557 23.3693
v 64.0074 19.3301 26.2484
v 63.6931 18.4315 21.7492
v 67.3446 16.5668 22.5352
v 66.929 17.5761 25.0713
v 59.62 19.1959 22.4994
v 66.2286 16.4231 19.1216
v 66.1599 15.7129 16.4857
v 67.3941 15.0695 17.85
v 66.7257 15.0268 15.8542
v 68.6432 13.5439 17.9716
v 61.8133 19.4536 24.2236
v 64.5002 17.7919 20.4133
v 62.0798 18.1353 18.0441
v 61.9612 17.7311 17.0884
v 62.3158 18.2642 19.4543
v 20.7969 29.3659 60.9792
v 74.6319 -5.59935 -57.5845
v 21.2861 29.0293 60.1327
v 75.078 -6.67467 -59.1576
v 75.0695 -7.02335 -60.1749
v 75.1896 -6.2911 -58.4238
v 7.54158 0.666703 2.30346
v -10.1274 -1.67255 7.12012
v -3.4357 21.7875 51.8833
v 64.352 14.8091 1.98628
v 22.4592 -36.8858 -86.6548
v 22.8112 -37.57 -87.3899
v 22.964 -37.2976 -84.8783
v 21.3325 -34.9753 -84.8934
v 82.4667 -0.363045 -19.5386
v 83.3074 -1.85762 -19.9035
v 83.3536 -0.840975 -21.6067
v 83.8965 -0.818502 -23.4359
v 84.0842 -1.36497 -21.9828
v 84.3285 -1.2038 -23.8225
v 62.7581 -0.455804 -61.1569
v 8.27541 -31.5706 -53.4132
v 62.9546 23.5538 46.6228
v -15.5257 -4.99786 3.75196
v -13.5926 -4.2765 1.91275
v -15.3194 -5.98411 1.83979
v -12.9965 -4.69649 0.347796
v -13.6459 -5.77691 -0.273014
v 69.4504 -5.28344 -68.4121
v -12.6724 -3.44969 2.527
v -11.001 -2.69564 2.41148
v 69.8653 -6.08569 -69.4619
v -11.435 -3.50987 0.606317
v 62.1923 25.7475 55.1082
v 20.4503 -12.2693 -98.8982
v 57.1232 11.886 -21.1829
v 70.1499 13.6111 40.5851
v 61.1163 15.3853 1.71501
v 69.1167 -6.01896 -71.419
v 22.7494 13.6849 28.7421
v 18.5389 -6.01235 -75.3542
v -7.92895 -19.2733 -5.64092
v 2.58611 0.985283 31.2942
v 72.3622 4.92658 0.0351371
v 3.77797 0.0507124 30.8356
v 100.782 -2.43103 -17.4604
v 5.93192 -0.82896 31.4552
v 5.00625 -0.603185 31.1941
v 70.0905 9.57628 -0.249334
v 70.4761 9.2403 1.06947
v 71.636 7.32261 1.89371
v 71.5904 7.3725 0.0432343
v 72.2446 5.87503 1.31548
v 72.1455 6.10907 3.79794
v 2.09325 18.5181 35.0006
v 20.1616 -33.0774 -88.9911
v -6.40486 -2.53901 10.0958
v 6.12464 20.1489 36.5649
v 64.9543 16.7024 17.1269
v 18.9925 -1.32146 -56.5833
v 65.4061 15.6513 14.004
v 64.4193 16.339 14.0929
v 65.0514 15.4992 12.1421
v 63.5277 16.3482 12.4402
v 63.7974 15.8908 9.03725
v 62.0982 16.7998 12.4046
v 63.2234 16.9434 14.7868
v 62.4424 16.4623 10.3056
v 61.8269 17.3354 15.2913
v 63.113 17.511 17.3364
v 24.6094 2.28978 -53.6851
v 29.1578 20.0462 21.689
v 31.0166 19.7121 19.1367
v 2.10714 17.5273 32.1412
v 71.7284 6.15892 13.2304
v 34.7445 18.4172 12.3554
v 65.5078 22.3579 65.1084
v -5.96809 -7.41272 -11.2505
v 22.2869 22.0746 39.7656
v 72.7964 2.95679 1.13818
v 17.2706 22.254 53.4958
v 21.9949 22.227 41.8522
v 22.5775 22.9441 40.6794
v 18.3073 14.1932 53.0067
v 5.08386 -2.71732 -6.25152
v 17.8061 28.721 62.7958
v 52.9868 0.938548 -75.5497
v 15.779 26.7916 62.8712
v 56.5592 -0.540566 -77.4999
v 54.1166 0.17747 -77.9664
v 50.9807 1.27969 -76.8771
v 53.9395 0.0863713 -79.5275
v 67.1093 -5.79768 -78.3199
v 50.5213 0.744909 -81.3063
v 52.2443 0.667848 -78.7347
v 56.4765 -0.67974 -79.0259
v 49.9099 0.977541 -79.794
v 70.6859 6.38823 18.4567
v 71.0701 5.92005 16.6403
v 11.6887 17.7986 25.3129
v 4.71936 -10.6667 -42.9416
v 17.7369 -8.27077 -79.2438
v 64.7565 25.4421 68.3102
v 62.9907 -2.78757 -76.0096
v 91.1379 -3.57339 -33.4981
v 64.483 24.8541 69.7067
v 64.129 24.7403 70.9514
v 63.6045 23.3654 71.6872
v 64.4438 22.9734 69.2349
v 63.1454 26.6154 73.9833
v 63.2778 24.8685 73.2834
v 63.1799 27.5466 73.5046
v 62.8279 23.3893 73.2891
v 62.487 24.4216 75.0819
v 62.4376 26.3412 76.186
v 61.378 25.6828 78.0188
v 61.5432 27.0636 78.4929
v 62.05 25.7167 76.8669
v 14.9788 -30.9823 -66.9214
v 61.6047 28.4663 78.5849
v 14.3895 -30.8905 -65.8161
v 15.2563 -31.9451 -66.1997
v 60.2711 25.9639 79.6596
v 2.8537 -31.4237 -29.4818
v 59.8376 27.2083 80.8903
v 49.2169 7.63058 -41.376
v 0.873553 22.3065 47.9841
v 15.9926 -30.9713 -69.3905
v 23.3816 22.9418 38.0874
v 23.5881 22.6754 37.234
v -9.14801 -1.9252 2.84115
v 58.4288 -1.6678 -80.0311
v 3.40098 -5.0566 3.15949
v 48.4026 4.58769 -58.3255
v 59.1908 21.9477 34.2585
v 58.2704 21.3136 32.1654
v 60.6567 21.8187 34.4997
v 57.9135 20.7761 29.8614
v 22.4627 7.74827 -20.4027
v 65.8276 21.4744 63.0559
v 65.5468 19.8646 61.9068
v 65.449 20.8221 63.8186
v 0.720393 -4.13896 2.60525
v 72.4591 5.62427 -14.7453
v 26.6608 26.9893 49.6434
v 22.6446 -4.30209 -79.7493
v 24.7085 -3.5953 -81.3918
v 24.6569 -2.66652 -77.9068
v 22.6264 -3.35681 -76.5332
v 27.0799 -1.73139 -78.9526
v 27.1506 -2.24888 -80.7209
v 28.5513 -0.701258 -77.3688
v 27.3275 -2.7336 -83.0834
v 19.3467 -5.25842 -75.2187
v 28.4038 -2.79788 -84.8498
v 29.3594 -1.60178 -81.5866
v 18.9381 -5.1849 -73.199
v 33.8004 -0.663427 -83.3604
v 30.371 -0.362213 -78.2552
v 29.314 -2.91318 -87.2098
v 30.705 -2.66467 -88.3562
v 32.5588 -1.74662 -86.3802
v 21.3663 -3.92374 -75.3768
v 34.0797 -1.99835 -89.6803
v 35.0327 -1.38895 -87.9529
v 28.4467 -3.31831 -87.2409
v 32.7903 11.5152 -19.5293
v 34.0378 12.6907 -15.8929
v 32.074 11.8829 -16.5928
v 34.8439 11.988 -20.6613
v 35.8504 12.0192 -22.3421
v 36.7302 12.2383 -22.9566
v 35.0729 10.4623 -26.9296
v 34.1026 10.6517 -24.7332
v 36.7505 10.7519 -28.4591
v 37.6791 11.8896 -25.676
v 36.5982 10.226 -30.3661
v 38.2861 11.122 -29.2948
v 33.8121 -2.55847 -92.0826
v 36.0546 -1.40448 -89.0913
v 26.1588 28.691 55.3777
v 38.6184 12.0772 -25.8023
v 27.6751 28.4502 54.2675
v 43.1117 11.9533 -24.0679
v 40.5873 12.866 -22.1595
v 39.6009 13.0679 -21.7411
v 41.4862 11.8095 -26.1629
v 40.7396 13.6004 -18.9228
v 42.6473 12.8729 -20.2327
v 44.8456 11.1998 -26.2675
v 46.8061 11.3835 -24.3384
v 47.1673 11.8574 -22.292
v 42.2711 13.3448 -18.3577
v 50.6729 11.9687 -21.3295
v 47.8512 12.438 -20.005
v 45.0115 13.0364 -17.8659
v 51.0525 11.0795 -24.1695
v 55.2518 10.6134 -25.4992
v 42.1886 14.029 -15.8251
v 42.9745 14.385 -13.5371
v 44.694 12.4969 -20.6652
v 40.3622 15.18 -13.5897
v 42.9447 15.0227 -11.3366
v 46.4817 13.2133 -16.7548
v 44.2953 14.656 -11.4767
v 40.5172 11.8018 -26.7883
v 44.1138 13.6472 -15.6772
v 44.8789 13.9666 -14.0633
v 46.5764 14.2479 -12.1769
v 40.8191 14.5611 -15.2179
v 38.5528 13.8333 -18.5495
v 43.7679 10.91 -28.292
v 46.0101 14.7713 -9.77907
v 43.7906 10.5182 -30.1709
v 52.2637 10.498 -25.9044
v 56.0079 11.5422 -22.8309
v 48.9771 10.6815 -26.0924
v 49.5161 9.68229 -30.3121
v 48.7365 13.1517 -16.939
v 50.2738 12.7089 -18.5311
v 50.9901 10.297 -26.8954
v 52.9594 9.76902 -28.8217
v 39.5839 12.2202 -25.364
v 72.8204 -0.0823815 5.0325
v 48.6253 14.382 -11.0319
v -14.7904 -1.90286 11.1464
v 0.402157 -28.2186 -26.0811
v 27.9464 0.290604 -70.3121
v 29.6248 1.03177 -70.0456
v 28.1505 0.837205 -67.5198
v 22.0422 -0.572712 -61.0667
v -1.14253 -3.60779 -7.4966
v 27.9852 1.57615 -63.6519
v 27.1439 0.531567 -67.1635
v 25.4097 -0.466487 -68.7344
v 26.6539 1.1233 -63.5657
v 29.8931 1.89544 -64.8369
v 24.2869 0.0437281 -63.7093
v 27.5947 1.76017 -61.756
v 24.9488 0.807447 -61.5739
v 30.3882 2.16637 -63.3869
v 25.0609 1.24245 -59.4701
v 26.3155 1.74821 -59.2129
v 30.1694 2.44816 -60.6278
v 7.33872 -2.79523 19.0407
v 18.7522 4.1742 -25.4798
v 41.7346 10.8586 -30.1717
v 80.8571 -3.14863 -13.5066
v 63.906 20.9744 35.1581
v 63.5739 21.4289 36.6714
v 62.7145 21.7803 36.7522
v 82.5691 -2.40614 -17.7629
v 26.7269 4.17976 -43.8617
v 27.6035 3.98176 -47.0466
v 25.0518 3.43447 -44.957
v 28.5375 5.0738 -42.9729
v 28.8938 5.76265 -39.546
v 30.933 6.05769 -41.708
v 32.2416 6.83251 -39.1807
v 29.8922 6.5132 -37.5157
v 32.3906 7.34949 -36.545
v 34.2304 8.16823 -35.6689
v 26.8286 5.22957 -39.3519
v 30.7657 7.35063 -33.7906
v 35.3005 8.02294 -38.1435
v 31.4024 5.38886 -45.3265
v 29.2846 7.54627 -31.7899
v 34.0105 5.9826 -46.1479
v 31.5047 7.9778 -32.16
v 36.9669 6.41651 -47.6735
v 25.8615 3.38525 -47.5033
v 23.8176 2.56335 -50.244
v 39.1729 6.98594 -46.7732
v 25.9125 3.10961 -50.9121
v 37.688 6.22752 -48.9722
v 39.174 5.80686 -51.8894
v 40.3327 6.4764 -49.376
v 21.0271 -7.09721 -85.5687
v 12.731 17.8632 25.5539
v -1.27504 15.7092 35.9448
v 34.1952 4.93971 -51.7811
v 12.0928 14.041 11.364
v -8.89547 -2.73574 0.0524036
v -1.66246 21.3857 48.4863
v -2.2252 22.5819 51.4899
v -5.89833 -11.3415 -15.5205
v -2.22354 13.7951 70.7977
v -0.533778 22.6135 50.1848
v -1.06905 13.6044 68.9489
v -3.04043 14.4999 72.5255
v -1.29537 14.2213 71.352
v -1.97852 14.6634 72.6927
v -0.712129 23.3862 52.1132
v -1.66478 23.3089 52.6025
v 0.0828141 13.9561 68.6293
v -3.16554 22.7217 52.9266
v -5.08903 22.9804 55.2868
v -3.07467 23.7018 54.6858
v -4.70422 23.5598 56.185
v -2.9479 24.293 56.4605
v -6.22931 22.9153 57.4418
v 0.104559 24.989 57.2043
v -8.72055 -17.763 -6.77057
v -1.23193 24.1607 54.3032
v 17.3569 -6.81579 -73.5134
v 8.90488 -26.5391 -58.698
v 12.8581 -30.727 -63.0333
v 38.3495 15.3371 -13.3454
v 46.9141 7.69546 -41.5439
v -6.06589 -21.639 -11.1784
v 3.7703 12.8169 19.5947
v 27.8843 3.79378 -49.1716
v 56.1596 8.51418 -33.8662
v 7.46631 -3.06748 5.12756
v 45.8801 7.78466 -41.5752
v 44.0211 8.25106 -40.372
v 46.485 8.04865 -40.0269
v 48.6708 7.93065 -39.4731
v 42.0985 9.10527 -37.6244
v 41.1031 8.33971 -41.5904
v 41.1158 9.27796 -37.2053
v 44.3501 8.6218 -38.0909
v 45.7839 8.70897 -36.9985
v 44.5504 9.51097 -34.2872
v 41.0296 9.72454 -35.2625
v 50.1147 8.52447 -36.1454
v 60.723 12.3106 -13.0117
v 32.8615 10.8021 -22.8616
v 50.6759 13.7688 -14.1642
v 14.1549 19.8262 65.6111
v 47.401 9.7396 -31.3003
v 2.96703 0.310556 28.1505
v 4.2781 -0.707766 28.1888
v 15.1177 18.2135 65.3273
v -7.80678 -1.55148 3.85305
v 8.8816 16.4019 20.0866
v 51.6816 3.68588 -61.468
v 60.9595 18.0504 17.8296
v -4.00945 -23.9073 -13.3073
v -4.79476 -22.9411 -13.8296
v 68.2335 13.3182 16.2956
v -12.2689 -0.972052 13.0747
v 22.9584 -6.87404 -89.3102
v 46.894 7.43651 -43.2132
v 34.7608 8.56931 -34.4312
v 43.4804 5.16832 -54.8794
v 37.8364 9.31818 -35.1954
v 39.6614 9.87101 -34.5205
v 9.7107 -5.78017 -46.7165
v 68.539 16.4617 49.4193
v 4.6706 -6.75663 8.75248
v 20.6361 -0.724364 -58.2828
v 6.56092 -4.78397 8.39322
v 63.5185 27.2288 63.9424
v 83.3175 -2.57186 -18.9851
v 13.2999 20.2628 71.2239
v 13.9318 19.5966 69.5989
v 84.5509 -4.05994 -41.1081
v 48.0895 13.6531 -14.8509
v 70.7604 10.6539 32.1837
v 32.6947 15.7491 -1.91016
v 39.3946 14.7393 -15.5904
v 70.2907 6.48771 23.0856
v -16.5334 -5.63615 4.53769
v -15.872 -4.77906 5.05005
v 4.15372 -2.42045 -16.3223
v 51.5211 1.37541 -74.9848
v 45.9358 6.47578 -48.9766
v 45.9061 6.79984 -47.2401
v 47.5482 5.81479 -52.1989
v 41.8725 6.47744 -49.5092
v 43.2633 7.11264 -46.4776
v 46.0949 2.27502 -71.9892
v 4.00021 8.08681 15.6748
v 10.7272 24.6351 72.4105
v -8.80739 -17.2281 -7.75283
v 11.1115 23.7617 71.6798
v 18.8447 8.1859 -10.5816
v 11.2778 22.9774 72.6771
v 10.3514 24.2178 74.6207
v 10.634 26.015 72.0878
v 12.175 21.479 72.4967
v 12.2565 26.2025 67.8432
v 12.0358 25.2995 68.1651
v 9.95597 25.4642 74.6264
v 11.4285 28.978 72.4018
v 11.0937 27.5477 71.6647
v 10.4256 27.097 72.8406
v 11.3298 30.2325 74.5201
v 12.362 30.724 73.169
v 12.506 31.5863 75.1483
v 13.7825 31.0364 71.1074
v 13.7735 30.0741 69.0562
v 11.6773 27.7816 70.2894
v 12.8339 29.6851 70.1725
v 15.0024 29.5454 66.6065
v 13.7292 28.707 67.2078
v 12.4332 28.6701 69.4851
v 16.9613 29.5721 64.6654
v 14.8586 30.5 68.1663
v 16.5468 32.2779 70.8467
v 16.0705 32.7771 73.6464
v 16.1094 31.3726 68.5234
v 17.7978 32.7891 70.987
v 14.4108 32.0638 73.3096
v 15.4864 28.4239 64.9605
v 12.6238 27.4557 67.9111
v 13.7522 26.7906 65.8487
v 17.1702 30.5501 65.9478
v 9.33302 26.0497 76.6254
v 9.39918 27.1294 75.667
v 19.1741 29.4476 62.6656
v 8.96833 28.4597 76.7685
v 8.65683 27.7098 77.5375
v 8.09343 28.8964 78.7468
v 7.69244 28.7418 79.8463
v 7.63282 28.4036 81.271
v 8.38241 26.9458 81.1641
v 7.74383 28.2621 82.9567
v 7.32247 29.7103 82.5565
v 7.81982 29.3402 83.8224
v 7.26031 30.3368 81.8444
v 8.9856 25.9134 81.1973
v 7.5861 30.5126 80.3084
v 9.88587 24.9196 81.1933
v 8.86438 26.3272 82.6153
v 8.52874 26.3973 79.7754
v 18.4719 32.2215 68.2297
v 17.3019 31.5348 67.5063
v 19.7776 31.7538 66.5971
v 8.70616 26.463 78.3828
v 9.82444 24.5693 78.3176
v 19.7548 32.7677 69.1078
v 60.5143 18.4521 19.6963
v 18.7701 31.3554 66.2221
v 20.9312 31.2344 65.1489
v 52.0052 13.4085 -16.0185
v 35.4587 18.7511 13.7756
v 50.8093 13.2649 -16.6641
v 37.3181 14.4959 -15.4506
v 24.746 10.447 12.1307
v 24.1145 26.0371 48.3302
v 7.79173 20.2944 36.8655
v 6.63822 19.63 34.1604
v 8.05989 19.8146 34.4263
v 9.78156 20.2128 39.8252
v 10.1873 19.9021 41.5734
v 11.0425 19.0906 42.2867
v 11.5587 18.3293 42.8891
v 9.87607 19.6622 45.1063
v 8.89976 20.6347 42.4603
v 12.2996 16.6537 43.6518
v 12.2479 18.9672 37.9471
v 12.1726 17.3316 42.8907
v 8.1843 20.926 40.6491
v 11.3358 19.5072 36.3516
v 9.62669 20.1281 43.7304
v 13.32 15.1432 42.5539
v 8.84412 20.3644 46.6152
v 7.96469 21.0234 45.3663
v 7.07889 21.5159 44.7523
v 10.2594 18.3654 47.6719
v 10.3997 18.7656 45.9523
v 12.1856 18.7068 40.3075
v 12.2738 15.6325 44.3076
v 8.83335 19.8992 50.8611
v 11.4393 17.2396 45.382
v 9.39221 19.6599 47.851
v 13.218 16.1748 41.9589
v 13.371 17.9828 38.5701
v 8.20712 20.7696 50.5128
v 9.23623 18.7407 51.7617
v 9.3848 17.8798 52.4263
v 10.4228 17.5949 48.6767
v 13.8495 18.0806 36.7324
v 5.90185 21.7719 42.271
v 13.9245 16.5152 39.8056
v 10.936 18.5502 44.8113
v 12.6827 18.8627 36.2441
v 10.6313 19.5165 33.7027
v 7.67852 21.2308 53.1103
v 14.8186 17.3846 36.2579
v 8.68597 19.6114 53.4874
v 7.40131 21.2251 55.406
v 8.09282 19.9427 55.3161
v 8.73977 18.9505 54.3543
v 8.04581 19.694 56.4965
v 7.13341 21.4235 57.2562
v 6.38386 22.4336 55.5133
v 8.30548 18.3537 56.2517
v 5.61395 23.4707 58.5279
v 6.78781 22.0607 58.2389
v 6.34332 22.3974 53.4701
v 5.28394 23.2202 55.188
v 7.09344 21.6866 51.0607
v 7.30893 21.4581 48.1167
v 5.93456 22.1001 48.5889
v 5.57448 22.7321 52.7364
v 4.78881 22.8122 51.0742
v 7.82515 19.5389 58.1925
v 12.5614 18.8797 34.3033
v 10.8264 16.9564 20.9143
v 11.8109 16.8774 19.7785
v 12.9131 16.7994 19.2388
v 68.3183 -6.65555 -76.9952
v 8.62912 -31.4636 -54.6056
v 69.2278 -7.93141 -77.272
v 68.9282 -7.97805 -78.8436
v 68.0715 -6.99158 -78.9015
v 69.9166 -9.59377 -80.4542
v 69.059 -7.04245 -75.1309
v 70.271 -8.31502 -73.8867
v 69.4125 -8.87374 -80.9468
v 70.9627 -9.49085 -73.8788
v 70.8199 -11.3996 -80.497
v 70.8724 -10.3347 -75.1958
v 71.1227 -12.1172 -81.4801
v 71.1332 -12.1985 -80.0916
v 71.7487 -13.8581 -78.9813
v 71.3129 -12.2352 -77.704
v 70.4124 -10.2238 -78.2871
v 72.2686 -15.7604 -77.717
v 71.5057 -11.918 -75.0521
v 71.8773 -12.8448 -74.5228
v 71.7332 -11.7274 -73.1854
v 70.8437 -10.7963 -76.7432
v 72.2053 -12.3599 -71.8376
v 72.6886 -12.1201 -69.9601
v 73.2874 -13.5046 -69.0377
v 71.8839 -10.1084 -70.5321
v 73.4401 -10.653 -67.0273
v 73.7267 -14.8742 -68.3432
v 72.941 -15.2647 -70.9523
v 72.7022 -15.8056 -72.515
v 72.9399 -17.6714 -71.5779
v 72.8655 -17.5869 -73.2484
v 73.0506 -19.7637 -71.4951
v 73.4066 -19.0018 -69.9354
v 72.5492 -16.2011 -74.2648
v 72.744 -19.4273 -73.9155
v 74.13 -20.5214 -67.8194
v 73.2586 -21.9663 -70.325
v 72.9909 -23.9872 -71.0686
v 72.572 -25.0339 -72.6024
v 72.6758 -22.659 -73.3292
v 72.7177 -21.1784 -73.2166
v 70.8517 -12.2974 -83.4839
v 72.5931 -19.2267 -76.3192
v 72.6207 -20.9233 -74.78
v 72.596 -17.5448 -75.2875
v 72.517 -17.8569 -78.4992
v 71.8113 -14.2264 -83.8662
v 66.5255 20.4641 42.0711
v -9.28671 -1.65373 5.59644
v 67.8104 18.9402 38.6827
v 67.8147 19.1424 41.0895
v 66.2637 20.3155 38.728
v 68.6939 18.0783 40.6383
v -2.4081 -4.12827 -8.59017
v 85.2898 -1.4134 -22.1967
v -8.41268 -12.4069 -10.2223
v 79.4153 -5.58448 -10.5534
v 78.6872 -4.19697 -10.0094
v 78.3043 -5.83893 -8.88317
v 25.5852 4.49445 -40.9492
v 79.0286 -7.44501 -10.4727
v 80.2462 -6.20408 -12.2069
v 79.7264 -7.01724 -11.9523
v 78.0511 -7.25079 -8.51796
v 78.8199 -8.92555 -9.82082
v 78.2118 -8.76502 -9.11595
v 76.549 -5.49065 -6.8502
v 75.0742 -7.72694 -4.65903
v 75.6421 -6.67789 -5.37902
v 75.9801 -8.6097 -5.91307
v 75.6874 -5.21495 -5.5653
v 74.508 -6.2807 -3.28975
v 79.9211 -10.523 -10.2501
v 77.0412 -7.2806 -7.21002
v 77.1989 -9.89587 -7.64663
v 7.76966 -1.72804 4.53327
v 7.48286 0.191072 5.07652
v 76.661 -9.92549 -7.23063
v 50.6823 2.69625 -67.1319
v -10.8967 -1.39106 14.965
v 70.1937 -7.38044 -71.3628
v 72.0126 -8.93272 -68.7978
v 62.4339 20.4194 30.583
v 61.6941 20.7665 31.4381
v 37.5721 13.0933 -20.8107
v 38.5443 12.9867 -21.9207
v 2.9539 3.02318 36.7412
v 1.84497 4.09268 38.3341
v 36.2262 12.7976 -19.5758
v 37.6568 13.589 -18.8064
v 37.7632 5.35422 -52.7427
v 24.1575 25.3766 46.4861
v -5.56579 -22.0565 -12.2856
v 73.9279 -16.6723 -68.2395
v -3.27708 9.28447 47.5644
v 74.108 -18.7097 -67.9859
v 82.8669 -2.22122 -39.1883
v 85.0324 -3.55679 -39.4901
v 32.374 -2.60194 -90.938
v 36.816 18.6159 13.6143
v 22.9857 -6.2027 -86.6772
v 38.5348 18.2301 13.2291
v 38.3535 17.9863 11.1805
v 47.091 15.0431 -7.58239
v 45.1914 15.5113 -6.68446
v 39.5229 17.4024 9.17237
v 37.8608 17.8757 9.60049
v 41.4702 16.7705 10.6633
v 41.773 16.4925 8.10658
v 42.313 16.5817 13.6016
v 40.5216 17.4445 13.0068
v 43.3942 15.8549 15.1013
v 45.0232 14.5752 12.9567
v 43.749 15.6269 12.1061
v 44.3788 14.843 16.5497
v 45.3263 14.7681 10.278
v 41.9483 17.5477 18.8656
v 43.0213 16.4022 18.3317
v 44.9869 14.2999 14.798
v 41.9887 16.9913 15.2101
v 43.6288 15.4358 20.524
v 46.2902 12.6469 14.1928
v 45.457 13.418 15.7316
v 44.4164 13.9165 20.123
v 44.6994 14.0478 18.1109
v 45.6807 12.6181 16.5474
v 44.9321 11.9492 20.5239
v 43.4024 16.0202 22.5804
v 44.5278 11.9401 22.3966
v 45.3939 15.0235 8.36135
v 43.3209 15.902 9.53373
v 46.581 14.1112 9.64066
v 47.7597 13.8173 8.82537
v 47.3777 13.0006 10.665
v 48.7036 13.2864 9.23027
v 47.6121 14.5302 6.81724
v 49.629 13.9795 7.57451
v 45.486 15.3815 6.14586
v 43.7717 14.9973 21.7686
v 43.2161 16.0019 24.1637
v 43.7666 14.0378 24.1763
v 46.4559 11.5374 15.2136
v 46.4204 10.6232 16.0842
v 46.7426 10.4826 15.0515
v 46.1298 10.6564 16.9781
v 48.7365 14.4562 6.36447
v 47.5951 15.1284 4.46156
v 49.3357 14.9648 3.89566
v 38.6024 18.6423 15.3202
v 44.61 15.9996 1.53298
v 49.3689 15.2127 1.73937
v 51.1886 14.915 4.09026
v 52.1452 15.1082 1.04345
v 47.316 15.5589 1.3402
v 50.3262 14.523 5.86687
v 51.603 14.685 6.15024
v 45.7726 10.8427 17.9815
v 44.0178 16.0463 -1.42234
v 47.2429 11.4476 13.2052
v 46.179 13.6712 12.0015
v 50.0705 15.2469 -0.748521
v 50.4716 13.2623 9.4544
v 49.5988 13.2378 9.14697
v 50.6223 13.8804 8.16121
v 50.4601 12.7788 10.3972
v 51.6585 14.0928 8.60352
v 53.2007 14.9234 8.98214
v 49.61 12.1488 11.0225
v 48.804 12.0324 11.0789
v 52.7989 14.9931 6.66694
v 54.7459 15.6493 6.51774
v 51.6635 13.7093 10.3814
v 52.2724 14.1769 11.8547
v 52.5544 14.6849 14.7064
v 51.2373 13.3209 14.3922
v 52.8358 15.7423 18.4409
v 51.8099 14.2694 16.3684
v 52.1351 15.2249 18.9441
v 53.4648 16.1899 18.2875
v 51.2443 13.7945 17.63
v 52.7704 17.1008 22.7113
v 54.4264 16.6265 17.7678
v 53.591 15.4228 14.4649
v 53.9439 17.5385 21.4261
v 54.1403 18.224 23.317
v 55.6246 17.4599 18.6851
v 50.4789 12.0694 17.7483
v 54.9648 16.3236 15.4572
v 50.487 12.4177 11.7125
v 50.9696 13.8149 19.1283
v 51.607 15.5487 21.7122
v 50.2557 13.5206 23.4778
v 52.2267 16.7944 23.4972
v 51.1699 15.5915 24.8954
v 50.6606 13.3569 20.1017
v 50.6189 14.997 25.8029
v 51.2309 16.2801 27.1838
v 51.8097 16.7789 25.7743
v 50.2126 13.7821 25.1869
v 50.2667 12.321 20.4934
v 50.4754 15.1853 28.3733
v 50.4314 12.3066 13.3347
v 50.0483 14.1832 28.2858
v 50.4352 15.8126 29.4561
v 50.0814 14.7242 32.7347
v 50.4291 15.7503 32.2612
v 50.7371 16.6408 33.0742
v 50.0506 14.253 29.7944
v 52.4089 17.8114 26.878
v 50.5104 16.3261 34.5919
v 50.8595 16.4777 30.4186
v 50.0361 14.8456 35.1041
v 49.886 13.8295 34.263
v 50.169 16.0886 36.0776
v 52.1424 18.4356 30.8321
v 52.5487 19.4876 33.0086
v 51.8455 17.4939 28.6065
v 53.9353 15.3436 11.8013
v 54.3583 15.5146 8.34021
v 53.5066 20.0648 32.1047
v 55.3653 17.9205 20.4244
v 54.2945 20.6743 32.4273
v 56.1155 18.9163 23.2113
v 53.3064 18.9282 28.0322
v 54.2689 19.7023 28.4989
v 51.7465 18.7487 34.0717
v 55.1214 19.0171 24.9822
v 55.1266 20.953 31.9761
v 53.3204 20.5134 34.401
v 55.1021 21.7452 34.3677
v 52.7854 20.2 35.4602
v 53.9833 21.6831 36.5175
v 56.0163 22.0325 34.4259
v 54.894 22.1284 36.4851
v 50.8496 12.8777 15.8153
v 51.1706 17.8846 34.7561
v 53.794 21.7171 39.2847
v 49.8074 12.7617 27.4317
v 50.1417 16.3239 38.7858
v 49.7377 15.3684 39.244
v 53.4554 18.2736 25.431
v 50.5832 17.2397 37.0149
v 56.1082 21.2481 32.1665
v 55.5867 15.8436 6.17604
v 55.9865 16.2184 9.48324
v 43.8752 15.7344 7.61694
v 41.9282 16.4727 6.01954
v 53.3307 21.2242 37.8583
v 41.4428 16.6685 4.87931
v 49.5672 16.038 41.0847
v 50.2283 18.6495 41.6604
v 50.3418 18.4904 40.5331
v 49.9936 17.4776 40.1753
v 51.2646 19.2598 39.5613
v 51.5915 18.7861 37.1065
v 49.6347 16.9198 42.7834
v 51.3076 20.06 41.7806
v 51.4802 20.4669 43.2971
v 50.6215 19.2709 43.5636
v 52.3046 20.087 38.7276
v 50.0275 17.9309 44.5642
v 52.9513 21.3633 41.0292
v 45.2481 11.8332 19.3065
v 54.8962 14.9146 -2.03294
v 52.4605 14.9026 -4.90374
v 53.2282 14.9969 -1.23352
v 56.6701 16.2138 8.40415
v 40.7906 18.1347 17.1455
v 50.0889 11.3318 18.0714
v 42.5989 17.4143 23.6108
v 53.2324 15.1643 4.40767
v 47.8517 11.8728 11.812
v 57.4959 22.0132 33.9939
v 56.537 16.7988 14.9339
v 55.124 15.925 12.2537
v 40.8651 18.6903 19.7908
v 51.1112 20.635 46.2364
v 51.6303 21.3665 46.4156
v 50.5133 19.4981 45.9502
v 50.0511 18.0246 46.2902
v 50.3396 19.7196 49.6747
v 50.0554 18.5611 48.3621
v 50.857 21.3879 50.5788
v 51.6639 22.6215 50.2429
v 50.3645 21.3679 52.6971
v 50.2317 20.1781 51.4076
v 52.5844 24.6964 52.7405
v 50.7769 22.493 53.075
v 51.4043 23.6056 53.2795
v 53.7735 25.2478 51.8878
v 53.0346 26.1945 56.0307
v 51.4564 25.1469 56.6574
v 51.6342 24.5912 54.8208
v 50.2294 22.8392 55.7813
v 49.8508 23.9927 58.7822
v 52.2487 25.6701 56.1857
v 49.2126 22.0546 59.5565
v 49.1222 23.9264 61.6036
v 48.8748 21.9301 61.7283
v 49.704 22.1217 57.0603
v 48.7537 24.6701 63.2259
v 52.5583 23.6715 50.1858
v 54.4321 24.9172 50.1723
v 53.5114 24.39 50.0408
v 53.0896 23.3055 47.5527
v 52.4451 22.8546 48.0269
v 51.501 26.3143 59.4154
v 52.7698 22.1362 44.5023
v 49.7561 25.497 61.7212
v 53.8297 23.4444 46.2544
v 54.43 23.0215 43.7631
v 49.4165 20.1896 57.913
v 49.8999 20.1606 53.3806
v 50.0756 18.9786 51.0223
v 49.0271 20.3901 61.2779
v 53.5643 26.9506 57.6972
v 49.7125 17.8789 58.6402
v 49.7878 18.3539 55.9159
v 49.7032 20.0702 55.5319
v 49.8242 19.1223 53.4614
v 50.0941 16.7026 52.8311
v 50.0332 17.0533 55.341
v 49.8302 17.4442 60.8268
v 50.4634 15.7495 58.3336
v 50.492 15.3922 56.6794
v 50.7748 14.7475 55.5726
v 51.2925 14.2734 58.0905
v 55.1623 25.7967 51.9132
v 50.9035 15.1208 59.0291
v 55.5295 24.8797 48.7686
v 54.6497 23.6266 45.541
v 50.4565 15.346 54.6279
v 54.0878 26.2818 54.7175
v 55.1265 26.899 55.9984
v 49.3138 18.9774 61.3801
v 48.5543 21.1123 63.7425
v 49.0411 19.695 62.4372
v 48.5306 20.1277 65.2985
v 49.3648 18.1924 63.9779
v 48.0484 23.3017 64.9103
v 47.8954 22.073 66.4193
v 47.4543 23.4549 68.504
v 47.641 22.0914 68.523
v 48.1607 20.4169 67.6131
v 48.1293 20.6389 69.9938
v 47.1817 23.4137 71.2863
v 47.1064 24.5886 71.1019
v 47.4435 24.3539 68.6828
v 48.6463 19.5145 67.6971
v 50.5889 13.9056 50.5043
v 52.9079 21.8974 43.0181
v 50.0733 13.1783 24.9669
v 49.9323 17.7468 48.5127
v 50.3462 25.9312 61.0288
v 51.135 27.1522 61.6981
v 50.1501 27.2513 63.5815
v 53.2049 28.5217 62.0232
v 51.5997 27.8326 62.3634
v 49.3858 27.2883 65.3239
v 54.5228 29.4928 63.4999
v 48.9701 26.0919 64.2012
v 50.3188 28.2392 65.4183
v 49.7923 28.5025 67.3948
v 48.48 25.7004 65.2174
v 47.8457 24.4828 66.4469
v 48.6882 27.2703 67.6332
v 47.9506 26.9066 70.1763
v 48.5715 27.5958 69.5468
v 50.614 29.2812 68.3654
v 47.5302 25.2999 69.1051
v 52.5655 27.234 59.7854
v 52.1644 30.0898 68.6726
v 53.1982 15.1274 2.98795
v 50.0175 21.5243 54.723
v 50.4615 24.85 58.3759
v 50.2182 15.6093 49.9722
v 50.2604 14.5834 48.8275
v 50.0042 15.9856 47.7105
v 50.4568 13.7744 46.2901
v 47.6237 21.7169 70.5396
v 49.9811 17.7018 51.9755
v 50.3475 16.6737 61.7701
v 50.8533 16.1448 61.998
v 49.6674 17.8722 62.2217
v 58.5652 19.0361 21.9261
v 57.5453 18.979 22.2558
v 55.1356 20.1525 28.6236
v 54.9407 15.068 0.782311
v 57.0125 18.31 20.0979
v 57.3353 15.3747 1.50409
v 56.6509 26.766 54.5375
v 56.4588 29.3502 62.1891
v 42.523 17.5842 26.6217
v 42.9721 16.3821 26.4036
v 42.8287 16.8139 20.4706
v 41.8139 18.4326 22.0048
v 41.0743 19.7945 26.0875
v 42.0965 18.4316 25.1875
v 40.938 19.5138 22.9771
v 41.8465 18.8339 28.9179
v 42.203 17.7072 30.97
v 42.8189 16.4284 28.0761
v 42.2936 16.4882 32.3612
v 37.3268 21.4982 23.5954
v 39.877 20.1289 22.5931
v 39.4766 21.0635 26.0522
v 39.3344 21.457 29.9256
v 38.5351 21.9165 30.1173
v 38.288 21.8717 26.9408
v 40.4132 20.2944 31.6827
v 40.2165 20.7433 28.424
v 37.7799 22.2736 29.5966
v 39.2437 21.4318 32.7085
v 37.1542 22.7292 31.83
v 39.7626 20.7064 36.2236
v 40.7537 19.7248 33.8816
v 41.2975 19.0799 32.967
v 41.8768 17.8597 32.449
v 41.6706 17.3398 34.9894
v 40.8273 18.7801 37.5324
v 40.281 19.785 37.7496
v 38.4339 22.075 34.1676
v 36.6017 23.1318 36.5411
v 39.8303 20.3468 40.7114
v 38.6142 21.7111 36.7807
v 37.3751 22.8229 39.6342
v 40.2923 19.6064 39.9269
v 39.2383 21.1316 39.7848
v 40.775 18.1895 39.3525
v 40.7236 17.3556 40.5695
v 38.2107 22.1872 39.489
v 38.3844 22.3895 41.0179
v 35.9215 23.6183 40.3058
v 37.1822 23.0742 41.4296
v 35.6131 24.0311 41.3143
v 35.5662 23.7531 38.503
v 37.1318 22.214 26.3831
v 33.8208 24.4263 38.728
v 38.7311 21.3149 25.0751
v 41.5805 18.8191 31.3118
v 41.1482 19.7935 28.931
v 41.2998 17.4114 37.1791
v 42.9935 14.1609 30.4893
v 42.8083 15.6084 29.7341
v 41.282 14.9091 38.7583
v 42.0767 14.2242 35.0178
v 41.4398 13.5868 38.1228
v 41.938 13.052 35.0133
v 40.7363 13.4296 41.1103
v 40.751 12.1285 40.0995
v 41.5398 11.9875 37.2599
v 40.5285 10.9941 40.9281
v 42.1246 11.2262 34.1091
v 42.3566 11.8104 33.3205
v 42.7022 12.0494 32.3841
v 42.5134 10.8946 31.8249
v 41.9912 8.89713 32.0584
v 42.8941 11.1436 30.833
v 41.6081 9.77882 35.0609
v 40.5031 15.9155 41.9381
v 41.0117 16.1918 39.7001
v 40.3123 12.4944 42.625
v 40.2807 13.762 42.9621
v 40.0271 17.3492 43.7645
v 40.2348 19.3448 41.6069
v 38.3035 22.3913 42.2868
v 39.9064 18.3503 43.7835
v 38.4933 19.8729 19.6613
v 39.8612 19.4703 20.5639
v 37.4719 19.7705 18.1817
v 50.9204 13.682 52.8171
v 51.339 12.5832 51.3047
v 50.921 12.8672 50.314
v 54.5277 28.5098 60.9688
v 36.6506 20.5 19.96
v 50.0208 12.3334 22.952
v 49.7176 16.105 44.1877
v 54.7112 15.3182 3.24146
v 49.4973 15.0101 41.6732
v 54.9496 27.6904 58.8461
v 42.4544 13.5693 33.7127
v 57.4599 29.2058 61.8913
v 47.4639 26.0772 70.7991
v 47.1496 26.8348 73.1591
v 48.1684 27.6888 71.9328
v 47.6432 27.4812 73.0946
v 50.0399 29.0703 69.6885
v 46.6336 26.324 76.6959
v 46.965 24.3401 72.3541
v 46.7771 24.5939 74.1673
v 46.8153 25.3068 77.3052
v 47.1432 23.2382 73.4678
v 46.8653 25.9913 73.287
v 35.9379 21.2588 22.0346
v 47.7508 21.9773 74.1971
v 42.9503 16.3063 3.33839
v 40.9087 9.91635 38.31
v 40.8039 8.23516 37.0775
v 44.695 15.9138 -3.1728
v 49.2078 18.9468 68.6404
v 38.9897 21.5675 41.6095
v 39.5182 20.4928 42.5708
v 37.7605 22.7016 43.6659
v 50.5344 29.4126 71.7426
v 39.1753 21.1626 43.6834
v 37.6387 20.806 21.8208
v 39.5569 19.7712 44.6902
v 39.2132 17.1355 2.21803
v 39.1087 19.7385 46.525
v 39.7552 17.9103 44.8351
v 38.1582 21.5692 46.8572
v 37.6585 21.6396 48.1227
v 38.2651 20.8017 47.9848
v 36.8148 23.3238 47.1036
v 37.4024 22.5134 47.6998
v 38.2346 17.3702 3.45147
v 37.5895 22.7454 45.7678
v 37.3133 22.3544 49.2487
v 36.6973 23.5888 43.8589
v 50.7378 18.4025 38.9308
v 35.9998 24.1675 46.0133
v 53.5138 27.536 59.4536
v 35.7344 24.1972 44.7049
v 49.3923 19.3178 70.5111
v 35.6732 24.2555 49.151
v 56.8588 15.8773 4.50518
v 35.899 23.5847 50.6657
v 36.9473 21.7027 51.3835
v 51.153 15.0959 -3.53518
v 36.391 22.1838 52.2705
v 35.148 22.2412 55.519
v 35.2015 23.6058 53.234
v 35.2683 21.3394 55.912
v 34.8279 23.2661 55.0522
v 33.738 24.6141 55.7535
v 32.6745 25.9275 55.2785
v 32.5202 25.8194 58.0388
v 33.5938 24.2706 57.5641
v 34.1412 24.859 53.0241
v 32.2382 25.7083 59.9771
v 33.422 23.1829 60.4907
v 32.6849 24.5403 61.1333
v 31.5276 26.809 58.8591
v 30.2951 27.8025 59.1079
v 28.4924 29.0005 60.2931
v 29.1205 28.4876 58.729
v 31.3262 26.9876 57.0241
v 29.7516 28.2184 62.0458
v 28.5811 28.9882 62.8868
v 31.5718 26.6029 60.8877
v 31.8005 25.9261 62.2304
v 29.1943 28.1874 56.2629
v 28.7097 28.9788 64.3357
v 30.3558 27.565 63.6192
v 29.795 27.9074 66.3795
v 30.0413 27.2671 67.5631
v 30.6238 26.2709 67.1106
v 30.8428 26.7339 64.9929
v 29.0699 28.3816 69.7848
v 31.3227 25.3913 65.7043
v 28.6072 29.1101 69.2438
v 31.7521 25.2457 63.8545
v 30.6468 27.4181 55.5365
v 29.0072 27.9839 53.8425
v 31.9407 26.5932 54.3711
v 28.7547 29.0975 67.3992
v 35.0136 18.7581 56.9529
v 34.8296 17.2017 56.6439
v 49.1265 15.337 -1.973
v 48.0279 15.2362 -5.41771
v 36.0099 17.8621 54.2126
v 36.2572 19.1014 53.9516
v 36.1785 16.4472 53.2563
v 35.0668 15.1953 54.4963
v 32.4104 26.2504 50.6772
v 34.2502 25.2019 50.7986
v 37.5954 20.7077 50.598
v 35.2658 20.1389 56.3371
v 27.2587 29.543 62.6401
v 26.0105 29.6936 61.0247
v 36.8796 16.2806 52.0285
v 35.8112 13.3959 51.4209
v 38.2158 16.9922 49.6491
v 36.9269 17.9351 52.6073
v 37.6464 15.5003 49.9474
v 36.9749 13.3354 49.8281
v 38.0502 13.5158 48.439
v 38.7762 15.5793 47.7607
v 39.1949 17.3718 46.9412
v 37.9353 12.3577 47.9736
v 39.1682 12.7469 45.733
v 39.1891 11.3528 44.9588
v 39.5555 13.811 45.065
v 39.3843 15.4938 46.3529
v 36.9792 20.1058 52.3085
v 35.2737 24.4269 50.1626
v 32.3909 26.2711 52.2817
v 31.3013 26.6331 49.6796
v 30.6477 26.9108 51.0397
v 30.8936 27.0783 52.7341
v 29.4505 27.0454 50.1998
v 38.7992 17.3636 6.21717
v 39.4116 9.32641 42.7838
v 38.9161 9.23602 43.7366
v 38.9751 10.3238 44.3406
v 57.0173 16.4993 12.2563
v 56.9956 19.6537 25.5181
v 58.8608 29.1617 62.3378
v 50.1119 14.1853 44.6451
v 34.3833 24.7445 44.0764
v 34.3696 24.6063 42.4997
v 34.7177 24.9987 45.277
v 49.8965 11.156 15.3588
v 31.7844 23.0902 65.2147
v 46.8826 24.1877 74.8674
v 31.2625 21.5717 66.1757
v 30.2521 21.6557 67.8869
v 29.5235 21.4269 68.5006
v 51.5276 29.0367 65.5071
v 30.4067 22.8457 68.0882
v 29.8706 22.0812 68.6628
v 29.6785 24.7718 70.6525
v 28.717 24.6968 73.1302
v 29.1051 23.2161 71.4079
v 28.912 25.9632 73.1031
v 30.1875 25.7072 69.1654
v 29.2947 27.6966 70.1476
v 29.4176 26.2433 71.0928
v 28.6699 27.7393 73.2708
v 28.9703 21.2971 70.0074
v 28.3377 28.7232 73.5761
v 27.8699 29.8722 73.3415
v 28.2728 29.5238 70.9688
v 27.1819 30.8644 70.6371
v 27.2883 30.3394 68.7894
v 24.9007 32.7448 72.7947
v 25.9433 31.6542 69.8237
v 23.1661 33.5097 74.7915
v 24.9328 32.7634 75.1409
v 25.9294 32.1455 72.8984
v 24.8659 32.9186 76.73
v 27.0982 31.0991 73.2233
v 25.6782 32.2045 76.8166
v 24.223 33.4105 78.6916
v 25.7823 31.6708 78.2781
v 24.8199 32.7012 79.7498
v 26.7404 31.1771 74.903
v 26.9313 30.5443 75.7346
v 27.824 28.7135 75.2191
v 27.0058 29.3419 77.1607
v 26.468 29.4331 78.3416
v 27.2332 30.1211 67.0344
v 25.8416 30.8624 67.1249
v 25.3431 31.4369 68.4232
v 23.3678 32.4769 68.8332
v 25.8363 30.7653 79.3181
v 25.9247 30.5401 65.8954
v 23.0974 31.6411 66.6887
v 30.3174 19.4225 66.594
v 34.3297 22.1902 24.6093
v 44.7843 10.401 21.1091
v 49.9777 16.9168 46.6112
v 36.1633 22.8899 30.1036
v 25.2696 -5.2086 -87.9061
v 43.3558 15.5408 -9.28341
v 42.9205 16.0293 -6.43737
v 41.9916 15.8778 -9.11473
v 23.1178 33.9822 78.5696
v 23.2214 34.2912 80.1044
v 24.0182 33.7642 80.6949
v 23.8248 33.6208 82.2984
v 39.4516 16.4741 -7.63874
v 48.3959 20.6646 72.3558
v 41.0633 16.3253 -5.34157
v 56.58 25.492 50.0421
v 57.6081 25.4612 49.661
v 35.6526 23.2082 32.9759
v 27.4648 22.4158 73.6777
v 37.0144 22.8319 33.7189
v 34.983 23.1747 30.2381
v 31.2539 23.1211 30.9495
v 33.9278 22.8544 28.2778
v 34.4683 23.3473 32.5768
v 49.2943 10.4321 14.4977
v 49.1669 8.92195 16.6226
v 49.7219 9.95296 18.4881
v 55.4611 29.7042 63.4652
v 54.0937 29.8966 65.5248
v 49.2915 14.7919 -8.20908
v 34.7576 24.2221 39.9218
v 54.0567 22.5117 42.0917
v 55.3006 23.2154 42.3662
v 55.1073 22.5976 40.2181
v 27.1531 29.4088 59.7381
v 27.1952 -4.38438 -89.0798
v 26.5501 -4.1569 -86.2283
v 24.8431 -5.92437 -91.0034
v 28.841 -3.7952 -90.1504
v 56.591 26.2427 52.2988
v 56.6962 15.0249 -0.804044
v 38.251 17.5118 7.44108
v 37.3382 17.4813 5.61666
v 57.7355 16.5265 10.4397
v 36.3054 17.6035 7.38036
v 38.7559 18.1577 48.5463
v 38.1808 19.095 49.7671
v 56.3581 23.0751 41.1863
v 55.5044 23.7427 45.0007
v 56.7772 24.1231 45.9337
v 38.1702 16.4095 -7.61825
v 56.7593 30.4575 66.9215
v 38.2283 17.1728 1.51817
v 57.7597 30.2998 65.5007
v 24.5063 -5.18166 -85.9447
v 55.9649 22.8376 40.2088
v 43.069 13.3083 29.3066
v 23.9389 12.8814 21.9165
v 76.9805 -1.8942 -9.85887
v 35.0144 16.5445 -2.20866
v 77.2184 -4.36043 -8.31351
v 88.3459 -0.844993 -23.4816
v 76.0719 -2.79908 -7.40349
v 59.62 19.5459 24.1549
v 6.63335 21.3702 41.1559
v 58.4522 16.2816 7.92875
v -0.0912197 12.4899 28.2861
v 1.13842 14.4344 28.957
v -1.16059 13.2582 31.5203
v 26.6173 -0.613526 -72.9209
v 30.0475 5.13549 -44.7766
v 7.80323 9.09409 8.44966
v 15.0827 16.5093 19.1926
v 41.6691 7.48512 -45.0887
v 72.5041 -10.4962 -69.1138
v 62.7529 28.4266 74.0465
v 52.7572 14.7454 -6.42173
v 40.5819 15.7904 -11.0855
v 50.9557 30.0635 72.7504
v 18.3069 32.6386 70.1202
v 17.5787 8.60574 -6.84092
v 28.1912 27.3808 50.7468
v 26.7444 28.0342 52.4162
v 0.613046 -28.2344 -20.6676
v 72.9982 -26.6925 -69.7205
v 72.8727 -27.6348 -69.5837
v 72.1595 -28.8298 -70.2073
v 70.5967 -31.0998 -71.4363
v 72.4474 -30.0582 -68.5269
v 72.9489 -28.872 -68.6217
v 55.9563 27.8777 58.8632
v 13.0221 18.0145 27.8018
v 38.6793 5.15125 -54.165
v 22.9451 22.8611 39.4588
v 23.4802 32.8238 70.1267
v 47.2775 9.86731 14.3295
v -5.52501 23.5918 58.6598
v 19.3304 10.4432 0.0563414
v -7.23207 22.1376 57.864
v -7.52303 22.3915 59.8338
v -8.0006 20.6815 56.9877
v -8.47001 19.3531 56.7622
v -6.91142 23.3511 60.9276
v -7.45929 20.5701 55.7535
v -8.95525 20.312 59.4952
v -9.91358 19.4837 62.2427
v -9.41399 18.6223 59.8349
v -9.53769 21.2343 62.815
v -9.83667 20.383 62.7743
v -9.27265 17.663 59.5237
v -9.14209 16.7281 59.8228
v -8.70587 16.7409 57.6834
v -8.68135 18.1439 56.9731
v -8.77564 21.0207 60.329
v -8.55317 15.5966 58.8861
v -8.02172 14.5023 59.5616
v -9.56637 16.7946 62.7325
v -8.86173 15.5772 62.0227
v -8.47964 14.9772 63.7855
v -10.0216 18.5922 62.4549
v -8.10366 16.1943 55.5387
v -9.93954 17.6877 62.9351
v -10.8131 18.5298 65.9288
v -10.5546 17.7611 66.1032
v -10.4664 19.666 64.4094
v -11.0737 19.4671 66.3277
v -11.4437 19.1531 68.5315
v -10.7299 17.731 69.2457
v -10.1474 16.9958 67.2881
v -9.54873 16.31 64.7369
v -11.3759 18.9965 70.7121
v -11.7581 20.2576 69.4041
v 20.2534 16.9067 36.9192
v -15.1476 -3.72213 7.6998
v -14.4283 -3.74691 6.18372
v 71.9491 3.44522 12.5309
v 85.1537 -1.6694 -21.0548
v 85.2607 -1.94118 -20.0075
v 84.272 -2.08073 -20.6167
v 87.0364 -1.44069 -20.2121
v 85.2661 -2.17876 -18.9631
v 85.577 -2.43091 -18.4652
v 86.162 -3.03877 -17.1939
v 88.0866 -1.67468 -19.3962
v 87.2695 -1.03688 -22.0658
v 87.5629 -3.01418 -16.1675
v 87.7211 -2.6495 -17.2146
v 89.7107 -1.45901 -18.3912
v 86.6115 -3.94324 -15.4815
v 89.094 -2.58045 -15.1031
v 90.0962 -1.69546 -16.4166
v 87.8855 -4.17309 -13.323
v 91.8696 -1.53909 -15.742
v 91.2929 -1.99084 -14.5029
v 89.4628 -2.97782 -13.8415
v 89.764 -1.15585 -20.5233
v 90.8875 -1.13416 -18.5956
v 93.1411 -1.26129 -16.8048
v 89.8166 -1.89766 -30.9979
v 90.2452 -0.981992 -22.4861
v 88.761 -4.135 -12.3555
v 90.5806 -2.85317 -12.3257
v 90.1016 -3.82175 -10.6234
v 91.2133 -3.06419 -10.4544
v 90.8686 -3.62049 -9.41267
v 89.4259 -5.36382 -8.91386
v 91.4141 -3.76976 -7.12271
v 90.1292 -5.19619 -7.47409
v 92.3962 -3.21332 -5.64582
v 93.1836 -2.32744 -7.58474
v 94.232 -1.79635 -5.57907
v 92.7542 -2.23587 -9.99442
v 94.2775 -1.54418 -9.53011
v 93.7216 -2.2304 -4.80874
v 95.8759 -0.968114 -5.43282
v 95.8718 -0.873719 -7.46344
v 95.0145 -1.1766 -10.8328
v 98.2379 0.00979607 -6.43918
v 95.3633 -1.50873 -3.1383
v 97.75 -0.0602747 -4.5301
v 99.275 0.682149 -3.37387
v 100.278 0.737215 -5.01282
v 101.869 0.982515 -5.49193
v 97.8282 -0.00723661 -2.74484
v 101.822 1.44366 -3.64766
v 103.299 2.02944 -2.06478
v 98.9147 0.825301 -1.0117
v 96.9013 -0.726662 -0.869574
v 100.257 1.43408 -1.47895
v 98.9607 0.0998085 -7.06456
v 99.8207 1.29555 0.346924
v 100.468 0.284851 -7.36724
v 97.2655 -0.460106 -8.43394
v 96.2884 -0.785975 -11.0804
v 90.8044 -5.65804 -4.19946
v 105.527 0.678581 -6.08314
v 89.9369 -6.41227 -5.99165
v 107.338 1.52315 -3.93811
v 107.472 0.783623 -5.61606
v 108.743 1.01998 -4.46344
v 108.796 1.77297 -3.19451
v 95.5494 -1.71884 -0.389787
v 103.017 1.51893 -3.81291
v 95.6143 -1.43923 -1.61784
v 95.9364 -1.87085 1.25351
v 91.7847 -4.04689 -4.6841
v 80.0066 -7.80119 -52.6333
v 91.1657 -5.19141 -3.74575
v -7.90811 15.2595 68.5065
v 61.2575 26.4921 56.5504
v 20.6284 10.1611 -1.63719
v 73.5091 -24.8743 -68.7392
v 6.32898 21.8291 45.6784
v 4.74532 22.3348 47.1503
v 65.2311 -5.0067 -82.2193
v 62.1679 15.1374 0.850746
v 106.512 0.193464 -7.02241
v 59.7434 14.3914 -4.20846
v 59.6474 13.9274 -7.06959
v 56.2671 20.3041 28.1161
v 105.213 0.115685 -7.81043
v 103.69 0.538407 -7.19635
v 33.0616 22.964 61.6462
v 102.269 0.365247 -7.78097
v 103.352 -0.237109 -9.72283
v 101.293 -0.647681 -11.7542
v 103.474 -0.974407 -12.0278
v 101.907 -1.06961 -13.201
v 104.787 -0.772599 -10.5534
v 103.424 -1.64884 -14.0376
v 98.883 -0.850195 -13.1772
v 100.792 -0.196702 -9.673
v 104.618 -1.5198 -12.4792
v 99.1813 -0.526823 -11.1286
v 12.9394 -32.5041 -61.1066
v -4.96382 18.4512 49.3527
v 4.01751 -7.27097 7.81344
v 60.9239 19.642 24.7392
v -9.63097 -3.94103 -1.75923
v 61.3427 16.0432 5.617
v 49.6362 14.5944 40.0073
v 97.1755 -0.67272 -11.227
v 15.6972 16.0473 16.5917
v 12.2483 18.3231 28.8221
v 60.7538 26.2394 54.1825
v 96.5572 -1.28624 -15.9958
v 14.4616 15.607 14.4937
v 12.9461 15.882 15.5261
v 13.3632 16.3623 17.0537
v 11.838 15.9187 16.0772
v 14.2863 14.7623 12.3729
v 23.9098 30.5325 64.1633
v 40.1945 8.98601 40.3342
v 39.4396 7.78539 40.8055
v 57.499 17.7568 17.8009
v 68.2802 -8.16059 -83.2413
v 68.3492 -7.58808 -81.4621
v 16.5193 -32.2454 -68.847
v 65.9646 -5.77535 -83.3063
v 7.95419 20.6839 38.9093
v 13.6587 18.1988 30.8192
v 14.2154 17.9933 31.6978
v 56.8816 27.2806 56.5358
v 12.4096 18.5016 30.757
v 15.0792 17.3572 29.9393
v 14.2698 18.0331 32.7956
v 15.6479 16.7535 33.269
v 17.2582 15.325 31.4099
v 15.5322 16.7963 35.1769
v 16.9715 15.2604 33.5846
v 13.2958 18.5445 32.2704
v 17.7323 14.344 32.0894
v 23.1802 0.100798 -60.8609
v 23.4086 0.907935 -57.7232
v 24.4209 1.9656 -55.3337
v 47.6248 28.1135 75.079
v 23.6043 33.3408 76.0066
v 21.7315 33.7713 75.111
v 14.281 19.439 72.2113
v 12.0706 21.6221 73.5623
v 47.1988 23.6723 76.41
v 47.4926 23.8018 77.6613
v 43.5044 7.7948 -43.0604
v 48.1543 23.255 78.097
v 46.3605 1.76465 -76.202
v 47.8986 22.5813 76.3694
v 53.8836 30.5207 67.9196
v -9.35328 -7.91276 -6.66036
v -8.35182 -6.89991 -7.28827
v 55.2092 -0.636157 -80.8873
v 99.08 0.757514 1.77671
v 97.3752 -0.618126 1.0319
v 23.9556 29.2384 58.0511
v 97.6886 -0.89276 3.05665
v 98.9571 0.161776 3.16089
v 23.7538 29.4628 59.922
v 59.1271 25.7266 50.4954
v 92.1828 -4.33982 -3.08399
v 93.2133 -4.21861 -0.963104
v 94.81 -3.9354 1.60172
v 94.4039 -3.21095 -0.177186
v 93.4065 -5.46364 0.775928
v 95.1523 -5.48624 3.02788
v 95.3931 -4.2187 2.77801
v 94.7356 -6.58886 2.87474
v 95.7391 -7.08787 4.03934
v 96.2425 -5.29447 4.46341
v 93.9645 -7.81061 1.98578
v 95.6252 -2.83251 2.15
v 97.2209 -4.10349 5.24245
v 9.1376 -32.5442 -54.2737
v 13.4207 14.3587 11.4801
v 48.7792 2.45075 -69.591
v 8.21475 -32.6124 -51.3829
v 7.8027 -4.6263 14.6616
v 15.839 15.3232 14.1981
v 5.49279 -1.58211 27.0963
v 35.2067 24.6845 48.2063
v 34.4614 25.1056 47.0675
v 7.95861 18.9668 57.5645
v 34.1607 25.244 48.7887
v 40.5079 10.6472 -31.5173
v 73.8521 -9.20849 -65.001
v 72.673 -9.22287 -67.7438
v 70.5639 -9.7846 -75.9208
v 72.9222 1.42942 3.11141
v 19.5059 -9.0748 -88.7548
v 14.8521 26.0428 63.48
v 13.4404 31.8272 74.2367
v 24.4064 33.2 80.7131
v 23.0902 34.5243 82.6081
v 24.7786 32.0758 80.9454
v 24.7956 30.5367 81.861
v 32.4884 23.3825 32.6649
v 31.4804 23.3664 33.947
v 28.0509 22.7809 31.6919
v 29.988 23.2968 34.1063
v 28.459 23.0176 32.69
v 26.2633 22.9328 33.8946
v 28.4831 23.4046 35.7493
v 38.9694 7.62444 -44.0836
v 4.40615 -0.880661 25.7262
v 60.7534 15.6037 3.29056
v 85.8771 -1.07276 -27.6846
v 74.2528 -7.45121 -3.27578
v 73.2935 -8.57933 -2.24062
v 72.708 -7.54518 -0.827541
v 34.2514 4.28515 -54.8041
v 72.565 -10.8412 -2.4088
v 74.81 -9.51167 -4.27126
v 74.8436 -8.91734 -4.10666
v -9.0658 -15.6055 -8.52506
v 91.9668 -4.09616 -33.1548
v 31.84 3.61584 -55.5735
v 29.1437 3.38075 -53.7585
v 27.4694 2.9165 -54.4687
v 27.7495 3.47219 -51.4499
v 36.1154 17.2193 3.70227
v 61.8262 21.7437 35.2042
v 61.4502 22.0335 36.8388
v 61.4675 19.9498 26.9571
v 38.9489 9.22721 -36.9649
v 75.3715 -16.4627 -64.8655
v 74.1633 -14.1609 -66.8349
v 75.5464 -18.7562 -64.9961
v 0.350476 23.8353 53.2045
v -0.375554 9.15446 53.8229
v 97.4546 -7.7628 5.52683
v 0.62093 9.18856 54.0279
v 96.8618 -6.13839 5.24058
v 99.157 -6.97175 7.14137
v 98.7664 -8.25216 6.41086
v 99.7453 -9.55118 6.4323
v 97.5129 -11.3642 3.92268
v 95.4562 -10.5568 2.911
v 99.1904 -10.4018 5.57342
v 100.44 -12.2215 5.01937
v 101.855 -10.3097 7.36663
v 98.5743 -11.9685 4.21764
v 99.7636 -13.4952 3.72916
v 97.3825 -13.15 2.60808
v 96.8509 -12.1486 3.026
v 95.4885 -13.303 1.08563
v 96.4878 -14.3337 0.909547
v 95.0816 -11.653 1.72395
v 97.7153 -9.27047 5.23493
v 98.6248 -16.5443 0.0942576
v 97.4685 -17.4707 -1.66211
v 95.8478 -16.3572 -1.35671
v 95.6281 -17.6506 -2.9104
v 94.748 -14.5808 -0.464514
v 94.5501 -17.1252 -3.09737
v 102.922 -11.663 7.27395
v 103.989 -12.9788 7.00292
v 105.196 -13.6377 7.69195
v 104.156 -14.5462 5.77749
v 104.308 -15.4279 4.94273
v 106.38 -16.5596 4.54452
v 105.706 -15.9005 5.20264
v 100.577 -17.9169 -0.692718
v 101.347 -18.9805 -2.48879
v 101.681 -16.2241 2.53077
v 102.485 -17.9195 0.313299
v 103.884 -17.0218 2.55023
v 102.162 -14.6321 4.39624
v 103.888 -18.4208 -0.754086
v 99.5475 -15.2721 1.94634
v 94.5953 -17.7504 -3.71693
v 93.1047 -15.7577 -2.87
v 93.5366 -17.7739 -4.57981
v 100.288 -8.43059 7.56043
v 105.423 -17.475 2.08713
v 107.058 -17.1079 3.31962
v 105.961 -17.8941 0.74434
v 11.2419 -31.6458 -59.1686
v 34.7966 23.7669 36.0917
v 33.9632 6.825 -41.9026
v 108.242 -17.4347 1.82234
v 107.76 -17.9589 -0.889349
v 37.1534 6.8463 -45.5298
v 34.9405 6.60447 -44.3594
v 108.889 -17.5227 -1.55008
v 105.954 -18.4403 -1.52704
v 75.1542 -3.97343 -4.84109
v 25.5757 30.0831 62.7909
v 75.6108 -2.62545 -6.19217
v 3.09126 1.35293 33.8303
v 22.9278 30.3637 63.3849
v 3.74903 3.14596 37.5872
v 5.71649 1.93877 36.6605
v 4.42299 1.07923 34.715
v 5.37351 3.22682 38.3141
v 5.91166 0.268104 34.0464
v 3.00727 3.82245 38.6148
v 1.68976 4.62698 39.9221
v 2.97971 4.81509 41.4578
v 1.64949 5.2427 42.0129
v 2.77038 5.86757 44.6469
v 4.45506 5.08685 42.2526
v 0.599954 6.14513 44.1712
v 5.42428 5.35651 42.9062
v 6.58903 4.52295 40.7689
v 7.73312 6.91861 45.5195
v 7.95295 8.3379 48.3388
v 6.14836 7.90252 49.0377
v 8.94166 5.73671 42.4111
v 9.86138 7.37422 44.4376
v 10.4059 5.3886 40.8763
v 4.34052 9.20949 52.8708
v 3.65292 10.1642 55.0158
v 4.91717 6.96739 47.9975
v 3.76256 7.92435 50.3891
v 7.23275 6.00423 43.9012
v 8.12898 4.45125 40.3009
v 2.21828 8.76543 52.8723
v 6.46234 9.13519 51.2731
v 8.13174 3.80722 39.361
v 1.8722 7.76259 50.5722
v 8.9472 4.32457 39.8657
v 9.17029 8.0826 46.7563
v 0.447433 8.52154 52.325
v -1.03345 8.25355 50.6179
v 12.025 7.12065 41.9183
v 6.3013 9.89956 52.5721
v 4.03853 5.78366 44.5204
v 3.66313 6.45876 46.6273
v 5.124 6.60511 46.6224
v -1.61487 8.2534 49.6983
v -0.482504 7.31482 47.3419
v 0.6211 6.66432 46.4645
v 0.0329487 7.2165 47.8804
v 1.54072 6.79657 47.5144
v 8.35098 10.8863 51.7344
v 4.98327 3.93139 39.5364
v -0.568325 6.4896 43.3175
v 10.4697 8.59486 45.9472
v 22.8197 29.6733 61.1836
v 61.291 30.1283 72.3359
v 61.4793 30.2089 74.4832
v 62.1682 29.5048 73.7256
v 62.0855 29.4307 75.4926
v 12.1739 5.83364 40.4071
v 13.2508 7.29827 40.8546
v 13.8214 5.39706 38.8916
v 15.262 6.16646 38.3105
v 12.5039 3.90798 38.5596
v 15.4745 4.65984 37.4655
v 14.1648 8.42662 40.4801
v 13.0663 8.34891 42.203
v 14.4594 3.59802 37.4201
v 14.6813 1.35213 34.6543
v 15.674 0.404001 31.7635
v 16.8945 1.41309 32.0481
v 13.0232 -0.878306 31.315
v 13.377 -0.27257 32.4955
v 15.5406 -0.28997 30.3149
v 10.1238 -0.812151 32.4092
v 16.7403 0.383556 30.1205
v 11.4669 -2.25745 27.3537
v 12.4338 -1.43146 30.0055
v 14.1918 -1.48081 28.3142
v 9.48188 -2.40212 27.377
v 11.1024 -1.55456 30.3056
v 7.59419 -1.75191 29.4898
v 12.8783 -2.20975 26.5257
v 15.6637 -1.16278 27.3703
v 14.1838 -2.13673 25.3215
v 16.1038 2.07536 34.5232
v 7.79791 -1.31661 31.0937
v 16.0485 -1.85451 23.2209
v 16.6129 -1.10015 25.2589
v 10.9037 -3.07201 23.6722
v 9.4409 -3.20311 23.4021
v 7.83973 -2.89543 24.0359
v 8.43559 -2.81608 25.0935
v 10.7628 -3.43806 21.5612
v 10.6604 -3.83704 19.9953
v 9.20465 -3.90681 19.2716
v 12.7255 -3.05656 21.8258
v 13.2526 -2.53036 24.4382
v 12.8777 -3.64829 19.7787
v 10.6019 -4.35297 18.5656
v 13.8984 -4.36418 17.8526
v 15.632 -3.16834 19.813
v 7.16697 -2.37869 26.5535
v 8.50645 -2.54919 26.8576
v 14.8869 -2.58946 21.8491
v 16.6201 -0.61776 27.5485
v 6.58182 -1.67355 28.8523
v 11.3897 0.17404 34.4414
v 8.06017 -0.638583 32.8093
v 9.60569 0.739596 35.3906
v 15.6863 3.40761 36.1581
v 17.2867 -1.93 21.7446
v 16.5792 2.53226 34.4973
v 17.1965 -2.70938 20.2601
v 19.3434 -2.25728 20.4262
v 93.8197 -3.93645 -29.2219
v -6.74315 21.7216 55.8393
v -5.90613 22.6361 55.8343
v -5.47534 22.0221 54.4697
v 108.743 0.0661329 -6.16336
v 94.3645 -2.44088 -2.049
v 16.4658 4.41234 36.1909
v 49.6856 12.209 35.7014
v 51.1919 21.5108 48.9988
v 58.3414 29.9683 64.3452
v 24.6366 24.5672 42.2232
v 25.8742 25.2322 43.4046
v 27.362 25.5303 44.0168
v 81.547 -4.09814 -14.3949
v 61.9364 14.0122 -6.12294
v 61.8976 28.6792 77.1052
v 50.6572 16.5779 63.4991
v 68.8002 12.0267 2.75788
v 29.9587 23.8416 36.4381
v 96.38 -2.71996 3.25076
v 27.9206 23.6289 37.6273
v 31.2372 24.3638 37.3896
v 61.34 29.8041 77.0998
v 18.8207 15.4611 43.1433
v 19.5034 13.5669 41.3422
v 19.4925 12.4765 42.2843
v 30.5896 24.4886 38.1844
v 58.3956 -1.39258 -78.5435
v 7.45521 2.67209 4.07362
v 58.7386 -1.11359 -75.118
v 20.3509 -8.90279 -90.0222
v 32.3593 24.5967 38.3686
v 32.254 24.6463 39.9036
v 0.345531 14.5835 69.9211
v 33.5693 24.5429 40.5952
v 33.2598 24.8055 41.9606
v 69.9732 5.28118 22.9112
v 70.1929 6.45586 26.198
v 70.4899 8.76453 25.1367
v 69.4036 4.12864 23.3103
v 69.6266 5.45998 28.5624
v 69.4153 3.63404 20.9974
v 69.414 4.52442 26.3842
v 70.3587 5.97073 19.9828
v 70.4369 7.89245 22.6268
v 70.044 4.5904 19.3348
v 1.62878 23.6743 52.8936
v 1.7961 23.0441 50.4066
v 0.67929 23.0017 50.553
v 3.14867 23.8412 54.3976
v 3.0628 23.1135 51.0678
v 92.3816 -2.05453 -12.2365
v 16.3189 16.4216 60.6715
v 17.0942 15.596 59.8552
v 92.0599 -6.02346 -1.28291
v 18.8189 17.3003 41.942
v 61.3246 20.4752 29.1275
v 0.0153721 5.12788 37.5916
v 26.5466 2.2633 -57.2062
v 37.1282 17.3407 3.44298
v -7.59957 13.8856 59.6723
v 4.35684 22.6575 48.8464
v 3.76881 21.3271 40.525
v 22.996 2.87859 -44.5677
v 1.75685 22.6002 48.437
v 4.75143 21.9683 43.839
v 19.8027 12.7611 23.6992
v 29.7698 24.4514 39.5768
v 47.5209 8.90112 -34.9638
v 14.4982 26.9038 64.9448
v 5.18752 19.2916 33.8942
v 0.908922 24.7541 56.365
v 36.5592 17.0987 1.49886
v 34.8897 16.6287 0.0938982
v 3.47638 24.6576 57.471
v 4.37817 23.5239 54.6614
v 2.06761 25.143 57.8755
v 30.5722 4.44903 -50.2809
v 0.50632 25.4794 60.0872
v 2.07512 25.2694 59.0024
v 3.72421 24.9244 59.8511
v 0.178248 25.5422 61.6065
v -0.80674 25.4365 60.5979
v 1.84433 25.4032 62.4251
v -0.0775007 25.4398 63.6934
v 1.18253 25.311 65.0017
v 3.3868 24.8566 62.9034
v -2.63307 25.2935 62.5624
v 3.74904 24.2889 65.6371
v 2.66844 24.9759 65.5512
v 4.2914 23.744 66.016
v 4.64545 23.0096 66.9987
v 4.63217 23.784 63.6197
v 5.15726 23.2249 63.548
v 5.60106 21.5022 65.5455
v 4.88443 24.0558 61.9508
v 4.65896 24.3523 59.6933
v 5.04793 21.7294 67.2768
v 4.51137 22.9771 68.3485
v 6.05102 22.6358 61.3482
v 6.93754 21.1834 59.9811
v 6.74759 20.6877 61.7153
v 7.58328 19.3186 59.1601
v -1.36923 25.6408 64.1617
v 51.4738 13.8656 56.356
v 78.3436 -8.98781 -56.9191
v 80.1169 -9.17001 -53.8801
v 29.93 4.70485 -47.8364
v 109.206 -17.3541 -0.303457
v 106.006 -1.20577 -10.5202
v -0.466461 6.68605 44.9999
v 66.7573 -5.88593 -80.1848
v 104.093 -2.38143 -14.5585
v 35.2062 17.4038 6.78721
v 105.418 -2.77158 -13.4827
v 105.837 -1.72367 -11.6912
v -2.86563 25.8176 64.4727
v 34.7101 17.9277 10.17
v -10.0152 -1.89035 15.4462
v 39.4702 11.477 -28.283
v 95.0108 -9.34673 2.92062
v 94.3449 -10.263 1.75401
v 93.0608 -8.11103 0.759661
v 91.7307 -8.67603 -0.574889
v 92.0926 -7.31372 -0.30934
v 93.2981 -10.44 0.698798
v 92.652 -11.0935 -0.39157
v 92.4853 -9.54454 -0.0525826
v 55.0915 -0.864595 -82.7435
v 53.9149 -0.807711 -84.8816
v 57.5627 -2.10322 -84.8278
v 58.4129 -2.4727 -84.7853
v 59.4356 -2.38737 -82.1402
v 60.754 -3.0295 -82.616
v 61.4194 -3.69187 -85.7402
v 62.821 -4.23604 -84.4936
v 23.1504 23.4622 40.5841
v 56.4695 -2.42247 -89.195
v 20.3419 35.458 80.7454
v 26.8133 25.9493 46.3958
v 10.1223 28.617 74.6592
v -5.02618 -6.22604 -10.8531
v 26.2275 26.2377 47.8357
v -5.09568 -7.3505 -12.899
v -5.14371 -8.65772 -14.5384
v 61.892 24.197 47.6285
v 8.30298 29.9851 78.8083
v 28.1026 -4.4865 -92.2851
v 31.0211 -3.16401 -91.4319
v 27.0824 -5.34193 -95.8077
v 29.3604 -4.07814 -93.5024
v 31.1992 -3.51328 -94.5475
v 25.3544 -6.61864 -95.7657
v 27.0367 -6.06791 -98.1177
v 25.4478 -6.17514 -93.8009
v 26.8377 -5.00688 -91.3982
v 29.1149 -4.82952 -97.4129
v 12.4119 15.1519 13.6475
v 11.4017 -4.75499 17.5349
v 72.9354 -5.87669 -0.712727
v 30.6927 24.5693 67.6473
v 73.5824 -4.91246 -1.41415
v 73.1348 -4.60421 0.104961
v 71.7787 -6.11075 1.0282
v 70.9704 -7.39937 1.39931
v 71.5035 -8.23221 0.268488
v 70.071 -8.05071 2.14504
v 74.4733 -2.9523 -1.89323
v 31.0081 -1.37704 -82.8919
v 74.8745 -3.06272 -3.82697
v 79.4573 -8.67137 -11.0054
v 35.7404 22.1317 24.6721
v 42.3346 16.3272 -0.308027
v 39.3099 17.0673 0.137381
v 40.6012 16.538 -2.59351
v 39.291 16.7909 -4.01678
v 41.975 16.1267 -6.42528
v 42.3227 16.1983 -2.14278
v 37.924 17.1649 -0.495276
v 92.7057 -12.9728 -1.27295
v 94.1864 -13.0591 0.183241
v 79.9803 -9.01756 -11.4907
v 92.1581 -12.3273 -1.64434
v 91.0173 -12.8445 -3.4279
v 92.3145 -14.9502 -3.01143
v 72.1055 -7.71016 -67.1369
v -9.36132 16.2278 67.6488
v 67.9811 15.3979 21.0825
v 22.8945 34.189 83.8458
v 22.7406 32.9221 85.0017
v 17.0347 -3.87417 18.5398
v 96.6372 -1.04026 -14.1334
v 34.0058 -1.25467 -86.2374
v 70.6004 8.95147 29.2597
v 98.7709 -18.3668 -2.23985
v 94.7629 -1.27664 -15.5754
v 99.0935 -19.828 -4.69948
v 97.2855 -19.7348 -4.85646
v 97.0499 -18.847 -3.65673
v 100.288 -20.6101 -6.69848
v 94.3414 -18.9381 -5.09959
v 99.9683 -21.1849 -8.27836
v 101.062 -19.9091 -4.99972
v 98.5502 -21.5071 -8.53881
v 93.0681 -18.561 -5.78576
v 98.0178 -22.1623 -10.4822
v 94.5962 -20.1207 -6.56035
v 36.1318 18.15 10.4962
v 59.1879 30.5289 68.1328
v 34.2226 9.23024 -30.7902
v 36.8525 16.9827 -1.39808
v 37.3096 9.67371 -33.3859
v 49.4069 3.21721 -64.6591
v 47.4429 3.27594 -64.6966
v 47.5975 2.71251 -67.9196
v 48.9334 3.92596 -61.2364
v 100.455 -1.74517 -16.1948
v 58.4471 15.8827 3.95373
v 58.9739 15.5858 2.41406
v 91.6579 -10.8248 -1.2258
v 91.0604 -9.66948 -1.76733
v 90.6216 -11.0011 -2.61298
v -4.14521 -6.37254 -12.8791
v 11.5771 4.84845 39.708
v 56.281 23.3936 42.2525
v 55.4973 -1.616 -86.4537
v 27.3769 24.0891 40.5014
v 21.7217 11.1131 12.2753
v 28.5708 29.2837 65.9381
v 35.7116 5.37232 -50.8647
v 8.80129 -4.16096 18.0165
v 51.3495 0.0078168 -83.7707
v 43.9823 3.75371 -61.8774
v 45.1113 2.94038 -66.4309
v 53.5017 -0.342066 -82.5538
v 96.7225 -22.0247 -9.70783
v 31.6641 0.287279 -77.0352
v 96.0168 -21.3057 -8.13687
v 93.5125 -22.163 -9.97477
v 92.8717 -21.4393 -8.99501
v 94.1269 -24.2688 -13.5591
v 95.3449 -22.9522 -11.4623
v 8.10603 13.6548 14.0741
v 71.9839 -14.7606 -79.9991
v 5.81759 -10.2516 -45.1356
v -16.4236 -4.56982 6.46622
v 52.8013 -0.442465 -84.0457
v 59.3927 27.0273 56.1887
v 52.2341 -0.771451 -86.7421
v -0.116877 5.53159 39.5954
v 95.047 -1.22863 -13.7709
v 70.2094 8.77266 36.4822
v 70.7217 9.45097 32.5856
v 70.5222 8.7252 33.7618
v 69.9778 7.72547 35.8075
v 69.9399 8.99559 38.686
v 70.3132 12.1121 38.9603
v 68.879 5.16302 34.1847
v 69.5301 7.63469 38.1351
v 70.0269 10.5725 39.8301
v 69.2684 5.59526 33.6128
v 69.542 10.8986 42.0919
v 70.091 12.3619 41.1378
v 69.145 9.55239 41.9887
v 68.0199 10.6426 45.2403
v 67.4328 8.37954 43.9622
v 69.9444 6.71162 32.3388
v 69.5152 12.9571 43.8987
v 68.6028 7.16839 40.3393
v 69.8788 6.00299 29.9152
v 68.947 4.33973 29.6412
v 14.46 -32.2056 -64.5319
v 34.344 -2.878 -94.7547
v 70.4113 7.89728 31.8972
v 20.7729 30.116 63.0152
v 35.974 -2.74756 -95.1249
v 82.4651 -3.20038 -17.0509
v 59.4814 23.6702 44.1061
v 84.1084 -3.62506 -16.8691
v -6.79639 23.8254 63.0847
v -5.69223 25.2972 65.0242
v 11.34 18.0292 27.1091
v 9.44882 17.7067 26.1698
v 7.32855 17.1221 25.9932
v 8.70377 16.9398 23.8475
v 40.0008 9.17397 -37.7047
v -7.21797 24.1395 65.0066
v -6.5361 25.325 66.1231
v -7.73883 25.404 67.6133
v 5.62157 16.3295 24.1558
v 10.4241 17.4803 24.3351
v 4.42306 15.8633 23.7767
v 2.02758 15.8741 28.2378
v 2.86432 15.7541 26.7341
v 4.59219 16.4861 26.6685
v 9.16657 16.7954 21.4815
v -8.43108 22.2957 61.8984
v -5.59921 27.3776 68.9123
v -8.47976 23.0916 65.6107
v -7.12397 26.8889 69.5801
v -10.81 21.7004 67.1791
v 23.2895 -7.42972 -93.9853
v -6.28155 27.4429 70.2251
v 27.106 29.9943 65.0513
v 36.5025 -2.32241 -93.6651
v 17.7693 14.6726 55.8459
v -2.38249 9.03971 51.3926
v 45.0575 2.61004 -68.8984
v 32.272 5.07901 -49.3188
v -6.31944 20.0059 53.522
v -7.12924 13.7694 57.1585
v 65.584 15.1346 57.3345
v -8.34068 15.8793 57.1527
v -6.66572 13.4712 54.5494
v 102.064 -1.79761 -15.259
v 33.8341 14.8403 56.4157
v 76.4154 -9.061 -59.9173
v 77.0521 -11.4322 -60.5894
v 21.6625 15.1496 32.4556
v 69.9517 10.6064 2.64444
v 21.2424 15.3755 33.2874
v -1.93544 -10.3314 -23.7668
v 59.4594 26.2453 52.7692
v 10.9705 22.9802 77.2158
v 31.1969 1.6169 -68.969
v 31.2815 1.15563 -72.056
v 32.6906 1.73864 -70.0518
v 29.9911 0.696437 -72.3284
v 34.2563 1.96789 -70.0652
v 7.89301 1.04423 35.8069
v 5.64789 21.0358 39.2963
v 73.325 0.113299 2.47689
v 72.5195 0.117802 6.74504
v 60.2785 30.8582 76.1692
v 60.8882 30.4066 77.0569
v 59.5891 31.3443 79.1629
v 72.8924 -1.85218 4.91675
v 50.9385 9.40386 -31.1985
v 15.6529 14.0209 10.7506
v 16.9932 12.5701 7.40407
v 21.5452 11.57 54.523
v 20.4151 12.1529 55.4194
v 20.9372 11.6072 52.422
v 24.0812 10.9291 54.0089
v 21.6909 11.8955 55.9641
v 23.7895 10.3832 51.7246
v 22.5489 10.8684 52.4627
v 21.8968 10.9115 51.3188
v 25.8506 11.2946 55.0486
v 22.6304 10.1387 49.8785
v 20.916 11.4302 50.6009
v 25.5243 10.4846 52.5177
v 25.1036 8.91437 49.0279
v 23.7749 8.55586 47.7102
v 24.9017 7.97526 47.6558
v 26.1226 7.4586 47.4428
v 23.6268 12.1657 58.0024
v 23.3832 7.1395 44.7273
v 25.808 5.91214 44.3715
v 24.2463 5.97305 43.2148
v 23.4524 6.1237 42.1665
v 22.4738 7.19627 43.1111
v 28.0657 5.38799 44.3889
v 20.5404 13.1475 59.625
v 21.2159 9.21646 44.9916
v 19.6029 12.823 56.552
v 18.6606 13.4612 57.1724
v 19.1021 13.6962 58.9727
v 30.375 6.2798 45.7782
v 21.4302 12.8144 59.352
v 23.3706 9.45869 49.0518
v 21.1566 8.80483 42.9499
v 27.4909 11.7826 55.7483
v 30.0678 12.8767 57.0451
v 30.4327 13.8749 58.9696
v 31.3428 13.3391 56.7858
v 30.3155 11.8591 54.6765
v 31.5955 12.4887 54.9201
v 23.6728 5.4422 39.8844
v 25.0997 4.97005 41.4092
v 25.2176 4.20745 37.6833
v 25.7725 3.63871 35.4967
v 27.5148 7.34274 47.5174
v 27.9097 2.72748 33.7979
v 28.5405 2.91329 36.0221
v 29.0704 2.4936 33.4336
v 27.2395 2.86563 32.6626
v 21.9245 9.21247 46.4232
v 20.313 10.1146 44.2078
v 25.3193 4.40304 39.5065
v 27.269 3.40397 37.9783
v 28.5115 11.1068 53.7405
v 29.5932 10.9641 52.9513
v 30.2266 3.08149 38.2511
v 32.246 11.6374 53.0848
v 33.0184 4.01618 40.8053
v 29.5793 3.67228 40.2098
v 30.6303 10.7566 52.1381
v 31.2381 4.02891 41.3802
v 27.6281 4.92908 43.4025
v 33.8159 4.60144 42.0481
v 33.2064 5.02277 43.2312
v 35.6683 4.78228 40.8703
v 25.5748 9.79855 50.9749
v 36.3569 7.5946 45.4318
v 35.031 6.52053 45.0191
v 32.4877 6.32523 45.6985
v 35.1229 4.08454 39.5539
v 22.3522 12.8124 59.6315
v 24.6866 11.5333 55.8441
v 26.4415 12.8563 59.0857
v 24.823 12.515 58.7538
v 24.2592 13.416 61.4109
v 27.2237 15.5977 64.6083
v 27.1589 13.8315 61.2921
v 23.011 14.7511 64.4837
v 19.6889 14.2801 62.7178
v 23.4935 13.9522 62.6622
v 22.8302 15.5946 66.1494
v 27.4908 16.2932 65.6178
v 25.9692 17.3045 67.6605
v 28.1939 17.5632 66.7077
v 27.1946 18.5478 68.437
v 28.4182 19.467 68.4161
v 23.9662 16.7382 67.7064
v 18.3511 15.0919 63.7214
v 19.2716 14.9872 64.4074
v 18.93 16.2032 66.8304
v 17.0765 16.1354 64.5406
v 28.2064 14.2829 61.4816
v 28.7563 15.4297 63.0928
v 29.9887 15.7227 62.4845
v 18.0397 16.4122 66.6605
v 20.3817 16.2185 67.4604
v 18.0448 16.942 68.8609
v 17.2423 17.2664 69.1985
v 16.9253 16.9893 66.8671
v 17.238 15.5831 63.0685
v 22.089 14.3542 63.9091
v 28.8888 16.3692 64.6499
v 23.0531 17.1734 69.0274
v 21.2498 17.2917 70.0898
v 18.4853 17.3848 70.5082
v 16.1083 18.0386 70.4764
v 17.2561 18.0632 72.4285
v 20.7559 16.6638 68.6778
v 16.2925 18.194 71.8319
v 20.2194 18.0219 72.3136
v 28.2047 13.49 59.8161
v 15.1876 19.0369 73.0736
v 30.0898 5.15153 44.0363
v 9.4509 19.6236 33.0722
v 32.253 5.0092 43.5381
v 9.41408 20.0899 36.8149
v 23.0454 17.9941 70.8359
v 22.7708 18.9195 72.8385
v 24.7441 20.1445 73.7698
v 23.6949 21.2395 76.4411
v 26.371 21.9501 74.7888
v 22.8457 19.6699 74.7154
v 26.0308 19.9584 72.3778
v 22.5804 21.9789 78.5664
v 22.6309 20.6154 76.6471
v 25.1145 18.8733 71.3385
v 25.8747 18.1782 69.0121
v 21.4596 19.5145 75.2837
v 21.287 18.8589 73.9427
v 19.1346 18.394 73.9119
v 26.129 4.7278 41.8906
v 21.0955 14.3213 63.7426
v 28.1549 3.99096 40.7943
v 17.038 15.4573 58.688
v 16.319 16.7117 58.6805
v 17.7767 18.9186 74.9401
v 31.0255 10.3904 51.4189
v 32.9162 13.0329 54.8242
v 30.8211 8.52869 48.934
v 33.1211 9.63386 49.4861
v 33.201 10.8679 50.8221
v 34.6805 10.9889 50.1111
v 17.7704 19.6829 77.089
v 16.454 19.8298 77.0891
v 34.14 3.20382 37.0595
v 16.336 18.7937 73.804
v 17.0956 20.2095 78.0735
v 14.4353 20.0305 75.4637
v 14.0388 21.1132 78.3081
v 13.2372 21.1438 77.1311
v 19.8704 19.665 76.7004
v 22.5381 6.44702 39.7299
v 28.7792 12.9942 58.5279
v 21.5252 15.5127 66.1536
v 31.9785 14.9271 59.4971
v 21.6785 16.1632 67.7729
v 20.3847 10.0809 42.0277
v 32.3152 10.9768 51.4103
v 31.2693 16.027 61.6943
v 21.9985 19.0526 74.4004
v 34.3873 9.39093 48.8109
v 32.28 8.00294 48.1764
v 34.2631 8.56487 48.1317
v 30.8073 6.93542 46.9109
v 36.0418 9.14403 47.4584
v 18.5462 14.6852 62.2497
v 35.3947 10.2615 49.2347
v 15.1152 20.9292 78.6663
v 37.1732 10.5654 47.9259
v 21.5525 7.74043 40.6195
v 35.6041 6.00219 43.5099
v 12.8754 22.4262 80.6922
v 22.0814 6.88756 38.0874
v 26.489 8.50133 48.9483
v 27.57 2.6976 30.633
v 29.3668 2.23626 30.0881
v 30.9709 2.00756 29.5057
v 30.1316 2.44723 34.0164
v 32.3704 2.23088 31.1926
v 31.7331 2.40919 34.0294
v 33.0582 2.91402 36.5937
v 34.4408 2.64186 32.902
v 35.4252 3.09895 34.3109
v 19.4221 12.5677 46.468
v 34.3185 2.41935 31.0438
v 34.6609 2.06005 28.501
v 36.5443 2.74376 29.4225
v 37.3704 2.79202 28.0456
v 37.6332 3.51394 31.6538
v 36.8776 3.27546 32.2271
v 35.5647 1.42846 26.16
v 37.288 2.23336 26.9221
v 38.4858 3.09227 27.3825
v 15.3634 21.7725 81.3851
v 13.8715 22.3508 81.9004
v 15.5818 22.432 83.3591
v 13.2034 23.3458 83.6586
v 16.1004 22.9378 84.3782
v 11.4166 23.7414 82.225
v 10.3053 24.0627 79.5902
v 14.9155 23.4102 84.7688
v 17.7265 22.7166 83.8455
v 19.0033 23.6825 84.4207
v 18.8989 24.5742 85.5583
v 17.8704 23.978 85.4681
v 17.1668 21.826 81.7402
v 23.3415 5.50172 37.3981
v 23.0547 5.9246 35.1762
v 19.6026 11.6418 44.2562
v 24.343 4.65577 35.283
v 23.4197 23.5599 79.7515
v 22.5222 8.12402 32.7031
v 21.4586 22.2682 79.8935
v 21.3908 34.3121 78.4939
v 99.0331 -0.487202 4.40528
v 72.4097 2.37005 9.95866
v 72.0079 1.582 11.759
v 71.7942 -0.367216 9.94707
v 71.0281 -1.9108 10.9273
v 70.8846 -1.34309 12.3251
v 70.3802 -4.10231 10.0257
v 71.8275 -3.4209 7.60269
v 71.2571 -4.71257 7.61573
v 72.2796 -3.44663 6.08616
v 72.8494 -3.33423 2.72661
v 70.8456 -5.60822 6.42288
v 72.2123 0.59068 9.09858
v 72.2461 -4.41771 4.26128
v 72.2312 -2.05202 7.30791
v 27.2659 7.13153 -32.4824
v 28.2633 6.63039 -35.1338
v 73.833 -1.86988 -0.328643
v 17.715 20.7222 79.4082
v 18.2922 21.8692 81.3059
v 20.344 22.6825 81.1791
v 71.0669 9.25238 4.95104
v 70.9164 9.15212 3.37576
v 99.5248 -19.3796 -3.67078
v 18.8692 -1.86764 21.0353
v 18.9989 -1.02892 22.0064
v 20.3719 -3.28724 19.3777
v 20.3426 -2.53644 20.0996
v 21.662 -3.4864 19.3594
v 20.5894 -3.90884 18.4907
v 22.4873 -2.25501 20.7158
v 18.1603 -1.04124 22.6863
v 20.1811 -0.346985 21.9163
v 21.8409 -4.40326 18.3063
v 24.0473 -6.21017 16.8386
v 25.4254 -5.51338 17.9763
v 21.8836 -7.35221 14.8351
v 23.7732 -7.57175 14.9065
v 73.4192 -0.740368 0.826887
v 23.5611 -3.68845 19.4923
v 27.2608 -5.62716 17.9001
v 27.6512 -6.60471 16.7039
v 20.6878 -8.14671 13.4091
v 18.3312 -7.29246 14.1158
v 19.3992 -5.53886 16.5678
v 16.8187 -4.88146 17.1505
v 17.3456 -5.67415 15.9933
v 20.5641 -9.57426 11.5406
v 25.547 -3.86565 19.568
v 27.9811 -3.63694 19.9662
v 29.3683 -2.24968 21.5278
v 27.9027 -0.958335 23.0979
v 29.6607 -1.00294 22.9966
v 30.828 -3.93152 19.5014
v 32.3093 -4.92488 18.3293
v 21.0999 -0.471505 21.7227
v 19.6869 0.252437 22.7918
v 19.8117 1.15664 23.5547
v 20.8455 1.06948 22.5415
v 18.3084 -8.69394 12.4318
v 22.3692 1.43515 22.6233
v 25.6494 -1.74765 22.042
v 24.9745 -7.70856 15.0576
v 28.6461 -8.32287 14.158
v 17.3107 -11.639 8.50138
v 18.1602 -10.4053 10.0779
v 14.593 -12.484 8.11281
v 10.2698 -13.1619 8.25342
v 17.5065 -12.9322 6.78451
v 11.9651 -11.06 9.87849
v 20.1138 -11.9155 7.79352
v 13.7152 -15.0657 5.4351
v 11.4202 -15.0386 6.15834
v 8.00777 -16.2078 5.65947
v 8.15436 -17.7794 4.03933
v 18.8069 -15.3004 3.19688
v 15.2255 -15.8226 4.1015
v 19.1064 -14.2147 4.40404
v 20.2412 -14.8852 3.11313
v 23.0735 -15.5633 0.86042
v 22.3107 -14.828 2.3279
v 22.2329 -16.2056 0.28873
v 20.4492 -17.3251 -0.271254
v 19.2209 -18.5354 -1.11277
v 16.8883 -18.8088 -0.124265
v 23.6613 -16.6356 -1.35233
v 16.4006 -20.3002 -2.04424
v 18.5828 -19.9564 -3.15526
v 22.1202 -13.3844 4.94676
v 26.7253 -13.0743 5.23433
v 22.1257 -12.5499 6.45519
v 25.6918 -14.261 3.08233
v 23.6315 -14.2981 3.04608
v 28.8917 -13.9172 2.73454
v 28.7267 -14.8672 0.121284
v 18.551 -13.0299 6.2497
v 30.0058 -14.2916 0.787267
v 32.1525 -13.107 2.33376
v 31.7252 -12.4351 4.62222
v 33.9739 -12.7956 1.31744
v 35.294 -12.4635 1.49805
v 36.5882 -11.8868 2.43863
v 36.2488 -13.0947 -0.18901
v 33.2129 -11.0557 7.10544
v 36.217 -9.97275 8.01045
v 36.1088 -11.2698 4.31434
v 37.4347 -10.581 5.50104
v 38.3199 -9.3886 8.65634
v 38.8438 -9.81015 7.45461
v 39.4669 -10.3615 6.23728
v 41.7878 -10.9221 6.16653
v 40.953 -9.47016 8.7017
v 40.713 -8.80928 10.2623
v 44.8158 -12.301 5.02045
v 40.0803 -11.0764 4.87142
v 43.5297 -11.1039 6.93428
v 45.5549 -11.711 6.78006
v 39.1565 -8.73891 10.2309
v 46.6008 -10.6902 9.368
v 34.5538 -9.54152 9.99174
v 40.983 -11.9225 3.38074
v 26.062 -12.1045 7.41172
v 38.326 -10.8874 4.79549
v 38.0538 -13.0889 -0.384597
v 48.8165 -12.4577 6.24367
v 10.2745 -11.4754 9.70964
v 11.0982 -8.24586 12.6634
v 9.0234 -8.48584 12.6121
v 9.2888 -6.97276 14.2227
v 32.4126 -9.9804 9.8399
v 30.6034 -11.094 8.32179
v 29.2931 -9.97311 10.7157
v 28.4061 -9.11131 12.7998
v 28.526 -11.5956 7.99621
v 26.3083 -11.2849 8.91016
v 48.7053 -13.0367 4.11282
v 47.1858 -12.7379 4.96469
v 46.2203 -12.7993 4.48042
v 31.7182 -8.74517 12.4317
v 28.2067 -12.441 6.35761
v 32.2285 -13.737 0.0235089
v 34.9398 -13.7776 -1.414
v 33.4266 -8.84777 11.501
v 36.125 -8.71525 11.103
v 37.6934 -5.92126 16.0009
v 38.6058 -7.22469 13.5619
v 32.9631 -13.9946 -1.20575
v 30.8752 -14.5874 -1.53063
v 29.4741 -16.1906 -4.66705
v 29.3907 -15.7802 -3.69808
v 26.678 -16.2559 -2.5281
v 26.4575 -17.3078 -5.34653
v 25.0918 -15.2251 0.955029
v 26.7365 -15.6662 -0.924006
v 27.1436 -18.1319 -7.1758
v 25.0566 -19.1457 -7.70445
v 30.317 -18.3502 -9.43452
v 30.2253 -19.4217 -11.8697
v 33.2557 -17.3993 -9.46092
v 31.9865 -18.3351 -10.6752
v 32.5765 -16.8502 -7.29293
v 29.1903 -20.5505 -13.9819
v 32.7142 -19.3816 -14.3839
v 29.0495 -18.0693 -7.98813
v 31.6506 -16.1505 -5.26804
v 32.8629 -15.8029 -4.98292
v 34.1007 -16.2924 -7.14905
v 35.5236 -14.9516 -4.72327
v 36.1425 -15.5933 -7.42173
v 37.4371 -15.0998 -6.78757
v 27.0089 -20.8719 -12.9583
v 38.7428 -14.6009 -5.53281
v 25.3186 -21.9194 -13.254
v 24.8212 -21.6611 -12.2026
v 25.7564 -20.7102 -11.3351
v 35.1142 -16.7906 -10.2407
v 27.3074 -21.7341 -14.6509
v 24.5435 -23.7542 -15.9548
v 26.5748 -23.5879 -17.1716
v 24.7375 -25.3112 -18.5092
v 22.2462 -26.6077 -18.4699
v 24.1136 -27.2481 -20.5365
v 23.4574 -23.1033 -13.8974
v 19.3824 -28.6113 -18.9003
v 16.6587 -28.1052 -16.048
v 14.4404 -26.8502 -13.1166
v 15.6245 -24.5969 -10.6867
v 16.9144 -26.0737 -13.5128
v 18.5637 -23.079 -10.4805
v 15.9575 -23.4949 -8.87419
v 18.6079 -25.2812 -13.5421
v 19.8542 -22.0346 -9.55343
v 13.8354 -24.5628 -9.05883
v 13.7384 -25.2834 -10.5452
v 11.0467 -26.5929 -11.2729
v 12.458 -26.6859 -11.9624
v 14.0942 -29.2019 -16.0848
v 14.3622 -30.8883 -18.8774
v 21.9371 -19.9634 -6.62429
v 24.8643 -18.3705 -6.20693
v 19.8117 -30.2825 -21.3163
v 21.2841 -30.8101 -22.7177
v 19.1821 -32.6015 -23.8041
v 18.2619 -31.2501 -21.5797
v 14.9691 -33.2967 -23.106
v 11.5441 -28.7817 -14.4904
v 12.8049 -31.3366 -18.9148
v 12.6433 -33.4452 -22.8457
v 16.734 -30.0328 -18.9463
v 16.5896 -33.7692 -24.3986
v 18.9165 -21.8144 -8.30684
v 23.3975 -31.4974 -24.9378
v 18.9732 -20.9234 -5.71842
v 20.954 -25.0355 -15.1781
v 20.2919 -26.3732 -16.4596
v 16.847 -31.815 -21.6211
v 14.3748 -31.9582 -20.7293
v 9.67198 -29.1262 -14.6512
v 14.9203 -23.0736 -6.44561
v 22.5199 -25.2235 -16.5284
v 9.75091 -27.8282 -12.7758
v 7.26598 -27.7778 -12.5925
v 26.7876 -25.3616 -20.025
v 12.0462 -31.0589 -18.0959
v 10.9682 -32.3746 -20.486
v 24.3858 -28.3784 -21.9972
v 22.2403 -29.5151 -21.7574
v 25.8976 -29.6134 -24.3927
v 10.4794 -26.2664 -10.4331
v 11.0921 -25.7817 -9.61807
v 21.548 -22.5548 -11.5653
v 23.4953 -20.9827 -9.89047
v 8.49669 -26.6936 -10.3211
v 8.6742 -27.1744 -11.4909
v 7.48305 -26.9403 -10.6097
v 6.98825 -25.6306 -6.54817
v 5.37401 -26.7616 -9.48331
v 6.2099 -27.3242 -11.5062
v 20.6025 -32.9374 -25.1829
v 4.68807 -28.1268 -14.0518
v 39.4484 -15.7026 -10.1865
v 40.8725 -14.4991 -5.69289
v 16.8133 -21.4815 -4.5408
v 14.1765 -22.2566 -4.0076
v 12.5242 -22.8756 -3.7875
v 11.3172 -24.2739 -5.76885
v 13.1856 -23.918 -6.48025
v 12.0773 -19.9329 0.499001
v 15.5595 -18.2032 1.32739
v 12.74 -21.0478 -1.23477
v 8.93777 -22.1246 -0.816234
v 34.2083 -14.7712 -3.38362
v 5.37056 -25.8825 -6.71179
v 40.4963 -14.9432 -8.13783
v 29.1983 -21.759 -16.6266
v 29.4173 -22.3858 -18.0226
v 21.7929 -34.2169 -27.7716
v 24.23 -33.1168 -27.6787
v 29.1916 -30.7415 -28.4216
v 26.2644 -31.1351 -26.5541
v 24.7072 -34.1324 -29.5368
v 10.9549 -33.4355 -22.7025
v 31.322 -14.9675 -2.86608
v 27.3448 -19.4878 -10.0539
v 22.4215 -34.8665 -29.167
v 29.7476 -32.2712 -30.9042
v 30.7503 -30.5697 -29.7133
v 30.9817 -33.2094 -33.3212
v 28.8292 -29.3218 -26.487
v 28.0772 -28.0608 -24.5169
v 32.204 -27.9809 -28.2031
v 35.7213 -25.5542 -27.2423
v 35.0918 -23.5368 -23.7505
v 33.9822 -24.8805 -25.0811
v 36.2977 -22.8788 -23.3739
v 36.6041 -24.3904 -25.8683
v 32.9125 -22.9179 -21.3277
v 37.4911 -23.6113 -24.6659
v 30.0093 -27.0099 -24.5358
v 28.8304 -25.2874 -21.2965
v 27.5051 -27.2574 -22.9278
v 28.6196 -24.0164 -19.6279
v 35.9525 -26.4208 -28.7575
v 34.2497 -28.8515 -30.8911
v 32.5506 -31.8101 -32.9844
v 32.2234 -32.8733 -34.1876
v 29.5071 -33.5363 -32.4585
v 32.8544 -25.329 -24.8065
v 33.0636 -29.886 -31.0217
v 35.5849 -29.2801 -32.2508
v 36.7081 -27.4059 -30.4926
v 10.7319 -23.0994 -3.069
v 35.9606 -21.2415 -20.4246
v 36.4148 -19.9482 -17.8672
v 37.3072 -20.3433 -19.0121
v 37.5751 -18.8624 -16.1261
v 35.4141 -19.348 -15.9647
v 33.0061 -18.5081 -12.4215
v 30.2348 -12.4203 5.51321
v 42.6755 -14.5824 -7.137
v 7.14816 -20.9809 1.09233
v 7.08455 -23.5396 -2.45492
v 6.07935 -22.0237 -0.0111714
v 42.7478 -15.566 -9.44016
v 9.13993 -20.6387 0.830172
v 43.9502 -16.7901 -10.9752
v 42.9738 -14.9608 -8.20377
v 45.0707 -14.8387 -7.33171
v 42.1916 -17.1933 -12.0628
v 40.2668 -16.2955 -11.3208
v 48.4387 -16.62 -8.98021
v 46.3551 -16.6062 -9.9615
v 47.8517 -17.4601 -10.6984
v 49.6264 -16.7479 -8.22014
v 49.0426 -15.8646 -7.2592
v 44.0441 -18.0491 -13.5319
v 45.7862 -17.8784 -12.6934
v 45.3027 -18.8003 -14.6617
v 46.7325 -18.3432 -13.2564
v 47.6405 -18.1823 -12.2276
v 42.9289 -19.1206 -15.6392
v 41.1438 -19.9341 -17.5558
v 49.0288 -18.3067 -10.9295
v 3.95577 -21.7586 0.560704
v 49.4264 -20.6313 -14.5288
v 47.3596 -19.2469 -14.3539
v 51.9233 -21.4856 -13.9632
v 53.9571 -21.8349 -13.2804
v 51.5361 -23.1193 -17.3131
v 54.0655 -23.2771 -16.135
v 12.2253 -6.93846 14.1524
v 48.4135 -20.9018 -15.8911
v 48.5438 -22.7528 -18.821
v 49.0516 -22.2243 -17.4004
v 9.29472 -25.1236 -6.4028
v 51.6908 -20.5869 -12.1587
v 52.5299 -18.8417 -8.45514
v 54.1857 -18.7787 -7.10969
v 54.6807 -20.1005 -9.01157
v 50.6115 -18.8379 -10.0742
v 57.5924 -20.9531 -8.90897
v 51.3018 -17.7802 -7.97141
v 50.7355 -16.4708 -6.9589
v 51.462 -15.6267 -5.41665
v 53.4127 -17.4491 -5.95377
v 53.0975 -15.3381 -4.14154
v 55.4316 -17.5611 -5.03217
v 52.5868 -14.0442 -2.57918
v 52.5304 -14.5643 -3.50486
v 53.0428 -20.1249 -10.2764
v 40.5548 -7.795 12.0365
v 12.175 -34.2977 -24.5666
v 57.0604 -21.5763 -10.4114
v 56.1387 -22.3465 -12.7895
v 10.0296 -33.6295 -23.2724
v 10.8262 -35.1526 -26.8991
v 58.4102 -22.387 -11.4668
v 60.3806 -23.7515 -13.2988
v 12.4957 -35.5398 -27.516
v 10.6853 -36.1688 -29.7959
v 14.299 -36.7088 -30.0389
v 12.5646 -36.5401 -30.0454
v 13.4286 -35.159 -26.489
v 9.17202 -34.4473 -25.631
v 15.3157 -36.3613 -29.2087
v 17.1899 -35.4245 -27.6174
v 10.7851 -36.6447 -31.6464
v 16.5767 -34.9438 -26.4455
v 19.5793 -37.6789 -32.4178
v 21.3984 -36.656 -31.2494
v 19.7511 -35.4286 -28.4648
v 19.7083 -38.3831 -33.7931
v 23.4152 -37.5891 -34.2915
v 8.45448 -35.0281 -28.0779
v 19.0906 -34.8084 -27.2937
v 14.3464 -34.6455 -25.487
v 12.7297 -37.6794 -33.3792
v 7.1363 -34.5254 -28.3126
v 17.855 -36.0837 -28.9099
v 22.7143 -36.1088 -31.0306
v 24.1734 -36.2319 -32.38
v 25.9218 -36.5322 -34.0275
v 25.4326 -37.4405 -35.3358
v 23.3868 -38.3567 -35.7474
v 26.7491 -35.182 -32.6395
v 22.6623 -39.5139 -38.3737
v 24.7049 -35.2812 -31.0613
v 16.7008 -37.6031 -31.6498
v 18.4628 -38.5849 -34.0977
v 20.5951 -39.9142 -38.6909
v 14.5407 -37.7706 -32.6572
v 18.8051 -40.1889 -39.4219
v 14.0954 -38.6895 -35.4032
v 15.1418 -39.0118 -35.8385
v 18.1834 -39.7179 -37.3928
v 19.9334 -38.9568 -35.4313
v 15.6736 -39.776 -38.6168
v 17.7103 -40.1493 -39.3863
v 16.5127 -40.4882 -42.9622
v 17.3792 -40.4631 -41.9022
v 19.6426 -40.9774 -45.0625
v 21.0315 -40.8891 -43.9781
v 19.1128 -40.9735 -46.7519
v 19.0871 -40.611 -42.2197
v 21.3802 -41.1948 -46.7076
v 21.3924 -41.2535 -48.722
v 23.6763 -41.0402 -45.2527
v 7.61353 -32.6313 -21.5824
v 7.31799 -33.3796 -24.0708
v 8.92944 -32.3004 -20.2737
v 5.50843 -31.6316 -20.5713
v 7.0502 -31.9052 -20.0972
v 4.42832 -30.8932 -19.8944
v 4.76387 -29.8977 -17.2941
v 5.56922 -32.492 -23.0473
v 8.23446 -30.385 -16.5959
v 6.5069 -29.9371 -16.3876
v 24.9261 -41.3277 -47.4009
v 9.68278 -30.7734 -17.2011
v 21.4885 -40.5084 -41.7776
v 23.7321 -41.4392 -48.8152
v 23.1774 -41.4801 -50.4473
v 26.8412 -41.8288 -49.673
v 27.4436 -42.6011 -54.364
v 26.0766 -42.0875 -52.2718
v 28.6026 -42.6782 -53.3482
v 27.3473 -41.5136 -48.1558
v 28.9101 -42.2878 -50.6461
v 30.5886 -43.0076 -56.2862
v 26.8747 -42.5033 -56.1629
v 32.1861 -42.68 -52.055
v 34.0523 -42.7167 -52.3409
v 31.3223 -43.007 -54.4342
v 24.5709 -41.8233 -52.8262
v 36.5475 -42.4234 -51.95
v 23.0617 -41.4533 -53.6217
v 24.6681 -41.884 -54.9164
v 34.6138 -42.9888 -55.1411
v 32.6817 -43.075 -55.4778
v 35.8649 -42.8335 -57.0934
v 33.4273 -43.0255 -57.8076
v 31.225 -41.8341 -48.6403
v 30.8149 -41.2494 -47.0274
v 37.2939 -22.5246 -23.1052
v 32.5555 -40.4499 -45.8713
v 33.0309 -39.6281 -44.5621
v 19.8275 -36.093 -29.6085
v 34.0271 -38.9686 -44.0518
v 31.8277 -38.9633 -42.6834
v 35.7769 -36.9332 -42.4353
v 33.9036 -37.505 -42.0532
v 31.7974 -37.4339 -40.2496
v 38.3039 -37.6237 -44.0427
v 38.2805 -35.3157 -41.0351
v 39.3581 -36.3089 -42.4144
v 46.2288 -20.0816 -16.7315
v 47.5643 -21.5413 -17.5934
v 37.1748 -38.7387 -45.0555
v 45.1512 -20.8894 -18.8244
v 43.7897 -20.2283 -18.2187
v 42.2188 -20.3195 -18.1963
v 44.5466 -20.0009 -17.4323
v 44.8293 -22.2222 -21.1423
v 46.7732 -22.5969 -19.8569
v 43.4725 -21.5486 -20.6422
v 48.941 -24.2866 -20.7732
v 51.1775 -23.7811 -18.6417
v 46.0006 -23.4472 -21.9385
v 39.1665 -38.179 -44.8941
v 43.4193 -22.3122 -22.0846
v 51.8184 -25.4697 -20.4448
v 32.4574 -35.6578 -37.8526
v 23.1627 -40.0983 -40.6937
v 30.2707 -40.4552 -44.8102
v 35.0325 -35.2009 -39.7439
v 33.9661 -34.6389 -37.9614
v 36.0312 -33.9868 -38.7145
v 35.4263 -32.3867 -36.0541
v 36.7779 -32.0179 -36.426
v 37.9293 -32.1797 -37.0862
v 38.9062 -31.6351 -36.1798
v 36.7525 -35.7482 -41.2675
v 28.3394 -41.0663 -46.373
v 26.7013 -38.2141 -38.023
v 27.7222 -37.1402 -36.7648
v 29.7426 -35.7972 -36.007
v 24.7199 -39.3592 -39.3745
v 58.1678 -23.8715 -14.676
v 55.7992 -24.3021 -16.8318
v 40.6482 -6.68985 14.6283
v 25.5399 -40.2 -41.9336
v 41.0819 -7.38207 13.0717
v 42.8571 -6.9605 14.2655
v 41.9928 -8.05367 11.8899
v 43.0822 -6.223 15.9211
v 45.2859 -7.79078 14.3469
v 43.6686 -8.65793 11.7175
v 40.1948 -5.67994 16.3062
v 46.0022 -9.29127 11.8884
v 11.3619 -5.93668 15.5622
v 47.0111 -6.87777 17.1154
v 44.8881 -6.00818 17.229
v 43.6621 -5.42756 17.5669
v 47.4426 -7.79606 15.7825
v 46.3872 -5.75638 18.2884
v 53.1057 -7.01321 17.9744
v 50.9124 -8.47673 15.3956
v 56.3648 -8.07904 15.5232
v 55.0114 -6.87544 17.7973
v 48.8417 -6.28762 18.7206
v 50.3121 -9.34478 13.5697
v 49.3403 -8.80209 14.5974
v 52.5255 -8.13298 16.0297
v 39.2176 -5.01648 17.4101
v 16.3535 -40.5355 -44.345
v 30.8601 -24.204 -21.621
v 10.8981 -19.0016 2.06844
v 17.7318 -40.7573 -47.2894
v 7.92413 -34.3187 -26.5115
v 39.059 -25.1323 -27.1285
v 47.0418 -11.7993 7.66306
v 48.1001 -11.0384 9.37325
v 44.925 -7.07574 15.4795
v 9.50056 -36.0612 -30.6921
v 42.5369 -14.2383 -3.91204
v 42.9268 -9.55206 9.61475
v 26.129 -9.34861 12.3632
v 47.7057 -15.0563 -6.49599
v 47.9607 -14.5793 -5.37039
v 48.5732 -9.96226 11.6108
v 38.5998 -20.2919 -18.8354
v 39.1734 -18.7826 -15.9494
v 38.1457 -21.5978 -21.3741
v 40.0193 -21.9131 -21.5534
v 37.4558 -29.5559 -33.652
v 38.7517 -29.2692 -33.4046
v 41.2 -29.9952 -33.0841
v 38.1756 -30.8074 -35.3867
v 38.2318 -28.6838 -32.6909
v 41.6899 -21.3986 -20.4516
v 57.3103 -19.6766 -7.13968
v 32.5995 -20.3508 -16.3562
v 34.2412 -18.893 -14.7918
v 16.0577 -40.4082 -47.1336
v 33.0479 -33.7268 -35.8776
v 48.0154 -13.789 -0.291823
v 47.8391 -13.5381 1.67892
v 37.418 -25.0368 -26.9891
v 56.1906 -15.6371 -2.70818
v 39.2798 -4.07724 18.7405
v 57.4048 -14.8268 -1.45595
v 57.902 -16.4493 -2.97712
v 57.2944 -13.8165 -0.338315
v 59.3648 -16.0971 -2.23777
v 54.401 -14.3064 -2.22712
v 60.0338 -16.6477 -2.87327
v 56.0366 -13.4022 0.0475136
v 54.2823 -13.7141 -1.34326
v 60.0181 -24.5268 -15.2542
v 62.5342 -24.9076 -15.0451
v 65.4334 -26.8396 -16.8961
v 64.5652 -25.4168 -15.217
v 64.3729 -24.9208 -14.2638
v 36.8082 -42.6169 -53.3394
v 36.6014 -3.1146 19.8999
v 35.0658 -4.04097 18.7776
v 50.407 -13.6895 -1.82889
v 50.5263 -13.9666 -2.93087
v 36.6949 -4.94465 17.6101
v 3.33968 -26.8398 -9.61795
v 13.7798 -39.3849 -38.9924
v 15.3619 -39.9328 -40.2614
v 62.3712 -23.6454 -12.0633
v 26.8439 -33.5187 -30.1517
v 57.0826 -18.2423 -5.15436
v 55.0888 -16.5589 -4.17215
v 39.6853 -39.0707 -46.3078
v 41.0427 -39.8487 -48.047
v 50.4833 -11.4507 8.96668
v 8.24609 -12.3232 8.94224
v 6.57478 -24.2922 -3.6016
v 3.95712 -24.1925 -3.3092
v 4.60689 -25.4799 -5.66948
v 6.35479 -13.1176 8.07345
v 15.1755 -40.2494 -43.0995
v 56.0847 -5.99685 18.9872
v 57.6559 -6.06361 18.6898
v 56.7117 -6.89305 17.1232
v 59.0342 -7.32996 15.7834
v 13.8317 -39.7204 -45.1609
v 43.9938 -20.8879 -19.3363
v 17.7612 -14.0983 5.07991
v 42.1426 -22.3949 -22.4584
v 40.1328 -22.5835 -22.8342
v 44.8858 -4.68529 18.9942
v 37.6292 -17.7477 -14.0568
v 45.1684 -2.92993 20.9037
v 59.5139 -14.816 -0.975014
v 35.018 -17.1511 -12.1731
v 35.6273 -17.6475 -13.5334
v 37.7092 -15.7448 -9.91579
v 32.9734 -21.6907 -19.2951
v 12.4875 -38.9065 -38.9585
v 34.3535 -42.4598 -51.344
v 3.36063 -26.0099 -7.09235
v 2.12231 -24.8515 -4.83245
v -0.458358 -24.1088 -4.69501
v -0.733882 -25.5304 -8.75187
v 1.99919 -23.8349 -2.95302
v -1.84229 -24.488 -7.33059
v -1.62188 -22.8396 -2.86738
v -4.38195 -21.6737 -2.66187
v -0.394057 -22.1489 -0.900553
v -2.87512 -20.8746 0.0662412
v -5.38065 -20.6809 -1.75715
v -4.38828 -20.0703 0.574723
v 1.06717 -25.9933 -8.19996
v -4.22063 -19.5438 1.83187
v -2.49113 -20.1558 1.32574
v -5.01972 -19.3086 2.33832
v -6.90344 -19.5885 0.00323417
v -5.98748 -19.9345 -0.329417
v -3.33663 -23.5485 -6.3057
v 1.78667 -27.0489 -11.6495
v 40.6349 -25.2619 -27.2585
v 41.4749 -24.0604 -25.3035
v -1.57257 -18.9846 3.12701
v 58.2032 -6.30459 18.0938
v 0.496229 -19.6742 2.54223
v -1.46375 -18.4234 3.98913
v 3.21663 -20.147 2.31426
v 61.073 -6.68358 16.161
v -2.9333 -17.873 5.24251
v -4.44072 -18.5063 4.84372
v -4.442 -18.813 3.82667
v -3.47413 -18.8797 3.27608
v -1.12191 -21.1395 0.288631
v -5.76846 -19.1533 3.44406
v -4.41371 -18.0362 6.23055
v -1.92983 -17.0396 6.09611
v -3.00809 -17.1274 6.72419
v -2.27944 -15.5915 8.85942
v -1.10148 -14.1537 9.16747
v -7.42802 -19.3793 3.17019
v -1.52708 -16.0046 7.42612
v -8.10633 -19.2156 6.0803
v -9.41469 -19.4951 4.09767
v -11.0512 -19.307 6.44488
v -9.30484 -19.2061 7.31289
v -12.8799 -18.794 9.23804
v -14.0063 -18.5662 9.56043
v -12.0759 -19.2426 5.85829
v -13.2726 -18.8697 5.04208
v -9.82928 -18.3121 10.8161
v -13.3574 -18.0744 11.6733
v -7.55881 -17.9405 10.3645
v -11.5303 -18.7236 9.90722
v -15.4393 -17.5507 12.3155
v -15.56 -18.1097 9.57151
v -15.4292 -16.9468 14.5099
v -16.6806 -16.5732 15.4069
v -16.0989 -16.1553 16.7744
v -19.424 -16.4492 15.3821
v -19.0034 -16.3239 16.7797
v -18.4823 -16.0245 17.9482
v -17.6842 -16.7309 14.0728
v 3.81385 -18.5451 3.93262
v -13.4836 -18.8873 6.84032
v -17.5502 -16.8777 12.5753
v -14.0777 -15.1856 17.8823
v -14.3241 -15.9073 16.7295
v -16.253 -15.3064 18.8967
v -15.2645 -13.8324 20.94
v -15.1144 -12.3976 22.7706
v -14.7443 -11.5064 23.5805
v -13.2876 -12.3694 21.535
v -14.0612 -14.3535 19.2544
v -18.3711 -13.2244 23.8124
v -18.0805 -14.1467 22.1117
v -19.5632 -14.0146 23.0604
v -20.7695 -15.1331 21.0687
v -17.8452 -15.3067 19.8582
v -11.5894 -12.8377 19.7127
v -10.6698 -12.3207 19.7195
v -14.1397 -10.599 23.8381
v -13.1109 -9.22849 23.67
v -11.5261 -9.94694 21.8792
v -11.8106 -11.455 21.2117
v -12.103 -14.1046 18.4413
v -12.7579 -15.2166 17.2848
v -12.3064 -8.39284 23.0728
v -7.95385 -13.5566 17.1954
v -6.15328 -11.7531 17.1852
v -6.25604 -13.575 16.0376
v -9.33751 -12.4149 18.7797
v -8.03214 -11.8291 18.3216
v -12.0392 -16.5806 15.1901
v -9.2575 -14.992 16.4134
v -4.00711 -12.7103 14.8176
v -10.3942 -16.8146 14.2632
v -10.2514 -17.4535 12.8051
v -8.5234 -17.5493 11.9616
v -8.14192 -15.7292 14.8606
v -6.89977 -8.73979 17.9295
v -8.9747 -7.40418 19.4095
v -8.97065 -8.537 19.5526
v -11.1481 -8.45501 21.9613
v -14.6175 -16.5441 15.5603
v -6.20356 -10.8149 17.5259
v 62.1757 -5.47876 18.1778
v 60.2428 -4.92043 19.7421
v 60.05 -3.6159 21.4618
v -8.00271 -7.00126 18.2765
v 59.2885 -5.51881 18.9823
v 63.7911 -5.60468 16.7616
v -4.96425 -17.4094 8.79796
v 38.5466 -42.291 -55.458
v -6.24705 -18.3247 7.89847
v 40.7454 -41.6515 -54.8897
v -6.55276 -18.8608 5.96554
v 38.4062 -42.1543 -53.1503
v 35.5399 -40.1166 -46.3209
v 30.7571 -37.5798 -39.4924
v -21.6995 -13.5786 24.5924
v -22.2817 -14.1786 23.6589
v -20.9531 -12.635 25.8559
v 8.50509 -19.523 2.15436
v 12.6702 -18.042 2.65592
v -6.69959 -17.6076 10.3504
v -4.50523 -15.5672 11.9333
v -7.84148 -16.34 13.6937
v -6.67033 -19.966 -1.72559
v 27.2649 -40.3936 -43.6789
v 35.2605 -35.954 -40.973
v 28.9594 -7.06494 15.8629
v 1.27882 -21.5841 0.447908
v -0.607478 -14.8737 7.9398
v -0.0195295 -13.2599 8.85166
v 0.807006 -13.4198 8.20399
v 2.35049 -12.9307 8.22757
v 0.701372 -11.8271 9.15193
v 1.6134 -11.1421 9.10746
v 33.1735 -6.79748 15.3299
v 35.2185 -6.13231 15.9781
v 9.77466 -5.39413 16.1042
v -3.57194 -16.325 9.2554
v -7.7992 -18.7503 8.22306
v 8.90569 -14.2374 7.34194
v 0.136833 -9.39873 9.49249
v 0.364418 -10.5812 9.58629
v -0.70638 -12.3107 10.4096
v 46.1935 -2.90469 21.2175
v 48.2775 -4.7441 20.3549
v 30.6036 -6.70623 15.9518
v 30.6378 -5.6179 17.7178
v 29.4845 -5.63625 17.7555
v 48.0887 -1.11787 22.8421
v 48.4634 -2.77616 21.9415
v 51.6583 -1.60097 23.1263
v 45.574 -1.45864 21.987
v 49.1713 0.303373 23.9583
v 53.4387 -0.560193 24.3546
v 53.7823 -3.0425 22.444
v 51.0102 -3.03614 22.2113
v 44.6182 0.974565 23.681
v 46.346 1.15272 24.0279
v 53.6954 -6.23849 18.9027
v 50.962 -6.84201 18.3969
v 52.7941 -5.34637 20.3009
v 63.1753 -2.32904 22.1622
v -1.38532 -13.3841 10.4482
v 8.1768 -35.4133 -29.9422
v 58.4513 -24.6395 -16.0625
v 41.8384 -26.0353 -28.0789
v 43.6891 -23.7903 -24.0121
v 46.067 -26.6346 -25.5422
v 42.8902 -25.2162 -26.3012
v 43.1087 -26.1837 -27.2801
v 45.9601 -24.4762 -23.1223
v 44.1426 -27.6382 -27.8173
v 43.416 -29.3193 -30.3036
v 46.0469 -30.4481 -29.5605
v 45.7888 -32.1116 -31.7259
v 48.7952 -32.9251 -30.5587
v 47.4631 -31.8316 -30.1452
v 45.9406 -29.2077 -28.0934
v 41.5203 -28.8489 -31.6022
v 43.0351 -30.7717 -32.4529
v 41.3093 -31.7576 -35.0399
v 41.5414 -27.4693 -30.2034
v 41.3815 -26.5069 -28.9366
v 45.2528 -33.9144 -34.6739
v 48.4722 -34.6145 -33.5198
v 46.3089 -34.7719 -35.296
v 49.0298 -35.3985 -34.6065
v 40.5919 -29.0166 -32.4276
v 40.4308 -30.2935 -33.9893
v 40.2876 -31.7969 -35.9992
v 42.8605 -23.8307 -24.6208
v 47.8094 -29.3535 -26.8824
v 48.3158 -27.8487 -25.1029
v 48.511 -30.8139 -27.9823
v 50.9305 -30.6203 -26.3761
v 51.3035 -32.986 -29.3299
v 53.2606 -32.5321 -27.6456
v 55.5714 -32.8994 -27.3584
v 40.7718 -27.5374 -30.6655
v 51.2915 -29.3342 -24.7592
v 39.2447 -30.7986 -35.2792
v 53.0064 -30.1506 -24.7646
v 51.47 -27.5827 -23.0737
v 54.4811 -29.6505 -23.7013
v 51.5372 -34.8005 -31.7924
v 54.774 -33.913 -28.825
v 55.9583 -35.8239 -30.9901
v 58.2948 -37.287 -32.0613
v 59.7565 -34.2559 -26.7871
v 59.1336 -35.827 -29.2738
v 63.5342 -37.0919 -29.7485
v 60.9717 -36.879 -30.3342
v 63.6772 -38.086 -31.3508
v 59.0614 -32.0607 -24.584
v 60.0597 -31.4515 -23.473
v 60.9687 -30.4997 -22.2113
v 64.0637 -36.0783 -27.806
v 64.8362 -37.4917 -30.0674
v 67.0394 -36.8103 -28.162
v 62.1368 -34.4289 -26.0491
v 68.483 -36.9328 -27.9743
v 56.5616 -34.9113 -29.1853
v 57.3485 -33.2701 -26.7995
v 55.3523 -31.3597 -25.3778
v 57.6749 -32.324 -25.6327
v 60.9818 -38.2556 -32.6222
v 65.7195 -35.3552 -25.8096
v 69.5022 -37.5359 -29.0039
v 65.5468 -38.8591 -32.6448
v 67.3556 -36.0034 -26.3903
v 66.7783 -34.0584 -23.4968
v 57.5289 -36.0902 -30.5052
v 47.8027 -36.7027 -37.7345
v 59.7805 -39.3526 -35.1988
v 44.422 -36.0079 -39.1503
v 47.5194 -37.7169 -39.7821
v 45.0938 -37.3627 -40.9766
v 45.2774 -38.3864 -43.0744
v 41.9036 -38.348 -44.7668
v 40.5731 -37.2024 -43.2625
v 43.4005 -38.4983 -44.2517
v 46.8541 -39.2434 -44.0615
v 41.1725 -38.6591 -45.5395
v 42.2354 -39.5547 -47.0075
v 44.7199 -39.5255 -45.5828
v 43.6106 -40.5268 -48.9591
v 48.1891 -40.2329 -45.9717
v 46.0992 -40.2601 -46.662
v 41.6544 -40.2921 -49.1459
v 49.0832 -40.1758 -45.164
v 40.7053 -35.1044 -40.3703
v 49.0737 -40.7005 -47.236
v 39.4474 -34.8316 -40.4108
v 39.3099 -32.9312 -38.0321
v 40.6321 -34.1443 -39.0601
v 52.2902 -37.9984 -37.4093
v 53.7912 -39.4676 -39.2931
v 51.3546 -39.468 -41.0042
v 50.5322 -38.4432 -39.3689
v 54.2269 -39.0547 -37.9527
v 54.5484 -40.1814 -40.9618
v 49.571 -37.0701 -37.4489
v 53.7073 -37.7366 -35.7804
v 51.4374 -36.2661 -34.6143
v 53.0946 -36.0732 -33.0586
v 50.1152 -41.0111 -48.0301
v 51.1127 -41.5077 -50.1142
v 52.1605 -41.3923 -47.6749
v 53.6777 -35.3256 -31.3449
v 54.2002 -36.2969 -32.8917
v 51.1247 -35.4237 -33.0178
v 49.8757 -40.0671 -43.8937
v 47.2071 -41.3629 -50.0699
v 42.6761 -36.631 -41.3307
v 48.2592 -38.9648 -42.1133
v 42.9259 -35.2602 -39.2172
v 57.0309 -37.5571 -33.1725
v 44.6158 -34.3975 -36.2813
v 55.8549 -36.6554 -32.3302
v 46.1411 -35.738 -37.0735
v 42.7617 -33.9431 -37.1155
v 67.1951 -38.2888 -31.3058
v -13.2606 -5.601 23.4959
v -12.1168 -7.09373 22.7947
v -11.9169 -5.46999 21.8087
v -13.4313 -4.17751 22.7668
v -9.99754 -7.11928 20.5081
v -14.1237 -7.83822 25.0246
v 39.8838 -13.8513 -2.7562
v -14.4919 -6.88719 25.3565
v 1.67841 -12.4303 8.53889
v -14.7681 -5.71619 25.3799
v -16.1362 -5.69989 26.9337
v -16.8863 -5.9386 27.8348
v -16.1806 -7.3203 27.1679
v -15.9721 -4.57635 26.2044
v -18.2694 -4.35947 29.1319
v -18.2109 -3.34591 28.4395
v -15.6518 -3.5021 24.8384
v -17.3605 -2.47874 26.1325
v -18.324 -2.42514 27.6877
v -18.0188 -1.59654 25.7739
v -18.7153 -0.87476 25.4835
v -19.9581 -0.217751 25.5389
v -21.4551 0.279699 26.346
v -21.2451 0.254813 24.1724
v -21.9469 0.527491 28.8552
v -20.6756 -0.661009 29.6707
v -19.1836 -0.060156 22.3186
v -22.2336 0.672467 28.455
v -23.5195 1.05878 27.9349
v -20.2122 -0.385513 27.5702
v -19.0819 -1.36145 27.6276
v -22.6579 0.355196 32.2063
v -21.287 -0.973994 31.8832
v -21.495 -1.91411 33.2351
v -22.8481 0.0183687 33.438
v -20.6151 -2.27976 31.8556
v -23.8427 1.1894 32.7278
v -24.5341 1.02098 34.7719
v -25.3008 1.7733 33.9736
v -24.6233 0.561815 35.8102
v -24.7512 0.113399 36.6828
v -25.0236 -0.76438 38.0994
v -26.7516 2.06168 36.1381
v -23.2698 -1.48561 35.6623
v -28.2577 2.60725 37.6804
v -25.8963 1.92583 29.0862
v -23.2477 -0.565446 34.9695
v -26.7707 2.34584 34.7265
v -23.8755 1.51856 31.2315
v -28.0723 2.2366 38.9697
v -29.6474 2.96987 39.0043
v -22.186 -3.36348 34.8971
v -17.5616 -0.77427 22.7356
v -22.0595 0.418688 30.6045
v -24.1094 1.59574 29.7823
v -28.4096 1.85012 40.4778
v -28.4319 2.7425 36.1478
v -23.0571 0.401684 24.4509
v -23.4036 0.165984 22.9044
v -25.3704 1.97998 30.0808
v -24.5852 0.282929 24.2018
v -19.7488 -2.15582 30.2709
v -26.5588 -0.54542 40.0882
v -27.3442 0.641813 40.2634
v -22.7602 0.575338 26.0449
v -15.2478 -2.77491 23.4616
v -24.1958 -1.96868 37.4147
v -24.9428 -2.43681 38.5765
v -26.2429 0.542313 38.5899
v -26.4325 -1.81567 40.1698
v -25.4581 -3.91964 39.1564
v -27.8771 -0.800485 41.5085
v -28.3706 -1.61905 42.0564
v -20.8279 -3.59936 33.0369
v -29.8911 -1.98662 43.2801
v -28.3417 0.303965 41.625
v -31.091 -2.45363 43.9603
v -29.3875 -3.17779 42.714
v -27.1372 -3.81493 40.6155
v -30.1594 0.824816 43.1374
v -30.7665 0.378588 43.8216
v -30.4236 2.62424 42.0795
v -30.3627 1.91557 42.7293
v -30.6851 3.44875 39.8848
v -30.1353 3.04396 40.7632
v -24.3042 -4.07072 37.8027
v -18.5156 -0.119682 20.0724
v -16.5746 -1.73136 23.6537
v -19.964 0.143243 20.7609
v -20.2562 -0.00128229 19.5872
v -16.7994 -0.640343 20.9522
v -15.4035 -1.45339 21.5527
v -16.7439 -0.529682 18.8657
v -25.4831 1.97261 32.7127
v -23.6128 -3.29591 36.9527
v -14.6748 -1.23573 19.5864
v -17.2737 -7.98366 27.8771
v -17.5924 -7.01225 28.499
v -25.9804 -0.395093 22.9537
v -26.8755 2.40461 33.3636
v -28.0587 2.40648 31.9871
v -29.3814 2.51593 33.3603
v -31.3569 1.53119 31.3927
v -29.7976 2.1915 32.2247
v -30.1299 1.20174 29.2805
v -28.0579 2.14201 30.2113
v -32.4415 0.735321 30.6815
v -33.1943 1.66209 33.3873
v -34.9808 -0.465923 31.7083
v -35.3747 -2.68643 29.7682
v -36.3958 -2.80305 31.0532
v -36.6388 -2.13654 32.2485
v -27.0245 2.28059 30.9371
v -36.5572 -3.87859 30.5023
v -31.4798 3.2867 42.1243
v 42.9895 -40.6629 -50.0964
v -4.55353 -22.64 -5.21741
v 43.0691 -40.9584 -51.7531
v -28.1476 -3.26265 41.6911
v -28.5155 -4.60732 41.5399
v 47.4309 -41.7404 -52.2849
v 49.9439 -41.7985 -51.8917
v 51.7539 -41.8252 -51.9579
v 38.2073 -11.927 2.44772
v 48.9475 -27.0909 -24.1048
v 25.7939 -40.9359 -45.224
v 48.959 -38.5593 -40.4109
v -26.5163 0.322774 24.6101
v 41.235 -13.2366 -0.319221
v -3.21601 -14.2861 12.2311
v 66.4687 -5.15035 14.9763
v -32.1799 -0.251928 28.7153
v -34.2032 -1.78831 28.9519
v 46.4776 -13.328 2.56723
v 37.0785 -34.3914 -39.7257
v 54.3436 -25.0252 -18.6097
v 34.3573 -41.6687 -48.8492
v 38.0999 -33.324 -38.7701
v 37.4718 -42.0561 -51.221
v -12.4067 -17.4785 13.4376
v 36.4321 -41.0365 -48.4211
v 39.7394 -40.6616 -49.295
v 50.0829 1.73031 25.0341
v 50.1224 2.55314 25.3681
v -31.195 -0.299557 27.2353
v 51.9898 2.4933 26.094
v 52.4809 1.70884 25.7403
v -30.4744 -0.6525 25.8356
v -29.2527 0.659624 26.8162
v -28.1254 1.39817 27.5807
v 58.1133 -17.5765 -4.03646
v 32.2484 -42.9527 -58.6212
v 42.3218 -23.0454 -23.5402
v 13.7932 -39.5333 -41.1293
v 14.4244 -40.0099 -43.1913
v 12.4002 -39.1238 -42.2733
v 52.2754 -4.66272 20.7877
v 66.5046 -4.17739 16.4322
v 56.3937 -4.65275 20.7368
v 14.9528 -9.38888 11.3919
v 55.8724 -3.23844 22.2202
v 36.9057 -7.9707 12.2667
v 37.2932 -26.3192 -29.1533
v 52.8142 -13.5398 -1.13754
v 40.0576 -26.0404 -28.7605
v -21.9271 0.269921 22.4013
v 37.9808 -27.2227 -30.5286
v 39.2795 -27.9412 -31.4325
v 52.1459 -40.9683 -45.162
v 55.3932 -41.385 -44.6224
v 52.9358 -40.4608 -43.2253
v 62.6645 -1.19354 23.7345
v 37.5576 -16.1242 -11.0842
v 39.8187 -17.7035 -13.8042
v 54.7324 0.604879 25.8343
v -32.0644 -1.67319 26.0086
v 70.5555 -36.7467 -27.3815
v 43.8334 -13.3499 1.40756
v 56.0305 0.613527 26.7139
v 57.6331 0.217536 26.8756
v 56.8239 -0.120878 25.726
v 60.1378 -0.170099 26.666
v 53.4989 1.63679 26.1898
v 59.0132 0.150109 28.1591
v 52.1136 -13.1221 3.56712
v 52.8274 2.52282 26.9456
v 56.6512 -39.7314 -37.8935
v 59.9565 -40.2972 -37.5323
v 61.1021 -41.4381 -40.8626
v -16.7263 -0.746275 16.0599
v 64.7018 -41.1567 -38.7693
v 60.8644 -40.9453 -38.8723
v 61.6822 -39.8813 -35.6323
v 63.9351 -40.3147 -36.256
v 58.5359 -40.5821 -39.0612
v 67.9368 -39.5445 -33.8755
v 56.8919 -38.7022 -35.3442
v -25.2911 0.788825 25.6689
v 70.3336 -40.9657 -38.6927
v -27.1265 1.45466 27.3324
v 66.948 -40.9435 -37.6228
v 70.4975 -40.4511 -36.6687
v 68.5044 -41.1309 -38.5536
v 66.3403 -41.5673 -40.3081
v 23.9065 -17.378 -2.85037
v 63.0475 -42.0288 -42.754
v 58.6622 -41.1685 -41.354
v 58.9981 -41.7065 -43.2745
v 56.9071 -41.8171 -45.7348
v 58.7299 0.331976 30.2556
v 56.4353 0.807822 28.372
v 56.9077 0.673485 30.9202
v 56.0548 1.13929 33.1422
v 54.4814 1.73875 33.1047
v 54.3951 2.15104 35.2638
v 53.9305 2.6388 36.8071
v 55.9315 1.80687 35.8998
v 57.3551 0.963126 33.7387
v 55.3027 2.57923 38.1827
v 52.6751 3.80607 38.0602
v 54.5383 3.34732 39.5989
v 55.9206 4.15892 41.9677
v 57.1524 2.27156 38.3896
v 57.5296 3.52831 41.4532
v 52.7106 4.36877 39.5591
v 59.888 2.58132 39.7356
v 58.2139 0.610105 32.1876
v 60.5323 4.23375 42.7562
v 62.2105 4.84356 43.4973
v 61.9778 2.79134 39.8164
v 63.9572 2.99337 38.9049
v 61.4499 2.27978 38.8735
v 64.0779 2.37121 37.0026
v 65.5371 3.28191 37.8799
v 65.6474 2.55773 35.3126
v 60.3807 1.45281 36.4535
v 64.2417 1.59733 33.877
v 63.3477 3.83552 40.9878
v 62.3575 1.66236 36.2947
v 63.5436 4.64308 42.4419
v 64.8834 1.37212 32.0245
v 61.9536 1.00326 33.9606
v 61.1857 0.719535 33.0779
v 62.8316 0.9263 33.0661
v 65.408 4.12504 39.5171
v 65.1499 4.609 41.0269
v 60.5732 0.258056 30.3865
v 63.7941 0.52472 29.6323
v 64.3968 0.556091 27.7474
v 62.2486 0.0731764 27.7248
v 61.5516 0.125699 28.4982
v 65.4237 1.2465 29.3792
v 60.435 0.0829654 28.5856
v 66.6471 5.68465 41.4421
v 65.2626 6.08103 43.4094
v 57.5719 1.62388 36.6006
v 54.6079 4.48677 41.742
v 60.5958 -0.489885 25.5047
v 62.9788 -0.757017 24.141
v 63.5013 -0.260594 24.783
v 60.343 -0.930215 24.6686
v 62.3696 -0.117292 25.9682
v 66.1847 0.56142 23.6678
v 65.4272 0.679119 25.7316
v 65.4001 -0.690912 22.6897
v 64.6771 -0.106773 23.9992
v 64.0509 0.178813 25.8012
v 58.2727 0.909434 34.0455
v 8.82667 -4.95887 16.4098
v 9.76312 -4.94689 16.9932
v 59.342 -23.9611 -14.1571
v -17.0986 -17.3036 9.51796
v 54.4413 -13.3002 0.298163
v 56.3346 -12.9465 1.27426
v 53.7519 -13.0015 2.86241
v 54.6432 -12.8312 3.58375
v 53.4173 -13.2343 1.03642
v 51.0905 -13.3835 2.10093
v 51.3692 -13.4977 -0.308964
v 29.4909 -42.8313 -58.0835
v 26.7483 -42.2778 -58.5817
v 63.3109 -5.34299 17.788
v 65.1503 -2.75511 20.3385
v 41.2985 -4.67157 18.26
v 65.8876 -4.03751 17.5645
v 64.3322 -1.1923 22.9346
v 67.3339 -0.651878 20.9033
v 26.3724 -41.8899 -60.3307
v 33.5047 -17.8484 -10.9192
v -31.9378 1.95765 33.0632
v 43.0953 0.264202 23.1889
v 56.6593 -12.7008 2.70045
v -18.4556 -9.04119 28.2238
v -16.3563 -11.1096 25.2293
v -19.1444 -9.98719 27.9558
v -20.3865 -9.42621 29.298
v -17.2688 -12.1209 24.618
v -22.201 -10.9491 28.3567
v -21.9638 -11.9818 26.9709
v -20.6771 -8.18283 31.0225
v -21.9615 -8.69526 31.8093
v -19.4603 -9.16598 28.8465
v -24.3635 -11.281 29.023
v -26.0941 -11.4513 29.9913
v -29.1452 -11.4979 30.3015
v -23.7827 -10.6206 30.0288
v -25.6563 -11.9646 28.1561
v -27.4303 -11.9163 28.9874
v -23.715 -11.9547 27.4049
v -23.9409 -9.78035 31.9531
v -25.4545 -12.6124 26.4634
v -29.4659 -12.0742 26.5505
v -30.8244 -10.933 31.5237
v -28.0594 -12.3695 26.9041
v -26.7197 -12.3996 27.1062
v -26.1648 -12.9565 25.2537
v -30.4513 -10.2612 33.3991
v -29.7122 -11.8375 28.3388
v -32.1747 -10.6279 31.3585
v -28.4356 -8.86203 36.4795
v -29.4676 -9.30418 35.8163
v -28.8643 -10.1306 33.7887
v -28.1465 -7.93802 37.885
v -27.2688 -10.7407 31.8582
v -25.0287 -9.47805 33.0488
v -29.6262 -7.90629 38.7805
v -28.4755 -7.03439 39.3203
v -26.5869 -7.00279 37.9067
v -24.6348 -8.04529 35.1732
v -27.8432 -5.69085 40.1579
v -23.5594 -8.40589 33.5638
v -21.4297 -6.69362 33.4377
v -22.5837 -7.48882 33.8337
v -29.1559 -5.79617 41.2283
v -30.3325 -5.47425 42.275
v -25.059 -6.82624 37.0154
v -28.7181 -10.8823 32.0458
v -32.1848 -8.67786 37.3056
v -31.5878 -9.53787 35.4763
v -30.8355 -8.20918 38.6335
v -34.2545 -8.89268 35.5252
v -35.5012 -7.83202 37.1066
v -32.421 -10.0114 33.5005
v -36.5975 -6.99136 38.435
v -35.3953 -7.06913 39.9341
v -33.1661 -7.46537 40.437
v -33.1908 -6.89218 41.7399
v -36.9357 -6.0304 41.0062
v -35.6139 -6.14426 41.8756
v -33.3854 -8.14993 38.3077
v -34.643 -6.00911 42.51
v -37.3149 -4.90834 42.5501
v -35.5 -4.41727 43.766
v -31.4094 -11.2707 29.4493
v -27.0341 -12.8551 24.7349
v -29.8514 -11.8196 25.4313
v -30.8281 -11.4886 27.7812
v -32.1057 -11.0806 28.8557
v -16.0904 -10.2905 25.8566
v -31.1474 -3.74648 43.5217
v -31.5824 -6.97222 41.4946
v 68.8609 -34.3397 -23.1411
v 64.3966 -33.9072 -24.1637
v 67.5824 -32.0283 -20.6095
v 71.6976 -34.9243 -23.4115
v 65.2648 -32.5773 -22.3269
v 64.6385 -31.1458 -21.0809
v 65.7933 -29.2866 -19.2659
v 62.4819 -32.5867 -23.4199
v 66.6919 -31.0014 -20.0581
v 62.6599 -31.0952 -22.1096
v 67.344 -28.6433 -18.2551
v -31.8483 -5.45531 42.9347
v 68.5125 -30.7892 -18.997
v 70.559 -35.7314 -25.2619
v 72.0715 -36.6863 -26.7615
v 72.018 -37.4109 -28.3164
v 65.1999 -28.3373 -18.7194
v -21.6233 -15.1701 21.0238
v 39.3637 -23.5537 -24.5629
v -20.8374 -15.6987 19.4509
v -22.806 -15.1274 20.5808
v -22.0396 -15.7139 18.0337
v 23.3917 33.8253 77.6208
v -23.5807 -15.1202 19.0828
v -36.6216 -7.57929 35.7402
v 50.0955 15.1618 46.0949
v 93.3145 -1.43834 -15.1281
v 19.9769 13.6272 39.8913
v 30.1495 26.6983 48.6865
v 20.2665 13.5822 38.5978
v 28.6488 26.7307 48.6719
v 31.404 26.3994 48.4696
v 45.3675 4.72041 -57.3797
v 31.4791 26.2852 47.1514
v 74.4114 -10.7645 -5.15381
v 73.6014 -11.9922 -5.18237
v 74.38 -11.812 -5.83088
v 73.2176 -12.9032 -5.35259
v 75.3892 -10.3093 -6.16002
v 76.5459 -11.4224 -6.8079
v 75.6596 -10.4927 -6.52171
v 64.963 20.8244 37.7871
v 77.7645 -12.8013 -7.20944
v 63.0104 22.062 39.5477
v 23.5291 -8.43197 -97.8066
v 74.0616 -27.3257 -67.5008
v 7.32427 -2.75574 20.488
v -13.4828 -1.31134 18.1413
v -10.8716 -1.78643 16.4459
v -15.3525 -0.807343 17.7824
v -13.6482 -0.760643 14.1111
v 1.3422 15.1137 29.8655
v 2.48043 16.7308 28.9272
v 2.87256 17.2705 29.3925
v 3.15119 19.0074 34.9494
v 90.1439 -11.1164 -3.47232
v 70.4342 10.7857 37.9324
v 89.7807 -10.2304 -3.76859
v 89.8462 -11.6397 -4.15834
v 14.2959 15.1866 40.8088
v 60.975 -1.93582 23.1947
v 74.3393 -4.26002 -2.90318
v 31.8755 2.85365 -59.9982
v 30.6077 2.90341 -58.3911
v 32.0803 3.30673 -57.4394
v 29.5883 3.08788 -55.8378
v 27.8577 2.64182 -56.7638
v 63.7003 -3.98105 -80.5326
v 34.9135 3.3946 -59.3919
v 32.7635 2.61414 -62.2922
v 34.4396 3.00027 -61.5456
v 36.2181 3.08005 -62.1854
v -24.9655 -13.6651 23.8943
v -22.807 -14.4609 22.783
v -23.4647 -13.4277 24.7544
v -26.4113 -13.726 22.2906
v 3.14446 -28.0126 -14.8517
v 2.01586 -27.6894 -15.5676
v 1.81261 -27.4342 -14.5728
v 2.31591 -28.7627 -17.4244
v 4.11119 -27.6114 -12.8069
v -15.491 -8.73298 26.1676
v 37.0501 8.30726 -39.3563
v 38.0738 8.78376 -38.2926
v 38.082 7.86542 -42.415
v 39.112 8.66727 -39.8315
v 47.8432 2.62412 24.6996
v 48.4804 1.90868 24.5739
v 64.6834 -6.27906 14.5561
v 66.0879 -5.93872 13.8263
v 66.3843 -6.37403 12.6418
v 63.9627 -7.46818 12.9036
v 6.63516 3.6137 39.0444
v 65.7583 -7.62898 11.1822
v 62.998 -8.63833 11.5752
v 62.1115 -7.20698 14.526
v 58.1336 -7.99602 15.2165
v 58.9613 -9.39101 12.8299
v 60.1791 -8.8266 12.9033
v 59.8508 -9.36318 11.8383
v 62.4804 -9.87856 9.18753
v 37.8245 10.5834 -30.4859
v 0.993476 7.55151 49.7971
v 10.769 18.349 29.1179
v 10.8834 18.7544 30.7774
v 10.7292 19.2347 32.142
v 30.3482 -8.0369 14.1124
v 46.9415 27.2876 75.4323
v -19.1652 -1.07962 16.2535
v -21.0571 -0.2721 18.858
v -22.621 -0.785754 18.2075
v -23.1057 -0.368934 19.6266
v -24.4307 -1.57365 18.275
v -24.33 -0.506181 21.2569
v -25.8692 -2.45394 18.456
v -25.7208 -1.5341 20.1116
v -20.6437 -1.73797 15.5494
v -18.1524 -1.4638 14.4867
v -16.7065 -0.933059 14.8918
v -17.4321 -1.87687 12.2963
v -14.027 -0.981132 13.0595
v -18.0876 -3.20206 10.7183
v -19.9313 -2.58377 13.3915
v -16.0852 -0.663583 16.885
v 15.8164 17.4636 65.54
v 63.4568 -34.7412 -25.8199
v 59.6429 28.9886 81.1724
v 100.21 0.90705 4.13158
v 101.242 1.81726 3.51706
v 101.715 2.12745 4.8006
v 100.982 1.12931 6.02787
v 100.035 0.0362867 5.77198
v 101.297 -0.18033 8.74277
v 100.471 -0.885231 7.64782
v 98.9904 -2.29206 6.29243
v 98.5452 -1.44163 4.80839
v 100.564 -1.94998 8.67138
v 99.1702 -3.23049 7.16973
v 100.126 -3.29622 8.60378
v 100.6 -4.62272 9.3199
v 99.0645 -4.54432 7.33926
v 102.673 2.66205 7.58966
v 101.199 -2.62297 9.732
v 37.7209 18.7177 14.6706
v 22.6025 9.6081 48.0356
v 100.52 -17.1097 0.600504
v 24.3523 31.9014 82.8245
v 24.3929 -11.7155 8.0768
v 25.2362 -10.9605 9.50015
v 22.6543 -9.5273 11.9061
v 24.7001 -10.2616 10.6492
v 22.2713 -10.8009 9.88172
v 22.2808 -11.457 8.66836
v 102.928 -2.93453 -16.4866
v 102.35 1.96991 8.14795
v 74.7359 -8.62024 -62.6773
v 11.9798 16.5008 17.8289
v -33.5128 -5.6199 43.0543
v -31.7726 -6.36212 42.1951
v 14.2123 7.41019 39.9199
v 6.19713 13.8313 16.8202
v 66.7354 -7.78323 9.89432
v 67.8445 -7.81248 8.75814
v 65.0483 -9.73827 7.71806
v 75.6301 -12.9098 -6.03565
v 64.3687 -8.73936 10.2897
v 65.9976 -10.0518 5.56354
v 67.6547 -9.35341 4.33272
v 63.7555 -10.362 7.37061
v 65.068 -11.0773 3.79935
v 66.3335 -10.5313 3.64596
v 63.4839 -11.6282 3.36446
v 65.2119 -11.4468 2.63825
v 61.3957 -11.9369 3.89237
v 66.6288 -11.2131 2.25322
v 61.3412 -10.2898 8.97516
v 76.8447 -13.82 -6.47773
v 60.7325 -11.6991 5.4343
v 59.2657 -11.0849 8.00059
v 63.5238 -12.8228 1.31418
v 58.9593 -11.3809 7.21697
v 58.185 -12.6518 2.58413
v 56.4254 -12.3815 4.47641
v 57.9428 -11.1182 8.88773
v 59.0549 -10.8097 9.44224
v 62.4253 -12.2466 2.62752
v 62.0795 -13.1019 1.06345
v 56.027 -12.0908 6.0102
v 3.56584 6.8033 48.0843
v 15.4493 18.0529 68.0554
v 46.3937 4.21899 -59.7614
v -18.0027 -16.5184 8.73538
v -18.3628 -16.5043 11.3881
v 70.0983 -33.5588 -21.2851
v -19.2616 -15.721 10.2742
v -19.3868 -16.2874 12.8555
v -20.771 -15.472 12.2907
v -19.7885 -15.0677 9.68748
v -21.937 -15.2698 13.6745
v 33.8207 -27.8683 -29.3377
v 27.9046 -42.2233 -60.6832
v -32.9928 3.1138 43.4888
v 31.971 -3.04468 -92.4269
v -31.6449 2.41896 43.4529
v -7.92915 -4.98182 16.6574
v -9.00659 -3.65282 16.8212
v -7.81855 -5.69938 17.1366
v -5.16053 -4.9387 12.4224
v -7.26929 -4.15906 14.6145
v -5.35781 -7.60328 15.6201
v -5.69224 -6.40432 14.914
v -2.98706 -7.4062 12.6691
v -2.96126 -5.71488 10.5832
v -1.56364 -7.47844 10.751
v -1.54317 -8.67475 11.6506
v -2.95837 -4.47888 8.95217
v -7.00268 -3.03092 11.9794
v -0.818784 -6.81515 8.75626
v -1.08532 -5.98697 8.14638
v -4.18839 -4.32754 10.2052
v -2.94473 -8.41498 13.6019
v -0.227366 -6.55683 7.90624
v -3.03272 -3.7703 7.8598
v -6.19253 -7.67384 16.8603
v -10.146 -3.8157 18.7946
v -7.11147 -3.6638 13.4874
v -12.0587 -3.84474 20.7756
v -10.9942 -5.95477 21.1581
v -5.30798 -8.6923 16.2884
v -10.0098 -4.83481 19.4288
v -5.07473 -9.74105 16.4372
v -3.81912 -9.28902 15.0887
v -32.3187 3.64787 41.8233
v 53.4078 6.2652 43.6575
v -34.4892 4.08052 42.7754
v 51.6691 8.1252 43.9566
v 54.4629 7.73711 46.2959
v 55.0571 6.16269 44.8152
v 55.9028 6.65552 45.638
v 53.1696 8.58727 46.1499
v 53.5807 9.30903 48.0583
v 54.6868 8.85757 48.3965
v -35.5852 4.28003 41.9477
v -35.2716 3.52556 43.6412
v -34.898 2.83352 44.1625
v -33.4324 1.30716 44.8375
v 72.4223 -21.5044 -81.3877
v 70.8469 1.17537 15.1477
v 72.4296 -22.7516 -79.7487
v 72.2596 -23.8499 -80.6466
v 71.3512 2.33096 14.6111
v 70.9084 3.18846 16.7574
v 71.2702 3.68684 15.8877
v 72.5816 -20.9743 -83.0648
v 72.4447 -19.218 -83.1043
v 72.562 -21.9593 -82.3953
v 66.2257 1.2118 27.1966
v 72.4171 -17.4026 -82.2632
v 64.3845 -29.4309 -20.0483
v 62.6467 -29.9427 -21.0816
v 72.5503 -19.7897 -79.462
v 72.3399 -16.5708 -80.4684
v 95.0578 -21.0507 -7.83012
v 61.6853 14.3347 -3.90925
v 10.2055 2.10801 37.4362
v 12.4772 2.1158 36.8409
v 58.9856 28.8459 81.7802
v 58.3201 27.955 82.0312
v 77.5468 -15.1486 -6.8463
v 58.2497 29.9611 82.1277
v 58.959 26.4416 81.6669
v 57.2075 28.842 82.9944
v 78.7239 -15.6773 -8.31106
v 69.9936 -39.0227 -32.5959
v 60.6596 28.0857 61.1103
v 59.0886 27.3321 57.189
v 57.5537 27.8095 58.2682
v -9.14622 -10.324 -8.20293
v -9.59478 -8.96076 -6.90272
v -10.0487 -9.86083 -6.60015
v 70.5878 -30.4069 -73.0627
v 71.604 -28.9544 -71.803
v -8.95237 23.1971 66.9794
v 20.484 -5.32238 -78.9107
v 22.4602 -8.36386 13.506
v 30.8345 -21.1995 -17.1105
v 25.7888 -1.60905 -76.2482
v 40.0502 7.41586 -45.3927
v 29.2403 -0.214496 -75.8036
v 57.5869 20.4217 28.0879
v 59.5905 -42.111 -45.3803
v 61.5675 -42.2053 -44.3968
v -29.7811 -6.94507 40.5414
v -31.4384 -7.71093 40.0846
v 12.9143 24.7633 85.2989
v 11.0874 25.6192 85.0112
v 11.6632 24.1059 83.286
v 11.7928 26.5288 86.4492
v 10.6031 28.4717 86.6206
v 58.0522 26.3924 52.7022
v -13.3328 -1.94301 20.0484
v 58.4786 27.0575 55.3693
v 59.3125 20.1255 26.8753
v 3.81599 -7.01624 6.62929
v 63.0262 -39.1774 -33.6396
v 53.6135 -41.5634 -47.1218
v -28.8679 -0.493935 24.3889
v 57.0691 21.19 31.7005
v 93.2509 -4.16704 -31.2321
v 63.1501 5.45708 44.0024
v 22.0584 -2.94397 -72.95
v 92.7048 -20.2982 -7.5909
v 90.9256 -20.4758 -8.84475
v 90.9968 -19.3272 -7.91929
v 92.188 -18.8401 -6.69188
v 91.4809 -21.8268 -9.99119
v 92.4833 -22.9423 -11.1983
v 90.6948 -22.8639 -11.5007
v 89.4446 -22.1899 -11.2547
v 88.2316 -21.3348 -11.0296
v 31.2498 1.83212 -67.2535
v 86.9001 -22.2371 -12.2205
v 87.3515 -23.5261 -13.1324
v 91.346 -23.8882 -12.8682
v 88.0078 -19.6221 -9.99706
v 89.1595 -18.0372 -8.24462
v 86.7361 -19.922 -10.5974
v 92.2607 -25.1085 -14.8845
v 90.8398 -25.4631 -15.362
v 92.5546 -24.1129 -13.1443
v 91.2482 -26.8452 -17.6497
v 93.7444 -25.5561 -16.0635
v 88.5618 -28.4035 -18.6847
v 90.0762 -27.7761 -18.7751
v 95.6692 -23.9113 -13.4459
v 88.9843 -26.2605 -16.3513
v 91.1357 -28.2595 -20.1958
v 88.6679 -28.9854 -19.7864
v 93.3477 -27.0818 -19.2113
v 87.6144 -26.9303 -16.7472
v 94.7412 -25.7855 -17.03
v 95.0226 -26.4402 -19.1234
v 87.2832 -28.9782 -18.5583
v 88.4933 -25.6709 -15.5375
v 88.7354 -24.1673 -13.6242
v 88.7237 -16.1984 -7.2465
v 90.5152 -17.0409 -6.89788
v 90.0374 -15.3577 -5.91539
v 88.7553 -13.7181 -5.88384
v 90.655 -14.1733 -4.54992
v 87.8019 -14.1482 -6.61339
v 92.0596 -15.9455 -4.32355
v 89.2729 -12.6403 -4.96017
v 86.1785 -16.6366 -8.74138
v 85.6858 -17.1485 -9.43762
v 95.98 -23.7215 -13.1256
v 97.7596 -23.0091 -12.6533
v 92.7097 -28.2174 -21.749
v 98.4659 -23.1466 -15.1822
v 99.5052 -22.1982 -12.2101
v 86.4847 -15.2126 -7.97962
v 95.9343 -25.2294 -16.5326
v 86.4314 -14.0345 -7.79573
v 27.5563 -39.4243 -40.9469
v 93.1848 -2.95614 -3.4714
v 98.1209 -20.7467 -6.4969
v 16.5789 21.363 80.698
v 24.3993 29.694 82.6124
v 13.5786 -33.7938 -60.4819
v 25.0449 25.3351 45.1748
v 21.7042 -41.1752 -51.6442
v 72.4387 1.24032 8.21378
v 22.6345 31.2862 65.5236
v 48.9045 0.667341 -82.5401
v 73.7801 -23.4087 -68.4194
v -3.9249 25.0337 62.7667
v 62.77 22.4988 72.6903
v 81.2096 -7.98388 -51.4626
v 83.7387 -9.8059 -48.9121
v 28.785 8.76982 49.4638
v 58.0595 17.0858 14.8876
v 21.0611 8.79112 38.9899
v -7.06476 -20.8897 -6.63197
v 98.6438 -0.336424 -9.53459
v 20.3497 25.7527 85.3912
v 85.4828 -4.45371 -40.4231
v 35.1191 3.94173 -57.0542
v 29.5072 24.6789 40.7652
v 51.5769 13.1111 55.0635
v -3.2047 9.31395 49.446
v 58.4471 -3.95406 21.2357
v 58.9024 -1.98242 23.4298
v 36.9943 18.2239 11.0705
v -23.3569 -5.70151 36.0831
v -21.0558 -5.8725 33.4183
v -0.536972 25.8194 65.5202
v 27.562 28.013 76.1272
v 37.0777 1.35425 25.4807
v 38.6372 1.7969 25.5668
v 34.7227 0.82889 25.3321
v 39.3756 0.621599 24.0267
v 38.2749 -0.748941 22.5887
v 36.9492 0.0772727 23.7429
v 34.9642 -2.23538 21.2942
v 40.1915 -1.16133 21.7045
v 38.8254 -2.71284 20.2703
v 26.184 25.4708 78.0486
v 25.5172 27.7174 80.055
v 25.7528 26.5978 79.1731
v 24.7423 25.2476 79.5492
v 23.9772 26.1511 81.3155
v 24.5079 27.9487 81.6325
v 24.9767 29.6012 81.5071
v 23.5774 28.1253 83.144
v 27.6079 25.8844 75.6732
v 27.729 24.4731 74.7598
v 26.9597 24.2154 75.6131
v 26.3763 23.2589 75.8533
v 40.3193 -2.69997 20.2738
v 23.148 29.1652 84.5067
v 19.5257 17.0464 39.3368
v 37.3865 16.6839 -4.55778
v 38.7505 16.6254 -5.86676
v 103.357 2.66749 0.393726
v 104.35 1.99478 -2.61056
v 36.0786 16.4465 -4.17715
v 37.2994 16.2548 -7.67083
v 6.12095 22.7545 59.2717
v 105.689 2.72292 -1.05188
v 54.5171 -0.253809 24.8388
v 56.1634 -0.371397 25.1246
v 63.8763 -42.4369 -45.3148
v 55.2078 -2.02481 23.5436
v 48.7526 -41.9191 -54.1097
v 61.3265 28.3413 62.4592
v -38.0973 -4.10011 42.78
v 3.85415 18.5881 32.7357
v 22.4596 -8.18385 -94.1737
v 28.6382 2.24234 -59.6897
v -15.5481 -3.33178 9.20364
v 26.7562 23.6723 39.1073
v -17.9345 -4.79761 7.59854
v -18.3092 -4.34469 8.8892
v -17.3184 -3.92558 9.25461
v -18.7493 -3.95775 9.93785
v -5.0679 -22.9028 -10.9736
v -16.3565 -3.19492 9.99085
v 56.8011 -1.21573 24.2568
v 59.1476 -0.441693 25.5495
v 65.5286 -24.4844 -12.4287
v 68.3113 -24.8557 -12.184
v 66.6149 -25.4213 -14.1428
v 70.5055 -25.1965 -12.1889
v 78.7852 -13.0894 -8.09476
v 28.5869 -39.8532 -42.7267
v -1.73608 7.32113 43.9096
v 66.96 -24.1199 -11.0459
v 25.1452 -8.45848 13.6386
v 65.8595 -22.8566 -9.42221
v 68.4984 -23.2625 -9.19194
v 70.2057 -24.4968 -10.7498
v 65.7168 -21.5342 -7.84557
v 71.4578 -23.6555 -9.30473
v 68.6254 -21.7382 -7.52258
v 72.4059 -24.5483 -10.6177
v 71.4117 -22.7752 -8.35409
v 71.4978 -21.7566 -7.5287
v 65.8759 -20.7098 -7.08465
v 64.7995 -20.3391 -6.76122
v 64.3659 -19.3604 -5.61057
v 68.2866 -20.2451 -6.46921
v 63.3463 -21.2311 -7.87761
v 62.6704 -19.8887 -6.09497
v 62.2003 -18.2049 -4.51666
v -2.57272 24.8334 58.9172
v 66.7962 -27.6869 -17.6218
v 20.8694 17.6325 35.5194
v 11.1495 -16.9599 4.11203
v 9.63316 10.8103 49.8896
v -32.199 -0.448631 44.7508
v 10.5221 11.4518 49.1313
v 10.1527 10.2895 48.6956
v 61.436 16.361 8.55182
v 60.0002 16.5532 9.96815
v 52.1851 7.42452 -42.5349
v 34.6892 15.2784 -9.59535
v 101.037 1.87558 0.518915
v 101.763 2.04523 -0.552381
v 101.849 2.31091 2.45799
v 103.162 2.85941 2.01782
v 103.048 3.13638 4.10304
v -21.5175 -2.78672 14.4716
v 104.566 3.0587 1.28975
v 104.447 3.83375 4.36094
v 105.904 4.16535 3.38212
v 107.451 4.18612 2.4838
v 106.57 3.3841 0.625087
v 105.87 4.81249 5.37721
v 104.992 4.45802 6.35717
v 107.615 5.62 7.52184
v 103.223 3.38991 6.15334
v 104.754 4.3153 7.97264
v 103.841 3.62643 8.42695
v 104.239 3.58328 9.60618
v 73.139 -36.2337 -25.5217
v 106.441 5.17251 8.67969
v 38.7139 -16.5701 -12.0696
v 68.4626 -41.5928 -40.6049
v 29.7522 -1.09218 -80.4188
v 71.2832 -41.4282 -42.078
v 74.0421 -40.4822 -39.7337
v 73.8265 -40.8378 -41.7181
v 69.6723 -42.078 -43.8525
v -0.478111 -11.4389 10.5767
v 52.5894 -23.6371 -17.6942
v 24.9788 23.7814 40.0982
v 16.929 -6.61172 14.7554
v 20.0387 11.098 40.7019
v 30.0061 0.13734 24.6569
v 20.1223 10.7887 39.4756
v 19.9858 12.065 39.9735
v 20.6125 11.1009 37.7235
v 43.4702 4.3475 -58.9839
v 67.6581 -41.9105 -42.1975
v -9.92992 -10.7812 20.1468
v -4.13888 26.6298 66.8678
v 35.5276 1.96008 27.7469
v 19.8976 12.3268 52.7705
v 38.8342 15.8114 -11.6737
v 53.131 -9.54536 13.3821
v 7.29763 17.1653 60.1574
v 54.8859 -8.37503 15.2373
v 6.81234 18.837 62.0624
v 87.8422 -3.43088 -36.8742
v 1.24906 10.1983 55.9965
v 15.9454 12.6305 7.40669
v 18.3333 -31.4079 -74.4451
v 28.2681 28.7844 57.8625
v 30.7361 0.471314 -75.0999
v 29.0191 1.20803 26.042
v -33.8355 -0.56418 45.1523
v 23.8297 24.0639 41.6116
v 19.4618 35.2316 79.2386
v 18.1057 35.1677 78.4291
v 16.5884 35.0632 77.9981
v 62.2532 7.21778 46.5402
v 29.2192 4.2289 -49.0984
v -1.07197 -11.0265 11.6296
v 61.3421 6.53936 45.8994
v 64.7834 18.2242 62.0656
v 47.3901 0.403646 -85.0782
v 98.1849 -3.28719 5.97295
v 72.6158 -7.17251 -65.3068
v 98.3593 -4.70891 6.60997
v 43.3785 -13.937 -1.71486
v 3.89352 16.6206 27.6358
v 27.8199 2.44669 28.8206
v 29.4845 1.89472 28.2199
v 27.7585 1.87762 26.4927
v 27.2822 2.54915 27.6862
v 23.1351 33.2767 72.161
v 30.0932 1.08347 26.13
v 26.3672 3.13377 27.0138
v 21.7065 33.0278 70.0167
v 27.0468 1.78195 25.9151
v 31.226 1.4052 26.9772
v 31.5478 0.979352 26.0228
v 32.992 1.54791 27.0604
v 110.071 -0.108998 -4.85463
v 63.777 -24.0415 -12.272
v 84.4929 -2.76087 -18.5989
v 8.98472 18.3632 28.9784
v -4.47208 12.1379 61.6238
v 71.93 -14.8007 -81.7259
v 8.04753 18.0546 28.5072
v 6.34777 17.2007 27.8124
v -5.37509 15.0362 72.3111
v -7.37156 16.3222 73.0207
v -7.22234 17.5132 74.8687
v -8.19502 18.2831 74.9217
v -6.68607 18.2608 75.8454
v -4.25825 15.6567 73.9217
v -4.69289 17.0821 75.4096
v -8.34351 15.881 70.3753
v -5.99601 19.111 76.6192
v -5.6008 20.231 77.1685
v -4.34141 18.6489 76.6604
v -7.59525 20.036 76.3544
v -10.2914 21.8139 74.5392
v -9.58045 19.4086 74.5193
v -8.95427 17.8793 73.7193
v -10.7849 20.1794 73.4407
v -10.3335 18.0685 72.0187
v -10.8772 18.8128 72.0826
v -11.7396 20.1914 71.4406
v -11.1125 21.7918 73.3389
v 46.5889 5.37717 -53.9464
v 7.63148 8.9575 50.0424
v 63.9581 -18.0291 -4.59017
v 64.1399 -16.9914 -3.5884
v 63.7501 -15.9327 -2.57558
v 65.4552 -15.6018 -2.86704
v 63.3293 -14.4887 -0.480832
v 65.8311 -14.5597 -1.28268
v 66.8772 -15.6197 -3.49714
v 66.5219 -17.0309 -4.57769
v 62.1191 -16.2654 -2.54232
v 27.4829 -10.25 10.5128
v 61.8374 -15.0906 -1.13701
v 43.2378 -4.86639 18.2968
v 12.5975 0.926213 35.2448
v -1.43221 -25.376 -23.2092
v 110.123 1.09378 -3.31369
v -24.2586 0.955704 26.7547
v 0.920965 16.2731 32.051
v 14.5458 -6.10615 15.3792
v 31.3619 24.7977 40.8724
v 62.6074 -3.70672 20.5325
v 49.6123 13.4935 37.988
v 30.8377 25.5025 43.3792
v -25.5356 -0.732519 21.8887
v 23.7539 -38.44 -85.8923
v -8.70743 -2.02699 11.9011
v 61.3986 -22.4882 -10.3074
v -5.26729 -22.6658 -8.71639
v 60.19 23.1124 42.1312
v -11.7192 22.0706 71.7017
v 45.6168 -41.4635 -52.9994
v 61.9495 27.4297 77.5688
v 72.3884 -4.62304 2.75695
v 58.762 30.9498 69.6062
v 62.0232 22.8408 41.7766
v 59.8283 30.7018 71.8359
v 8.51405 -36.0299 -43.318
v 57.4998 30.9633 69.0761
v 57.6977 31.1319 71.7066
v 79.4877 -8.08571 -53.8981
v 55.9508 31.5016 73.0571
v 82.0101 -10.4736 -52.3359
v 81.2912 -8.92741 -52.0801
v 83.187 -10.4643 -50.3224
v 15.9816 -33.4064 -65.6267
v 55.1805 30.9417 70.4864
v 15.8521 -35.1224 -62.9177
v 16.6994 -35.0206 -64.3794
v 15.0996 -33.8351 -63.2793
v 79.2723 -10.0256 -56.3304
v 77.7153 -11.0319 -59.3097
v 65.8177 -18.7193 -5.33018
v 66.8322 -19.4928 -6.1523
v -1.4328 -4.65432 7.03495
v 67.8139 -16.3895 -4.67129
v 67.7865 -17.6053 -5.24467
v 3.77932 24.1532 67.8409
v 2.91124 24.8391 67.3129
v 65.3129 -42.3692 -44.7198
v 19.6155 22.9306 82.8056
v 92.6823 -6.43406 0.118903
v 70.2916 -1.35653 13.8693
v 60.8294 17.5798 15.9988
v 65.134 21.528 42.7807
v -18.6437 -0.517222 17.7644
v -10.7752 -12.133 -5.84297
v -9.95152 -11.9673 -7.12292
v -9.96659 -14.1745 -7.12913
v -10.7299 -14.0595 -5.68779
v 32.6471 23.9309 35.8292
v -11.8974 -13.7465 -3.93987
v 32.997 23.6137 34.0918
v -9.95509 -15.5568 -6.4322
v -12.9353 -12.9185 -2.62178
v -13.0447 -14.6601 -1.77548
v -14.4589 -14.6212 0.306498
v -15.6117 -12.4755 1.07875
v -11.4928 -15.5324 -3.74346
v -17.2673 -13.9951 4.4508
v -17.46 -12.4999 3.92926
v -13.6807 -11.0312 -1.88812
v -18.6157 -14.7544 7.00428
v -18.6346 -13.7448 6.31243
v -15.4761 -15.0432 2.26208
v -11.3832 -16.4528 -3.18793
v -13.2487 -15.6537 -0.89409
v -19.3029 -12.7096 6.90917
v -19.3342 -11.3569 6.68794
v -13.7345 -16.5977 0.562739
v -18.9474 -9.0238 6.12055
v -17.8007 -11.1334 4.17885
v -17.9642 -7.94045 4.8671
v -14.0108 -9.27479 -1.51167
v -15.2482 -8.64361 0.126998
v -15.8723 -10.7949 1.03091
v -15.9306 -15.9783 3.7932
v -17.1249 -16.0063 5.9048
v -14.9253 -16.7831 2.76254
v -13.8307 -17.3884 1.63198
v -10.6956 -18.2298 -1.69828
v -12.8901 -18.0419 1.18052
v -11.1326 -18.7224 -0.0175164
v -16.7302 -9.54453 2.35962
v -12.07 -11.3643 -4.04589
v -20.8476 -11.5538 8.79518
v -20.4324 -12.7107 8.44377
v -20.6449 -9.04497 8.41433
v -21.7678 -9.12975 10.265
v -21.68 -12.8608 10.5384
v -23.0553 -10.1025 11.9571
v -24.2825 -8.52371 13.8605
v -22.8417 -7.95602 11.9722
v -21.6058 -7.36438 10.3778
v -24.1516 -10.0703 13.6431
v -24.8514 -10.1967 14.7693
v -22.7071 -11.4572 11.4897
v -24.6639 -12.3525 15.3716
v -20.807 -7.69299 8.9441
v -24.3829 -6.0864 14.4908
v -11.2572 -9.3774 -4.96889
v -25.8567 -10.941 16.5338
v -25.0015 -13.115 16.4619
v -21.6993 -13.7344 11.1553
v -27.9563 -11.5748 20.4989
v -28.7339 -10.2921 20.8809
v -27.0141 -9.80291 17.9239
v -29.1655 -11.0357 22.0317
v -27.7292 -8.78341 18.8058
v -28.6324 -7.74163 20.0034
v -28.1943 -6.8346 19.4477
v -27.0668 -12.7136 20.0391
v -29.5201 -9.04551 21.5283
v -23.0542 -12.5113 12.6129
v -23.8368 -12.5601 13.8153
v -30.2988 -10.1372 23.0434
v -23.2806 -13.6588 13.9385
v -22.6751 -14.5093 13.7638
v -21.5806 -14.4779 11.8231
v -29.453 -7.17168 21.2354
v -9.91156 -16.4931 -5.69738
v -28.4633 -12.0883 22.1924
v -29.6485 -11.6622 24.1689
v -28.5489 -12.3223 24.1659
v -30.8143 -7.68138 23.0195
v 33.8516 24.0575 36.5531
v -11.4037 -17.2646 -2.27103
v -22.0484 -5.56393 11.7301
v -9.82326 -17.4796 -4.4464
v -9.84317 -18.1137 -3.14131
v -8.6262 -18.6388 -3.87635
v 60.3144 30.6017 79.4112
v 13.6997 13.3904 9.45751
v 37.4954 -42.534 -56.7203
v 58.0709 28.3296 59.9949
v 37.2252 -42.4556 -60.3912
v 39.0933 -42.1742 -57.8188
v 40.0697 -41.8606 -59.8286
v 34.8655 -42.9207 -58.8137
v 41.4225 -41.5271 -57.0312
v 46.6217 10.4432 -28.4757
v 64.5557 19.6846 65.2987
v 71.7451 -5.81066 -64.8824
v -4.95331 -10.8928 16.3304
v 69.5561 -15.1819 -4.90816
v -3.58007 -10.1537 15.0256
v 61.8574 22.1155 38.017
v -3.27122 -11.1847 14.616
v 69.3594 6.31581 35.4848
v -2.22521 -9.75449 13.1415
v 15.4459 -11.041 9.54643
v 55.8131 22.541 37.5569
v -2.2789 -12.635 12.7442
v 57.0434 22.3476 36.3735
v 57.3631 22.2542 35.5426
v 56.9407 22.851 39.9863
v 58.5693 22.0262 37.3691
v 59.3665 21.9195 36.8799
v 59.9013 22.1719 38.0052
v 72.2479 -27.3564 -71.7406
v 58.1354 22.9936 41.3555
v 9.95508 16.2567 51.4002
v 55.0685 31.086 71.7421
v 55.6852 32.4971 75.9164
v 53.9265 31.5356 73.2948
v 52.6866 31.5066 74.0054
v 52.7158 30.5987 71.9377
v 51.3158 31.1999 74.6002
v 50.3963 30.7216 74.7965
v 48.5358 29.1298 75.5302
v 50.0597 31.5193 77.1306
v 52.9987 32.0851 75.7866
v 54.682 32.4343 75.6282
v 51.3154 32.2065 77.5497
v 49.6905 31.7912 78.7564
v 48.9648 31.1297 78.137
v 54.8786 32.8321 76.6292
v 55.8681 33.2181 77.9941
v 58.1612 31.4318 74.6596
v 51.4575 32.5648 79.2449
v 57.0871 31.4889 73.5898
v 53.3229 32.8552 81.2751
v 53.2261 33.137 80.0951
v 48.6384 30.972 79.1767
v 52.9019 32.8668 77.8444
v 48.1416 30.1863 80.0062
v 47.699 28.9872 76.8889
v 47.6651 29.7348 78.4868
v 47.3316 28.8946 79.1475
v 49.8981 31.2728 81.37
v 50.1798 31.9837 80.5296
v 50.2283 30.9015 82.0995
v 50.8347 31.9311 81.3264
v 48.9684 30.7579 77.2161
v 47.8788 29.0381 80.4471
v 91.0306 -4.37168 -34.9341
v 48.7117 29.8927 81.2664
v 91.6342 -6.49103 -36.5053
v 90.01 -6.28752 -38.0708
v 75.544 -15.6002 -63.9698
v 94.0669 -27.4056 -21.5658
v 10.1315 -36.2629 -48.8907
v 51.6488 -12.7089 5.42088
v 54.0352 -11.7373 8.10759
v 37.8095 3.52715 -60.5845
v 36.5737 2.54359 -65.3216
v 37.7896 4.57089 -56.279
v 48.0234 11.0202 12.7405
v 29.272 25.2197 42.5758
v 72.407 -39.7109 -34.5308
v 73.9004 -39.8595 -35.9293
v -4.35912 21.8555 53.0334
v 59.8948 1.89062 37.9604
v -19.4851 -8.24909 29.6495
v -5.74408 -22.1057 -6.20252
v 98.54 -1.48343 -16.2113
v 58.295 15.1931 -0.172012
v 39.1681 10.8679 -30.3926
v 34.2974 5.56746 -48.7255
v 84.5446 -0.735848 -28.0324
v 1.99198 16.8676 30.7153
v 58.5801 18.2936 19.0752
v 33.6942 18.6066 59.9415
v 59.6918 17.6024 16.1992
v 33.7549 16.9736 58.9426
v 32.2818 16.8296 61.4602
v 32.5771 19.7043 62.9982
v 33.4237 19.8528 61.1732
v 33.0326 21.8474 62.0902
v 34.407 21.3741 58.4923
v 32.0946 18.3461 62.9891
v 63.7847 -4.1552 -81.7507
v -9.81237 -1.631 13.1294
v 25.762 2.50526 -54.5714
v -19.0688 -3.00649 11.584
v 42.71 1.59961 24.1712
v 44.3347 2.18795 24.3649
v 41.8667 2.34053 24.639
v 44.6215 2.99665 24.4876
v 40.5168 1.25701 24.378
v 45.4661 3.40638 24.5077
v 40.777 2.91471 25.2156
v 45.7624 4.6776 24.0105
v 31.7117 25.9755 45.5703
v 62.8171 -22.5629 -10.0599
v 11.8334 8.15371 43.6849
v 11.4555 8.9739 45.0478
v 17.0417 32.9571 73.3471
v 19.5099 33.668 74.9334
v 20.9139 33.3046 71.2381
v 70.4386 -39.8191 -34.5815
v 19.5749 33.2576 71.7273
v 100.935 -6.5743 9.15827
v 20.5054 33.8715 75.5843
v 19.4931 34.1394 76.4727
v 37.0375 -16.8858 -12.5345
v 72.4561 -24.7347 -74.1554
v 36.0342 -16.7155 -11.8145
v 70.817 -32.083 -19.2701
v 71.067 -29.1509 -16.9935
v 69.8871 -31.2617 -18.8891
v 72.4532 -32.1131 -18.7109
v 72.7622 -33.244 -20.1739
v 71.5611 -29.4732 -16.9452
v 71.5844 -31.3113 -18.1858
v 73.5966 -30.0504 -16.7126
v 71.2046 -27.6145 -16.2117
v 73.0399 -34.2523 -21.8295
v 74.3214 -33.8436 -20.9953
v 77.1861 -32.8974 -19.8241
v 76.54 -34.5456 -22.5793
v 78.3436 -33.9845 -21.9038
v 77.4483 -35.628 -24.9103
v 80.0313 -34.0598 -22.6604
v 81.3116 -34.5063 -24.3938
v 82.342 -33.2867 -22.228
v 80.9588 -35.172 -25.5144
v 75.7999 -36.6498 -26.6547
v 84.3801 -32.8083 -22.3454
v 85.2894 -31.9891 -21.2218
v 74.3534 -35.8432 -24.8343
v 86.1454 -30.1043 -19.0882
v 83.5322 -31.2472 -19.2759
v 82.2578 -29.9928 -17.5607
v 83.6545 -32.8453 -21.4503
v 81.2687 -31.3606 -18.7193
v 80.5082 -30.6275 -17.6867
v 78.6618 -28.3618 -15.0667
v 77.784 -30.4726 -17.1428
v 85.3165 -28.882 -17.4376
v 87.1928 -30.1185 -19.859
v 83.7974 -33.7175 -24.1882
v 82.2634 -35.6978 -27.8031
v 81.7881 -32.8576 -21.1318
v 83.0332 -32.2163 -20.3351
v 85.5646 -33.4159 -24.9162
v 81.1577 -28.395 -15.8484
v 86.455 -27.8471 -16.9988
v 84.6108 -26.133 -14.9357
v 84.7973 -27.688 -16.1593
v 85.7427 -25.2841 -14.6706
v 82.1907 -27.1742 -15.0913
v 83.4381 -23.9109 -13.5338
v 82.1479 -25.4858 -14.0021
v 82.9004 -22.025 -12.2146
v 84.5805 -23.2154 -13.3763
v 85.6289 -23.0515 -13.248
v 81.2542 -22.5988 -12.0964
v 82.7445 -20.7883 -11.701
v 81.0861 -20.1423 -11.6465
v 79.9893 -19.583 -11.0717
v 81.522 -19.626 -11.73
v 80.2342 -20.982 -11.6868
v 82.2043 -18.7745 -11.3058
v 82.9591 -20.1161 -11.7193
v 82.6525 -19.1875 -11.8118
v 84.185 -21.0359 -11.8331
v 83.25 -19.2432 -11.2635
v 83.9445 -18.1217 -10.4528
v 80.8144 -24.4659 -12.7406
v 79.8732 -27.2546 -14.4595
v 77.0261 -28.1792 -14.636
v 79.0813 -23.4823 -12.2484
v 77.4765 -24.3873 -12.7422
v 79.0809 -25.4047 -13.0447
v 78.8609 -26.5999 -13.7008
v 65.0826 14.9536 57.9335
v 63.6744 19.8221 67.5964
v 64.4327 21.4485 67.8773
v 26.7538 28.9409 56.8388
v 32.8643 25.2158 43.6082
v 66.6642 -13.4694 -0.236301
v 66.7405 -14.6266 -1.93343
v 61.2424 27.0603 57.8907
v 57.2506 -2.36616 -87.4614
v 36.1907 2.20937 -68.9333
v 26.2146 2.67072 25.9158
v 71.1295 -9.55184 -72.13
v 43.2362 -1.55093 21.5717
v 9.16299 19.3588 31.7905
v 43.0329 -2.63197 20.7031
v 84.4831 -24.9602 -14.2506
v 86.7685 -24.4491 -13.9527
v 71.6468 4.43501 14.761
v -0.938824 25.0452 58.2738
v 26.4927 3.27066 28.7731
v 41.8837 3.33842 -63.1645
v 60.8941 22.8331 41.0803
v 63.4421 22.2325 42.1718
v 39.7739 2.83715 -65.0538
v 42.9574 2.76398 -66.836
v 40.2518 2.5899 -67.1073
v 38.2438 2.23089 -69.1993
v 29.98 -4.72749 -98.1709
v 26.5213 -3.11661 -83.2472
v 53.2273 -26.0479 -20.5859
v 55.8536 -26.071 -19.3846
v 54.5242 -27.8648 -21.8241
v 56.0853 -26.9292 -20.2537
v 57.4111 -25.6085 -18.1276
v 57.709 -27.1626 -20.0302
v -8.97473 16.9743 71.8684
v 8.71801 9.84747 50.0331
v 15.015 13.5351 9.56502
v -4.49224 -3.46893 9.07988
v 18.8067 -33.4411 -71.6773
v 18.3437 -32.3511 -72.5411
v 48.8567 -14.222 -3.98432
v 38.0532 10.3989 45.9026
v 69.9164 -3.60018 11.8342
v 1.73707 -3.21384 -12.4914
v 68.7942 -4.38743 12.7511
v -11.69 -19.2311 3.14311
v 37.2794 -0.976982 -87.914
v 40.4311 -0.931996 -89.7814
v 41.5331 -1.49119 -92.2568
v 41.3894 -0.486536 -88.6671
v 39.3167 -0.288431 -86.769
v 40.2171 0.0305215 -86.0076
v 35.7268 -0.576658 -85.0598
v 36.2131 -0.97676 -87.282
v 38.8437 0.255092 -83.8222
v 37.2818 0.346008 -82.756
v 41.4747 0.290027 -85.1101
v 43.5493 0.436694 -84.5603
v 43.8556 1.01676 -80.9368
v 46.5956 1.25888 -79.4083
v 43.37 1.31161 -78.8547
v 40.8725 0.871934 -81.1944
v 40.0144 1.34513 -78.4027
v 37.5428 0.964341 -80.0198
v 35.509 0.966187 -78.8994
v 37.3174 1.46446 -76.9116
v 35.2601 1.30127 -76.9209
v 34.3647 1.08988 -77.3428
v 35.9717 1.6398 -74.4832
v 32.8811 1.10078 -74.9118
v 34.3527 1.37672 -75.158
v 33.4474 0.362058 -79.0666
v 31.9021 -0.3804 -80.1606
v 31.512 -0.13949 -78.8246
v 93.2941 -1.63192 -13.2028
v 90.9994 -6.36489 -2.92694
v 90.7518 -7.63574 -2.47457
v -15.8914 -17.0833 5.17879
v -17.191 -16.8058 7.22967
v -18.8229 -15.4664 8.36482
v 34.1449 -3.33439 -96.732
v 37.2176 -2.84195 -95.7578
v 35.9301 -3.53884 -97.8997
v 33.8068 -4.87574 -100.922
v 33.5502 -3.76216 -97.7746
v 102.058 -20.5789 -9.02703
v 99.694 -21.7916 -10.5904
v 31.2979 -5.18302 -100.386
v 100.862 -21.5612 -11.6248
v 29.5093 -5.45684 -99.672
v 29.4215 -6.25254 -101.148
v 29.0035 -6.97669 -102.349
v 27.5472 -7.32527 -101.525
v 28.178 -5.59636 -98.6606
v 26.5992 -8.34134 -102.329
v 26.108 -8.32632 -101.671
v 21.9456 35.1339 81.4737
v 70.1955 13.7858 38.8794
v 62.3369 26.661 58.4509
v 60.6216 25.578 51.1516
v 87.1164 -5.93201 -11.6522
v 62.5503 27.8512 75.9454
v 69.1718 -28.6323 -17.4505
v 48.9095 11.4151 12.1268
v 78.3749 -36.6507 -27.3628
v 74.3591 -36.8068 -26.8246
v -27.9606 2.54803 33.9736
v -7.02085 15.1681 70.651
v 24.4591 4.48889 -39.3633
v -29.3925 2.86853 34.9437
v 4.27604 -12.1094 8.94978
v 10.1908 -34.9844 -51.7414
v 78.9633 -1.02378 -40.0213
v 11.5405 -36.7466 -51.3295
v 47.4241 0.28627 23.5969
v -4.39402 -23.086 -6.8015
v 54.124 22.05 40.4251
v 69.2539 -16.6363 -5.19651
v 71.3598 -15.1921 -5.22529
v 71.1693 -14.1665 -5.16046
v -26.5504 -13.5047 20.9654
v -25.0203 -14.3733 20.1386
v 26.169 1.10937 24.8407
v -10.1508 21.1133 64.6233
v 15.0904 36.0795 80.2619
v 74.836 -39.6536 -36.0472
v 73.1881 -3.5326 0.881812
v 74.5516 -39.2829 -33.9305
v 74.6992 -38.4076 -31.3431
v 75.5601 -37.7919 -29.455
v 70.9108 -38.4851 -31.2356
v 73.584 -38.0805 -30.1522
v 76.4371 -38.6639 -33.0259
v 23.8621 10.1489 9.27677
v 35.8176 0.351718 -81.3267
v -32.2297 0.99648 44.4429
v -26.5758 -1.49166 21.2982
v -28.4068 -5.08952 20.285
v -28.0908 -3.41748 20.766
v 74.7373 -21.3643 -66.5474
v 72.4637 -22.3554 -76.8838
v 50.5016 -14.7573 -4.61976
v 72.2738 -24.2269 -78.9585
v 72.1636 -25.2716 -77.2412
v 71.7561 -26.6213 -77.6641
v 71.9782 -26.4708 -75.1861
v 71.7052 -26.6335 -80.2024
v 70.9867 -28.3312 -81.095
v 71.9724 -25.7404 -80.734
v 72.1264 -25.4947 -81.8463
v 61.6872 -42.476 -51.7336
v 58.9746 -42.3819 -51.1905
v 58.5267 -42.2611 -48.6217
v 57.2464 -42.3547 -53.4898
v 54.4483 -42.0435 -51.4384
v 84.8487 -8.55908 -46.3064
v 76.1129 -7.94273 -59.1218
v 33.2277 2.43224 -64.2393
v 43.1641 15.1267 27.3913
v 23.3518 9.91321 10.2641
v 23.9642 10.0531 12.4332
v 59.0649 30.2099 65.8043
v 74.0971 -13.787 -5.48244
v 74.4225 -15.741 -5.41964
v 106.511 -4.04157 -13.5637
v 67.8986 9.51235 44.3035
v -0.823282 -9.70951 11.1016
v 110.605 6.71772 9.12513
v 108.87 5.66439 6.31197
v 105.164 4.35873 9.62696
v 108.759 6.07249 9.50823
v 110.722 6.82816 10.2012
v 110.804 6.51063 8.03852
v 111.462 7.03119 12.3343
v 108.646 5.68342 11.7865
v 110.609 6.03361 13.6934
v 109.55 6.35802 10.9198
v 112.908 6.57801 8.07657
v 114.006 7.33019 9.70936
v 113.129 6.0009 7.13166
v 114.344 5.84273 7.24506
v 113.972 4.73169 5.7079
v 115.341 6.19631 7.8324
v 112.167 5.17468 5.49368
v 108.439 4.28226 13.9003
v 110.769 5.50699 5.63327
v 111.943 4.05791 3.57565
v 110.899 3.50625 1.95875
v 113.856 2.4975 2.83631
v 110.36 4.74248 3.96917
v 113.725 2.12942 2.2219
v 109.703 3.89635 2.07229
v 108.767 3.22068 0.0702372
v 111.494 1.74436 -0.562455
v 110.885 2.49437 -0.0844278
v 107.948 3.47357 0.53998
v 113.535 1.24547 0.890417
v 113.588 0.166281 -0.647588
v 108.452 5.09497 4.59112
v 114 7.64719 10.8793
v 115.781 7.36826 9.5718
v 115.799 6.57923 8.66552
v 112.372 6.50784 14.4059
v 112.601 7.34717 13.0414
v 112.434 5.69518 15.3337
v 113.86 5.59646 16.4162
v 113.083 4.36329 16.7044
v 110.253 3.05823 15.7235
v 115.237 3.93189 17.6869
v 114.228 6.75358 15.5764
v 115.065 6.38179 16.2607
v 114.023 7.55827 14.2187
v 113.852 7.82796 12.2607
v 113.451 2.52589 17.5077
v 110.301 2.23476 16.0749
v 112.003 2.74613 16.8678
v 52.7383 31.4839 82.7874
v 52.78 32.069 82.2693
v 58.8065 -25.5041 -17.3196
v 61.8215 -25.3472 -16.1746
v 20.3575 15.9954 36.4761
v 62.9096 -27.1888 -18.0552
v -10.0791 22.3214 67.0049
v 109.798 4.58323 14.5959
v 67.3261 -7.28171 -84.5921
v 68.1947 -8.14399 -85.0456
v 107.779 2.93611 14.2396
v 67.3852 -7.57586 -86.1821
v 6.39809 -2.24186 24.4387
v 6.40209 -2.18762 22.1422
v 54.2216 -5.28231 20.3322
v 10.585 -37.4509 -35.1196
v 59.4354 31.0731 73.5386
v 86.9211 -6.44126 -41.4688
v 26.9286 9.73129 50.9045
v 87.1152 -8.095 -43.0611
v 33.7655 2.27345 -66.1697
v -2.58499 -23.0839 -21.9264
v 55.6863 -18.5478 -6.20549
v 41.0661 4.22483 -58.5906
v 94.8266 -5.48271 -29.4816
v 107.612 -0.628026 -7.70362
v 40.3718 4.70436 -56.7493
v -19.7305 -7.54641 7.56818
v 38.7463 4.2684 -57.9146
v 102.502 -2.95412 11.2564
v 101.926 -4.01332 10.5854
v 102.35 -5.05137 10.8371
v 102.957 -3.88082 11.6066
v 103.027 -7.51207 10.48
v 102.864 -8.39921 9.91582
v 101.571 -8.72057 8.58137
v 103.757 -10.7447 8.99326
v 105.086 -11.0966 9.92122
v 105.179 -9.85665 11.0701
v 103.272 -6.14841 11.2717
v 106.128 -4.42473 13.8064
v 106.038 -2.17923 14.034
v 40.7213 5.32175 -54.1959
v 43.8763 12.7613 24.991
v 73.1762 -25.5707 -12.6844
v 74.4923 -24.0774 -10.5139
v 74.6451 -25.2347 -12.457
v 76.2561 -24.9061 -12.8033
v 73.4325 -23.5311 -9.33862
v 76.3332 -23.8781 -11.0031
v 76.7982 -22.89 -10.2654
v 75.0448 -22.5815 -8.84967
v 75.4567 -21.1457 -7.96949
v 104.138 -2.44418 12.6694
v 74.3249 -20.0754 -7.08986
v 77.1189 -21.5487 -9.44942
v 71.7893 -20.1214 -6.3306
v 71.0749 -18.8626 -5.63181
v 76.9139 -21.1249 -8.61172
v 70.6743 -20.1698 -6.26512
v 74.3536 -18.6164 -6.25072
v 42.9953 5.88814 -51.9182
v 40.2344 5.99991 -51.5604
v 42.2517 4.50772 -57.8592
v 75.8106 -39.791 -37.72
v 41.9519 -41.4416 -55.7993
v 45.9114 -13.8604 0.145351
v -2.37408 8.40174 47.1848
v -5.7244 12.3664 59.8788
v 68.8936 -2.75792 15.0454
v 57.3886 26.2685 82.2791
v 86.8594 -31.4556 -21.7298
v 49.2788 3.18332 25.1161
v 51.0485 3.4949 26.0128
v 50.5851 4.90708 25.9159
v 51.2479 4.20925 26.4633
v 49.4302 4.37972 24.9599
v 48.0345 3.54092 24.5982
v 48.1539 4.3454 24.1669
v 61.8072 5.86567 45.3587
v 108.368 -16.8486 4.46107
v 19.2573 35.8883 80.6158
v 23.1209 -40.6624 -42.717
v 34.5167 22.5961 26.3486
v 18.6488 36.655 82.6042
v 17.3695 36.5025 81.2427
v 20.497 36.0092 83.5568
v 17.6356 36.211 80.2221
v 21.0235 35.5087 82.1673
v 18.3646 36.7717 84.638
v 21.6013 35.423 83.6273
v 20.1148 36.0554 84.9292
v 16.5641 36.6488 85.5637
v 18.1763 36.1662 86.1132
v 15.5717 35.5603 87.0069
v 18.8134 35.3879 86.8337
v -27.2104 2.13817 29.659
v 14.8337 35.0379 78.2794
v 14.0049 33.5322 76.3458
v 13.8474 34.3604 77.5641
v 59.2725 5.06985 43.7465
v 11.2603 33.7094 78.5668
v 11.3638 34.7863 79.9531
v -6.33473 -21.1016 -3.8865
v -8.41977 -19.0707 -4.55731
v 107.062 2.96465 -1.03536
v -8.86163 23.0137 75.8905
v -10.0393 23.1479 74.6051
v 38.4586 -4.29051 -100.095
v 38.9781 -3.71371 -98.538
v -10.0354 24.421 73.8305
v 39.0986 -2.03941 -93.5735
v 40.472 -2.991 -96.5172
v -7.64145 -2.25664 0.435201
v -9.80533 25.5552 72.2413
v 70.0964 6.61494 28.4199
v 70.4686 7.83395 27.8908
v 32.4256 23.0301 63.757
v 49.5586 1.4815 -77.2253
v 69.1782 -1.45827 16.2121
v 69.1168 -0.300296 17.9038
v 70.1281 1.07728 17.3279
v 68.743 0.499676 19.6692
v 67.24 -2.32165 18.7398
v 69.6736 3.26171 19.8474
v 70.8037 4.49664 17.3052
v 58.8265 -26.2158 -18.2364
v 83.4432 -28.821 -16.5654
v 107.481 -1.81201 -9.79502
v 106.221 -0.673777 -8.81941
v 107.753 -2.98596 -11.0094
v -18.7602 -5.66256 30.111
v 73.3561 -16.134 -5.11262
v -19.6342 -5.24803 31.5938
v -18.7507 -7.17806 29.6298
v -20.1584 -7.22719 31.3375
v 54.8089 22.3771 38.7596
v -17.781 -5.55255 6.41235
v 52.2547 5.13568 40.3734
v 70.6417 -6.33857 5.36459
v 25.152 23.2599 37.2728
v 33.9494 22.9979 58.6426
v 68.3881 2.43768 22.9251
v 40.1268 8.64291 -40.3061
v 15.041 36.3343 85.8949
v 13.2619 35.9445 85.9824
v 15.3726 22.8596 59.1664
v 13.6244 36.7613 84.8546
v 14.0023 36.9687 84.2149
v 51.952 -10.8683 10.361
v 12.4308 36.5178 84.2536
v 11.2891 35.8308 84.8671
v 11.2125 34.9042 86.0301
v 10.2566 34.3424 85.8259
v 11.2742 33.3134 87.1291
v 12.5012 36.4098 82.5652
v 11.4118 36.0789 83.721
v 10.3842 33.0743 86.5822
v 12.8809 34.9397 86.8194
v 11.424 32.7227 87.5336
v 12.8615 32.2641 88.0568
v 13.0118 33.7499 87.5352
v -34.4635 -9.40888 32.4305
v 21.2988 10.7312 48.4136
v 71.952 -39.2827 -33.2206
v 31.815 -3.86612 -97.0954
v 31.4041 20.1406 65.3803
v 32.4089 21.0811 63.8854
v 44.8945 -41.2757 -55.3435
v 45.2331 -41.1378 -56.5641
v 47.0872 -41.4316 -56.478
v 48.342 -41.7484 -55.9165
v 47.0022 -41.6964 -54.4076
v 19.0417 13.1426 52.8465
v 50.4865 -42.0738 -55.8811
v 59.3698 -3.23737 -87.3797
v 9.39439 11.7255 51.2315
v -2.535 -23.7274 -20.3117
v 37.5401 6.7532 42.9821
v 62.0091 -42.409 -53.7688
v 26.7334 27.7824 77.9638
v 68.0652 -14.4719 -2.86888
v 7.39552 31.5416 82.6201
v 13.4612 36.4991 81.802
v 20.0844 20.9258 78.8135
v 61.2895 -4.35388 -88.4381
v 59.7911 -3.76167 -89.2099
v 60.6339 -4.97041 -92.6167
v 61.8546 -5.3015 -91.4539
v 62.7468 -6.54302 -94.6548
v 62.4953 -5.96776 -93.3083
v 64.1148 -6.86494 -92.9204
v 61.898 -6.27134 -95.331
v 63.5373 -5.87559 -90.3677
v 64.899 -7.78262 -93.7481
v 2.56256 -30.1904 -21.7051
v 31.8129 -5.8897 16.8414
v -3.50084 -23.7929 -17.0316
v -1.12507 -25.6933 -18.821
v -2.55189 -24.7657 -16.9481
v 43.0125 9.92939 -33.2036
v 46.8812 3.49401 24.5512
v -26.8131 -6.24114 17.4059
v -27.2092 -5.27172 18.2693
v 7.26941 -2.74652 22.7429
v 3.57865 22.2479 46.0455
v 4.58168 -32.7104 -37.8196
v 62.5273 -42.5562 -49.0229
v 64.4548 -42.6107 -50.099
v 64.0356 -42.5525 -46.6561
v 59.1833 31.331 76.4771
v 66.8427 -42.5987 -47.2509
v 68.6572 -42.4992 -47.9747
v 68.4194 -42.3581 -45.4054
v 70.6837 -42.1407 -46.2852
v -21.8857 0.0519831 20.317
v 70.788 -41.9639 -44.5353
v 72.4052 -41.9505 -47.7684
v 80.3511 -36.5878 -28.8608
v 73.5772 -41.1412 -43.8134
v -26.4288 -3.75528 18.0496
v 67.9075 1.3384 21.747
v 21.0312 25.148 84.2097
v 57.9637 -9.43439 13.0779
v 56.4922 -9.48102 13.1653
v 43.8286 -41.1584 -54.0262
v 7.56721 13.3205 56.032
v 6.72033 12.5037 56.1368
v 8.9004 12.9093 53.3684
v 7.86364 12.3684 54.5606
v 9.44775 14.6208 53.3168
v 79.4926 -12.1481 -57.1151
v 84.8249 -0.933382 -27.2757
v 47.3039 0.841245 -82.0839
v 59.88 17.1174 13.4701
v 45.5551 0.275043 -86.104
v 43.66 -0.212964 -87.7992
v -11.1255 22.9556 72.9167
v 41.4348 -0.205636 -87.492
v 57.9162 23.5302 42.8682
v -11.0925 23.5792 72.1951
v -11.2676 23.5076 71.2435
v -9.44161 25.7715 71.5644
v -11.2958 23.2794 70.1559
v -11.7549 22.216 70.0847
v -6.44222 -20.4236 -2.47923
v 5.51905 -19.5284 2.8734
v 76.902 -0.938502 -41.4369
v 49.6558 10.8464 37.5008
v 69.4493 -9.45691 -82.318
v 49.616 9.81137 35.8913
v 14.864 -35.2145 -60.4183
v 68.6212 -18.2824 -5.62439
v 25.6012 4.31012 27.2009
v 72.313 -23.7569 -81.8938
v 116.466 7.33965 15.9286
v 115.215 7.61724 14.9793
v 117.267 8.19858 14.5584
v 116.413 6.1454 17.1016
v 118.26 8.10979 15.4612
v 117.659 8.51777 13.7201
v 119.482 8.40809 15.3301
v 119.576 7.5185 16.7408
v 121.622 8.21019 15.9164
v 122.037 7.05067 17.3844
v 123.624 8.33034 15.0117
v 123.415 7.38664 16.8748
v 124.765 6.54413 17.5625
v 125.541 7.19459 16.3548
v 125.766 6.1739 17.4741
v 125.414 7.83997 14.9245
v 123.453 6.06403 18.17
v 121.361 8.58271 14.8398
v 126.641 6.0006 16.9918
v 126.81 6.76903 15.7081
v 121.588 8.7851 13.8282
v 127.102 6.94864 14.6974
v 120.002 8.72964 13.777
v 121.513 8.83278 12.7808
v 118.643 8.25032 11.8516
v 127.884 6.38125 13.2298
v 118.481 8.68018 12.9226
v 117.241 8.34624 12.063
v 125.077 8.11883 13.6732
v 123.526 8.58862 13.6802
v 120.067 6.24613 18.0614
v 123.077 8.39493 12.5108
v 127.044 4.19081 17.9038
v 125.634 4.02088 18.8116
v 127.29 2.39157 18.4965
v 127.936 5.26929 16.5439
v 128.172 2.99388 17.5995
v 126.405 0.393853 18.9825
v 127.879 0.943045 18.2516
v 129.235 0.531516 17.1487
v 127.484 -0.447041 18.4307
v 129.066 2.46055 16.8584
v 125.111 0.414832 19.3672
v 126.274 7.45605 13.4483
v 129.366 3.86637 15.5779
v 125.873 -1.01196 19.0193
v 129.538 4.2337 14.257
v 125.486 7.47112 12.4043
v 129.666 3.94419 12.4384
v 129.989 1.74351 15.8144
v 130.019 0.523402 16.2216
v 130.366 -0.470643 14.4061
v 130.381 -0.946913 13.2367
v 129.716 -2.28768 15.5886
v 129.891 -0.794016 16.2336
v 130.285 -2.22 13.9347
v 128.994 5.01899 13.293
v 129.199 -0.828628 17.1595
v 129.958 3.35987 12.0236
v 128.307 -2.78326 17.3855
v 130.097 2.43545 12.4074
v 129.603 2.10904 11.2222
v 124.375 8.24672 12.6827
v 130.274 2.01868 14.381
v 130.059 -0.305618 11.9414
v 118.589 5.81802 17.9408
v 129.215 -3.67606 14.9229
v 129.704 -3.68083 14.0299
v 123.783 4.55082 19.1312
v 124.371 3.2714 19.5102
v 0.263715 -18.5963 3.83084
v 18.3616 1.77415 30.0427
v 22.3409 6.88773 35.6274
v 22.2409 7.31286 35.0831
v 117.096 4.83335 18.145
v -34.5224 0.194682 45.1381
v -35.3959 -1.83873 44.8869
v 87.9913 -31.3145 -23.2489
v 86.1439 -32.5777 -23.2851
v 58.4677 31.0962 71.4394
v 12.717 35.9111 80.8924
v -15.0579 -17.8935 5.09854
v -16.0196 -17.7227 7.11187
v -13.2515 -18.6258 3.40389
v -14.7384 -18.3279 6.21254
v -14.4161 -17.8483 3.55772
v -13.0026 -18.4289 2.27552
v 64.3755 -4.92165 -84.3619
v -19.2532 -3.56072 10.7806
v 42.8225 2.17903 -72.5583
v -21.718 -4.56874 12.1839
v -26.1035 -8.34145 16.408
v 50.4328 8.1853 40.8966
v 23.8514 5.28302 33.894
v 51.2074 6.97398 41.4512
v -5.26021 11.6859 55.4369
v 45.3594 1.55351 -77.7835
v 76.1865 -16.186 -63.2226
v -36.7179 2.75199 43.8683
v 40.1238 -28.2139 -31.6214
v 56.2283 7.45175 46.8117
v -5.62397 24.4693 63.0849
v 65.3342 -7.19787 -91.3413
v 5.75252 13.4325 59.5658
v 4.76091 13.8958 61.8329
v 70.5423 -29.1872 -80.5357
v 70.922 -28.4181 -78.9224
v 69.9884 -30.1842 -77.4117
v 70.0114 -29.8808 -80.0889
v -0.382309 -17.6194 4.9935
v 1.15666 -15.5832 6.47217
v 37.8219 -1.92511 21.3947
v 46.8236 27.4627 76.6331
v 76.9903 -29.5931 -15.9981
v 47.148 28.6284 77.8206
v 46.8931 27.6528 78.4127
v 47.3001 27.4172 79.6031
v 47.4727 25.7239 79.3825
v 48.1555 27.5826 80.6809
v 47.8943 26.3095 80.261
v 49.1714 26.0237 81.1961
v 48.2654 24.7763 79.8037
v 48.9804 28.7999 81.9446
v 48.8826 27.64 81.7572
v 49.5127 27.7647 82.3043
v 47.7754 -0.238203 -87.848
v 20.1108 -23.913 -12.7432
v -2.10253 -24.0412 -22.0692
v 21.8861 8.61011 -12.1807
v 30.9961 -6.46848 -102.63
v 68.6191 6.20985 38.574
v 32.2379 -5.72964 -102.072
v 8.75624 -34.0908 -50.0796
v 46.2006 9.60114 17.88
v 129.987 -3.1228 13.466
v 46.8332 9.27982 16.2887
v 54.2741 1.78045 27.6212
v 46.7605 9.79814 17.1586
v 47.1657 7.80529 17.0474
v 1.09465 13.5033 27.017
v 47.7372 -14.1004 -3.27948
v 17.7262 2.63687 32.4489
v 76.9057 -37.6925 -29.9223
v -4.31961 -23.3525 -8.78673
v 84.0215 -19.5272 -11.1429
v 66.9653 2.0493 28.5916
v 28.5882 0.0143664 -73.9492
v 70.416 -11.1155 -82.9059
v 40.9722 -0.151056 22.9011
v 40.3038 -41.3895 -52.1901
v -3.17503 20.008 77.2264
v -2.86252 17.1406 75.552
v -2.36697 19.0916 76.6555
v -1.94597 20.2134 77.0521
v -2.27296 21.7169 77.4911
v -2.01026 23.5369 77.3899
v -3.34533 23.5579 77.6815
v 0.977808 18.3377 74.341
v -0.330454 18.4958 75.4172
v 18.8378 3.89107 31.4943
v 9.08965 1.99921 37.1348
v 15.5344 17.3575 64.4617
v 102.738 1.26287 9.87768
v 25.2355 22.4391 76.4065
v 104.452 2.49981 11.4659
v 26.2154 3.05574 -52.0107
v 129.34 -4.07353 12.7298
v 34.86 1.76868 -73.361
v 4.44825 -32.1382 -23.7205
v 38.1815 1.94976 -72.3359
v 40.2744 2.18757 -70.6604
v 35.9096 1.93061 -71.409
v 53.8222 30.7805 71.0713
v 103.908 -0.836698 12.3577
v 103.598 0.175892 11.8278
v 101.969 -0.717977 10.2649
v 104.924 0.428325 13.0575
v -5.70287 24.1165 60.9332
v 53.6977 -1.62216 -88.9816
v 115.692 8.46043 12.4759
v -32.8215 3.62981 38.66
v -33.2233 3.70094 39.8276
v -33.9016 3.81949 37.9176
v -34.4941 4.00136 39.0119
v -32.1492 3.21819 36.9207
v -35.158 4.02256 38.7091
v -30.2376 3.00901 36.7828
v -34.8883 4.26088 40.8734
v 42.5682 8.06247 28.8323
v 114.778 8.17629 11.6873
v 76.9207 -12.4911 -61.2553
v 75.7345 -11.6198 -62.7528
v 76.0197 -13.9306 -62.9236
v 66.398 -42.5003 -51.005
v 7.60477 -2.70675 4.18569
v 21.4945 -18.8565 -3.52579
v -18.8422 -6.23682 7.13839
v 86.6497 -7.29645 -10.6899
v -19.7646 -4.36636 10.2972
v 86.9263 -9.34168 -8.93255
v 87.2868 -8.45642 -9.19578
v 85.8335 -9.563 -10.2413
v 89.0217 -6.35411 -8.26779
v 85.4256 -8.30814 -11.3982
v -19.6773 -3.59589 31.2502
v -34.3075 -2.80629 27.9467
v 103.84 -19.1225 -2.86886
v 102.654 -19.7156 -4.86991
v 27.9098 -35.3437 -33.9325
v 55.6811 -11.4532 8.37718
v 67.7049 -9.42113 -91.4099
v 68.6937 -10.5775 -89.961
v 69.6374 -11.4899 -90.7426
v 11.6796 -37.4867 -49.8203
v 18.386 16.7299 45.2161
v -7.60087 27.0323 71.2846
v -9.12046 26.1909 71.9731
v -7.03159 27.4098 72.6278
v -8.47557 26.4295 73.9201
v -5.93248 27.6332 73.6039
v 67.5535 -9.03012 -90.5629
v -4.73936 28.03 72.0176
v -6.81757 27.0061 74.6289
v -3.45443 28.0396 73.2136
v -4.21123 27.8315 74.3138
v 68.1002 -9.4201 -89.1297
v 67.0625 -7.912 -88.4274
v 32.713 1.81467 28.5603
v 39.405 1.84967 -74.5578
v 81.3789 -6.17339 -12.7207
v 80.0145 -6.06403 -11.6753
v 20.1037 35.1012 86.3794
v 39.9216 1.67568 -76.0173
v 19.6765 34.6906 86.9814
v 21.4185 35.16 84.747
v 52.2331 6.21814 42.117
v 21.8259 34.0499 85.5967
v 21.4489 33.1566 86.3768
v -33.3081 -2.36829 44.7873
v 45.0893 -14.4822 -5.79952
v 72.1765 -15.4995 -82.9562
v 55.2837 -41.9334 -48.7238
v 65.2333 -7.6549 -92.6057
v 69.3121 3.38908 22.0633
v -4.31088 -2.91397 7.59303
v 13.0433 24.1736 65.878
v 85.6139 -3.85789 -16.1997
v 22.9901 -35.3143 -75.1051
v 41.0024 1.95528 -73.724
v 21.855 -34.7604 -73.9717
v -8.82829 -2.84961 15.1494
v -30.0431 -10.9926 23.4715
v -9.61596 -2.73978 16.4353
v 104.495 -11.9957 8.93674
v 105.362 -13.2505 8.44104
v 11.9575 -35.7896 -53.8952
v 105.991 -14.6842 7.35006
v 107.787 -14.0778 9.445
v 107.17 -15.5726 7.09466
v 12.1607 -34.6828 -56.7382
v 106.655 -12.8948 9.98893
v 109.096 -16.3647 6.65925
v 10.9241 -34.036 -55.2248
v 6.82914 -11.8322 9.47384
v -28.0018 -12.6262 23.5494
v -31.5347 2.85149 35.4341
v -17.3878 -7.05148 4.44886
v 43.0765 -41.1811 -57.689
v 43.2502 -41.2388 -55.8813
v -0.727293 19.5783 76.2745
v 16.2807 16.2904 62.2051
v 63.5994 22.7137 44.1583
v 8.22581 -3.34855 19.9607
v 29.9589 -38.233 -40.1057
v 25.8437 -7.32321 -99.4535
v 24.8326 -8.7072 -100.236
v 20.8161 9.69585 37.9975
v 23.2207 -9.99632 -100.192
v 23.9606 -10.232 -101.928
v 22.5214 -11.1787 -101.538
v 22.3196 -10.7305 -99.7626
v 21.2578 -12.1754 -100.059
v -25.8088 -5.90778 16.0991
v -33.2511 -10.166 30.3476
v -34.974 -8.80743 30.3017
v -35.4296 -8.76873 32.3366
v -36.4114 -7.77988 32.086
v -34.5271 -8.74298 28.7476
v -35.008 -7.6623 28.3524
v -33.2585 -10.1172 28.8085
v -32.9666 -9.67938 26.8358
v -33.8859 -7.07444 26.2859
v -32.8366 -8.92578 25.8846
v -33.9107 -6.29018 26.2678
v -31.4531 -9.95679 24.766
v 75.7444 -19.8553 -7.50374
v -10.1635 -19.2485 1.09057
v 13.3163 20.4233 73.8717
v 105.462 -0.846542 13.6631
v -3.8838 21.5462 77.626
v 19.047 -40.9055 -50.0496
v 68.2494 -3.66439 14.6515
v -0.852274 -26.4264 -20.1352
v 38.0847 16.9798 -2.92112
v -35.9662 -7.51623 30.2476
v -37.531 -6.88634 33.6937
v -37.1886 -6.47281 31.9251
v 7.86057 18.6517 29.9079
v 5.11006 18.6003 31.0247
v 7.11181 19.254 31.7737
v -37.8177 -3.79988 32.647
v -38.2411 -4.79688 33.1893
v 3.65581 17.9684 30.6785
v 4.27419 17.8057 29.7337
v -36.8633 -5.10043 30.6979
v -36.4531 -6.08326 29.9774
v -35.5909 -4.97957 28.6694
v -34.7703 -5.81809 27.4051
v -35.0246 -4.25962 28.0782
v -38.924 -4.738 34.7292
v -36.8402 -7.71012 34.0384
v 62.0868 23.1653 43.7276
v 60.6312 23.8326 45.489
v 6.30137 -5.90605 12.041
v 5.42888 -7.29997 11.5386
v 53.1373 -42.0172 -53.5255
v 4.47611 -7.45406 9.66545
v 51.9425 -42.1296 -54.1918
v 6.6904 10.714 53.804
v 2.63155 -16.7659 5.36538
v 6.21204 -17.214 4.86275
v -34.3672 0.554639 32.532
v -35.4959 -0.121211 32.9008
v -35.5408 0.736687 33.8243
v 75.9168 -40.646 -44.7005
v 78.5802 -39.704 -46.7271
v 75.2104 -41.0787 -46.4495
v 74.8279 -41.1983 -48.2603
v 83.4946 -4.66856 -15.7818
v 77.6316 -40.1617 -49.6053
v 52.8578 -11.3643 9.21186
v 46.8205 -41.2433 -57.6628
v 54.5052 -10.4367 11.4775
v 57.1448 -10.6989 10.2414
v 57.1812 -10.1849 11.3796
v 54.7528 -9.53947 13.1114
v 3.73174 16.196 67.8245
v 107.996 -1.86107 15.1614
v 35.8251 22.5934 27.2278
v 109.354 -4.41572 15.6956
v 101.99 -3.93941 -18.8373
v 12.1611 13.5228 45.7433
v 12.912 13.4222 43.8074
v 12.4043 11.5838 44.9964
v 13.6941 12.9804 42.3866
v 13.6781 11.0237 42.2804
v 14.4215 12.1171 41.1014
v 14.1643 14.0434 41.4367
v 14.9719 10.908 40.3906
v 15.4648 12.2371 39.2629
v 13.3202 9.1639 42.3269
v 59.5184 30.7464 80.6932
v 100.902 -3.51717 -19.5532
v 66.4538 20.3967 40.2269
v 100.388 -5.26362 -22.1198
v 100.887 -4.2555 -20.7199
v 108.343 0.660033 15.1778
v 109.469 0.747084 15.8544
v 109.41 -1.14289 15.9517
v 128.176 5.85507 15.0045
v 8.12401 -7.56546 13.4338
v 65.8634 -8.22596 -93.0464
v 56.8088 32.5283 76.6973
v 95.9865 -5.27376 -27.1584
v 10.4969 34.7036 80.6384
v 10.8307 35.512 81.7329
v 85.2274 -14.8899 -9.21451
v 85.0259 -15.9632 -9.52056
v 116.61 5.81316 8.6634
v 53.8775 32.3639 82.0405
v 48.7631 8.99553 15.3522
v -21.1646 -4.96798 33.7135
v -8.44018 21.4627 76.1498
v 16.0276 33.8452 76.0432
v 0.28568 -7.66867 8.3173
v 34.7413 -7.77983 13.1971
v -0.688081 -7.75624 9.44172
v 23.6036 24.3726 42.702
v 7.99817 19.3755 31.7889
v 49.1973 7.99192 18.0147
v 48.5232 7.54199 17.3514
v 64.3837 21.3151 40.3647
v 108.249 5.11012 12.5403
v 16.9333 5.65417 36.312
v 18.0074 6.64643 34.821
v 17.1977 6.53366 36.1422
v 106.085 3.67106 12.1943
v -26.6515 -2.66953 19.4881
v -27.6302 -3.92269 19.4877
v 12.07 10.3819 45.2269
v 12.5509 9.92816 44.2588
v 42.7182 -3.55475 -98.0825
v 58.2036 -42.3476 -54.3571
v 55.9822 -42.2297 -53.1612
v 46.1985 -3.82719 -98.7031
v 56.2604 -42.0681 -55.8133
v 56.6087 -42.0623 -57.0914
v 58.8859 -42.2716 -55.5785
v 41.9973 -4.61055 -100.631
v 44.8598 -4.44037 -100.296
v 25.8003 3.49182 25.7403
v 74.9233 -30.1585 -16.7084
v 75.969 -30.471 -16.9348
v 76.1355 -32.1928 -18.7246
v 75.4574 -29.8929 -16.1355
v 76.2832 -31.3126 -17.876
v 78.6688 -31.683 -18.4991
v 74.2006 -32.4732 -19.0796
v 25.3349 2.23054 24.776
v -32.4863 2.65976 34.9941
v 8.96915 34.1207 81.9064
v 74.5372 -28.7769 -15.6826
v 73.0605 -27.7006 -15.7584
v 72.8447 -26.8881 -15.2928
v 74.0554 -26.4133 -14.4196
v 75.0923 -26.8573 -14.5476
v 2.20651 25.1059 67.0067
v -26.9331 -0.782806 22.7194
v -0.070058 25.8715 66.7965
v -9.35758 -6.71625 -5.76983
v 1.2929 -9.88613 9.20664
v 2.67695 -10.6614 9.34462
v 50.7157 8.95647 43.0307
v 103.337 0.897419 11.1449
v 37.3169 5.16896 39.8773
v 77.0521 -25.3437 -13.249
v 70.6754 -13.0885 -88.6499
v 78.7442 -12.5186 -58.3968
v -8.11274 14.8207 65.9006
v 20.0335 12.1607 49.2772
v 74.0532 -12.9475 -66.438
v 14.7999 18.4912 67.0876
v 19.0185 13.2745 55.8172
v 22.0516 9.53028 18.3018
v 22.1409 9.85605 17.0268
v 22.4401 9.7398 15.7684
v 21.8167 9.46998 19.4144
v 22.8995 9.82075 14.5944
v 23.1161 9.94626 12.3229
v 7.48638 2.68698 38.0672
v 55.6468 8.66152 48.801
v 54.5227 10.0169 51.8207
v 55.3981 10.2951 53.5413
v 53.1234 11.1613 53.165
v 52.7658 10.9905 51.4081
v 52.2232 11.9868 53.5021
v 55.62 9.77293 51.8714
v 57.3562 9.07237 50.8821
v 53.2516 11.6492 55.0503
v 54.884 10.9309 54.7105
v 53.709 12.2393 56.8846
v 55.1021 11.4599 56.2729
v 52.4758 12.9373 56.5839
v 56.5259 11.5139 57.2248
v 56.9199 9.92648 52.8861
v 58.2297 9.66172 51.9792
v 59.9315 9.89792 52.949
v 58.6859 11.4039 56.7574
v 60.2812 9.36451 51.7263
v 58.7914 10.2736 54.1512
v 61.5479 11.2811 55.5854
v 57.0302 10.7798 55.4084
v 52.6586 10.6298 50.431
v 60.494 12.1746 57.9676
v 62.419 10.9557 54.2508
v 62.581 12.7124 57.4463
v 63.1577 11.9397 55.7128
v 61.1159 14.563 61.3902
v 62.2908 13.1879 58.4498
v 63.7502 14.3359 58.9608
v 63.3077 15.0789 60.3595
v 61.8044 15.8705 62.5413
v 56.5646 11.8932 57.9956
v 60.1383 13.2196 59.7246
v 57.4197 12.2577 58.8177
v 56.6813 13.2673 60.7559
v 59.5293 14.3755 61.6246
v 55.5305 14.0309 62.1057
v 55.6662 12.2386 58.6073
v 57.4795 15.693 64.3243
v 62.4602 10.1783 52.534
v 59.0613 16.0774 64.6211
v 63.7265 9.4268 50.1061
v 62.7452 8.63055 48.7291
v 61.6155 9.181 50.9633
v 64.4976 8.82272 47.754
v 64.0596 7.61379 46.1147
v 65.5758 8.68051 46.202
v 54.0138 14.0415 61.6853
v 54.069 12.8745 60.0772
v 52.096 15.6095 62.8297
v 53.178 13.895 60.8857
v -27.9182 -1.55243 22.3969
v -5.02623 27.0545 75.4517
v 106.886 -18.295 -2.79539
v 105.38 -19.0206 -3.63438
v 7.77125 16.7354 58.2261
v 8.46012 16.7572 56.1778
v 8.4409 15.6357 55.959
v 128.495 -5.37076 14.3053
v 48.2436 23.8715 78.8137
v 5.97911 15.2003 61.8935
v 58.0589 16.6955 11.9716
v 46.5607 -2.70969 -95.9613
v 15.5624 36.6319 81.5668
v 37.744 3.82068 33.3632
v 35.9705 3.86958 37.768
v -5.98635 -14.6923 14.635
v -4.61031 -14.015 14.1278
v 65.6181 -6.60401 -87.3298
v 64.8195 -5.85862 -86.9771
v 65.4163 -6.13055 -85.9576
v 16.3931 7.29594 37.3936
v 68.5909 3.11707 24.8327
v 74.6038 -22.6877 -66.978
v -19.9522 -13.9517 8.58825
v 57.5041 8.09741 48.0397
v 59.3488 7.72755 47.5761
v 59.4246 6.33048 45.7392
v 33.2234 -5.38705 17.3842
v 59.084 8.54397 49.1702
v -39.8841 -3.01831 36.1348
v -40.2744 -2.82811 37.245
v 70.9098 -7.39261 -69.6438
v 61.3782 8.25617 48.4885
v 90.8042 -8.37237 -2.13255
v 56.2303 -41.9157 -58.7947
v 124.892 -0.952782 19.0773
v 123.412 -0.767687 19.513
v 124.573 -2.42332 18.8666
v 123.61 -2.0291 19.2979
v 125.554 -3.30538 18.1593
v 126.777 -2.44768 18.3504
v 126.821 -3.3705 17.8316
v 123.463 -3.56939 18.6549
v 124.31 -5.13552 17.7795
v 122.844 -4.97455 18.2349
v 122.356 -6.21879 17.5658
v 123.244 -6.73964 17.0613
v 123.894 -7.38006 16.2099
v 125.037 -7.64047 15.5138
v 123.088 -8.73448 14.8772
v 124.176 -8.6632 13.8308
v 121.84 -9.41239 14.9045
v 120.786 -1.80217 19.221
v 124.35 -6.75008 16.5027
v 121.993 -2.56768 19.0392
v 125.962 -5.50346 17.0324
v 120.524 -3.73861 18.6318
v 120.735 -9.97567 14.5295
v 120.925 -6.60915 17.5403
v 121.859 -9.96985 13.6973
v 119.331 -5.33914 18.0054
v 115.232 -6.17127 17.3877
v 117.177 -7.04118 17.1788
v 117.897 -8.88989 15.9758
v 116.042 -3.56361 18.2357
v 119.845 -8.67961 15.9912
v 114.506 -7.94508 16.4353
v 117.503 -10.4463 14.9221
v 114.981 -9.23157 15.5921
v 54.9312 -42.0269 -57.9382
v 126.325 -3.88778 17.8904
v 54.3227 -42.0928 -55.4118
v 51.1727 -41.901 -57.231
v 53.8687 -41.6428 -59.9535
v 51.5813 -41.7391 -58.6636
v 5.29788 17.2284 28.388
v 112.514 -0.320178 -2.1049
v 113.808 -1.91378 -2.36818
v 5.18366 23.7499 57.2329
v 80.2765 -8.25729 -12.1552
v 80.4505 -6.99697 -12.5816
v 9.54233 -37.0225 -44.675
v 42.3276 2.46013 -69.41
v -31.4762 -8.81609 24.0211
v -32.4729 -7.71334 24.9486
v -32.7939 -6.55551 25.1679
v -31.5024 -4.91932 23.8263
v 85.2751 -6.20633 -42.9647
v 5.25673 -33.0682 -26.1723
v 111.844 -0.35862 -3.15482
v 74.3168 -12.7228 -5.63567
v 30.2694 26.2405 46.074
v -40.456 -2.03521 41.3085
v -39.8153 -4.09403 40.7941
v 38.5035 -5.01649 -101.647
v 29.436 25.8008 44.185
v 61.2747 -5.68998 -94.3503
v 60.0025 -5.56627 -95.7852
v 59.4679 -4.89254 -94.2462
v 60.198 -5.38734 -94.4404
v 84.8654 -7.115 -13.0655
v 54.9406 -4.51021 -97.847
v 57.1427 -4.65372 -96.5673
v 53.0151 -3.73013 -96.9865
v 53.1267 -2.97782 -94.3596
v 56.5236 -3.12239 -91.6377
v 52.8304 -4.1973 -98.2947
v 54.2312 -2.71228 -92.6249
v 50.7646 -2.59653 -94.5568
v 51.8401 -2.12318 -92.7576
v 53.3676 -2.02498 -91.3319
v 55.0286 -2.29995 -90.6223
v 57.4564 -4.04451 -93.7875
v 57.6616 -4.96243 -97.1445
v 16.2991 24.0256 85.8947
v 16.1318 25.1899 86.7687
v 14.5705 25.3851 86.6474
v 17.3842 25.8055 87.1442
v 19.0717 26.4167 86.8172
v 25.845 3.51704 32.7977
v 24.5377 4.60482 33.0616
v 24.6582 5.21126 29.3851
v 22.3563 -1.03026 21.7047
v 99.9722 1.37051 2.48203
v 79.8207 -15.4604 -9.38975
v 92.1655 -5.86788 -35.486
v 79.4527 -16.8432 -9.35866
v 69.5065 -9.91483 -85.0173
v 38.1261 11.3498 -27.9582
v 78.1685 -17.1357 -8.15869
v 78.3125 -18.7474 -8.69508
v 76.8755 -17.332 -7.27351
v 86.5495 -33.8375 -27.3309
v 50.0666 -25.7985 -21.8761
v 57.207 -4.38998 -94.9671
v 58.4466 -4.69445 -95.0331
v 56.1817 -3.67967 -94.1706
v -12.35 -2.03365 19.3085
v -24.0246 -14.336 16.3024
v -23.2334 -15.2156 16.9601
v -3.43042 28.0087 71.4733
v 108.656 -15.2042 8.48349
v 46.4515 -0.398571 -88.7399
v 33.7808 -0.0294963 -81.1069
v 21.1216 -13.1746 -101.251
v 20.4454 -13.8635 -100.904
v 44.8839 -0.981888 -90.957
v 49.1064 -1.41554 -91.5395
v 43.2031 -1.10839 -91.3409
v 45.0098 -1.76156 -93.6165
v 49.7632 -1.94139 -92.9142
v 51.8933 -1.31541 -89.632
v 50.6895 -0.362431 -86.69
v 47.0749 -0.920644 -90.6147
v -7.53216 14.1551 64.3073
v 75.3182 -23.452 -65.9965
v 109.701 -16.9057 3.56521
v 33.1759 2.03151 -68.2774
v 55.5592 -3.88592 -95.2873
v -33.3355 -3.2363 44.4227
v 26.3886 3.30955 31.5035
v 25.3832 4.16684 30.2918
v 87.9877 -5.07602 -39.1252
v 27.1714 20.693 72.5455
v -0.531816 -4.47494 5.47046
v 51.7854 -3.21709 -95.8854
v 119.787 8.50978 12.3476
v 30.3858 -27.6613 -25.7839
v 6.51094 -14.634 6.97361
v -39.1131 -2.93915 34.8996
v 51.5608 14.8581 60.6714
v 123.891 2.83142 19.6351
v 123.688 1.42096 19.6732
v 120.803 1.77375 19.6533
v 120.065 2.61296 19.4883
v 62.8628 -28.617 -19.7237
v 11.3961 11.2479 47.3943
v 3.31831 15.1341 66.7655
v 2.11154 -5.17604 3.64228
v -40.0308 -1.41713 37.0707
v 22.0822 23.5394 81.005
v 34.192 -5.50662 -102.362
v 104.914 1.55547 12.6642
v 106.408 1.409 13.8877
v 63.6051 -4.90051 -85.7813
v 87.7478 -6.40255 -10.0574
v -8.2578 -19.2673 -0.534114
v -7.65809 -19.4399 0.920271
v -7.4357 -19.445 -1.25366
v 67.9057 -8.34859 -87.1147
v 14.963 26.5705 87.4858
v 68.3158 -9.05253 -87.272
v 69.0403 -10.1004 -88.1561
v 14.8787 28.0355 88.1029
v 69.2169 -9.98221 -86.5909
v 17.2276 26.9804 87.8172
v 73.0356 -26.064 -13.8117
v 75.5825 -25.7217 -13.719
v 3.17152 -31.6946 -26.0566
v 41.8152 3.54603 24.7979
v -25.7593 -5.19681 38.6049
v 58.7723 -9.59867 11.6549
v 88.4609 -10.7238 -5.95077
v 86.4823 -11.7771 -8.38599
v 89.1381 -10.494 -5.0006
v 88.8131 -9.36467 -5.96957
v 89.9133 -8.9847 -3.47164
v 72.441 -24.0603 -82.9273
v 80.2801 -11.4824 -10.0386
v -4.15967 -23.745 -11.4221
v 61.5663 22.5699 39.7032
v 20.918 32.498 68.1871
v 79.6467 -37.133 -30.3815
v 81.6801 -36.9234 -31.3537
v 82.9332 -37.0058 -33.8949
v 82.538 -36.1912 -29.641
v 83.7281 -36.1907 -32.41
v 81.457 -37.3605 -32.6298
v 80.6642 -37.9581 -34.5087
v 79.4506 -38.0685 -33.4058
v 76.7905 -39.1181 -35.024
v 79.2215 -38.7273 -36.5994
v 78.1028 -39.2937 -38.1089
v 81.0737 -38.3394 -37.6482
v 81.5847 -37.7795 -35.9402
v 60.6148 15.406 62.5768
v 61.2677 16.9662 65.293
v 16.0112 -7.56974 13.6732
v 59.5261 16.9827 67.2286
v 58.6334 16.4163 65.6805
v 61.3961 18.2539 68.0671
v 18.2672 0.717336 27.5052
v 18.0211 14.5302 58.7421
v 22.9653 -35.7146 -73.316
v -0.375876 -15.9941 6.63938
v 61.8994 -42.2522 -55.3864
v 61.8918 -42.0413 -57.0177
v 63.3175 -42.0039 -56.3014
v 64.6907 -42.3491 -53.8874
v 64.8393 -42.5068 -52.2959
v 65.6314 -42.1007 -55.0264
v 15.1703 15.0691 39.3518
v 26.408 -39.418 -82.3954
v -39.584 -2.85477 42.3095
v -39.8101 -1.31337 42.5913
v -40.1762 -0.375407 42.0862
v -38.5573 0.711948 43.7668
v -39.3151 1.12575 42.6875
v -40.3496 0.547286 41.2572
v -40.8103 -0.711669 40.7221
v -38.7058 -1.81538 43.4071
v -40.7226 0.292863 40.1086
v -40.16 1.4206 40.6752
v -40.4488 0.667877 38.5998
v -40.143 0.805138 37.7185
v -39.2025 2.72456 41.0785
v -39.9556 2.06151 39.3086
v -40.6735 -0.825443 38.4325
v -40.8854 -1.40031 39.1271
v -38.9349 2.85889 38.7414
v -38.3775 3.67946 40.1107
v 10.2126 2.98613 38.5204
v 70.3399 -11.9019 -87.611
v -38.7844 -5.4371 39.7216
v -39.3111 -5.20657 38.775
v -40.1085 -4.26442 39.3738
v -40.5933 -3.00101 39.6542
v -39.847 -4.52521 37.506
v 86.3094 -4.29025 -39.4561
v -39.8684 -3.94266 36.4932
v 77.2926 -40.1233 -43.4821
v 49.496 11.8855 39.4891
v 49.68 10.5917 39.7593
v 113.956 -6.59777 16.9761
v -35.5009 -8.69577 33.9149
v 85.559 -12.9485 -9.14324
v -25.29 -2.7107 17.5432
v 18.8891 14.0666 60.4234
v 116.873 7.67743 10.2411
v -39.625 0.31852 36.9327
v 117.781 7.78352 10.8713
v 6.59707 19.0061 63.3349
v -1.94465 -24.5271 -20.3038
v -7.86555 -19.3352 -4.5353
v -7.19648 -20.0028 -3.75894
v -7.79442 -19.2534 -2.9937
v 106.765 4.97504 4.8025
v 5.97905 12.845 57.8291
v 6.41968 14.2535 59.6148
v 7.57135 14.3439 57.2352
v 7.17259 15.2413 58.9496
v 7.7893 15.6929 57.982
v 72.5947 -23.0318 -82.8979
v 60.9007 16.8168 11.504
v 73.17 -22.1129 -84.0876
v 73.2447 -21.7069 -83.6881
v 80.2716 -17.9599 -10.733
v 81.0529 -17.9437 -11.059
v 104.182 -5.15722 -17.5575
v 103.435 -4.0797 -17.7354
v 70.8389 -25.9984 -13.5501
v -12.3792 -8.78061 -3.50875
v 87.7993 -32.116 -24.4608
v 88.5156 -31.4822 -24.4082
v 87.2668 -32.7574 -25.4878
v 75.2312 -10.8027 -63.3187
v 48.5913 8.12377 16.1407
v 67.6734 6.44034 41.0029
v 47.9555 8.20308 15.555
v 48.2673 9.38199 14.5266
v 38.1623 -1.96183 -92.9356
v 48.1661 -4.26651 -99.7535
v 49.9931 -3.91123 -98.5147
v 96.7991 -6.6984 -27.4729
v 71.4254 -14.7348 -85.4631
v 118.907 -9.89176 15.0198
v -8.02559 -10.8084 18.5957
v 89.0911 -8.07334 -6.31727
v 111.075 -16.6973 1.83036
v 89.8745 -7.97509 -4.03902
v 9.57276 28.5469 75.6652
v 42.3813 8.11671 30.4909
v 3.57368 14.4079 64.9214
v 9.93056 13.1251 51.5448
v -6.98314 25.6374 76.0339
v -30.2587 -5.56267 22.527
v 11.6286 22.5605 78.2467
v 110.057 -1.0499 -5.87423
v 113.414 -2.20325 -3.72254
v 58.164 32.1316 77.7199
v 56.8744 33.1493 78.6791
v 58.3869 32.1507 80.2252
v 58.9687 31.6347 80.5246
v -0.424311 -26.4724 -18.0525
v 1.06019 -27.9871 -18.3018
v 57.1236 31.8999 81.584
v -24.9552 -14.2442 18.7125
v -30.3817 3.12725 38.054
v 50.7386 -4.49673 21.0832
v 8.0305 -10.2163 11.0448
v 103.835 -3.41185 -16.232
v -2.62277 -24.5106 -9.1687
v -9.22193 24.8038 68.9239
v -10.1497 23.5017 68.5015
v 15.1178 36.885 84.7214
v 22.55 33.8304 76.5835
v 11.0135 15.7503 48.1148
v 11.3449 12.8425 48.0768
v 10.2866 13.1807 50.596
v 32.4822 13.7042 56.688
v 41.6595 -40.8922 -51.0793
v 58.9552 22.5866 40.6521
v 8.53886 14.5269 55.0381
v -37.9425 -6.60131 35.832
v -38.351 -5.74219 34.1993
v 123.976 8.02418 12.119
v 49.7563 29.4122 73.5556
v 79.5491 -22.2585 -11.8233
v 43.5121 12.6791 27.1087
v 14.0271 -35.6149 -58.6765
v 109.99 -14.9012 9.43093
v 109.549 -15.812 8.0592
v 5.20468 18.7842 67.2247
v 23.4352 -37.2004 -83.2587
v 0.477375 -6.18591 6.58715
v 18.0952 34.8624 87.6517
v 17.2904 34.9422 87.5099
v 65.488 -41.6459 -56.9067
v 10.1609 25.2623 83.604
v 15.0485 28.869 88.3306
v 47.9728 1.54754 -77.472
v 13.688 30.5358 88.2751
v 15.6952 31.4132 88.4441
v 27.4457 25.0734 42.7848
v 14.0796 31.8174 88.1793
v 1.62011 -6.06166 5.09548
v 0.24311 -4.84107 4.84234
v 1.05113 -5.01905 4.0469
v 18.4177 0.0945087 24.7058
v 4.74918 16.5872 66.2754
v 5.42519 18.1206 66.1039
v -27.7666 -2.4014 21.1862
v 49.7321 12.3141 42.145
v 49.7193 13.2462 42.8607
v 71.7038 -16.983 -5.30633
v 73.0626 -17.0809 -5.45518
v 78.1723 -13.0494 -59.2812
v 77.0787 -14.2759 -61.3381
v 17.6708 4.15347 34.1589
v 119.069 -2.59318 18.735
v 77.4788 -16.1581 -61.2221
v 79.0079 -17.5158 -59.3883
v 77.8433 -19.3625 -61.7198
v 80.5078 -13.6669 -55.9613
v 79.2454 -19.3755 -59.804
v 80.7643 -16.8005 -56.8552
v 18.8936 -34.4123 -70.1335
v 121.859 3.20237 19.4474
v 13.2105 -36.4205 -55.1866
v 42.7708 3.18429 24.6121
v 42.4866 4.88949 24.4312
v 85.8233 -5.92275 -13.5538
v 74.5748 -41.4159 -49.7407
v 85.6172 -5.09505 -14.82
v -14.0557 -2.79874 22.157
v -31.7634 -10.8222 26.8366
v -31.009 -10.7764 25.1586
v 58.3262 -3.3409 -90.0992
v 58.5882 -3.7107 -91.3205
v 109.2 -1.02765 -7.46365
v 110.117 -1.59641 -6.99365
v 111.427 -2.25723 -6.03713
v -11.2475 -7.25351 -4.19563
v 110.216 -3.05398 -8.37353
v 72.7595 -22.5386 -8.2865
v -38.1876 -6.0987 38.1132
v 78.8237 -14.6881 -58.4533
v 44.0034 11.4794 24.4462
v 119.714 -7.64958 16.5988
v 120.806 -8.02521 16.6492
v 18.8247 14.1296 45.1156
v 26.1143 -26.7865 -21.4472
v 112.928 -10.0337 14.7289
v 63.8578 10.6335 52.3917
v 111.317 -10.8447 13.9507
v 5.32664 -8.57747 11.5513
v 6.25496 -7.3422 12.3904
v 109.849 -10.905 13.1325
v 110.423 -12.3619 12.4947
v 6.60778 -9.65764 11.4108
v 7.00718 -8.08506 12.6426
v 7.54362 -6.73459 13.6527
v 5.78798 -11.0852 10.1174
v 5.42867 -9.55855 11.0568
v 5.20364 -10.5487 10.3932
v 112.737 -12.4057 12.9904
v 112.084 -13.2911 12.0119
v 113.799 -13.8557 11.1158
v 112.261 -14.1901 10.817
v -22.8278 -4.27919 13.6957
v 111.677 -14.2149 10.7384
v 111.567 -15.1784 9.27468
v 111.16 -15.4681 8.61352
v 114.081 -15.1615 8.22929
v 109.789 -13.5728 11.0637
v 114.792 -15.2583 7.47799
v 112.997 -16.0405 6.27403
v 114.735 -15.4884 5.8943
v 116.696 -14.2424 8.67926
v 115.412 -15.3025 5.97343
v 115.895 -14.8146 7.53151
v 111.774 -15.7613 7.92999
v 111.355 -16.482 5.42289
v -23.1308 -3.47502 14.877
v 5.29705 15.986 64.6994
v 5.12758 15.0735 63.684
v 10.3133 14.6251 50.7039
v 69.6094 -42.3428 -49.7927
v -8.80274 -18.0596 -5.49897
v 40.0364 8.14551 39.1021
v -8.77937 -18.812 -2.4734
v -4.25209 -7.79602 -15.0308
v -1.81345 -3.30447 4.61968
v 18.0066 14.3522 30.1584
v 46.9936 -1.79373 -93.504
v 70.9297 -26.6259 -14.9699
v 21.3543 9.34965 21.3827
v 21.1467 11.0126 20.0581
v 14.7627 -39.8123 -47.9953
v 121.721 -7.85115 16.6694
v 67.8293 -26.4385 -15.3923
v 111.602 -0.755775 -4.30576
v -2.80168 25.0264 59.9412
v 5.30546 -13.7194 7.62563
v 105.297 -7.90963 12.1385
v 57.2775 32.6129 80.5321
v 80.0117 -12.364 -9.55211
v 81.7807 -13.123 -11.2105
v 80.2144 -14.0915 -9.73009
v 82.2081 -11.6225 -11.2575
v 81.4166 -11.6547 -10.8634
v 81.1083 -14.6206 -10.7303
v 81.6802 -14.5197 -11.3378
v 81.8333 -15.5426 -10.9
v 55.4418 32.7228 81.15
v 54.5495 31.1865 83.0396
v 56.9342 30.8062 82.6108
v 14.4931 12.5922 7.52955
v -11.3956 20.4541 67.3335
v 88.5065 -8.06926 -41.4693
v 59.0131 9.16438 51.2908
v 20.1927 2.28644 23.9764
v 20.8165 2.24837 23.1523
v 101.902 -20.0884 -6.01907
v 104.106 -19.3976 -5.65596
v 6.14156 -5.35283 10.4549
v -32.6072 -2.62172 25.8174
v -17.2702 -2.39546 11.2855
v 79.5707 -38.9704 -37.8102
v 19.7465 14.9784 39.5671
v -7.97026 -2.05325 10.8427
v 20.0393 14.8067 37.6832
v 54.9975 30.9041 69.1966
v 42.7903 2.00499 -73.808
v -21.9679 -15.776 15.9587
v 9.30968 -3.62895 20.4659
v 9.81033 3.99079 39.3197
v 107.944 -1.59924 -8.78324
v -24.6494 -5.46374 37.5942
v 86.2916 -10.1297 -45.5519
v 10.8768 -37.7958 -37.6878
v -22.7561 -4.87996 35.7694
v 46.4674 2.34191 24.5342
v -33.3931 3.1066 36.2159
v 39.759 1.84578 24.853
v 21.1138 23.6846 82.1044
v 51.2477 11.9512 49.5676
v 50.7156 12.6375 48.4426
v 51.7955 10.7335 47.6936
v 11.2737 9.82156 46.2972
v 77.5232 -26.3079 -13.5582
v -37.2518 -1.45185 33.6477
v 4.26571 -32.6774 -27.5199
v 17.48 37.0111 82.6691
v 4.61954 20.0708 69.3252
v 4.53815 22.1692 69.6178
v 7.33077 -5.61208 13.6426
v 56.2368 -29.1903 -22.5083
v 57.0234 -30.9626 -24.3747
v 57.7911 -30.0016 -22.7876
v 43.2371 1.70148 -76.8608
v 5.28871 19.9474 67.4009
v -0.793376 15.7709 73.3696
v 0.86902 17.5382 73.6938
v -0.0367532 15.471 72.4363
v 68.2676 3.72289 31.5368
v 41.8638 16.3494 35.1864
v 50.248 -42.109 -54.0812
v 23.3926 6.36061 31.5846
v 51.2923 -42.1364 -55.5996
v 23.5607 5.78795 32.2512
v 80.9689 -9.88448 -11.3437
v 81.8715 -7.69456 -12.7553
v 4.01915 17.6621 68.9564
v 122.15 0.328307 19.6256
v 4.08991 19.4244 70.3753
v 81.9331 -9.72104 -11.7694
v 49.7306 8.06559 19.4069
v -7.40459 13.7239 62.7691
v 20.3586 11.3759 47.4009
v 16.5845 33.3228 74.7591
v 101.155 -6.33369 -22.704
v 101.821 -5.91675 -21.3074
v 102.176 -4.82373 -19.5044
v 102.631 -5.77028 -20.344
v -15.6032 -9.663 25.9113
v -6.55624 21.0398 77.123
v -6.95272 22.6386 77.0323
v -20.9795 -15.9485 13.9096
v 2.68671 19.0341 72.6856
v 3.63129 20.1895 71.6141
v -38.0533 -0.546355 44.2484
v 2.78639 20.5119 72.961
v -37.7099 0.583159 44.3964
v -36.9863 -1.48559 44.7308
v 2.68877 21.9764 74.1467
v 2.18582 19.9527 74.055
v -37.7855 -2.19712 44.0901
v -36.0266 0.571909 44.8698
v 39.0132 10.4372 -32.3909
v 110.824 6.11173 6.87561
v -0.709552 8.67073 52.0669
v -2.57956 26.607 66.7453
v -2.03823 27.2941 68.7442
v -3.918 27.0946 67.7489
v 0.0576135 26.3017 69.073
v -0.408649 26.905 71.3625
v 1.14647 25.7181 70.4225
v 0.979605 25.7413 69.9881
v -1.15424 27.1607 69.6259
v 49.9951 9.68769 40.6224
v -1.5858 27.6006 72.4186
v -2.60629 27.8349 71.268
v -0.177815 27.2548 73.5294
v -2.63152 27.3645 68.9125
v -2.09445 27.891 73.6427
v -4.20265 27.3898 69.1776
v 49.6861 -0.371313 -87.7419
v 25.9933 3.51794 34.6096
v 1.33924 25.4825 67.9181
v 1.90213 25.587 68.7997
v 10.7801 23.2292 75.2382
v 82.7318 -8.19514 -12.67
v 82.9337 -6.74617 -13.555
v 83.0968 -5.91816 -14.3238
v 82.0372 -5.56145 -13.7412
v 84.0129 -6.82176 -13.7391
v 84.0892 -5.42862 -14.9422
v 57.2268 5.56988 44.429
v 83.0969 -5.29429 -15.1551
v 69.8773 14.2627 42.4555
v 86.9104 -11.6169 -45.8373
v 87.5883 -9.98116 -43.9176
v 85.5354 -11.8306 -47.6047
v 85.6907 -15.0948 -49.2835
v 88.5993 -9.62464 -42.6012
v 84.5627 -13.3399 -49.9406
v 84.1461 -15.4558 -51.5304
v 83.6715 -13.3148 -51.1936
v 83.0985 -12.0734 -51.2994
v 82.9852 -16.8376 -53.8378
v 88.4733 -12.1797 -44.0042
v 83.6017 -20.2036 -54.7263
v 82.1421 -19.6353 -56.2108
v 77.9944 -22.244 -62.3914
v 79.9083 -24.5162 -61.4471
v 6.29712 18.4655 64.2161
v 51.9185 9.05068 45.1389
v 51.7355 9.89064 46.068
v -12.8834 -7.09842 -2.13188
v -12.2254 -5.41497 -1.50964
v 72.5329 -21.016 -84.2214
v 72.3332 -20.0843 -84.7208
v 4.53628 -32.3406 -24.9972
v 69.9656 -11.9115 -89.4991
v 0.625906 26.781 74.0815
v 0.236384 26.4132 75.0411
v 1.06275 26.589 72.7916
v 1.75096 25.9881 73.1403
v 1.48898 25.7661 74.3933
v 3.07675 24.4489 72.071
v 2.37329 24.7325 73.8016
v 3.82078 22.6636 72.0152
v -1.10217 27.1093 75.1363
v -2.31457 26.4128 76.3892
v -2.19837 27.6169 74.927
v -3.5336 27.2818 75.5311
v -1.39621 24.9782 76.8766
v 2.32971 25.5031 71.7468
v -4.20593 26.2439 76.4281
v 1.75034 25.804 71.3528
v -1.24545 27.608 74.3665
v 73.3303 -29.3512 -67.2533
v 3.49637 24.6328 69.2774
v 3.38455 24.6537 70.6582
v 19.4814 2.01267 26.0436
v 19.8356 3.05717 26.7505
v 20.0741 4.33992 27.2728
v 19.0661 0.923566 24.8586
v 19.2735 2.76438 29.0155
v 20.4125 5.35904 26.1746
v 112.376 -7.44676 16.1144
v 112.149 -8.53148 15.4796
v 112.32 -5.58553 16.7284
v 110.236 -5.86986 15.9505
v 111.325 -7.96722 15.5909
v 6.03654 -33.8976 -28.5589
v 104.891 -3.76849 -14.9452
v 86.1135 -21.4289 -11.858
v 18.8765 16.1292 41.7403
v 0.536843 19.3674 75.3597
v 83.5188 -4.00894 -16.5033
v 24.8161 -39.1966 -84.9218
v 92.5314 -5.66249 -34.2633
v 92.5689 -6.73271 -35.5837
v 94.1746 -7.5028 -33.6063
v 94.2937 -9.77375 -35.4279
v 92.6123 -7.8239 -36.5779
v 54.5764 33.3593 78.9487
v 37.7589 -42.1368 -62.3531
v 1.15433 24.566 75.6455
v 58.3308 -42.0627 -57.4876
v 25.179 1.23214 24.3361
v 58.4985 -19.1036 -5.73629
v 60.5524 -18.0816 -4.32792
v 60.8165 -19.8696 -6.23365
v 58.9841 -21.2956 -8.87066
v -27.7571 0.10842 24.6016
v -8.87588 24.9696 75.0439
v 24.7078 -2.04937 21.661
v 63.0807 -4.94445 -87.6325
v 23.9683 -36.7366 -78.5839
v 0.164087 -26.679 -15.0265
v -1.41473 -25.6101 -17.3139
v 0.953388 -27.2337 -16.4987
v 2.51438 -14.7168 6.90155
v 41.0303 1.41457 -77.8208
v 84.686 -11.5819 -10.5286
v -10.5016 -19.4522 3.55353
v 84.5381 -9.40068 -11.4957
v 111.542 0.444246 -2.04678
v 83.7733 -8.98375 -12.1024
v 18.3205 -0.252033 23.9873
v -24.8722 -14.3113 22.0785
v 25.1005 5.30126 26.9551
v 90.488 -9.82692 -40.3053
v 24.278 5.92457 27.5932
v 92.4858 -10.629 -38.5675
v 81.5278 -12.7568 -54.0266
v 82.0673 -15.9554 -54.6765
v 36.3507 11.7791 49.4455
v 1.74706 15.5584 69.7582
v 114.298 -10.8299 14.5017
v 115.058 -11.3024 14.121
v 117.035 -12.4869 12.4511
v 110.137 -2.92568 16.2232
v 116.497 -13.246 11.3143
v 118.097 -12.5445 11.7071
v 119.14 -11.5729 12.6899
v 120.192 -11.2337 12.9233
v 112.088 -2.44799 17.2048
v 111.914 -4.46071 16.9318
v 107.349 -5.02797 14.5234
v 109.347 -7.48184 14.9446
v 114.543 -2.94226 18.0855
v 107.543 -7.73398 13.9005
v 113.799 -5.34266 17.3963
v 109.685 -1.85362 -7.9669
v 5.5428 -34.1113 -35.4901
v 108.938 -9.85457 13.5818
v 17.0779 -40.3511 -49.9609
v 121.402 -10.8391 12.1848
v 122.06 -10.3373 11.4054
v 122.323 -10.0247 12.7671
v 120.186 -11.8031 10.7239
v 120.906 -11.2265 10.7508
v 61.2067 29.5743 78.4976
v 90.0657 -10.5474 -3.00057
v 79.3316 -12.0204 -8.95924
v 77.726 -40.1462 -47.9847
v 15.1147 8.75051 39.3681
v 15.1914 9.57896 39.2593
v 15.8922 7.99198 38.412
v 15.3582 10.7768 39.4626
v 16.0119 10.2553 38.3557
v 80.0384 -39.0587 -45.9449
v -8.86423 -2.24384 13.7419
v 99.3588 -6.40046 -24.0643
v 31.3689 -42.7251 -60.1577
v 50.4618 12.0467 44.751
v 33.6229 -42.9336 -59.2899
v 33.3305 -42.4259 -62.7478
v 31.824 -42.3568 -62.647
v 30.0807 -42.2419 -62.3493
v 33.2559 -41.462 -66.3721
v 34.8844 -42.0555 -63.9662
v 35.9209 -41.2993 -66.8752
v 51.0649 10.563 45.127
v 42.6661 -41.2965 -60.2485
v 44.215 -41.1484 -59.1267
v 49.9564 11.2504 42.8128
v 2.6363 -30.9277 -24.0735
v 59.3789 17.578 68.8907
v -9.98849 16.8684 69.0107
v 60.2681 18.5549 69.5221
v 60.5526 19.7868 71.3293
v 61.6853 20.4765 71.2617
v 58.4483 18.4223 70.813
v 56.317 18.1928 72.0069
v 56.4526 19.267 74.1315
v 61.7062 19.3153 69.7835
v 59.1435 19.716 72.6337
v 60.1451 20.2703 72.6277
v 55.7954 19.7069 75.8175
v 54.4655 19.1117 74.9506
v 56.2366 20.3549 76.8488
v 53.7773 18.9009 74.6788
v 56.9031 20.5497 76.1074
v 56.3648 21.1059 78.1162
v 55.4093 21.1512 78.6907
v 57.5813 22.3455 78.5424
v 55.4507 20.5304 77.7885
v 58.1067 22.0284 77.5186
v 58.0768 23.708 79.8879
v 56.4108 22.7842 79.846
v 55.3046 23.2358 80.9083
v 56.492 24.5174 81.198
v 53.9558 21.4079 79.4375
v 58.3045 18.0531 70.0993
v 55.0584 18.9063 73.9386
v 57.7793 24.8728 80.9563
v 57.1653 17.3256 68.9876
v 56.2423 16.7459 67.9765
v 54.9774 17.5057 70.3806
v 55.2507 15.9692 66.4286
v 53.542 17.9495 71.8309
v 52.9422 16.7156 68.4785
v 53.3938 17.7245 70.8843
v 56.4332 16.1988 66.5471
v 52.3447 16.0432 65.7207
v 86.134 -18.125 -50.0839
v 67.9039 11.1607 46.7442
v 84.852 -17.5131 -51.6003
v 85.5581 -21.055 -52.6207
v 86.2077 -19.7995 -50.9573
v 87.3545 -13.9211 -46.4627
v 85.1391 -22.8978 -53.9691
v 29.4574 19.6763 67.569
v 33.1954 -40.9336 -68.0341
v 35.8729 -40.8164 -68.3685
v 37.5504 -41.0182 -67.3917
v -33.1501 -4.20946 25.7395
v 23.977 -36.5148 -72.7135
v 25.2965 -36.9478 -73.4685
v 110.445 -4.14089 -8.80782
v 74.4391 -16.6884 -5.65045
v -1.35871 -25.9797 -13.2858
v 93.0604 -4.90785 -32.7642
v 18.5346 33.7442 75.3916
v -10.3129 -3.0006 18.0886
v 25.6858 -37.0005 -74.158
v 18.1539 8.23964 34.4456
v 14.29 32.8177 74.9625
v 12.6057 32.7754 76.3178
v 12.8992 33.865 77.4412
v 118.768 1.34845 19.0885
v 120.594 -0.747626 19.4009
v 8.55799 27.6806 84.2575
v 8.75825 28.7467 85.0591
v 9.57642 27.3014 85.2043
v 8.73305 29.9831 85.7443
v 8.0486 30.9247 84.646
v 31.5987 2.17079 -65.7325
v 20.6148 4.69316 24.7501
v 20.5116 3.02672 23.694
v 60.5906 -14.2131 -0.0147483
v 62.328 19.9299 69.8446
v 55.9549 33.2911 79.6515
v 8.89921 29.8368 77.6097
v -14.7897 -7.31136 -0.0303963
v 19.274 5.86667 31.5152
v 19.3362 7.06503 31.1058
v 20.9747 34.1852 77.5923
v 19.6946 4.49888 29.3689
v 30.1612 18.3545 66.0172
v 3.83342 -22.4111 -0.33793
v 75.0463 -15.0341 -65.2063
v 73.4656 -11.3314 -3.87493
v 59.2503 24.2044 46.1141
v 5.23669 -33.0386 -40.0607
v 69.6901 -14.3742 -4.26306
v 6.07103 -34.2185 -38.5613
v 7.64969 -35.8844 -39.1491
v 6.9969 -35.1502 -37.988
v 7.06303 -34.639 -42.1894
v 8.46437 -36.1959 -41.3863
v 54.6766 20.176 77.1252
v 57.0883 -7.55734 15.9199
v 83.1862 -10.0024 -11.7359
v 2.85407 -29.78 -19.0557
v -36.4236 4.07359 41.373
v -34.757 4.2908 41.6529
v 51.4385 4.64378 36.352
v -5.76817 22.7181 77.3869
v 45.3355 -14.1582 -2.58311
v 42.2829 -41.2287 -54.0377
v 50.2889 22.1114 78.802
v 64.9963 22.4112 67.2773
v 94.6615 -27.3949 -22.7686
v 113.615 -15.9376 4.67598
v 51.2286 20.7075 77.436
v 50.9396 22.4017 79.7584
v 49.2231 21.4599 76.7543
v 52.8587 21.43 79.5561
v 50.3395 19.7393 74.1836
v 52.0748 19.7508 75.4981
v 48.513 21.1824 74.5025
v 48.9364 20.3426 73.4708
v 51.6491 18.9368 73.5433
v 52.3669 19.1647 74.4377
v 52.1574 20.4473 77.4089
v 52.7183 18.6275 72.8951
v 53.3966 19.3329 75.2722
v 50.6445 19.163 72.7991
v 47.9217 6.94476 17.6516
v 48.8159 6.80021 18.5992
v 48.8294 6.14559 20.3249
v 47.9163 5.94977 19.6297
v 47.9195 5.61284 20.7918
v 49.3189 6.74242 21.2312
v 47.2929 5.28167 19.8888
v 47.239 5.82227 18.9163
v 96.4551 -9.0638 -31.0875
v 114.848 3.40256 4.49416
v 20.8256 -35.6464 -70.5968
v 25.1942 -0.872376 22.8621
v 107.445 -3.74772 -11.9601
v 65.2491 11.6674 52.6734
v -33.0329 0.139063 45.0264
v 12.566 -36.6624 -53.3001
v 13.7109 -38.0438 -52.2198
v 9.61936 -37.0087 -36.522
v 12.0754 -38.1209 -35.7704
v 95.9678 -6.7621 -29.0958
v 96.3818 -7.59522 -29.9396
v 90.4103 -13.4912 -42.5735
v 90.5725 -15.1605 -43.4144
v 88.6838 -13.7746 -44.8891
v 87.7843 -14.8542 -46.3012
v 64.9234 10.3951 50.6692
v -2.62944 -25.0849 -13.8041
v 49.6918 11.5046 13.066
v 9.11521 17.1509 53.993
v 2.2748 -30.7991 -25.4065
v 8.305 -36.0086 -34.5191
v -2.78682 16.4031 74.8725
v 82.0698 -16.7165 -10.8445
v 82.3813 -17.5556 -10.8707
v 83.2924 -16.2005 -10.5073
v 81.8519 -4.97769 -14.9424
v 84.3571 -16.7931 -10.0657
v 80.9589 -11.0075 -53.955
v 3.1595 -11.4301 9.19287
v 31.9426 -41.3034 -66.83
v 20.9621 -41.0979 -50.8141
v 95.17 -7.84897 -32.0073
v 68.0506 -5.80534 11.4892
v 46.7824 5.27543 21.4645
v 59.7287 -27.2081 -18.9346
v 114.513 -13.203 11.7764
v 115.466 -13.7615 10.7022
v 115.818 -12.3649 12.9904
v 88.1377 -5.63357 -39.4754
v 19.2027 15.9806 40.5713
v 9.50549 -36.3018 -46.9944
v -7.75136 24.2798 76.2972
v 72.3921 -19.1743 -85.2796
v 79.6718 -14.3544 -57.4366
v 70.6659 -42.242 -48.2292
v 70.5387 -42.0932 -51.2976
v 7.38894 30.7082 83.155
v -36.5033 -3.35591 44.0952
v -34.5768 -3.51056 44.3788
v 56.3406 29.9496 83.198
v 24.2394 -0.0550759 23.0946
v -37.8011 2.794 43.1636
v -36.3321 3.57583 43.1589
v -37.8491 3.51499 41.842
v 20.5215 -33.1398 -75.1728
v 49.6791 13.6888 41.0152
v 6.83141 15.6355 60.4173
v 48.689 10.1177 13.6716
v 48.086 9.84111 13.7961
v 6.40072 16.8812 62.9407
v 110.105 1.83359 -2.00226
v -9.73093 25.1486 73.6838
v 75.465 -40.3931 -40.9081
v 108.189 2.62724 -1.51366
v 66.5724 -7.96739 -90.4462
v 59.953 -13.245 0.973994
v 53.0346 2.66542 28.1853
v 58.9881 -12.9766 1.39999
v 92.7893 -28.7505 -23.7895
v 92.2711 -29.4564 -25.2332
v 114.819 0.07611 0.908226
v 114.692 -0.705087 -0.00309188
v 115.759 -2.82701 -0.19932
v 114.807 -3.25659 -2.2817
v 116.438 -4.3626 0.0443293
v 115.466 -0.247564 1.53172
v 116.013 0.651407 3.05357
v 116.356 -1.98923 1.15886
v 23.9544 1.27501 23.5425
v 109.178 -5.43581 -10.7617
v 19.2952 19.1658 75.5903
v 19.2987 -31.6593 -77.9003
v 18.9446 -31.2758 -76.9159
v 58.3227 17.0128 67.7578
v 108.371 -2.5244 -9.53876
v 23.2655 30.3746 84.6952
v 71.0664 -28.6187 -76.744
v 84.2851 -15.2127 -10.1651
v 106.252 -10.8445 11.2928
v 106.492 -9.18114 12.2993
v 108.369 -10.4051 13.0047
v 3.899 -32.4903 -30.5678
v 4.54473 -33.0478 -29.4186
v 65.1813 -6.63656 -89.0855
v 52.7958 2.64154 32.958
v 27.4247 0.399953 24.634
v 97.8921 -9.02799 -29.1442
v 10.9723 -37.461 -47.7759
v -37.1654 4.09031 39.4241
v -34.9907 3.52873 37.308
v 18.1771 14.3254 28.6891
v 19.1804 12.794 26.6523
v 60.5057 5.91503 45.0809
v 67.0584 -5.50151 13.197
v 58.2275 14.9064 62.5359
v 12.6783 21.2006 75.8998
v 48.4274 -2.46078 -95.0787
v 14.9564 -37.604 -55.9629
v 95.0745 -6.94341 -30.8026
v 67.5324 2.81058 29.8885
v 82.319 -5.59717 -14.7389
v 82.6075 -22.7742 -57.3222
v 69.0961 -9.6327 1.93004
v 70.2029 -10.1559 0.474512
v 32.3664 -3.17975 20.3305
v 30.7838 -1.21838 22.6286
v 33.4255 -1.41904 22.5133
v 0.660478 15.7109 71.775
v -35.8536 3.10626 36.7907
v -35.647 2.14391 35.2306
v -37.6597 2.98324 37.6551
v -37.0221 1.89009 35.9362
v -37.5601 0.942832 35.803
v -36.7743 1.43455 35.3676
v -34.1424 1.87458 34.2538
v -34.5852 2.84612 35.9695
v 54.7877 29.0581 83.6294
v 108.887 -3.72337 -10.1137
v 36.4004 -14.137 -2.9781
v 118.143 -13.8188 7.77525
v 117.131 -14.4013 7.51709
v 37.8524 -13.6044 -1.82276
v 55.8792 -41.3023 -61.606
v 52.6786 -41.4472 -61.9924
v 54.3417 -41.2064 -64.8286
v 50.1004 -41.2635 -64.2687
v 52.668 -41.2471 -64.9855
v 50.227 -41.3662 -59.986
v 50.9752 -41.3536 -61.0435
v 48.8879 -41.2461 -59.3555
v 58.5392 -40.8381 -62.933
v 46.5429 -41.0835 -62.2236
v 48.3652 -41.0433 -66.1823
v 44.0105 -41.1207 -60.7055
v 45.2458 -41.0726 -64.8247
v 46.4026 -40.9893 -65.8636
v 47.6514 -40.9465 -67.4455
v 44.1593 -40.7641 -67.7072
v 44.1953 -40.8021 -68.6724
v 42.4602 -40.8569 -68.1316
v 42.6968 -40.8366 -69.7247
v 45.9211 -41.452 -71.4111
v 46.1056 -40.856 -68.3226
v 45.0203 -41.5047 -72.716
v 44.936 -41.807 -75.4359
v 48.8432 -41.1083 -69.1743
v 47.5243 -41.8572 -72.9247
v 49.5536 -40.9988 -68.6042
v 51.2582 -41.0815 -69.7475
v 41.7171 -41.1875 -74.5248
v 37.9544 -41.0694 -76.3628
v 38.131 -41.7107 -78.9659
v 36.8625 -40.1071 -71.9789
v 38.2259 -40.6395 -73.7077
v 50.7636 -40.9181 -68.1238
v 35.2249 -39.8904 -71.7721
v 35.3646 -40.288 -74.1075
v 35.0275 -40.1314 -70.367
v 32.7064 -39.592 -72.3266
v 31.7852 -39.4827 -73.1415
v 33.5167 -39.7705 -72.9774
v 33.5492 -39.8015 -71.4256
v 31.5693 -40.1021 -76.0158
v 30.5637 -39.2428 -73.4499
v 42.0281 -41.45 -76.5011
v 47.0872 -42.1482 -74.872
v 45.5688 -42.1033 -78.576
v 44.9713 -42.1233 -79.4005
v 43.9245 -42.1516 -79.9017
v 48.081 -42.6866 -78.6776
v 43.9527 -41.9168 -78.7871
v 41.808 -42.0061 -79.7885
v 40.1337 -41.4105 -77.2217
v 40.7056 -42.1806 -80.4032
v 37.5963 -42.0378 -79.9071
v 37.7963 -42.4428 -80.8946
v 35.0141 -42.5035 -81.5816
v 32.2364 -42.3298 -82.4307
v 29.6765 -41.9155 -83.4165
v 28.5268 -40.7558 -82.524
v 27.5276 -40.9887 -84.006
v 30.5898 -41.4772 -81.9248
v 33.3307 -41.8432 -80.886
v 32.213 -41.6254 -81.008
v 32.7772 -40.838 -77.7393
v 30.4284 -40.2987 -78.1185
v 33.8518 -40.7132 -76.6868
v 28.9888 -40.335 -80.7672
v 29.2009 -39.445 -76.6243
v 27.9221 -39.1628 -78.0227
v 48.5262 -42.5701 -77.2693
v 49.255 -42.7868 -78.1542
v 50.3899 -42.7912 -77.5945
v 30.7626 -39.2908 -72.2091
v 35.8462 -40.9112 -76.5957
v 36.0015 -41.7643 -79.4587
v 34.5496 -41.8907 -80.3888
v 49.178 -41.8842 -72.6649
v 50.7978 -41.0404 -66.3548
v 40.0686 -40.6691 -71.1911
v 37.5591 -40.2839 -70.234
v 28.744 -38.5208 -73.2008
v 28.0359 -38.6396 -75.3652
v 49.0272 -42.3284 -74.9201
v 50.666 -42.1846 -74.4302
v 51.1712 -42.72 -77.1399
v 53.791 -42.168 -76.404
v 51.9614 -41.6489 -73.0883
v 52.4338 -41.1854 -71.4962
v 53.5674 -42.342 -77.1862
v 52.6692 -40.8163 -69.5245
v 53.8159 -40.6222 -69.5556
v 53.3252 -40.7724 -67.9857
v 55.7681 -40.2638 -70.9537
v 56.9469 -40.099 -73.7413
v 55.7988 -41.183 -75.5542
v 55.3459 -41.8384 -77.1632
v 58.1654 -40.499 -76.9166
v 56.9264 -41.2024 -77.3622
v 55.9164 -40.3674 -69.1854
v 55.463 -40.8786 -66.3798
v 55.419 -40.5412 -72.6787
v 41.9944 -41.3336 -61.6912
v 53.4647 -41.4595 -73.787
v 26.686 -38.8527 -80.0142
v 41.9347 -41.3362 -63.1532
v 59.662 -38.9159 -72.4678
v 43.6854 -41.1677 -64.9746
v 42.2122 -41.3034 -65.1131
v 39.1315 -40.5293 -70.3805
v 40.7677 -40.7368 -69.2975
v 58.4512 -39.3641 -71.2195
v 56.5363 -40.9422 -65.041
v 28.8985 -38.7327 -71.7464
v 59.9753 -39.5517 -77.3235
v 60.0073 -38.9877 -70.5199
v 25.8509 -37.8192 -77.4234
v 27.1251 -37.9873 -72.7996
v 28.2332 -39.0657 -70.3157
v 26.018 -40.3238 -84.9304
v 25.2607 -38.2079 -81.5109
v 30.9514 -39.7639 -70.4712
v 40.0023 -41.6633 -62.6816
v 58.5231 -39.4001 -73.3642
v 60.6701 -39.0937 -77.5058
v 25.5028 -37.0021 -75.517
v 27.2325 -37.8196 -74.2721
v 58.4289 -39.7562 -74.981
v 25.1423 5.16243 25.757
v 55.7087 15.6089 65.1267
v 55.5021 14.6646 63.4244
v 54.4811 14.9353 63.725
v 9.16676 -36.96 -40.2611
v -22.5872 -5.35405 12.6528
v 6.53719 -34.9375 -35.5642
v 8.26562 -5.37716 15.148
v 86.412 -22.5074 -51.9614
v 52.2132 3.42532 35.0226
v 50.4655 5.32989 34.1206
v 47.4868 9.00971 15.1664
v 20.0274 -33.7487 -73.2413
v 90.3789 -30.4374 -24.9089
v 98.0426 -7.77169 -26.9649
v 99.4474 -7.60773 -24.9594
v 35.1731 -4.71469 -100.745
v 2.36607 17.4598 71.4567
v 8.30991 -36.128 -37.2106
v 98.3472 -4.17402 -22.5789
v 35.6246 -42.426 -62.0651
v 99.8679 -4.17639 -21.3053
v 15.7332 15.346 37.9225
v 14.9031 16.0591 38.7486
v 16.2468 15.4954 35.9069
v 83.6074 -22.2733 -55.8796
v -0.247353 25.2083 76.2447
v 97.045 -1.69701 3.11784
v 25.6955 -38.7329 -69.6199
v 24.3411 -37.7377 -70.5417
v 85.9555 -7.93745 -44.0655
v -38.7592 2.33238 37.7133
v 50.3899 6.44918 38.0619
v 50.9122 5.65406 38.2254
v -39.7496 2.07198 38.3641
v 70.8318 -12.9952 -86.47
v 67.7564 -2.62865 17.6088
v 16.5746 -38.1274 -57.1087
v 60.425 -39.0362 -76.5584
v 38.3966 5.05175 37.1599
v 37.9945 4.55026 35.8548
v 47.403 8.25926 15.2452
v 22.8897 -0.0557775 22.5116
v 51.9725 3.44345 27.0582
v 51.687 3.91239 27.9171
v 86.5975 -25.2157 -52.2892
v 84.5395 -26.1866 -55.931
v 85.1619 -24.7851 -54.5964
v 4.80208 21.7926 68.3833
v 85.1421 -27.0549 -54.9812
v 118.568 -0.0361875 18.898
v 117.57 -1.59194 18.6145
v 117.522 3.34849 18.627
v 116.647 1.12049 18.3995
v 114.2 -1.84208 18.0064
v 115.07 2.55302 17.8784
v 115.356 0.514358 18.1225
v 114.041 1.51376 17.8226
v 113.356 0.361894 17.5926
v 72.3756 -14.3327 -5.28673
v 3.74241 -10.0989 9.89025
v 47.2972 8.37246 16.18
v -0.0916361 22.1412 76.7411
v 1.51244 21.5109 75.6538
v 0.759835 22.6489 76.2384
v 2.2438 23.6464 74.5123
v 11.7709 -38.689 -44.5589
v 12.3992 -38.9254 -46.3476
v 0.680583 23.9127 76.278
v 109.088 -12.7941 11.523
v -0.207801 23.5114 77.1961
v 49.9752 7.84336 38.236
v 50.6564 6.83834 40.0112
v 19.9186 6.0693 28.7064
v 95.675 -11.3329 -34.4733
v 96.7463 -11.2196 -32.7587
v 93.9253 -12.2007 -37.7202
v 94.4446 -13.6082 -37.9321
v 96.2196 -13.3707 -35.3975
v 94.379 -16.8892 -39.5232
v 93.5938 -14.7823 -39.4658
v 93.1762 -16.3124 -40.7565
v 94.7893 -18.2559 -39.4082
v 96.1768 -18.9615 -37.5913
v 94.5434 -20.6308 -39.8894
v 95.9493 -16.4572 -37.1334
v 96.9599 -19.9347 -36.2174
v 97.4723 -17.9667 -35.2164
v 93.5488 -20.1512 -41.4794
v 93.1995 -18.477 -41.7213
v 92.0142 -19.5916 -43.5992
v 92.4389 -20.884 -43.1949
v 92.355 -17.5265 -42.4849
v 90.5192 -19.8273 -45.7631
v 90.238 -17.3567 -44.9253
v 11.8307 21.8575 75.4664
v 24.3608 -9.79107 -101.531
v -11.3742 22.7802 69.0478
v 76.0253 -28.0546 -14.6558
v 21.7939 1.82585 22.7974
v 115.783 2.605 4.32009
v -25.8962 -13.0121 18.2254
v 38.0276 20.8048 49.459
v 5.94377 -34.0506 -30.0376
v 5.49723 -33.7558 -31.932
v 23.3777 -35.6063 -76.1149
v 66.2792 11.3243 50.4483
v 14.1237 34.9388 86.9998
v 123.645 6.54371 10.1772
v 121.902 6.57068 10.1348
v 122.893 7.53722 11.2703
v 36.7383 8.85503 46.4334
v 120.84 5.32463 9.3375
v 119.883 5.88605 9.45312
v 117.57 5.01318 8.49774
v 118.804 4.31124 8.11003
v 33.5147 12.7545 53.4923
v 34.9718 12.5139 51.4741
v 33.4477 11.8442 52.1761
v 114.636 -4.14807 -3.32473
v 6.03213 19.2198 65.0296
v 8.03937 -35.7129 -32.4628
v -16.3309 -7.28654 2.41337
v 50.7677 4.66495 29.9638
v 5.92371 20.3667 65.4463
v 50.3225 5.75349 29.9459
v 63.4957 -37.0287 -78.0239
v 69.6316 -5.77683 9.12386
v 21.7742 13.633 61.8285
v 84.3373 -23.9408 -55.5675
v 17.5122 -33.9775 -68.1576
v 43.2809 6.15314 24.0072
v 44.0816 5.64431 23.9274
v 86.6586 -27.4065 -52.237
v 91.7906 -17.208 -5.93258
v 125.051 6.07096 10.1935
v 92.5815 -24.8104 -41.8871
v 123.806 5.72003 9.60157
v 59.4313 -39.8846 -67.2342
v 58.4971 -39.6302 -69.3127
v 61.174 -38.7196 -70.0056
v 63.3964 -38.4081 -67.8098
v 61.5611 -38.3211 -71.1128
v 64.8791 -37.2674 -68.6723
v 63.3768 -37.7229 -69.8359
v 61.6101 -39.5776 -66.0751
v 60.5378 -38.4365 -73.7653
v 130.388 1.78125 13.2919
v 99.5553 -9.25572 -26.447
v 67.0648 9.86602 45.955
v 62.9696 -39.2657 -65.5889
v 51.3712 3.87576 33.1711
v 7.0246 -34.991 -30.8325
v 5.52581 -34.1862 -34.0053
v 6.64663 -34.8358 -32.4573
v -0.30556 -26.4702 -12.9106
v 49.8583 7.12539 34.888
v 115.238 4.51943 6.11381
v 95.1696 -22.4384 -38.5172
v 76.19 -20.624 -64.1156
v -39.0564 2.55548 41.8562
v 50.0391 26.2548 82.1012
v 50.0878 24.0516 81.0324
v 51.103 25.1101 82.0944
v 51.9355 24.4623 81.9965
v 51.7794 26.9479 83.0776
v 96.3501 -14.4254 -35.7916
v 90.9017 -20.8807 -45.4674
v 53.0753 24.2714 81.9913
v 51.0243 18.2036 70.5046
v 97.4083 -16.5892 -35.0203
v 98.7724 -16.5215 -32.916
v 98.0421 -14.5905 -33.1977
v 99.5102 -15.4465 -31.6066
v 24.1168 23.5269 39.4642
v 97.4975 -12.7241 -32.6774
v 99.3297 -11.749 -29.7589
v 99.5998 -14.2956 -31.0138
v 100.554 -14.9325 -29.3426
v 101.33 -15.3582 -28.0439
v 50.2562 18.9618 71.5582
v 100.805 -13.2161 -28.1003
v 101.402 -14.0274 -27.2075
v 101.039 -11.7441 -26.4339
v 100.454 -17.0045 -30.1122
v 100.398 -18.1998 -30.1927
v 101.495 -17.989 -27.9816
v 99.2406 -18.1637 -32.3168
v 100.706 -19.187 -29.1354
v 99.4555 -19.8678 -31.5379
v 99.841 -21.1428 -29.496
v 98.584 -22.931 -30.6054
v 99.234 -22.9447 -28.1123
v 100.509 -20.7089 -27.6885
v 101.284 -19.9313 -26.4053
v 98.6592 -21.7348 -31.9591
v 97.5186 -22.8665 -33.6231
v 101.623 -18.9032 -26.9181
v 101.146 -21.3949 -23.9014
v 102.246 -17.5338 -25.4658
v 102.234 -18.9068 -23.6321
v 102.344 -17.7138 -24.7673
v 103.169 -17.2272 -21.7789
v 103.127 -15.1256 -23.1419
v 103.321 -13.3861 -22.7224
v 103.859 -15.1064 -21.2179
v 104.358 -15.9592 -19.1897
v 102.997 -18.361 -20.9275
v 102.073 -19.9349 -22.1308
v 104.338 -13.4192 -20.469
v 104.135 -11.6395 -20.899
v 105.03 -11.6337 -19.1619
v 104.329 -10.4796 -20.3542
v 104.972 -14.7995 -18.4442
v 102.982 -19.2139 -18.9557
v 103.95 -17.2993 -18.9257
v 105.615 -15.616 -16.1409
v 106.181 -15.9951 -14.1218
v 105.81 -13.3376 -17.2359
v 106.53 -11.4592 -16.4621
v 107.023 -13.1465 -14.8169
v 106.952 -10.3384 -15.9424
v 106.003 -9.99238 -17.4951
v 105.253 -10.0558 -18.7933
v 108.109 -12.5547 -13.0112
v 108.093 -11.4613 -13.6
v 103.709 -18.5622 -17.5313
v 109.555 -9.0661 -11.5008
v 108.437 -10.2703 -13.3063
v 108.441 -8.28655 -13.3866
v 109.539 -11.9687 -10.2592
v 110.827 -8.975 -8.9662
v 106.247 -14.7528 -15.4011
v 110.626 -10.3846 -8.93346
v 109.326 -13.4245 -9.5857
v 107.312 -15.2112 -12.3157
v 109.663 -14.3903 -7.81366
v 108.016 -13.5813 -12.4124
v 107.201 -8.79601 -15.522
v 98.3802 -21.0483 -33.2904
v 97.7297 -20.9174 -34.6821
v 97.0817 -24.2959 -32.7669
v 99.7404 -22.3553 -26.6563
v 96.3466 -23.9169 -35.1181
v 97.2657 -26.0078 -28.7069
v 96.2597 -22.3759 -36.6154
v 101.646 -21.0228 -20.3303
v 101.863 -20.9468 -18.4943
v 98.1682 -24.6997 -27.9319
v 104.886 -17.5917 -15.6864
v 108.444 -15.8875 -8.19639
v 108.304 -14.5453 -10.6133
v 98.3825 -24.732 -24.7748
v 105.36 -7.88728 -17.833
v 99.8049 -22.7425 -24.7537
v 105.392 -17.7582 -13.5695
v 95.6675 -23.6924 -36.5611
v 104.297 -8.39739 -19.5987
v 103.438 -6.99503 -19.9674
v 103.113 -9.40309 -21.677
v 102.006 -7.32818 -21.9243
v 106.335 -7.1586 -16.2455
v 101.033 -22.0222 -21.9332
v 106.077 -5.38674 -15.2057
v 103.113 -5.78999 -19.4396
v 98.3551 -19.3101 -33.7891
v 66.6677 0.45567 22.5463
v -39.1378 -5.54805 36.7811
v 119.291 -6.63755 17.3786
v 69.0921 -7.41404 7.05963
v 72.5513 -12.2715 -4.67746
v 73.5908 -11.4274 -4.53802
v 5.00247 7.66685 13.3737
v 18.8282 13.1113 28.63
v -20.7688 -5.542 10.1737
v -19.4994 -5.18326 8.79225
v -20.1326 -6.05202 8.78076
v 63.2608 21.9427 71.2749
v 50.4273 6.09312 36.1096
v 50.103 5.866 32.2301
v 60.0645 -38.7533 -75.1047
v 82.0009 -12.0159 -52.9064
v 126.78 5.82989 11.0785
v 127.639 5.89084 11.8482
v 75.3582 -13.935 -64.1019
v -9.3238 -18.8622 -1.41275
v 87.1575 -25.4341 -51.2624
v 9.54913 -36.5808 -33.3349
v 83.3627 -24.6514 -57.1128
v 67.2973 -10.0876 3.18988
v 68.4581 -9.04814 2.99267
v 83.6676 -11.393 -11.1456
v 20.758 -40.5559 -55.3467
v 92.6707 -21.91 -42.7925
v 83.8484 -13.7125 -10.6721
v 90.8252 -22.956 -45.677
v 8.90291 15.3714 54.5823
v 25.1805 -42.052 -57.5012
v 6.78918 17.4623 62.1205
v 84.593 -14.1156 -9.99841
v 21.3903 13.6205 32.8893
v 87.5476 -16.9007 -47.8069
v 10.3981 -37.4337 -45.9759
v 116.061 -5.45507 -1.55336
v 116.84 -5.48826 -0.177781
v -40.5939 -2.68056 38.1856
v 116.69 4.38751 7.02557
v 100.688 -7.77947 -23.8281
v 101.527 -8.30453 -23.1619
v 102.248 -9.84659 -23.1954
v 75.0013 -12.5575 -64.6709
v 115.959 5.55053 7.42347
v -12.2252 -2.53709 19.6273
v 60.4268 -28.5995 -20.2963
v 68.3005 6.39542 39.6591
v 82.2353 -24.3897 -58.6463
v 60.9848 -21.027 -8.06227
v 107.595 -7.09779 -14.2194
v 50.086 7.28673 36.7419
v 49.4385 -4.4458 20.8003
v 72.1704 -13.5666 -5.20438
v 39.3603 5.63966 35.934
v 71.2649 -13.3025 -4.88746
v 70.6635 -13.8667 -4.6084
v -20.9045 -16.1094 16.9182
v 30.5978 -41.7211 -64.7603
v 83.2114 -15.0678 -10.8616
v 15.5136 -36.3952 -59.7986
v 124.762 -8.36348 13.3666
v 124.142 -8.44027 12.3009
v 116.484 5.58169 8.1787
v 69.1027 -12.0534 -0.388925
v 68.6884 -13.0193 -1.13055
v 57.3007 4.48321 42.897
v 71.2051 -12.2556 -2.05778
v 51.852 16.5221 67.0895
v 69.9351 -13.3333 -2.33028
v 52.7663 30.4509 83.2765
v 70.9514 -13.0703 -3.03867
v 52.0346 10.7759 49.2448
v 4.4003 -33.0038 -33.7705
v 76.7742 -24.5421 -64.371
v 76.191 -25.8979 -65.1308
v -25.4 -4.96583 15.8142
v 99.5524 -10.6452 -28.0804
v 118.316 3.05079 6.75531
v 120.36 3.01778 7.36305
v 78.3613 -21.2596 -10.3389
v 70.2009 -11.7296 -85.9581
v 65.9329 6.95399 43.7547
v 25.0515 3.70324 24.1829
v 129.15 4.83634 12.0502
v 128.207 5.13602 11.3598
v 119.253 7.34875 10.8863
v 118.595 5.94412 9.48505
v 91.55 -11.469 -40.0541
v 120.676 7.16985 10.7269
v 26.3366 -38.0275 -71.8041
v -39.5413 -4.91079 36.4623
v 21.8234 -35.9325 -71.5188
v -39.0395 0.833738 36.6632
v -38.4945 -1.07006 35.5312
v -28.8049 -1.94408 22.7403
v 3.53302 21.3832 72.567
v 100.635 -21.3254 -25.6358
v 71.2799 -28.4465 -75.0556
v 24.5039 -41.4189 -59.6587
v 67.7206 2.27685 24.8333
v 17.9114 -40.1138 -52.6203
v 17.0371 -39.9649 -51.9559
v 18.4439 -39.719 -54.3991
v 15.7357 -38.8019 -53.7009
v 15.7061 -38.2147 -55.6231
v 93.7948 -24.5172 -39.747
v 37.1119 -41.9656 -63.5964
v 88.5026 -25.1159 -48.855
v 88.8903 -26.5449 -48.0006
v 87.3597 -28.4207 -50.4025
v 88.2543 -28.0748 -48.7065
v 43.5466 3.70191 24.4989
v 49.7837 11.8395 32.3778
v 49.9547 12.6402 31.1031
v 49.8675 11.9126 29.6219
v 49.7024 10.3742 31.8797
v 49.6887 13.0775 28.9006
v 49.8611 10.5964 28.3426
v 49.8101 8.87333 31.3332
v 50.1879 8.26335 28.2093
v 50.2051 6.84077 28.7694
v 50.4195 8.06571 26.9007
v 50.0793 10.6275 25.1341
v 50.0004 10.5907 26.76
v 20.4595 12.0117 21.6308
v 20.7082 10.6196 23.1511
v 110.692 -7.8157 -9.26219
v 110.364 -6.66853 -9.63821
v 112.491 -6.77745 -7.16527
v 99.1153 -23.6533 -23.9861
v 63.8754 17.1039 62.0375
v 112.452 -8.76594 -6.89773
v 106.694 -7.22642 13.5275
v 79.0115 -24.5579 -62.2827
v 25.2307 4.39789 24.7085
v 22.9235 26.4847 82.8696
v -23.7632 -2.3068 16.4589
v 39.5035 5.19415 34.5111
v 32.499 14.3822 57.7664
v 40.1124 7.44504 37.9095
v 68.7626 2.19573 21.2253
v 55.5662 27.886 83.4993
v 52.5585 29.2312 83.507
v 87.2896 -22.5952 -50.3557
v 70.9267 -10.853 -0.694656
v 70.7107 -29.8689 -74.0786
v 46.4935 6.30997 18.4114
v 78.4126 -39.7244 -43.6584
v 34.5036 17.6934 57.8648
v 76.6968 -18.3467 -62.9929
v 61.8971 23.6193 75.5248
v 25.5814 23.5784 77.4898
v 67.2541 6.89956 42.5565
v 4.20668 21.6141 70.6061
v 18.4086 -35.8765 -66.3687
v 129.326 0.665426 11.1141
v 52.1904 13.8486 59.1894
v 20.9648 4.40116 23.9273
v 20.868 3.11079 22.9203
v 51.1035 11.5278 47.3969
v 64.8154 15.9666 59.6341
v 111.775 -4.50106 -7.44214
v 113.039 -5.22125 -6.11224
v 48.4721 -5.59857 19.5412
v 119.815 1.72389 6.30687
v 119.067 1.55997 5.77143
v -29.1174 -4.9724 21.2636
v 118.394 1.08626 4.71852
v 120.724 -1.31003 5.451
v 120.778 0.223648 6.20974
v 102.965 -11.9129 -23.0464
v 59.2207 -28.7191 -21.012
v 8.90227 -36.7097 -39.0598
v 10.3495 -37.8511 -40.6283
v 102.238 -16.0628 -25.5803
v 48.7802 5.89461 22.3975
v 50.2991 -41.4048 -58.3854
v 89.3621 -7.5323 -40.0981
v 48.0998 5.49584 21.7472
v 49.7537 17.8774 65.8735
v -10.9817 -2.21023 17.6385
v 66.7621 3.08209 34.3805
v 92.0666 -13.4071 -40.3576
v 13.8552 -38.4946 -51.1001
v 13.1197 -38.5773 -49.4535
v 101.568 -11.0733 -25.1286
v 2.5982 25.3744 70.0212
v 102.158 -13.8336 -25.3514
v 64.9492 -38.4418 -65.9879
v 65.9095 -37.6876 -66.6814
v 66.4759 -38.4945 -64.6739
v 68.0799 -38.6919 -63.3769
v -24.0501 -4.75331 14.7011
v 121.084 1.99186 7.02202
v 121.544 3.35154 8.09407
v 91.5842 -23.9419 -44.2905
v 92.5868 -23.2408 -42.591
v 91.2596 -25.0145 -44.5175
v 90.1045 -25.2019 -46.4303
v 90.3286 -28.1748 -44.2595
v 89.2541 -28.3631 -46.4546
v 90.907 -28.2445 -42.932
v 89.6251 -24.8783 -47.1391
v 50.6447 4.7249 32.04
v 120.177 4.05263 8.1979
v 65.237 1.34733 30.9381
v 63.787 21.6215 69.3751
v 119.914 5.46926 18.5063
v 119.511 3.93395 19.0256
v 26.3788 21.1375 73.629
v 92.0462 -29.8442 -27.2791
v 12.3951 29.8241 87.9342
v 78.8098 -27.3634 -62.9811
v 27.4931 20.5008 71.4121
v 109.651 -7.76113 -11.0326
v 117.362 -3.81663 1.40972
v 80.9073 -16.4608 -10.7744
v 80.524 -15.439 -10.4398
v 117.849 -2.25109 2.49455
v 32.5498 0.00388903 24.4418
v -22.5026 -12.7939 25.9256
v 23.1763 25.0435 81.1904
v 109.2 -2.52376 -8.78893
v 23.7095 -41.3741 -57.7539
v 38.3713 3.89753 31.3865
v 38.9458 6.77909 39.9894
v 35.018 13.9394 53.19
v 88.2386 -29.2731 -48.0905
v 88.3225 -30.1017 -47.2458
v 88.1582 -31.8301 -45.6445
v 89.3252 -29.7644 -44.9125
v 87.4036 -30.674 -48.9813
v 86.0972 -30.0794 -52.3783
v 85.7207 -31.6681 -51.9084
v 87.4728 -31.8514 -47.1065
v 86.4099 -33.1573 -47.836
v 86.5831 -31.7359 -50.1343
v 10.4443 -37.7616 -44.2894
v 91.397 -14.3627 -41.8712
v 54.555 1.58722 29.3565
v 51.688 3.43417 31.11
v 65.4681 13.7075 55.1746
v 65.8566 13.123 54.0631
v 79.5277 -28.4746 -62.3509
v 78.6036 -28.6643 -63.1971
v 100.211 -6.10758 -23.3467
v 80.2185 -26.721 -61.7068
v 81.2648 -26.2939 -60.5229
v 18.8013 -4.10974 18.3703
v 50.8435 -5.50019 19.9211
v 37.8666 7.94055 44.1585
v 89.4162 -19.8212 -47.0687
v 130.191 -1.9418 12.0223
v 100.132 -22.828 -23.424
v 50.657 12.3811 46.4281
v 91.8849 -26.841 -41.8594
v 92.8599 -26.5403 -39.7794
v 92.161 -28.0349 -40.0375
v 111.454 -6.13541 -8.29976
v 98.2144 -5.30364 -24.1915
v 118.716 -4.95633 2.84944
v 130.423 0.465122 12.6483
v 67.8348 -10.8778 1.70377
v 52.903 25.9187 82.9106
v 70.8951 -31.3389 -70.3625
v 70.7198 -32.361 -69.5903
v 52.4508 15.7104 63.8557
v 66.6475 3.4896 36.3006
v 97.0235 -13.8398 -34.2384
v 49.6984 -10.4341 10.9555
v 20.2685 10.2475 25.3788
v 22.3747 2.11442 22.5182
v 91.5507 -16.6155 -42.8533
v 58.5576 22.9676 78.4258
v 40.8765 7.53847 35.9994
v 71.0089 -6.29319 3.87428
v 63.9482 18.7668 65.5935
v 63.0427 17.7469 64.8843
v 26.9493 -39.2272 -69.3151
v 55.1732 26.218 83.1286
v 87.8691 -19.4136 -48.7287
v 56.9013 -40.0163 -69.8133
v 57.2794 -40.4735 -67.2007
v 66.5017 -1.73418 20.6049
v 66.3772 -35.944 -69.9022
v 68.0865 -34.4548 -70.3368
v 66.8652 -36.4103 -68.1623
v 66.6808 -35.0683 -71.8435
v 68.0515 -33.8301 -72.3909
v 64.3506 -36.887 -71.1356
v 66.3513 -34.4873 -76.6477
v 65.6737 -35.2278 -75.0556
v 68.5047 -34.9478 -68.793
v 67.0412 -34.2157 -74.7045
v 62.4704 -37.5785 -75.2562
v 64.4964 -36.1451 -76.5187
v 62.6857 -37.6568 -77.1365
v -32.745 -1.54336 27.0761
v 21.7642 28.658 85.8254
v 21.0324 27.9961 85.7806
v 21.7666 27.2668 84.7735
v 47.9319 -3.1317 -96.9496
v 14.8634 -39.4245 -50.1032
v 52.9397 12.899 57.5639
v -29.9408 -3.1002 23.043
v -30.1681 -4.05302 22.7945
v -31.8851 -4.04711 24.5164
v -30.9793 -2.45557 24.3645
v 77.6856 -26.0222 -63.7772
v 76.0911 -27.5718 -65.0713
v 57.0132 27.453 82.849
v 50.4695 17.6061 67.6815
v 55.6503 24.5534 82.0279
v -35.8876 4.31529 40.2025
v -37.3552 4.02211 40.8683
v 60.2139 -41.9706 -57.8625
v 38.2783 6.74972 41.7065
v 32.2496 15.8052 60.4066
v 62.6104 16.5544 62.9174
v 120.552 -11.6572 9.69333
v 121.281 -10.4913 9.5098
v 62.6373 -37.576 -73.0393
v 24.3409 23.9012 79.0289
v 62.4896 -22.2015 -9.51461
v 62.7279 19.0249 67.9769
v 77.4973 -20.3912 -8.57896
v 20.9746 -40.2732 -57.7337
v 22.4243 -40.3143 -60.1499
v 86.6596 -28.9522 -51.7687
v 18.578 -39.2003 -56.3776
v 88.7157 -20.6815 -48.1323
v 20.4138 -36.502 -68.4808
v 18.8945 -35.3553 -68.3413
v 112.095 -3.2591 -6.14087
v 64.8592 13.6993 56.2151
v 19.1816 28.4428 87.6549
v 43.3639 7.06342 23.6885
v 43.8167 7.76916 23.3704
v 27.7456 19.5534 69.5912
v 29.1188 20.4768 68.6756
v 65.9807 9.83593 48.124
v 76.4032 -40.5895 -50.2442
v 68.0868 -27.7921 -17.1845
v 86.631 -17.9913 -9.52394
v 68.7422 -26.987 -16.1721
v 89.7658 -31.2738 -26.0888
v 57.106 -40.9566 -63.6153
v 60.5196 -40.0995 -65.0461
v 61.8858 -40.0449 -64.1163
v 67.474 -37.6295 -65.438
v 68.641 -36.517 -66.128
v 91.0616 -30.7576 -28.8389
v 38.0698 8.67199 44.6611
v 69.6213 -35.7541 -66.6158
v 116.883 -6.71018 -0.378586
v 89.1149 -23.6124 -47.7928
v 78.2458 -23.0562 -11.8392
v 79.0604 -21.4039 -10.8909
v 73.2585 -29.206 -16.252
v 82.8793 -12.7661 -11.1474
v 116.841 -0.128797 2.94631
v 117.36 -1.13172 2.79619
v 75.6176 -18.2937 -6.76445
v 67.8834 -14.97 -3.70809
v 115.338 -6.80018 -3.05066
v 117.94 -0.613777 3.29568
v 115.721 -8.93219 -2.04249
v 117.248 -8.56179 0.305179
v 117.566 -9.62807 1.28417
v 118.25 -8.63664 1.96566
v 118.895 -7.32504 2.65176
v 115.897 -10.5546 -0.623291
v 119.508 -10.0409 4.65347
v 117.714 -10.8867 2.26088
v 116.755 -11.7077 1.65404
v 118.862 -11.6998 4.88445
v 118.031 -12.7483 4.25642
v 120.005 -10.9397 6.33638
v 64.8849 18.9936 63.1438
v 113.961 -3.27397 -3.95669
v 112.322 -1.48846 -4.71122
v 8.49306 -6.10354 14.7737
v 84.8867 -34.1455 -50.7908
v 74.9085 -27.2043 -66.3672
v 74.5106 -28.7938 -66.1016
v 20.1291 7.02373 26.7572
v 93.9285 -25.8409 -38.0613
v 94.8425 -24.8147 -37.3898
v 39.4469 3.33546 26.7637
v 95.7384 -25.1191 -35.1656
v 41.218 4.45557 25.2931
v 40.4707 4.27915 26.3403
v 38.7574 3.79691 29.6045
v 39.6369 3.96952 27.6109
v 41.6257 6.38413 29.2099
v 23.0156 -37.3925 -69.6806
v 117.372 -12.6209 3.18897
v 51.3586 17.2867 68.5298
v 49.95 18.3871 69.5811
v 108.72 -6.67004 -12.3506
v 119.296 -2.81435 3.66346
v 118.94 -1.2918 3.74797
v 121.905 -3.81636 5.80117
v 119.997 -4.33855 4.11256
v 121.931 -2.33414 6.182
v 122.754 -3.38693 6.68651
v 38.9442 6.2048 38.9731
v 127.637 -6.31698 14.5304
v 51.6645 18.5819 72.2371
v 110.355 -8.75819 14.8184
v 93.8896 -26.9429 -35.9654
v 93.6228 -26.738 -37.5766
v 69.5534 -7.93679 3.51257
v 92.7736 -28.1408 -37.3252
v 92.7429 -28.454 -35.6336
v 93.9693 -27.298 -34.2482
v 94.0905 -23.1022 -40.0305
v 11.4608 29.3265 87.5121
v 67.9313 -8.82479 6.32
v 68.9747 -8.12206 5.73167
v 69.3603 -31.1168 -78.2252
v 113.299 -6.23544 -5.84971
v 87.886 -13.0226 -6.35992
v 66.9619 10.9912 48.4247
v 38.9889 -41.7626 -63.5275
v 85.4145 -29.4251 -54.0529
v 40.0505 -41.3906 -65.8622
v 84.6383 -29.7589 -55.2963
v 65.1359 -35.5352 -78.1702
v 68.708 -32.5408 -74.4895
v 69.1345 -32.842 -71.9185
v 30.8657 17.6252 63.9289
v 27.2794 23.3942 74.9176
v 97.4395 -24.2282 -16.4388
v 97.1289 -24.8048 -18.4149
v 96.0066 -25.4768 -18.0853
v 96.6532 -25.8524 -19.8238
v 113.176 -8.69876 -6.08488
v 61.1916 22.0437 74.4361
v 67.4824 -33.1571 -79.2558
v 95.7641 -20.8241 -38.2217
v 51.6163 -34.0129 -30.7152
v 67.1714 3.95771 36.2658
v 68.3521 -42.2831 -51.3259
v 69.1863 -42.0121 -52.6389
v 96.2734 -26.3912 -22.6421
v 66.5422 -12.581 0.718515
v 98.1599 -24.724 -21.9158
v 98.5196 -23.9302 -19.4203
v 97.4104 -25.6399 -25.0394
v 97.1347 -25.8115 -23.1488
v 123.539 -1.99826 7.42282
v 4.38061 14.8996 64.72
v 74.069 -25.9108 -67.6683
v 85.2329 -34.5896 -27.8829
v 84.8481 -35.023 -29.3679
v 17.2143 -38.1036 -58.6356
v 19.5029 -39.3048 -58.8375
v 17.116 -37.3643 -60.4651
v 17.8309 -36.5726 -63.5916
v 18.7383 -37.9052 -61.9487
v 15.9006 -37.0297 -59.2639
v 20.163 -37.9677 -64.1096
v 22.7704 -38.9918 -65.3452
v 25.6893 -41.0826 -63.0574
v 23.5425 -40.1579 -63.4398
v 21.3001 -39.6686 -61.0427
v 19.7287 -37 -66.1057
v 24.6847 -40.9399 -61.8721
v 114.75 -14.9155 2.80588
v 57.2156 8.66353 49.3637
v 3.95839 23.3151 70.9488
v 88.7413 -32.0044 -26.2665
v 49.7092 9.04094 33.3598
v 53.7376 12.6436 59.5252
v 51.9918 13.5508 58.0158
v 54.0399 12.4561 57.851
v 3.54918 -8.97927 10.1473
v 4.71867 -8.67405 10.7964
v 68.2308 2.47103 25.7044
v 68.4543 3.43618 27.7349
v 2.88199 -8.86742 9.02913
v 101.919 -16.1048 -26.84
v 39.8044 5.1556 32.3064
v 38.6672 7.72139 42.8183
v 4.65169 -6.41236 6.84251
v 50.4922 28.4675 82.8044
v 51.544 28.0489 83.2465
v -29.6239 -4.3646 42.4267
v 16.9837 28.5532 88.198
v 18.6757 29.7182 88.0743
v 17.5935 30.6544 88.4365
v 111.411 -10.3219 -7.55692
v 110.658 -12.2347 -7.72465
v 19.7992 31.8136 87.7993
v 19.7163 30.2256 87.7722
v 21.504 30.5255 86.5322
v 21.6319 31.7263 86.2989
v 82.817 -3.06798 -17.6614
v 41.6254 6.03419 28.1318
v 70.6956 -33.4859 -68.4289
v 71.8119 -32.1802 -68.3925
v 71.7379 -33.1527 -67.8525
v 69.653 -33.4232 -69.688
v 72.8206 -33.817 -66.1217
v 47.2821 4.77133 22.3725
v 47.3115 4.11281 23.9386
v 48.9503 5.1286 24.3567
v 73.5514 -41.7078 -50.4046
v 80.2836 -16.4061 -10.4583
v 73.3997 -41.5134 -52.0954
v 74.5952 -41.2758 -51.5218
v 67.0588 4.71904 38.8426
v 20.1178 -39.283 -60.4779
v 40.4008 -41.0507 -67.6061
v 27.0033 -41.4257 -63.2071
v 28.7147 -41.715 -63.6537
v 38.752 -41.3086 -66.6867
v 76.7622 -9.05738 -7.3162
v 8.65279 34.0762 82.8798
v 10.3129 35.2869 83.7567
v 11.0561 31.5269 76.5348
v 9.53629 32.0067 79.1759
v 10.0231 30.4276 76.7527
v 99.123 -23.0503 -16.3762
v 100.389 -22.1393 -15.3404
v 115.009 -15.1622 4.72779
v 127.635 -2.81145 17.893
v 127.478 -3.69224 17.4018
v 8.10647 31.2191 80.0359
v 9.0447 33.3181 80.7311
v 92.9217 -27.3676 -38.2145
v 80.3072 -21.3524 -59.5155
v 79.4826 -20.8448 -11.1819
v 21.8696 24.9297 82.6477
v 22.8055 6.68365 33.8074
v 38.6946 -40.72 -68.9272
v 117.067 -11.5824 13.6564
v 9.94636 34.8286 84.4388
v 60.2149 24.6226 78.6353
v 93.4096 -28.7618 -25.5544
v 68.0445 -40.8012 -58.65
v 67.5303 -42.0711 -53.7715
v 70.1932 -41.4348 -55.1516
v 68.2139 -41.673 -55.156
v 37.2874 -41.5996 -65.6028
v 71.3384 -41.412 -54.8392
v 72.547 -40.9591 -55.7545
v 87.7298 -33.3382 -29.4128
v 89.5556 -32.2809 -28.6747
v 90.2609 -31.759 -30.9273
v -0.579402 26.4606 68.1939
v 89.3801 -32.464 -29.6304
v 48.9143 19.9703 71.8034
v 50.647 5.62197 27.3257
v 51.5089 -10.1195 11.9827
v 50.6499 5.43637 26.438
v 50.3734 7.85315 24.8833
v 50.1109 6.81372 24.4396
v -25.3153 -3.95302 16.3146
v 81.2526 -38.591 -43.938
v 42.9114 8.85362 28.3149
v 50.1848 5.87258 25.1621
v 42.0287 7.08912 29.7519
v 42.915 9.61838 29.5003
v 43.1834 10.6409 29.0191
v -39.2265 -1.39378 36.0686
v -9.05894 24.2345 75.3493
v 81.6825 -28.1351 -60.3249
v 19.5976 32.8353 87.6448
v 18.2681 32.2475 88.2608
v 17.3526 33.7578 87.9504
v 83.3833 -29.0448 -57.9717
v 15.5658 34.1494 87.9103
v 17.2281 31.6496 88.4728
v 82.0491 -29.0834 -59.7985
v 15.6185 32.7395 88.3709
v 15.2951 13.9123 39.439
v 50.8356 16.9759 65.9446
v 13.3862 28.3645 87.886
v 19.6453 -40.054 -55.2722
v 20.2397 -40.4867 -53.7554
v 80.9566 -30.0494 -60.5835
v -4.07592 24.1898 77.4712
v 67.0727 2.77778 31.8474
v 96.8744 -23.8867 -14.6787
v 93.6135 -20.0468 -6.99757
v 59.1159 24.875 79.9686
v 62.9794 13.3871 57.8341
v 40.3792 5.71888 33.5287
v 105.32 -19.0865 -4.9138
v 68.4802 -31.9783 -79.5366
v 67.8447 -33.0191 -75.8998
v 50.9307 30.2092 82.8562
v 121.168 -4.72137 18.2359
v 126.883 4.96319 10.72
v 60.2039 21.2555 74.0221
v 97.0539 -25.5238 -30.3069
v 98.3615 -24.4982 -23.116
v 41.7944 5.42787 25.2883
v 9.6984 24.822 77.2473
v 76.3784 -40.4723 -52.0397
v 86.1268 -34.7088 -31.1788
v 86.6796 -33.9825 -28.3349
v 86.1759 -34.406 -30.3758
v 88.1699 -33.3779 -31.2054
v 88.9604 -32.7937 -34.5927
v 86.6948 -34.3757 -33.2646
v 85.5801 -35.2073 -32.8349
v 54.4849 23.7926 81.7617
v 20.6593 29.7144 87.0133
v 25.8188 -39.5697 -67.5564
v 14.6862 -37.9957 -53.7972
v 49.4909 6.53642 23.53
v 49.7456 7.51845 22.7015
v 50.1543 8.19961 23.3498
v 78.388 -39.3899 -39.9429
v 80.6289 -38.8964 -42.4475
v 82.8856 -37.4385 -40.089
v 80.3669 -38.7651 -40.4586
v 79.9877 -38.8922 -38.6726
v 82.3475 -37.9131 -42.4487
v 82.056 -37.9037 -38.6494
v 83.4342 -36.9576 -39.6704
v 69.9146 -32.3498 -70.9097
v 127.969 -5.35138 15.5868
v 100.399 -22.4139 -18.7395
v 123.332 -9.38419 13.2439
v 124.854 -7.80794 13.7127
v 127.864 3.96769 10.7675
v 30.9701 18.6968 65.1018
v 127.194 2.74913 10.2456
v 72.7883 -41.3108 -54.1645
v 75.8904 -40.4835 -53.3126
v -4.99659 26.8734 67.6333
v 117.71 -7.10149 0.792068
v 88.7661 -32.3391 -27.075
v 101.109 -21.7733 -19.3096
v 100.889 -22.2158 -20.8502
v 128.064 -5.42034 12.6285
v 96.8547 -25.2073 -31.2018
v 24.1969 10.0006 14.0868
v 96.0361 -25.4843 -32.508
v 11.9995 -38.2648 -48.0446
v 83.9474 -36.4987 -35.1376
v 66.5721 -42.4032 -52.3865
v 63.3069 -40.0462 -63.3474
v 64.7128 -40.0661 -62.5001
v 65.6762 -39.3465 -63.5694
v 85.5346 -35.75 -35.09
v 82.8515 -37.2348 -36.8275
v 84.2671 -36.3959 -36.9523
v 87.4988 -21.4306 -49.7276
v 67.6438 -32.9945 -78.638
v 72.4439 -11.5904 -2.86499
v 71.8415 -12.6676 -3.87071
v 24.0306 2.33499 23.7432
v 24.8101 -39.5674 -66.5387
v 23.6718 -38.5182 -67.4009
v 62.2419 22.618 73.4092
v 61.3033 21.835 73.6093
v 25.0069 -40.1212 -65.1505
v 95.3128 -27.0349 -23.1551
v 94.1302 -28.2999 -27.028
v 93.6623 -28.6587 -28.2965
v -3.13566 24.693 77.1966
v 50.1962 9.43835 23.628
v 50.059 9.8167 21.5978
v 49.6621 7.32296 20.5338
v 50.1066 8.69808 22.1387
v 42.0125 7.27117 31.3231
v 41.2005 7.23589 33.6971
v 110.777 -13.7562 -6.16581
v 111.634 -12.0213 -5.9812
v 20.5277 5.46576 25.3163
v 76.9764 -40.0792 -53.9945
v 45.7582 -14.2493 -4.05372
v 112.806 -10.3983 -5.2953
v 111.074 -14.8927 -4.00609
v 114.125 -8.92817 -4.21208
v 110.035 -15.7482 -4.37209
v 111.753 -13.4005 -4.69043
v 113.632 -12.811 -1.69406
v 114.621 -12.0558 -0.940951
v 112.214 -14.6449 -2.32105
v 113.589 -13.4605 -0.927122
v 114.333 -13.5222 0.295054
v 115.867 -11.5271 0.169877
v 113.969 -9.88303 -3.69614
v 111.472 -15.7997 -1.231
v 109.992 -16.3688 -2.95951
v 62.8923 20.1178 69.0118
v 113.665 -5.18957 -5.45476
v 84.7382 -35.4822 -30.7515
v 71.0219 -40.8558 -56.6356
v 80.967 -28.0923 -61.1865
v 114.559 -7.56765 -4.10441
v 103.267 -19.6042 -15.595
v 102.805 -20.4346 -14.8846
v 32.9355 -40.2811 -69.6832
v 30.6186 -40.8602 -67.7805
v 101.352 -21.4819 -15.4908
v 103.798 -19.9495 -13.2551
v 103.944 -19.2774 -14.0841
v 103.63 -19.9376 -11.8659
v 105.527 -18.6279 -8.44379
v 102.998 -20.3411 -9.30338
v 33.238 13.4078 55.6909
v 30.6389 -41.1174 -80.9388
v 52.538 22.5693 80.6708
v 66.8406 2.71827 33.0399
v 25.1849 -41.3456 -61.1038
v 50.9321 23.4137 80.9312
v 107.9 -5.30955 -12.8971
v -6.29589 24.0302 77.0034
v 66.7943 5.48449 40.2583
v 100.167 -23.0717 -21.9261
v 99.5238 -23.5074 -21.3764
v 18.7824 34.1931 87.6054
v 102.161 -20.7897 -16.0616
v 121.955 5.43291 18.4883
v 121.615 4.48019 18.7893
v 110.045 -16.8116 -1.32499
v 109.265 -17.3319 1.19416
v 111.206 -16.6695 1.00484
v 13.8686 17.3696 38.8117
v 87.0938 -34.4863 -34.8628
v 92.5478 -29.1984 -31.6739
v 21.9272 29.3381 86.0883
v 44.2916 7.50977 23.5617
v 110.516 -15.0103 -5.32002
v 114.08 -4.94461 -4.41933
v 109.364 -15.1663 -7.29822
v 65.4155 -40.6152 -60.579
v 84.4494 -36.0157 -33.7143
v 63.237 -41.1227 -60.1034
v 97.3822 -25.6227 -27.4749
v 110.175 -16.1997 7.35666
v 95.8482 -26.4649 -23.9653
v 95.7019 -26.939 -26.7195
v 24.0411 10.0627 15.682
v 94.6407 -27.475 -24.7301
v 129.487 -1.17875 10.8859
v 128.16 0.251092 9.95247
v 128.676 -1.55891 10.1284
v 126.951 -3.11206 9.69063
v 126.235 -0.397003 8.87137
v 116.267 1.62572 3.80468
v 127.267 -1.13102 9.40214
v 105.458 -18.1114 -12.441
v 106.44 -17.3804 -11.2763
v 101.309 -21.5852 -17.0223
v 96.5947 -26.0638 -30.8693
v 44.077 -41.0888 -57.0099
v 53.3502 27.7616 83.6432
v 114.643 -14.2932 10.1032
v -37.9565 -0.46634 35.1883
v 104.527 -19.4085 -10.5644
v 77.8774 -38.2352 -32.2497
v 106.516 -18.0613 -6.12581
v 107.052 -17.7221 -8.34567
v 95.1935 -27.7191 -27.2938
v 106.32 -18.2248 -7.14641
v 107.406 -17.5149 -6.81149
v 106.073 -18.6155 -5.55669
v 107.158 -18.0455 -4.01077
v 108.704 -17.2969 -3.02582
v 108.879 -16.8546 -4.63759
v 108.219 -17.0389 -5.89601
v 107.585 -17.2451 -5.84054
v 9.95689 31.5136 78.2785
v 120.154 -7.20166 4.2936
v 119.147 -9.19924 3.59392
v 120.437 -8.49615 5.42154
v 121.274 -6.60709 5.45888
v 82.7538 -30.411 -58.4481
v 59.6016 -41.4652 -60.184
v 83.5442 -32.6003 -56.219
v 83.7528 -31.5463 -56.4624
v 82.9719 -32.4621 -57.2993
v 73.8482 -40.5286 -55.6765
v 109.562 -16.7292 5.20662
v 75.4955 -39.9799 -56.1642
v 68.9802 -37.6364 -64.47
v 128.46 1.80057 10.4154
v 50.4776 6.76335 27.1138
v 120.335 -5.8329 4.40508
v 84.3949 -36.4115 -41.6319
v 91.7367 -30.4193 -35.4717
v 49.879 23.2886 79.6968
v 93.9799 -27.946 -23.45
v 6.3484 20.881 63.6505
v 53.4582 15.841 65.9848
v 127.238 -5.74542 16.1076
v 126.297 -6.59081 15.1894
v 91.2348 -17.5203 -43.4952
v 78.9768 -20.1743 -10.2546
v 106.318 -18.7109 -4.26526
v 40.9679 6.31161 32.8849
v 87.0772 -33.2973 -45.6423
v 86.0323 -34.4408 -46.8634
v 69.7227 -40.2184 -59.0808
v 72.4869 -39.8431 -58.8571
v 72.4522 -40.31 -57.2929
v 86.7636 -34.3483 -44.9238
v 125.824 -7.31128 15.1291
v 69.5919 -39.6861 -60.9474
v 71.0696 -39.8014 -59.8022
v 27.2071 -40.0653 -67.6241
v 18.5728 12.0691 30.7363
v -11.6956 21.4892 68.8574
v 75.9913 -16.5515 -6.43297
v 22.1189 3.16992 23.155
v 81.3457 -38.1985 -46.3271
v 85.0135 -35.8542 -37.651
v 20.4552 5.9387 26.7967
v 122.847 2.94171 8.25377
v 125.156 -0.0214752 8.36784
v 123.397 3.40161 8.25004
v 79.004 -39.4054 -42.1827
v 123.75 2.40632 8.08671
v 21.5092 -37.8204 -66.9857
v 83.3164 -27.0725 -57.9298
v 64.1118 18.346 64.0943
v 123.467 4.01806 8.66858
v 91.5349 -30.3132 -36.859
v 91.2381 -29.9369 -39.2653
v 90.2041 -30.6071 -40.5222
v 89.6249 -30.872 -42.2957
v 89.8982 -29.5582 -43.6087
v 88.7103 -31.8802 -43.3081
v 88.465 -32.7237 -42.0692
v 88.2514 -33.3555 -38.7789
v 90.5779 -29.1387 -42.1183
v 91.7852 -29.5565 -38.3089
v 86.9808 -34.7139 -37.7784
v 88.0813 -33.4848 -40.8861
v 87.3938 -33.973 -42.0259
v 59.8484 -10.306 10.315
v 88.1928 -31.3846 -25.1332
v 88.7666 -31.4782 -25.5918
v 61.7437 -41.6995 -58.8944
v 90.7344 -31.1992 -29.9812
v 104.14 -19.6313 -9.12951
v 123.406 -0.961486 7.31726
v 124.667 -2.26053 7.90484
v 96.097 -27.1806 -28.5676
v 18.0612 12.2406 32.9884
v 23.4185 -36.4784 -80.9353
v -9.60829 21.7022 64.1897
v 58.9777 21.8442 76.55
v 60.2299 22.9938 76.875
v 130.172 1.8284 11.8682
v 88.6802 -30.1703 -21.5421
v 16.6245 14.2138 36.3775
v 91.5507 -30.4409 -31.5361
v 91.4324 -30.7566 -33.7543
v 90.7525 -31.2925 -35.1194
v 127.542 1.70973 9.77306
v 125.827 0.741113 8.546
v 60.9381 -40.8699 -61.7401
v 7.71286 32.33 82.1832
v 8.1546 32.9164 83.9496
v 100.869 -9.31906 -25.022
v 114.495 -5.93643 -4.37982
v 9.13303 33.2324 85.0229
v 122.654 2.219 7.54251
v 123.96 3.20266 8.70928
v 81.9569 -33.4953 -57.7687
v 15.4469 -35.3485 -61.5019
v 82.8727 -36.8684 -50.6493
v 80.6447 -38.5427 -47.9554
v 82.0932 -37.7368 -46.6498
v 83.771 -36.659 -46.4197
v 84.7433 -36.2407 -43.7389
v 83.3705 -36.9761 -45.5012
v 83.6999 -36.4542 -48.0122
v 85.0611 -35.6962 -45.0708
v 85.1127 -34.9026 -48.181
v 86.4082 -34.4739 -45.7525
v 119.27 6.3083 9.73678
v 86.2832 -34.7879 -41.5257
v 86.8588 -34.1326 -43.875
v 96.6157 -26.5965 -29.4544
v 104.375 -18.7764 -14.5665
v 110.867 -16.7847 -0.379479
v 111.735 -16.3732 3.61035
v 111.857 -15.8251 -0.167179
v 91.7301 -30.061 -30.5179
v 94.7817 -27.382 -30.0509
v 93.3515 -28.7304 -30.1489
v 94.804 -26.9906 -32.4328
v 96.0658 -26.5369 -30.4219
v 73.4191 -38.3955 -61.0404
v 71.3501 -39.3552 -61.4769
v 84.2791 -29.005 -56.3108
v 85.843 -33.5376 -49.6261
v 97.9277 -10.9842 -31.1439
v 67.447 -40.0964 -60.8944
v 50.2068 7.55069 39.5401
v 84.6095 -31.6029 -54.4077
v 42.6175 5.95142 24.6224
v 43.202 7.06229 25.8575
v 83.2478 -37.449 -43.6356
v 82.2984 -37.9549 -44.5301
v 12.232 31.6193 87.9833
v 77.8022 -39.9304 -50.6882
v 79.0359 -39.3694 -50.436
v 112.578 -15.7264 0.785783
v 113.462 -15.6857 2.4367
v 113.712 -15.2317 1.41799
v 78.4798 -39.5994 -52.0364
v 78.4108 -39.8127 -52.9562
v 79.8502 -38.7789 -51.2554
v 79.0603 -39.0117 -52.9371
v 95.0987 -26.3139 -33.5252
v 14.6598 33.1429 87.9759
v 74.6496 -39.4922 -57.8572
v 8.25952 31.8514 85.1251
v 109.71 -16.0962 -5.75556
v 109.151 -15.9589 -7.16074
v 101.458 -21.3881 -13.1158
v 103.016 -20.6163 -13.4376
v 95.6898 -26.3988 -31.4232
v 115.651 -13.7767 2.35222
v 98.5977 -10.2914 -29.7406
v 9.65181 32.2218 85.8995
v 68.9341 -31.6294 -76.917
v 102.456 -20.4554 -17.9486
v 10.4051 31.5562 86.986
v 66.6542 1.55242 25.3591
v 67.1903 2.03294 26.599
v 89.24 -32.1248 -38.692
v 119.336 -12.571 9.43137
v 118.264 -13.3069 9.41687
v 119.887 -12.1477 8.50648
v 119.06 -12.939 8.20129
v 111.429 1.19541 16.9576
v 95.5657 -27.3701 -29.6201
v 90.1653 -31.7974 -34.1581
v 125.523 1.70975 19.6277
v 16.7623 36.9112 84.3103
v 14.8788 36.9111 83.2669
v 117.994 6.80249 10.0452
v 85.2715 -35.6271 -39.9139
v 107.589 -16.1795 -9.83658
v 106.274 -17.756 -10.5823
v 102.833 -20.1744 -7.57571
v 29.3585 -39.3353 -70.6818
v 29.4559 -39.9439 -69.544
v -37.745 3.85427 39.4642
v 122.571 -5.65636 6.87821
v 122.781 0.908999 7.24623
v 121.991 -0.849664 6.48013
v 125.277 -1.78946 18.6396
v 90.6521 -31.6782 -36.9312
v 88.5345 -33.1404 -32.5809
v 58.4274 20.9757 75.5825
v 22.7049 31.721 85.4981
v 124.936 -8.12027 14.9113
v 40.7757 5.65706 30.6198
v 88.0005 -33.8601 -35.4013
v 43.0501 6.82512 24.5007
v 105.021 -19.1894 -6.96919
v 105.619 2.5816 12.7534
v 58.6262 22.3144 77.1872
v 126.12 -7.37588 13.7964
v -37.8547 1.99121 43.8982
v -35.6488 1.39625 44.7425
v 77.9677 -39.7599 -41.4024
v 89.8147 -31.516 -39.07
v 81.231 -37.5189 -52.8781
v 81.192 -36.0729 -56.2529
v 81.0512 -36.5682 -55.4905
v 80.5002 -35.9595 -57.3148
v 82.1937 -36.2687 -53.8273
v 78.6847 -36.2131 -58.6253
v 78.5844 -37.9731 -56.9452
v 77.6631 -37.9793 -57.816
v 77.4792 -39.3325 -56.0892
v 76.8447 -38.8786 -57.3728
v 82.5303 -34.2265 -56.5715
v 84.2454 -32.7479 -54.1321
v 83.6553 -35.1786 -52.4502
v 83.1274 -36.1682 -51.7483
v 84.6155 -33.809 -52.2204
v 82.0019 -37.1971 -51.6374
v 83.0198 -34.3961 -55.3936
v 83.3326 -34.7195 -53.7993
v 18.482 -3.64063 19.1518
v 71.555 -15.649 -87.9346
v 71.8264 -16.6345 -87.4139
v 72.0651 -17.1657 -85.6794
v 71.5307 -15.3894 -86.2992
v 70.8708 -13.4901 -85.6179
v 72.0731 -16.3219 -84.3674
v 72.2018 -17.5784 -83.8839
v 102.774 -20.5024 -10.6766
v 64.556 12.3057 54.5038
v 69.6551 -30.9849 -76.0754
v 89.7191 -29.6419 -22.1451
v 77.4579 -29.1403 -63.9975
v 78.0798 -30.2922 -63.2962
v 76.9553 -30.8534 -64.1166
v 77.1839 -32.3546 -63.0717
v 75.6472 -31.8113 -64.8699
v 80.9597 -38.2932 -49.3737
v 78.0081 -39.3273 -55.3714
v 78.5803 -39.7488 -54.1501
v 78.9755 -38.6898 -54.6205
v 53.4833 20.8482 78.6609
v 79.8811 -38.099 -53.7502
v 92.3734 -29.0628 -33.8819
v 17.0517 14.2529 34.8562
v 17.2029 12.8191 35.2864
v 17.5733 13.0547 33.9608
v 90.9409 -31.0686 -32.7337
v 127.688 -6.36366 13.4814
v 9.78347 30.9213 86.7052
v 107.757 -11.1075 11.9716
v 71.5025 -41.8063 -52.6619
v 42.527 7.05214 27.8006
v 43.2405 7.74767 26.7908
v 104.217 -19.277 -12.4655
v 33.9191 13.5236 54.3223
v 95.1068 -23.5906 -37.9617
v -2.45485 25.6424 76.9383
v 94.7915 -27.733 -29.1075
v 45.5758 -41.1382 -58.332
v 51.7026 17.6242 69.8538
v 114.226 -2.97359 -2.96909
v 82.6331 -37.1212 -48.6372
v 82.1425 -37.3725 -50.1475
v 121.911 5.35079 9.37473
v 46.8936 4.76103 18.9109
v 73.5187 -30.8866 -66.4699
v 89.4497 -32.1773 -32.651
v 53.5066 15.3416 64.1345
v 20.1685 11.6 24.3806
v 19.3902 11.9979 27.6184
v 96.2738 -24.6628 -33.9935
v 94.9255 -26.3451 -34.7458
v -8.29947 26.268 69.9851
v 111.586 -0.520268 17.1494
v 92.1441 -29.6917 -29.4058
v 110.089 -0.106353 16.4947
v 43.4454 8.4727 26.3708
v 71.0247 -38.2915 -63.5368
v 87.6082 -33.8676 -33.8535
v 9.1142 31.4703 85.9884
v 10.9026 30.5791 87.4179
v 86.3229 -35.038 -36.1318
v -10.8008 20.5365 65.7506
v 16.6798 12.5864 36.7111
v 17.3135 10.1249 36.2461
v 17.9474 10.4326 33.9634
v 124.218 0.567725 8.05664
v 64.2507 -9.98678 8.16666
v 54.4886 18.2083 72.7812
v 75.6203 -29.8354 -64.9682
v 87.9224 -33.8035 -36.9921
v 89.4703 -32.4946 -36.5236
v 53.2285 19.108 73.9993
v 53.9239 18.8414 73.4182
v 83.1895 -36.2115 -50.2295
v 83.9373 -35.5549 -49.6928
v 71.262 -14.4816 -87.4765
v 23.7123 13.357 24.8613
v 121.703 8.47738 12.1594
f 6561 2689 2633
f 9106 8684 8366
f 8330 8206 8821
f 5698 8440 8511
f 8864 8920 9030
f 9233 9269 7642
f 9895 9994 9995
f 1774 1775 8685
f 9559 7081 9462
f 6016 6018 6017
f 7208 7202 7861
f 7081 9559 7088
f 6965 7324 7857
f 6199 6198 6197
f 9787 6514 6838
f 9784 9899 8296
f 7081 7088 7075
f 8292 9891 8296
f 5643 5644 5642
f 2219 9473 9084
f 9785 9084 9473
f 7432 7440 6560
f 6551 9210 6552
f 2226 9473 2219
f 6200 6585 6198
f 4556 7217 4555
f 4374 3972 1068
f 7047 7043 7391
f 7754 8278 8276
f 9691 9880 9639
f 9291 9013 9290
f 7010 8763 7011
f 7100 7826 7099
f 7503 9252 7750
f 8934 7942 7943
f 5643 5642 8937
f 9075 9213 9244
f 9150 9443 7821
f 7575 7573 7993
f 7767 7617 6043
f 3969 9209 3971
f 5404 7323 6836
f 7077 7073 7075
f 1736 8411 8772
f 1736 9176 8411
f 9201 9376 9446
f 9201 9446 5480
f 8440 5770 8793
f 9784 8296 9891
f 7099 9787 6838
f 9785 9473 9207
f 4343 7640 5902
f 4353 9155 7704
f 1429 1433 2158
f 6551 6552 9625
f 9357 8315 1744
f 6027 9662 9232
f 3969 6237 9209
f 8115 8761 4128
f 9201 9115 9376
f 1791 1773 1776
f 4283 4282 4284
f 9089 7083 9786
f 8935 4368 4365
f 9232 9233 9234
f 9232 9234 6027
f 9382 9368 9370
f 8039 4345 6264
f 6465 9325 9322
f 8381 6365 2180
f 6890 8702 6887
f 8067 8683 7368
f 7616 7617 7767
f 3617 5642 5646
f 6018 6021 9069
f 9865 9413 9414
f 5997 2703 6834
f 7560 7559 7064
f 4124 3822 1636
f 8302 8276 8278
f 8245 8247 7583
f 8423 9274 8772
f 6585 6200 8277
f 4073 8980 4060
f 9467 6534 9730
f 9651 9650 9572
f 7573 7572 7571
f 9522 7501 7500
f 2221 2219 9084
f 6448 6449 9251
f 4068 4072 4069
f 9015 5501 5500
f 7903 8067 7368
f 6017 6018 9155
f 8478 6747 8483
f 9605 9523 9732
f 9252 6157 9312
f 9074 6888 6891
f 7327 7342 7877
f 5512 5532 5511
f 5860 6567 2202
f 9176 9175 9932
f 9285 9570 9483
f 5644 5646 5642
f 1744 1736 8772
f 6211 6556 6555
f 8702 6890 5531
f 9891 9530 9784
f 5917 7518 6846
f 6523 6894 6513
f 1067 4395 1064
f 9443 7820 7821
f 9253 9254 8249
f 5039 5044 5032
f 9256 9085 6014
f 9365 6449 6454
f 6889 9074 6988
f 7498 9932 9268
f 3193 3189 3190
f 7839 7589 7587
f 8521 3971 8520
f 9259 6825 6822
f 1796 1744 8315
f 6455 3938 1633
f 1739 9175 9176
f 1747 1720 1905
f 6506 6513 6894
f 3194 3198 3195
f 4365 8793 8935
f 7065 7043 7047
f 4116 6550 9268
f 3200 3213 3211
f 4307 4303 4305
f 4068 6716 4070
f 9641 3182 4120
f 1735 1736 1744
f 2228 2223 5734
f 6201 6200 6198
f 4365 4363 8793
f 2529 2526 2528
f 4060 4068 4073
f 6886 6266 5855
f 6157 9064 9094
f 6586 6089 6086
f 4073 7831 8980
f 9647 8410 9333
f 9958 8782 9160
f 3753 3751 3749
f 4073 4068 4070
f 7185 4263 6025
f 9069 6989 9468
f 4834 4901 4833
f 9208 9073 8987
f 5481 9115 9201
f 6195 6197 6187
f 8679 9934 7099
f 8521 9078 3970
f 8169 8170 8173
f 7505 7495 7500
f 8521 3969 3971
f 7890 7889 6860
f 8381 6552 6365
f 3286 3232 3231
f 8738 7114 9833
f 5770 9352 8935
f 8729 8184 8090
f 4225 4226 4227
f 6838 7100 7099
f 3165 3235 3234
f 4266 4262 9256
f 7820 9730 6534
f 7939 7787 7788
f 741 731 748
f 4209 8777 4307
f 6909 9864 5509
f 6909 9033 9864
f 5992 6989 9234
f 9139 5498 7167
f 7518 5501 9015
f 3226 3225 3229
f 9211 9210 9258
f 7613 7852 9314
f 8706 9071 8987
f 3751 5767 3749
f 7385 6268 2656
f 8943 2211 5984
f 6816 9290 6817
f 1747 1903 1907
f 8232 9471 8228
f 5880 5876 7653
f 3281 8391 8390
f 9024 8933 7791
f 6454 6450 6933
f 5475 5917 6846
f 5509 5512 5511
f 9641 9958 3182
f 9927 9928 7838
f 7768 7767 7774
f 8538 8537 7972
f 7501 7499 7500
f 8173 7181 7093
f 9159 9250 7456
f 6995 6943 7847
f 8248 9253 8249
f 4226 4244 8358
f 6989 5992 4346
f 1636 1639 1638
f 5317 5325 5576
f 6889 6888 9074
f 8521 8997 9078
f 6572 1728 6268
f 9365 9564 8358
f 4261 4262 4267
f 7498 7497 7495
f 1905 1903 1747
f 6024 9085 6025
f 5997 4111 1498
f 7163 3760 7093
f 8997 9196 9380
f 7518 9015 7519
f 9245 9512 9001
f 7401 6405 6768
f 7877 7878 7327
f 9112 9439 6845
f 6821 7938 6819
f 7571 7993 7573
f 8997 9000 9078
f 8933 7877 7939
f 2107 2108 43
f 6886 5855 6888
f 6819 6825 9259
f 1289 2026 3595
f 8083 8683 8069
f 4069 8815 6716
f 7416 7912 7181
f 4301 4297 9251
f 5486 5917 5475
f 6887 6886 6888
f 7978 7904 7903
f 7099 9934 9787
f 3182 3181 3176
f 7868 6911 6859
f 7404 6196 6197
f 4303 4307 4309
f 8015 4414 8016
f 7574 9893 7573
f 8777 4209 9184
f 6513 6505 5950
f 1707 1698 1705
f 6089 8043 6088
f 6836 6266 6886
f 3286 9366 4263
f 7069 8949 8948
f 8256 3752 7544
f 829 2152 817
f 9730 7654 9259
f 1685 1705 1698
f 1672 1671 1661
f 1728 1731 1729
f 7502 9094 9064
f 7385 2656 2659
f 1977 1987 7117
f 7163 7093 7181
f 739 735 740
f 812 817 1301
f 3991 3476 6191
f 1688 1698 1707
f 9975 9323 9849
f 4124 1636 1919
f 6187 6188 6195
f 2123 2121 2122
f 2561 2555 2568
f 3845 9414 3847
f 7404 6197 6195
f 5917 5486 5501
f 8245 7583 8233
f 9891 8285 9530
f 7641 4346 7642
f 4140 7855 7856
f 7317 6819 9259
f 7583 9561 7573
f 3212 3211 3213
f 4615 4623 4627
f 6021 9234 9069
f 5404 5377 7323
f 9870 9869 9867
f 8184 7179 8090
f 3800 3802 3811
f 6853 6858 6857
f 9326 9894 9158
f 6911 6861 6859
f 493 7303 7669
f 9370 9379 9384
f 3190 3189 3181
f 6889 6890 6887
f 6889 5533 6890
f 1740 6550 4116
f 3226 8321 3225
f 2084 2092 2083
f 6523 6521 5947
f 9389 9627 9538
f 1726 1729 1722
f 4210 4313 6945
f 1642 1639 1636
f 2033 2181 1579
f 8464 7533 7812
f 4311 6592 3200
f 7858 7857 3351
f 6186 6185 6184
f 1893 1907 1903
f 8418 8439 8516
f 5343 5689 5259
f 6470 6469 7422
f 4617 4743 4930
f 4335 6465 9322
f 806 787 788
f 9691 9777 9640
f 3811 3802 7912
f 4140 4139 4138
f 8504 8418 8680
f 3756 7422 6469
f 3756 7382 7422
f 4140 7853 7855
f 6443 1071 735
f 8295 8292 8293
f 8513 7319 4290
f 8291 8292 8289
f 790 2247 787
f 6995 6993 6996
f 7497 7498 9268
f 4339 5902 5904
f 6925 6912 6919
f 6503 7100 6838
f 9730 7820 7654
f 3228 3229 3225
f 6524 6523 5947
f 4120 6448 4297
f 1638 1639 1640
f 7846 9386 7701
f 6957 6960 6958
f 9015 9086 4070
f 3403 6567 5858
f 5905 5906 8343
f 1882 1898 1884
f 4309 4311 8224
f 6213 6212 6209
f 6213 6259 6212
f 6372 7152 9376
f 6153 6156 6846
f 1534 1642 1636
f 4415 8016 4414
f 6086 6943 6586
f 6088 8043 7700
f 9234 6021 6027
f 8072 2019 6835
f 5533 6889 6988
f 7176 7175 8728
f 782 780 783
f 1664 3992 1681
f 825 819 823
f 7180 7179 8184
f 834 784 837
f 6989 8039 9468
f 1719 1720 1725
f 4622 4643 4624
f 1711 1712 1713
f 7848 8163 7525
f 9073 9159 9340
f 6666 6232 7165
f 7499 7502 7503
f 3230 3232 3228
f 1640 1641 1653
f 8350 9625 8943
f 6365 6552 9210
f 9328 9433 9955
f 9522 7500 7497
f 4225 4227 4269
f 9368 9382 9367
f 1738 1735 1737
f 1735 1732 1733
f 1363 1485 1484
f 6088 6086 6089
f 2010 8072 6835
f 9932 7498 7496
f 8067 7886 8069
f 1747 1907 1908
f 7995 6220 7613
f 9522 9268 6550
f 4307 4311 4309
f 4307 8777 4311
f 9859 9010 8842
f 1723 1912 1902
f 3395 6200 3398
f 5860 5859 5858
f 1774 1777 1772
f 9176 1736 1739
f 6827 6824 6823
f 9372 9785 9530
f 2726 2725 3003
f 830 2152 829
f 6994 6996 6993
f 2947 3821 9113
f 1485 1363 2146
f 9000 9002 9004
f 9000 8997 9002
f 7750 9211 7754
f 6572 7413 5651
f 5902 5905 5903
f 2223 2228 2220
f 4207 4313 4205
f 5500 5501 5492
f 6198 6185 6186
f 6198 6186 6187
f 6668 6259 6260
f 7117 6835 2021
f 7855 7854 7999
f 8998 6556 6948
f 7601 7852 7613
f 3750 3749 5767
f 6997 7876 6995
f 3729 8095 4111
f 3844 7265 3841
f 5384 4836 4835
f 6424 5965 8382
f 9522 7497 9268
f 6531 6543 6528
f 4584 4626 4637
f 3106 9073 9208
f 4226 8321 4228
f 2572 5667 2580
f 3158 3148 3151
f 785 814 784
f 762 734 751
f 785 784 834
f 1783 781 810
f 9365 4244 4236
f 4346 4347 4345
f 2801 2806 2817
f 6677 3972 4374
f 5480 5481 9201
f 4110 7464 4171
f 9256 6017 9155
f 8780 8972 8996
f 3397 3386 7460
f 9285 9144 8679
f 4999 4998 5093
f 2629 2610 3592
f 2629 2624 2610
f 2002 2001 7126
f 6232 6053 7733
f 3005 3006 3007
f 3723 6586 3740
f 6861 7890 6860
f 6063 6834 1481
f 6670 8989 8364
f 4206 4205 4210
f 2460 7463 5797
f 7307 7305 6929
f 5752 4192 4158
f 4266 4267 4262
f 8914 8908 8918
f 8300 6837 9246
f 2435 2436 2146
f 2768 2721 2727
f 8343 7892 5903
f 1697 1696 6648
f 1676 1640 1654
f 4226 8358 8321
f 1797 1796 1798
f 6450 6454 6451
f 6514 5950 6505
f 6514 6505 6503
f 1800 1797 1798
f 2624 2613 2611
f 7850 8761 8513
f 3198 4311 3200
f 1687 1689 1696
f 8227 8445 9471
f 4413 4415 4414
f 8286 9530 8285
f 6022 6024 6023
f 1796 8315 1798
f 6825 6818 6822
f 6825 6819 6818
f 3145 3143 3144
f 868 878 5985
f 3019 3018 3049
f 6172 6166 6170
f 1887 2077 2061
f 8770 8819 8820
f 1458 1408 1457
f 5071 5377 5404
f 1741 1740 1733
f 1741 1733 1734
f 3198 3194 8224
f 6153 6846 7518
f 1026 3805 1028
f 1687 1698 1689
f 3386 3397 3385
f 8348 8170 8169
f 7846 2002 9386
f 6015 6018 6016
f 8770 9006 8819
f 6443 1906 1071
f 6529 6528 6526
f 7416 7417 7415
f 7876 6993 6995
f 2244 1885 2243
f 8818 8769 8820
f 4166 4162 4169
f 7704 9155 9468
f 1702 1699 1703
f 3715 3749 3730
f 4162 4158 4192
f 7581 7583 7575
f 3520 3211 3521
f 1032 837 804
f 7117 2021 1444
f 6989 4346 4345
f 5591 5594 5590
f 4242 7183 7292
f 4615 4627 7691
f 817 818 815
f 7185 6025 9085
f 1884 1898 1887
f 7567 7570 7577
f 7567 7569 7570
f 1638 1657 1669
f 5702 5703 5706
f 6001 5578 6002
f 9588 9078 9000
f 9588 3616 9078
f 3005 3049 3008
f 1628 1619 1618
f 8998 8997 6555
f 2678 5646 9452
f 4622 4623 4615
f 8315 8815 4069
f 7185 9256 4262
f 3189 3193 3191
f 9443 9150 9151
f 1651 1652 3403
f 4068 4064 4066
f 7499 7501 7502
f 9414 4075 8517
f 156 162 158
f 5990 6870 7808
f 5990 7808 2145
f 3029 3032 3035
f 3105 7983 3106
f 9294 8483 8484
f 6569 7020 6170
f 1796 1735 1744
f 3551 3553 8386
f 9380 6555 8997
f 2485 2459 7319
f 9745 6827 9296
f 4279 4282 4283
f 3967 3966 6677
f 1733 1740 4116
f 4828 5079 4808
f 6544 6545 6511
f 7580 7584 9528
f 4073 4070 9086
f 3585 3122 3586
f 3585 3133 3122
f 2151 2436 3584
f 7088 7089 7075
f 9196 8520 8956
f 6688 6689 7420
f 7808 6870 7012
f 2153 4124 4379
f 708 709 712
f 2524 8342 8344
f 8057 8683 8083
f 8057 8083 7179
f 4209 4210 6945
f 3526 3524 6775
f 2066 2067 2069
f 730 731 729
f 5532 5512 5505
f 5942 5969 9519
f 7886 8067 7903
f 3609 3584 2436
f 3609 2436 2435
f 1693 2658 1690
f 7517 7519 9274
f 5041 5043 5042
f 9724 8476 9474
f 5062 5063 6132
f 8304 6837 8300
f 2220 2226 2219
f 3041 3034 3044
f 9252 9312 9757
f 7567 7577 7579
f 5590 5588 5596
f 4833 5384 4835
f 5376 4999 5127
f 8187 8189 8188
f 9213 6837 9244
f 2733 2731 2723
f 2733 2734 2731
f 5063 5043 6132
f 5070 4943 4984
f 3028 3025 3029
f 4271 4270 4272
f 7724 5317 5576
f 5903 5905 8343
f 7327 7308 7342
f 1063 836 834
f 4250 4298 4245
f 2220 2228 2226
f 3024 3029 3025
f 3024 3023 3029
f 1238 1236 1237
f 4355 4266 4353
f 2151 3694 2148
f 4033 3162 3161
f 6853 6856 6858
f 6993 7811 6994
f 7733 7865 7165
f 3336 1405 1522
f 2437 7183 5732
f 4157 6785 4208
f 7755 7902 8172
f 8331 3620 5916
f 9160 3181 3182
f 8058 8525 8057
f 2148 3694 2146
f 7871 6088 7700
f 6918 6914 6917
f 8352 9457 7844
f 5032 5044 5041
f 3147 3173 3144
f 3176 4120 3182
f 8069 8683 8067
f 3211 9418 3521
f 9693 9696 9697
f 3395 3398 3394
f 772 768 803
f 772 765 768
f 8171 8170 8348
f 9268 1745 4116
f 7999 8008 7859
f 2592 7602 2594
f 782 810 781
f 9644 5487 9518
f 8478 8479 6748
f 8478 6748 6747
f 1883 1882 1884
f 5052 5048 5049
f 9724 8382 5965
f 9846 9845 9840
f 2003 1993 2002
f 7307 7311 7305
f 4379 2154 2153
f 4582 4538 4583
f 4233 7183 4242
f 1998 7350 2000
f 3224 3225 3267
f 5699 5698 5696
f 8535 8487 8410
f 720 722 726
f 5767 3752 8256
f 3265 3260 4108
f 2535 9534 4128
f 8228 8231 8232
f 4616 4568 4614
f 2210 2211 2209
f 8946 8665 8704
f 4363 6593 8440
f 9095 9267 9096
f 7454 7116 5843
f 1669 1657 1656
f 3144 3143 3147
f 7324 6965 7806
f 2457 2077 1887
f 2726 2723 2720
f 4284 4309 8224
f 6826 6823 6824
f 3003 3004 2878
f 8342 8341 8343
f 7343 6572 6239
f 5890 4093 4103
f 5855 6266 4362
f 3907 2603 3905
f 8705 8706 8987
f 6061 5880 7648
f 3039 3036 3023
f 5529 5528 5531
f 3176 9082 6448
f 3037 3035 3073
f 9728 7579 7577
f 2457 1887 1898
f 7886 8055 8048
f 3916 2612 3524
f 8086 8084 9029
f 9483 9570 7656
f 8773 6911 6912
f 7391 7078 7047
f 8417 7395 7837
f 2613 2616 2611
f 9002 8997 8998
f 5697 5698 8511
f 8683 8225 7368
f 5904 5902 5903
f 825 823 828
f 6021 6018 6019
f 6446 6451 6454
f 5802 5799 5800
f 3048 3024 3025
f 3599 3597 5754
f 8684 8367 8366
f 1532 770 808
f 8115 4128 9534
f 6074 6821 6823
f 4970 4971 4968
f 5093 5095 5094
f 1978 1987 1977
f 4738 7230 4741
f 8424 8330 7865
f 6138 8464 7814
f 6824 6827 7909
f 3751 3757 3754
f 3751 3754 3752
f 5466 5471 6905
f 822 823 819
f 1978 1977 1467
f 5044 5043 5041
f 6989 4345 8039
f 6911 7868 6914
f 3524 2612 2611
f 8995 8994 7574
f 8191 6421 8188
f 6001 8032 5582
f 6860 6859 6861
f 9856 9635 9632
f 2142 1629 1628
f 1708 1714 1709
f 9474 9597 9675
f 5773 5701 5702
f 803 801 2247
f 8035 6001 6002
f 9785 9784 9530
f 3714 3715 3730
f 6367 5065 5049
f 7912 7415 3811
f 1699 1707 1703
f 5696 5698 5697
f 7785 3753 4028
f 601 7014 608
f 4212 7456 4207
f 4263 7185 4262
f 4645 4641 4640
f 6560 6172 6170
f 9976 7237 4104
f 1701 1699 1702
f 1701 1700 1699
f 2094 2096 2095
f 8013 8446 9111
f 1648 1669 1647
f 3965 3230 3228
f 4292 7850 8513
f 4627 4639 4630
f 6860 6858 6856
f 3004 3006 2878
f 1470 1478 1498
f 704 708 700
f 9296 7317 7655
f 3196 3191 3193
f 6556 8998 6555
f 3252 3277 3278
f 3252 3278 3254
f 8174 8347 9608
f 1534 826 1084
f 7416 7415 7912
f 5606 5581 9422
f 5606 5619 5581
f 4834 4646 4640
f 2701 2443 7733
f 7415 3752 3754
f 6019 6018 6015
f 4624 4842 4901
f 5095 5097 5094
f 8163 8158 8160
f 8331 8189 8187
f 2497 2489 2501
f 3314 3192 3191
f 3240 3255 3256
f 8483 9295 8485
f 7180 7291 7174
f 951 6244 969
f 2013 2012 3476
f 1882 1888 1898
f 2574 2598 2584
f 4875 8180 4734
f 1893 1903 1902
f 1893 1902 1894
f 7037 7050 7051
f 7788 7787 7789
f 7788 7789 7791
f 6919 6912 6918
f 4415 4413 4389
f 8158 8159 8160
f 3080 7477 5996
f 2066 2077 2457
f 2066 2457 2072
f 2121 2123 740
f 3023 3024 3018
f 4227 4226 4228
f 1648 2057 4378
f 155 162 153
f 3326 778 813
f 9498 3066 3064
f 650 959 491
f 3805 5916 1028
f 3805 6791 5916
f 2724 2722 2721
f 3106 7983 9073
f 6347 6345 7286
f 9158 7537 4331
f 8969 8482 8970
f 5067 6225 5068
f 1686 1696 1697
f 3159 3150 3148
f 8512 7508 7749
f 48 45 47
f 1026 1027 1029
f 1026 1029 1030
f 5858 4359 3403
f 8699 5466 6905
f 7881 9467 9291
f 9661 9789 9790
f 3991 7460 3476
f 7074 7073 7077
f 8361 8937 5642
f 7815 7813 7530
f 9544 9430 9429
f 9224 9587 9526
f 3080 5996 3079
f 2728 2725 2726
f 2524 8341 8342
f 3277 6647 3598
f 4224 4244 4226
f 7545 9033 6909
f 4315 4294 4312
f 7503 7750 7749
f 3597 3254 3278
f 8934 7943 7582
f 3198 3200 3199
f 3019 3005 3014
f 3008 3048 3009
f 4643 4930 4741
f 4313 4210 4205
f 8171 8174 9749
f 2615 3592 2614
f 9758 9801 9752
f 2394 3838 8525
f 4643 4622 4930
f 1799 1798 8315
f 4395 6677 4374
f 5421 5425 5429
f 6595 6836 7323
f 6595 6593 6836
f 4616 4614 4930
f 816 820 825
f 3176 6448 4120
f 6535 7821 7820
f 3174 3243 3169
f 704 709 708
f 7655 7654 7653
f 746 720 726
f 725 718 701
f 3004 3007 3006
f 724 877 722
f 715 712 716
f 6912 6925 8773
f 4028 3753 3749
f 2592 2594 2595
f 8441 9439 9112
f 4140 4138 7853
f 819 825 820
f 7935 7934 7851
f 7309 7306 7326
f 5702 5699 5703
f 1254 1253 1761
f 1886 1888 1882
f 4069 6716 4068
f 3001 2878 3006
f 3142 3143 3146
f 5466 8699 8376
f 4345 4344 6264
f 1886 1889 1890
f 3249 3252 3251
f 4675 4674 4812
f 2732 2729 2747
f 2749 2748 3002
f 2085 2087 2092
f 9589 8937 8361
f 8191 8189 8190
f 4180 9072 4179
f 7190 4767 4769
f 5703 5696 5071
f 1042 1043 1004
f 2209 2211 2212
f 5071 5404 5531
f 5579 5578 6001
f 9113 3821 9512
f 7812 7813 7814
f 2703 1498 1478
f 9346 3971 9209
f 2578 2556 2573
f 6859 6860 6856
f 5783 9772 5792
f 5770 8935 8793
f 121 70 120
f 1031 2152 2155
f 5573 5580 5900
f 2569 2571 2574
f 3916 1750 1621
f 3164 3166 3163
f 3164 3165 3166
f 4152 4147 4155
f 4349 4350 4352
f 4637 4635 4636
f 1770 1776 1773
f 8147 7722 7612
f 6527 6544 6525
f 2469 286 285
f 4831 4832 4828
f 3014 3005 3007
f 4166 4165 4164
f 2544 1126 1123
f 2146 3694 1485
f 6187 6197 6198
f 5799 6629 7104
f 9327 9325 9433
f 7509 7507 8512
f 8418 8417 8680
f 7713 6778 6776
f 9382 9572 9560
f 4535 4579 4638
f 3254 3253 3251
f 3254 3251 3252
f 1646 1653 1641
f 6716 8815 4070
f 5807 4627 4623
f 1773 1774 1772
f 4168 4172 4170
f 4304 4211 4210
f 8151 8107 8149
f 6934 3224 6933
f 8205 8654 8663
f 3549 3553 3551
f 4541 4540 4571
f 4064 4060 5664
f 7601 6748 8479
f 6189 6186 6184
f 2120 2122 2121
f 2120 2121 762
f 3765 7093 3760
f 8189 8516 8439
f 3132 3108 9332
f 4305 4304 4210
f 5873 3753 7785
f 6145 3153 3154
f 2015 2003 2011
f 1692 1693 1700
f 38 39 43
f 3534 3535 1968
f 3524 2611 2616
f 8439 8190 8189
f 1418 1422 1419
f 2212 2211 8943
f 740 734 762
f 2689 2135 7555
f 7217 4442 4440
f 2076 2065 2075
f 7929 5602 5603
f 8225 8525 3838
f 3229 3232 3238
f 3229 3228 3232
f 6509 6507 6510
f 5769 5771 5770
f 6744 6747 6748
f 7173 7180 7174
f 6776 7016 7651
f 2618 2620 7169
f 3965 3228 3222
f 7539 5086 7540
f 4313 4207 6945
f 3211 3060 3070
f 1696 1689 1694
f 2220 2219 2221
f 9258 9210 6551
f 2569 2586 2575
f 707 709 704
f 3247 3248 3244
f 3992 2091 1681
f 9324 9325 6465
f 2398 2011 3838
f 7722 944 2227
f 8818 8180 8769
f 9486 9483 9482
f 8231 8228 8230
f 6014 6024 6022
f 1615 308 4049
f 7417 7544 7415
f 8383 7971 7970
f 6668 6368 6259
f 3159 3148 3158
f 7886 7903 7904
f 3035 3028 3029
f 3077 3076 3114
f 8698 8738 9833
f 5843 7257 5841
f 3189 3191 3192
f 8969 8481 8480
f 9082 6446 6448
f 8984 8822 8944
f 5799 5518 5800
f 6446 6454 6449
f 8351 7999 7854
f 5630 3252 3249
f 2395 2394 8058
f 7517 9274 7514
f 8366 8367 8365
f 7691 4625 4615
f 1947 1940 1942
f 2167 2166 2168
f 7114 8738 7116
f 7161 1388 1376
f 5683 7286 6671
f 5807 4647 4639
f 9777 9691 9639
f 3008 3001 3006
f 4979 4963 4967
f 2130 2131 2129
f 2990 7694 2991
f 3071 3201 3070
f 1894 1912 1901
f 1894 1902 1912
f 9604 9497 7845
f 3146 3148 3150
f 6176 3809 3467
f 8294 8298 8293
f 8294 8293 8292
f 8298 8299 8293
f 2727 2721 2720
f 6940 7461 6135
f 7114 7116 7454
f 1029 1770 1772
f 5055 5049 5050
f 7291 7180 8184
f 4512 4556 4555
f 8962 7876 6997
f 1028 1020 1026
f 5254 5248 5256
f 5992 9233 7642
f 3596 2508 2495
f 711 709 707
f 3199 3201 3198
f 3260 3243 3174
f 4615 4625 4616
f 8932 5533 6988
f 6741 8483 6747
f 4644 4630 4872
f 1737 1796 1797
f 8224 4311 3198
f 3731 3723 3740
f 3070 3201 3200
f 1998 2000 3717
f 4247 4272 4249
f 751 770 1532
f 773 779 808
f 1906 1904 1071
f 8084 8083 8069
f 1766 7236 1921
f 4378 1638 1669
f 4378 1669 1648
f 2005 2010 2004
f 6569 6170 6167
f 2247 789 787
f 6567 5860 5858
f 284 283 119
f 2087 1702 1703
f 6767 7401 6768
f 5847 5843 5841
f 2876 2884 2725
f 4612 4638 4872
f 2214 2216 2211
f 9539 9482 9538
f 7837 8680 8417
f 9256 4353 4266
f 1617 1631 1618
f 4630 4639 4628
f 4822 4689 4820
f 7247 7242 7248
f 2569 2574 2584
f 6446 6449 6448
f 9267 9095 7935
f 2064 2209 2212
f 4543 4542 4544
f 4806 5090 4807
f 7071 7063 7072
f 5130 5146 5136
f 1618 1631 1628
f 6247 6248 6246
f 4179 4295 4178
f 6827 6823 6821
f 3110 3073 3032
f 4342 2535 4128
f 4342 4128 7850
f 8681 8814 8680
f 5651 5649 2353
f 5651 7413 5649
f 4642 4901 4641
f 4547 4544 4571
f 3696 2695 3698
f 6505 6506 6518
f 1062 724 722
f 7985 125 3949
f 6157 1881 1880
f 8283 8282 8285
f 1150 1157 1173
f 3396 7460 3991
f 3240 3239 3241
f 1714 1713 1715
f 2453 1738 1737
f 4066 4064 4067
f 5631 7860 7663
f 2729 2732 2733
f 1490 1489 4114
f 5134 5130 5136
f 3156 3162 3158
f 7507 7505 7508
f 9843 9658 9842
f 1418 1430 1415
f 4834 4833 4835
f 7718 7716 7715
f 9855 9459 9635
f 7354 5358 8045
f 7542 8204 7708
f 6190 6189 8429
f 7115 4352 4350
f 2718 2728 2720
f 1633 1634 1626
f 1938 1941 1935
f 1991 1993 2003
f 4167 4187 4160
f 6977 7853 4138
f 2561 2557 2555
f 4171 4172 7756
f 8467 8140 7904
f 8467 7904 7978
f 2196 3916 1621
f 7114 7454 8104
f 4813 4815 4820
f 6545 6544 6549
f 6135 4155 4147
f 6135 7461 4155
f 8777 9184 9286
f 6184 6185 6658
f 735 1071 742
f 4164 4165 4184
f 7937 7935 9095
f 4339 4343 5902
f 3081 3080 2958
f 8490 8489 2038
f 1932 1933 1939
f 782 781 780
f 2215 2076 2075
f 4207 7456 6945
f 3546 2460 4248
f 8031 8492 6895
f 7131 4986 7092
f 2116 6229 8186
f 4072 4068 4066
f 2736 2747 2729
f 2736 2729 3003
f 1087 1203 1084
f 4194 4165 4183
f 9537 9482 9483
f 1936 1935 1933
f 6677 3966 3972
f 2869 2887 2867
f 4297 4301 4236
f 4297 4236 4179
f 8968 8505 8733
f 4118 1444 2021
f 4230 4233 4242
f 1810 2118 808
f 7239 7240 7244
f 9412 7949 7346
f 8500 8499 8770
f 4527 4529 4533
f 2165 2162 2164
f 5824 2160 8024
f 3694 3698 2695
f 2154 2157 2156
f 2154 2156 2155
f 5355 5356 5357
f 4179 4178 4180
f 4235 4244 4218
f 4235 4236 4244
f 5487 5483 5490
f 5573 5576 5580
f 6505 6513 6506
f 3109 3113 3110
f 8971 7791 7789
f 7938 6818 6819
f 3858 7292 3857
f 796 798 792
f 7892 4341 5904
f 2095 2096 2097
f 7848 7525 7244
f 8289 8287 8291
f 828 823 826
f 3156 3152 3153
f 7403 8035 6002
f 9789 9950 9790
f 5989 4312 4299
f 4442 4438 4439
f 151 222 164
f 5966 5964 9519
f 951 173 220
f 5574 5576 5573
f 8241 7933 7934
f 1943 1945 1942
f 1735 1739 1736
f 3759 3775 3758
f 3759 3760 3775
f 3167 3164 3163
f 771 773 770
f 1716 1715 1717
f 4110 1559 2187
f 2073 2067 2072
f 8835 3132 9332
f 791 794 786
f 3833 168 2110
f 726 796 792
f 8152 8151 8149
f 1729 1724 1728
f 4835 4894 4891
f 792 798 791
f 201 154 153
f 5989 4315 4312
f 6121 5107 5097
f 2022 493 492
f 3715 3714 3713
f 5377 5696 5697
f 1717 1715 1713
f 9782 8658 8205
f 3067 3064 3061
f 970 641 25
f 4815 4819 4820
f 8680 8814 9010
f 775 2247 790
f 4212 7538 7456
f 9325 9533 9433
f 287 237 15
f 6208 6209 6210
f 7324 3351 7857
f 3195 3196 3193
f 4828 4901 4842
f 9487 3281 2953
f 8289 8292 8295
f 4538 4536 4537
f 9119 9797 8975
f 4605 4433 5084
f 2491 3945 2490
f 6908 3146 3149
f 9651 9572 9382
f 4365 4368 4366
f 4221 4230 4308
f 9267 9314 9313
f 3302 3153 6145
f 2610 2624 2611
f 7555 2135 2132
f 740 735 732
f 1245 1244 1253
f 3969 8521 3970
f 1270 2034 1266
f 3547 2482 2485
f 7442 9795 9453
f 7088 7531 7089
f 1042 1005 2208
f 1009 1004 6141
f 2000 1995 3717
f 165 152 164
f 1476 1478 1470
f 8298 8294 8297
f 2244 2245 9312
f 629 628 131
f 2572 2580 2557
f 711 721 719
f 9006 8499 643
f 9006 8770 8499
f 8006 8001 8005
f 1383 1385 1384
f 5512 5506 5505
f 817 815 828
f 220 173 3474
f 77 577 94
f 2594 3901 3900
f 1132 1127 1128
f 1246 1256 2185
f 8710 8709 8474
f 2252 5891 872
f 6023 9366 3286
f 1901 3512 2137
f 3949 2181 3948
f 8429 7180 7173
f 8822 8676 8944
f 1875 1882 1883
f 5703 4945 5706
f 3109 3110 3032
f 6335 8767 7860
f 7801 4221 4308
f 2414 1373 1497
f 3939 7708 8204
f 1130 1128 1127
f 108 65 640
f 772 753 765
f 9572 9650 8928
f 2247 801 789
f 5479 5481 5480
f 5942 9519 5963
f 5802 5805 5799
f 5048 5050 5049
f 4539 4576 4534
f 2727 2720 2723
f 3335 7161 3334
f 7479 8014 7487
f 7995 7613 9314
f 2549 2554 2550
f 149 146 222
f 5255 5098 5097
f 9144 9474 8477
f 8241 9156 7933
f 716 719 721
f 2045 2133 2032
f 8288 8290 9996
f 6205 6586 3723
f 3157 3156 3153
f 3151 3155 3152
f 3757 3758 3775
f 164 152 167
f 1570 1568 7944
f 119 283 259
f 269 241 31
f 4176 4312 4166
f 3002 2748 3001
f 4364 4361 4363
f 7310 7309 7326
f 1030 3805 1026
f 8480 8482 8969
f 2614 2608 1630
f 7828 6519 7656
f 8428 8684 8415
f 3747 3745 3746
f 1702 1704 1701
f 882 881 880
f 6918 6917 6923
f 6918 6923 9454
f 3260 3174 4033
f 9231 5379 5378
f 9381 9370 9384
f 837 1070 834
f 1986 6180 6835
f 6940 6135 7464
f 5841 6905 5503
f 2806 2805 2825
f 8059 9518 8517
f 9457 9455 2492
f 7244 7246 7241
f 4366 4364 4365
f 9288 8969 8970
f 7183 2437 1864
f 742 732 735
f 5649 1693 2352
f 5649 2660 1693
f 9964 8785 9313
f 8286 8279 8280
f 1649 1648 1647
f 712 715 713
f 2442 7733 2443
f 1688 1689 1698
f 3235 3165 3164
f 3368 3372 3381
f 9005 7494 7476
f 8941 8942 8940
f 5475 5484 5486
f 2453 1716 1718
f 798 795 791
f 7700 8043 7421
f 3027 3026 3028
f 9207 8297 8294
f 2152 1301 817
f 8042 9005 9093
f 6247 6246 6244
f 863 862 861
f 2670 7252 2671
f 3230 3231 3232
f 308 306 311
f 165 163 169
f 2071 2068 3745
f 2071 3745 3747
f 6707 2107 1918
f 4720 4765 4875
f 7717 7719 9423
f 1063 810 836
f 1896 1888 6649
f 3267 3225 8321
f 4630 4644 4627
f 4570 4539 7148
f 3599 3264 3254
f 1639 1641 1640
f 9092 9091 8348
f 5140 5158 5141
f 3155 3144 3173
f 1877 6157 1880
f 4300 4202 4279
f 732 734 740
f 4588 4620 4512
f 9484 9486 9539
f 1284 3595 2026
f 1688 1690 1689
f 3239 3240 3256
f 1695 1686 1697
f 4832 4831 4833
f 6803 3645 3660
f 8737 8698 9833
f 1642 1641 1639
f 7328 7308 7327
f 261 630 918
f 7881 9291 9290
f 5039 5040 5044
f 7242 8472 7248
f 1228 1126 2544
f 2436 2151 2148
f 4371 4364 4366
f 8296 8294 8292
f 3369 3373 3372
f 4570 4547 4571
f 4539 4534 4529
f 8701 7786 9014
f 4583 4540 4557
f 243 842 838
f 3203 3192 3314
f 6262 8167 6261
f 9776 9285 9483
f 4630 4628 4629
f 5319 5325 5316
f 2206 2064 2063
f 2218 6236 2220
f 7135 6512 6511
f 2011 7846 7701
f 1930 4032 1926
f 96 4126 95
f 3163 4033 3174
f 3163 3162 4033
f 3896 6261 3903
f 6023 3286 3231
f 6911 6914 6912
f 3139 3138 3140
f 2665 2669 7252
f 9721 9808 9815
f 6422 8191 9111
f 5379 5356 5355
f 33 1801 39
f 1796 1737 1735
f 966 1753 967
f 5332 5314 5317
f 166 204 165
f 2884 3007 3004
f 76 78 86
f 1079 201 284
f 5585 5587 5589
f 3988 5663 5666
f 8386 8388 8384
f 9594 9593 9372
f 1192 1236 1235
f 3204 3135 3133
f 5699 5702 5701
f 2489 2498 2501
f 4891 4834 4835
f 4872 4636 4635
f 3183 3205 3184
f 7011 7008 7010
f 2720 2728 2726
f 5732 7463 2437
f 1696 1686 1687
f 8228 8445 8230
f 7645 8218 7020
f 773 808 770
f 6851 6856 6853
f 3240 3241 3250
f 3213 9286 3212
f 1033 256 2452
f 6534 6535 7820
f 1643 1646 1642
f 2188 154 201
f 575 86 78
f 1628 1629 1630
f 4842 5079 4828
f 2739 2724 2738
f 4629 4633 4630
f 6784 8013 6786
f 4930 4615 4616
f 1126 1127 1122
f 1247 1246 1245
f 3261 3260 3265
f 9098 9099 9011
f 8700 7778 7777
f 9783 6773 4103
f 1734 1733 1732
f 1734 1732 1742
f 5109 4861 9097
f 9408 9090 9409
f 1932 4032 1930
f 802 799 789
f 8048 8069 7886
f 2001 1995 1999
f 652 650 864
f 1700 1707 1699
f 8180 7612 8046
f 729 752 730
f 3141 3138 3139
f 2388 1454 2112
f 8158 8157 8159
f 2089 1702 2087
f 3757 3751 3753
f 4269 4259 4245
f 742 936 737
f 9160 3190 3181
f 2215 2075 3343
f 8781 8972 8780
f 4558 4568 4583
f 2557 9659 2567
f 4944 8371 4945
f 4828 4808 4831
f 752 750 751
f 2932 2935 2937
f 163 164 156
f 959 650 655
f 2069 2075 2065
f 151 164 167
f 5042 5047 5252
f 4163 4162 4164
f 7340 5356 7227
f 491 490 370
f 285 121 120
f 3067 3065 3064
f 9653 9635 9685
f 5703 5699 5696
f 6557 1897 6649
f 750 749 765
f 1232 1235 1234
f 2880 2768 2767
f 2880 2742 2768
f 3742 6063 1472
f 3742 3915 6063
f 3910 6244 3911
f 2741 2738 2740
f 332 331 446
f 2170 2162 2165
f 1374 1371 1373
f 3835 427 972
f 3367 3370 3366
f 2744 2738 2741
f 201 153 150
f 7586 7587 7589
f 5242 5245 5244
f 5133 5132 5135
f 3040 3036 3039
f 5542 5546 5547
f 7253 6858 6860
f 7253 6860 6862
f 3582 9315 8673
f 8770 8820 8769
f 3713 3710 3720
f 8636 8635 8633
f 1510 2348 6780
f 4571 4576 4570
f 107 640 65
f 9783 4103 4084
f 3242 3245 3248
f 4963 4966 4964
f 111 112 109
f 4219 4235 4218
f 1649 1647 1655
f 2204 520 104
f 328 312 326
f 151 167 194
f 8485 8479 8478
f 1863 2485 2482
f 3016 3021 3015
f 1371 1497 1373
f 2988 2953 3281
f 9211 9258 7754
f 243 838 300
f 8285 9891 8283
f 2408 438 959
f 7244 7525 7246
f 5137 5138 5142
f 1128 1131 1134
f 1128 1129 1131
f 4641 4624 4642
f 3205 3147 3184
f 585 4126 577
f 1070 1063 834
f 4640 4641 4834
f 2134 2133 2045
f 9542 9583 9660
f 3746 4138 4139
f 5323 5324 5321
f 4091 4084 4103
f 780 805 783
f 6167 6170 6166
f 308 311 309
f 1900 1883 1884
f 1466 1470 1467
f 4194 4183 4185
f 29 1835 970
f 6674 4105 6773
f 3712 3718 3711
f 2565 2571 2569
f 7545 6909 3844
f 7094 4350 4349
f 9422 5366 5365
f 5649 2352 2353
f 1129 1128 1130
f 1203 1643 1642
f 4538 7945 4536
f 6147 8503 6126
f 1082 1084 826
f 6944 7806 6965
f 6848 6851 6855
f 3858 7801 7292
f 4194 4184 4165
f 1234 2182 2232
f 2595 2594 6035
f 3126 8768 3121
f 4371 4360 4364
f 7104 7103 7106
f 106 940 105
f 3620 6419 2208
f 3186 3180 3203
f 7173 6190 8429
f 1562 6940 2187
f 1063 1065 810
f 6958 7264 6961
f 2701 7733 6053
f 6630 6629 5799
f 4565 4557 4540
f 4154 4151 4152
f 9160 3182 9958
f 7158 5432 5429
f 4911 4705 4702
f 815 800 816
f 815 818 800
f 2933 2935 2932
f 2718 2716 2719
f 7724 5582 8032
f 6706 8696 8033
f 9439 9440 6845
f 165 169 166
f 220 6244 951
f 9836 9955 9433
f 4545 4546 4543
f 5467 5471 5466
f 233 243 300
f 1236 1238 1523
f 103 104 520
f 1033 254 256
f 3019 3015 3018
f 87 75 88
f 2217 9084 2216
f 126 93 125
f 7039 7032 7042
f 520 518 940
f 1369 1407 1400
f 9661 9822 9789
f 305 985 1015
f 3228 3224 3222
f 3249 3251 3247
f 2610 2614 3592
f 1271 1248 1254
f 1374 1373 1375
f 2661 1691 1694
f 1864 2437 2433
f 4649 4633 4631
f 5062 6132 7840
f 4812 4815 4813
f 109 518 111
f 59 65 108
f 4299 6127 5989
f 7141 7139 7143
f 7581 7839 8233
f 7326 7308 7328
f 7691 4627 4644
f 2729 2723 2726
f 2974 2967 2972
f 5593 5595 5591
f 370 490 438
f 8150 8153 8149
f 7570 7993 7571
f 6585 6191 6185
f 3736 3915 3737
f 7586 7592 7587
f 1384 1375 1383
f 1694 1689 1690
f 2495 2498 2493
f 8171 8173 8170
f 2057 1648 1650
f 2041 2156 2157
f 8927 7822 8929
f 7306 7311 7307
f 3256 3251 3253
f 1921 1568 1766
f 1779 7395 1777
f 4432 4605 4440
f 4175 5752 4158
f 1132 1128 1134
f 4356 8356 6150
f 2730 2731 2734
f 1484 1458 1457
f 712 700 708
f 712 714 700
f 1280 1289 1277
f 1280 2026 1289
f 8274 7454 8271
f 1579 127 2389
f 1579 3949 127
f 3620 2208 1028
f 7539 5050 5048
f 944 2042 588
f 9928 9927 10000
f 4588 4512 4555
f 1628 1631 2142
f 6254 3911 8435
f 3556 1608 3555
f 2147 1066 1070
f 959 438 490
f 713 717 714
f 713 714 712
f 6862 6860 7889
f 6405 6406 6414
f 963 124 93
f 2066 2069 2065
f 4637 7945 4582
f 4583 4537 4540
f 2495 2503 2496
f 1166 1151 1150
f 6508 6517 6499
f 2567 9659 2573
f 2567 2573 2556
f 1062 821 820
f 1062 820 833
f 771 772 803
f 771 803 775
f 2094 2095 2162
f 2153 2155 2152
f 2153 2154 2155
f 777 778 774
f 9011 9099 9101
f 6887 6888 6889
f 4432 4948 4433
f 9331 8835 9332
f 2586 2569 2584
f 1968 1967 1964
f 6896 6895 3914
f 6812 6813 6816
f 1381 1378 1384
f 5135 5131 5133
f 5132 5133 5134
f 2722 2718 2720
f 2722 2720 2721
f 799 747 746
f 1136 1132 1134
f 6834 3735 5997
f 1882 1889 1886
f 1775 1774 1773
f 2086 2087 2085
f 681 687 978
f 8488 4272 4270
f 9730 6822 9013
f 5654 6780 2348
f 159 156 222
f 1644 1643 1203
f 1644 2168 1643
f 2716 2722 2739
f 5543 5030 5031
f 64 100 503
f 7592 7586 7590
f 788 787 786
f 5774 5778 5775
f 4963 4964 4973
f 9062 9192 9096
f 3162 3163 3166
f 2070 6240 3745
f 5654 6971 6780
f 2749 2732 2747
f 2679 3691 2680
f 1561 127 124
f 134 141 139
f 3775 3802 3800
f 644 973 3339
f 365 652 864
f 2183 1066 2147
f 1043 1042 6419
f 7047 7069 7065
f 7047 8949 7069
f 8842 8847 8843
f 3194 3195 3193
f 7126 7533 7979
f 9252 9211 7750
f 4807 4804 4806
f 2492 2489 3945
f 3010 3001 3009
f 4599 4569 4444
f 2101 2103 2100
f 127 125 124
f 7643 7644 7685
f 7616 7767 7768
f 3846 3848 3841
f 6524 5951 6566
f 7644 8064 7685
f 8207 6965 7857
f 7332 7693 5358
f 2202 1667 1668
f 2202 2178 1667
f 1943 1942 1941
f 5768 1374 1375
f 6745 6744 8468
f 28 854 27
f 6141 7686 7792
f 1881 1741 1880
f 9472 9454 9453
f 1570 8073 7461
f 1570 4326 8073
f 2749 2747 2748
f 6853 6855 6851
f 6904 2467 7218
f 2586 2587 2588
f 856 909 606
f 5480 5491 5477
f 6709 2749 3002
f 9495 9498 7210
f 4804 4807 4805
f 1157 1179 1173
f 2456 1077 2454
f 7864 5761 3917
f 8347 8348 9091
f 4988 5528 5066
f 5675 1633 1626
f 6933 3224 3267
f 4599 4546 4567
f 25 26 32
f 2674 2669 2672
f 2674 2673 2669
f 4116 1745 1733
f 265 630 257
f 1661 2098 1664
f 9315 5515 8673
f 7924 8797 9835
f 2187 1559 1562
f 3142 3146 6908
f 3142 6908 3139
f 2729 2726 3003
f 2562 2553 2560
f 851 115 78
f 6802 3645 6803
f 3279 5754 3597
f 4621 4736 4617
f 4621 4617 4613
f 2227 944 1746
f 6503 6505 6518
f 1370 1497 1371
f 7528 6138 7814
f 8458 8486 8708
f 3714 3730 6469
f 7050 7037 7043
f 7050 7043 7065
f 1618 1619 1625
f 1249 1245 1253
f 8152 8149 8153
f 4121 5763 1878
f 2061 1900 1884
f 9106 9107 8034
f 7569 7567 7568
f 6738 6741 6745
f 4108 3161 3187
f 2209 2206 2065
f 2209 2065 2076
f 162 156 153
f 234 244 231
f 2500 2510 2501
f 3209 3207 3206
f 717 713 747
f 7851 6176 7935
f 126 125 7985
f 3125 3122 3123
f 3278 3598 3279
f 3278 3277 3598
f 3897 3895 3898
f 3897 3893 3895
f 1541 4110 1527
f 5475 8510 5474
f 1512 1516 2456
f 7029 7028 7026
f 9816 9815 9808
f 4633 4872 4630
f 7932 7931 6953
f 5318 5316 5309
f 5318 5319 5316
f 3135 3138 3136
f 7537 7538 4325
f 744 743 673
f 2223 2220 6236
f 5874 5878 2228
f 4463 4462 4458
f 1271 2184 1274
f 158 163 156
f 3777 4388 8216
f 101 285 120
f 1810 809 2355
f 8947 8133 8132
f 4179 4253 4295
f 4632 4629 4628
f 4360 4361 4364
f 1159 1157 1176
f 5153 5145 4893
f 7380 7377 7382
f 129 2389 127
f 1198 1173 1179
f 8196 7440 8486
f 4234 4235 4219
f 393 428 420
f 363 367 355
f 259 147 145
f 2444 1654 1653
f 5659 5660 4097
f 8642 8605 8607
f 1692 1700 1701
f 721 720 716
f 2218 2214 2213
f 4545 4543 4544
f 6947 3259 6015
f 2934 3079 5996
f 1051 2181 1053
f 998 993 989
f 2976 2974 2975
f 1369 1484 1407
f 159 150 153
f 6515 6498 6500
f 4101 4084 3370
f 9459 9458 9560
f 5485 5479 5477
f 288 237 236
f 363 370 367
f 3092 3093 2975
f 638 643 866
f 9073 7983 9159
f 5845 5847 5841
f 2082 936 1904
f 851 852 115
f 3034 3039 3033
f 2925 2932 2931
f 6899 8329 6714
f 750 765 753
f 726 877 796
f 807 808 779
f 365 349 950
f 4223 4224 4229
f 8483 8485 8478
f 1911 1914 1692
f 1911 1692 1701
f 5986 8130 6248
f 4834 4641 4901
f 8771 2038 495
f 1512 1514 1511
f 1512 2456 1514
f 1002 7792 2706
f 2100 2173 2101
f 5043 5044 6132
f 1682 2083 1705
f 2180 1900 2062
f 1087 1084 1082
f 5845 5844 5847
f 1726 1724 1729
f 3167 3174 3169
f 1664 1672 1661
f 7515 7514 7516
f 8 34 2
f 7256 7253 7258
f 4557 4558 4583
f 3386 3385 3865
f 5590 5594 7787
f 753 770 750
f 2823 2819 2834
f 3676 5959 3677
f 6929 5587 7798
f 6929 5589 5587
f 1542 1234 1235
f 3125 3123 3119
f 26 2 34
f 3119 3113 3125
f 6985 6655 7736
f 7126 7979 9386
f 7126 9386 2002
f 9099 9103 9101
f 1719 1718 1716
f 2551 2560 2553
f 1417 1422 1418
f 301 302 299
f 683 637 682
f 4690 4688 4813
f 8175 8179 8176
f 2491 2490 2484
f 3892 3889 3886
f 6801 6805 6800
f 3212 9418 3211
f 2560 2563 2562
f 7809 7807 7808
f 7809 7808 7012
f 1497 1365 1496
f 4013 2068 2073
f 518 109 105
f 7333 7693 7332
f 997 989 992
f 738 736 737
f 3052 3010 3009
f 8030 7785 4028
f 1125 1121 1122
f 277 644 206
f 7899 1038 995
f 2582 2559 2556
f 3055 3053 3057
f 8429 2395 8056
f 49 1617 1616
f 1242 1243 1240
f 7070 9017 7078
f 1010 1009 1002
f 1816 1232 2233
f 6417 6407 6399
f 3833 166 169
f 2854 2738 2746
f 5501 7518 5917
f 6527 6528 6543
f 2107 6707 2108
f 391 444 390
f 1949 1948 1969
f 1949 1957 1948
f 3842 3841 2466
f 7298 5989 6127
f 2076 2215 2213
f 6520 6544 6511
f 7374 7377 7376
f 3742 1472 1755
f 3760 3759 3765
f 4827 4823 4822
f 2680 3614 3612
f 1616 854 49
f 4390 4385 4386
f 1248 1253 1254
f 1884 1887 2061
f 4461 4500 4476
f 4767 7190 4771
f 793 792 789
f 2128 2130 2129
f 4394 4419 4391
f 1141 1142 1138
f 3091 2975 2974
f 8529 8527 8531
f 329 328 2023
f 329 342 328
f 326 2023 328
f 9991 5773 5708
f 1445 1419 1449
f 807 779 831
f 3821 9200 8313
f 894 204 642
f 3745 2068 2070
f 3343 2075 2071
f 75 76 77
f 1703 1707 2092
f 1726 6268 1724
f 7456 7538 8705
f 2454 1077 9419
f 3593 2183 2040
f 688 745 839
f 8233 8248 8245
f 7648 5880 7650
f 9493 9126 9009
f 8044 6545 6549
f 2612 2608 2610
f 2612 2610 2611
f 421 420 428
f 7139 7532 7143
f 651 659 658
f 8053 5179 5180
f 36 34 8
f 2181 3949 1579
f 742 1071 936
f 7737 7741 7738
f 728 672 674
f 2868 2845 2856
f 1138 1142 1144
f 690 681 978
f 690 689 681
f 5147 5146 5130
f 27 854 30
f 4362 6266 6593
f 4639 4627 5807
f 6802 6803 6801
f 9238 7905 6689
f 6266 6836 6593
f 8420 8419 9172
f 9693 9697 9703
f 4693 4698 4696
f 7503 7749 7499
f 8446 8013 6784
f 259 118 119
f 9120 8164 8162
f 721 723 722
f 235 237 287
f 3160 3154 3171
f 8980 9649 9446
f 5585 5584 5587
f 7854 7855 7853
f 8675 5466 8376
f 575 574 585
f 3990 6160 3590
f 2953 3108 3132
f 2953 2957 3108
f 119 121 285
f 8328 7937 9095
f 7572 7577 7571
f 3244 3246 3247
f 1799 1840 1798
f 1150 1142 1166
f 5627 5629 8990
f 363 355 359
f 1748 641 970
f 108 60 61
f 6239 6572 5651
f 4150 4154 4175
f 5141 5138 5139
f 3394 8012 3393
f 4364 4363 4365
f 6193 8080 6195
f 705 707 704
f 6372 4062 4065
f 4297 4179 9072
f 4400 4393 4401
f 7477 3080 7476
f 1318 973 277
f 8019 7345 1514
f 8849 8847 9010
f 872 2257 2266
f 2233 1232 1234
f 2952 2957 2953
f 3548 3553 3549
f 3039 3023 3033
f 65 113 107
f 1015 985 987
f 1015 987 993
f 6805 6801 6803
f 9140 9625 6552
f 2551 2567 2550
f 111 518 524
f 8020 8325 7227
f 8020 7227 9231
f 959 1076 2408
f 2746 2738 2744
f 4648 4606 4607
f 3016 3022 3021
f 29 25 32
f 3298 3041 3044
f 826 823 1082
f 5462 5467 5466
f 172 173 951
f 3362 3244 3245
f 2748 2878 3001
f 1917 7887 9782
f 1917 2117 7887
f 284 119 285
f 2733 2723 2729
f 6081 6208 6214
f 1484 1457 1407
f 1496 2414 1497
f 6637 6636 4006
f 1957 1949 1946
f 8062 8064 9469
f 3842 6883 6882
f 1875 1889 1882
f 9727 9341 9559
f 4063 4056 4060
f 369 368 366
f 8365 8242 6973
f 6403 6414 6406
f 6416 6413 6415
f 9241 9028 9238
f 3030 3021 3022
f 3152 3155 3171
f 3152 3171 3154
f 3005 3008 3006
f 9409 7484 9237
f 9409 2935 7484
f 5033 5039 5029
f 1688 1700 1690
f 6443 735 739
f 254 257 256
f 4368 8935 6906
f 332 311 312
f 5480 5477 5479
f 354 349 365
f 2972 3091 2974
f 261 918 326
f 1787 1791 1784
f 6225 5066 5528
f 2582 2578 2604
f 6192 6193 6195
f 367 366 358
f 655 650 649
f 2550 2567 2556
f 2739 2717 2716
f 159 147 150
f 3488 3914 3496
f 740 757 739
f 3037 3028 3035
f 9631 9632 9653
f 1407 1457 1408
f 5378 5379 5355
f 4040 4008 4042
f 5769 5701 5773
f 7317 7654 7655
f 234 236 240
f 2442 8424 7733
f 2489 2492 2493
f 1752 920 919
f 2459 2460 3546
f 3537 3535 3534
f 4264 4260 4261
f 4530 4539 4529
f 5630 3276 3252
f 197 163 158
f 2011 7368 8225
f 9928 8701 9014
f 2588 2587 2590
f 7019 6260 6256
f 1776 1770 1019
f 3050 3027 3028
f 8088 8085 8091
f 1999 2000 6994
f 1999 1995 2000
f 1243 1242 1244
f 1249 1261 1252
f 7768 7769 7616
f 3598 6647 6857
f 1511 1514 1513
f 2876 3076 3077
f 7340 7227 8325
f 58 59 79
f 9381 9382 9370
f 3075 3110 3115
f 4972 4975 4974
f 4970 4967 4969
f 2019 2021 6835
f 4534 4533 4529
f 7490 7512 7488
f 918 658 659
f 2413 6053 6232
f 674 673 743
f 3061 3062 3089
f 8421 8125 8135
f 7378 7377 7380
f 8740 8744 8742
f 5029 5038 5028
f 2097 2096 2098
f 3235 3237 3236
f 6658 6191 3476
f 4096 1381 1384
f 4305 4210 4209
f 4912 6214 6216
f 519 388 517
f 9367 9369 9368
f 7844 9457 3945
f 3168 3170 3166
f 7968 7884 7964
f 5353 5378 5355
f 108 61 85
f 6898 6900 6901
f 3582 8050 7955
f 7343 2126 7293
f 2750 2730 2734
f 8642 8654 8205
f 3553 3548 3103
f 5148 5242 5150
f 2114 2115 2116
f 5598 5597 5599
f 3241 3242 3250
f 3939 6942 3936
f 3175 3176 3179
f 372 368 369
f 7715 7713 6776
f 6532 6528 6540
f 1158 1151 1183
f 1679 1671 1672
f 3524 3526 3916
f 5518 5015 5800
f 5034 5030 5543
f 92 87 88
f 332 309 311
f 1656 1658 1659
f 687 688 684
f 804 1031 1032
f 6416 6414 6413
f 795 794 791
f 637 745 682
f 3534 1968 3529
f 8416 8415 8034
f 105 940 518
f 62 63 64
f 5636 3209 3206
f 3940 7708 3939
f 4293 4267 6951
f 3060 3211 3520
f 9983 9952 9863
f 4171 1527 4110
f 6208 6207 6209
f 7543 7109 3526
f 244 234 300
f 628 627 131
f 7649 6419 8187
f 6945 9184 4209
f 3050 3028 3037
f 1227 1095 1094
f 3281 8390 3103
f 4690 4681 4688
f 6714 5876 5784
f 2967 2974 2971
f 7845 9497 7210
f 1944 1946 1949
f 7422 7382 7377
f 1364 1497 1370
f 6962 4769 8373
f 164 163 165
f 2039 8771 495
f 2182 1234 1542
f 658 630 265
f 658 918 630
f 1935 1936 1938
f 1154 1152 1188
f 8739 8357 8171
f 3123 3122 3126
f 92 64 63
f 7905 7419 7420
f 4168 4170 4146
f 2735 2749 2737
f 585 577 575
f 5559 5565 5600
f 7509 8512 8668
f 5595 5594 5591
f 1149 1144 1142
f 2969 2972 2967
f 770 751 750
f 332 446 309
f 3194 3193 3190
f 7030 7033 7032
f 652 365 950
f 4237 4233 4230
f 7238 6881 7240
f 6509 6493 6517
f 749 750 752
f 4045 5939 5942
f 2207 1626 1634
f 197 169 163
f 8157 8165 8159
f 2721 2768 2724
f 7881 6536 9467
f 973 1317 3339
f 815 816 825
f 244 300 242
f 7866 9976 4093
f 1248 1249 1253
f 7605 8670 8369
f 4163 4159 4162
f 7951 7952 7948
f 5771 9352 5770
f 6947 6014 6022
f 5685 5687 5684
f 4822 7657 4827
f 1481 6834 2703
f 27 2124 289
f 9873 9790 9950
f 651 650 652
f 6630 5799 5805
f 7035 7041 7037
f 5706 5707 5702
f 2075 2069 2071
f 2248 3947 1292
f 862 909 861
f 7238 7240 7239
f 8674 8318 9077
f 1065 1783 810
f 2061 2062 1900
f 7753 7513 7750
f 7955 9315 3582
f 2806 2801 2802
f 6180 2004 2010
f 747 713 715
f 501 111 524
f 5864 7167 5498
f 1895 1901 2137
f 3079 2958 3080
f 2349 509 295
f 1257 1761 1253
f 763 765 749
f 479 1045 445
f 662 666 7014
f 5710 3738 3739
f 1509 2435 1363
f 4261 4260 4268
f 3032 3073 3035
f 7391 7068 7078
f 2456 8019 1514
f 2565 2569 2577
f 8010 7859 8009
f 7600 6748 7601
f 1901 6650 3512
f 1161 1142 1156
f 2589 2586 2588
f 2744 2755 2746
f 5382 6122 4827
f 7944 4326 1570
f 7569 7993 7570
f 9731 7526 7527
f 890 2024 523
f 1672 1664 1681
f 997 170 998
f 5363 4979 4967
f 4163 4160 4159
f 1939 1935 1940
f 139 1913 103
f 6014 9085 6024
f 6437 5546 5542
f 1071 1904 936
f 1745 9175 1739
f 1745 9268 9175
f 4231 4237 4230
f 4565 4540 4541
f 3251 3248 3247
f 64 102 100
f 637 248 745
f 1964 1967 1948
f 9075 8534 9688
f 6652 2218 2213
f 4614 4613 4617
f 331 332 333
f 960 717 747
f 1774 1778 1777
f 5504 6056 5507
f 5200 5197 5199
f 4303 4284 4282
f 6886 8702 6836
f 7750 7513 7749
f 359 354 365
f 3590 5763 7829
f 6075 6076 6079
f 2854 2739 2738
f 8354 7416 7181
f 4689 4690 4813
f 106 105 113
f 778 780 813
f 6056 5999 5507
f 1623 1624 1621
f 2730 2767 2768
f 5595 5597 5598
f 495 2038 8489
f 2706 2705 1002
f 3686 3689 3913
f 1860 7267 1861
f 62 61 60
f 3092 3543 3094
f 164 222 156
f 1965 3532 1964
f 997 998 989
f 4600 4443 4606
f 2266 2252 872
f 2568 2555 2570
f 2717 2854 2855
f 5558 5603 5602
f 3179 3189 3192
f 3172 3171 3208
f 3172 3160 3171
f 4948 4432 4434
f 1562 1570 7461
f 3375 9783 4101
f 2887 3813 2885
f 1161 1166 1142
f 7353 5353 5355
f 1179 1157 1159
f 2184 1271 1254
f 4370 9209 6237
f 838 242 300
f 1027 1019 1770
f 6207 6208 6081
f 202 207 210
f 1694 1691 1696
f 4520 4517 4521
f 6546 6548 6543
f 1301 2152 1031
f 2716 2717 2714
f 2177 5661 6444
f 312 311 310
f 5944 9934 5965
f 3030 3022 3287
f 369 380 382
f 286 284 285
f 2690 7555 3990
f 1911 1701 1704
f 3020 3045 3271
f 301 243 233
f 593 597 591
f 6077 6257 6256
f 3017 3016 3015
f 9487 2953 3132
f 5668 5507 5999
f 9160 8783 3190
f 721 722 720
f 4206 4210 4211
f 4206 4211 4257
f 4231 4230 4221
f 4545 4544 4547
f 7576 7578 8340
f 7051 7032 7037
f 9413 9033 7545
f 5855 4362 4359
f 5855 4359 5858
f 3988 3989 3984
f 7516 7512 7490
f 4149 4168 4146
f 6896 3914 3488
f 34 33 32
f 1069 3972 3974
f 667 664 665
f 92 63 87
f 1877 1885 2244
f 4428 5084 4433
f 3020 3022 3016
f 3538 2604 3533
f 4060 4064 4068
f 1258 1294 1246
f 6212 9297 6948
f 3138 3135 3140
f 1122 1127 1135
f 56 263 281
f 4995 4997 5072
f 8013 8129 6786
f 6918 6912 6914
f 6503 6838 6514
f 3987 3931 4024
f 2245 2244 2243
f 1378 1375 1384
f 4942 5123 4865
f 8598 8597 7766
f 3907 3905 3906
f 4204 4164 4273
f 2970 2964 2967
f 3149 3146 3150
f 630 261 258
f 235 236 237
f 2814 2816 2813
f 9297 6259 6368
f 2814 2819 2816
f 1829 1828 1825
f 2735 2871 2732
f 501 112 111
f 4709 4706 4684
f 719 716 712
f 3142 3139 3140
f 654 653 655
f 287 241 269
f 996 9419 1077
f 3729 3735 3738
f 3746 6783 4138
f 1417 1431 1425
f 3616 3613 3614
f 847 637 683
f 1417 1425 1422
f 6009 7133 6012
f 1773 1772 1770
f 3586 3588 3585
f 6083 5624 5618
f 7104 5015 5518
f 9338 9336 9102
f 7923 6460 9045
f 2902 2897 2896
f 8300 9246 8299
f 729 763 749
f 1159 1176 1180
f 4032 1927 1926
f 8487 9333 8410
f 3626 2354 1914
f 1286 1855 1284
f 74 87 73
f 9386 7368 7701
f 1250 1257 1251
f 221 195 189
f 2168 1646 1643
f 258 311 306
f 5986 6247 878
f 5986 6248 6247
f 5853 5809 5852
f 221 965 1548
f 2018 2012 2006
f 9109 9112 6845
f 1792 1793 1788
f 6422 6419 6421
f 3902 3899 3896
f 3143 3145 3146
f 8975 8925 9104
f 5148 5145 5245
f 3664 3663 3672
f 1667 1659 1668
f 1076 959 655
f 3700 2151 2150
f 2815 2834 2819
f 4567 4548 4555
f 6042 2072 1896
f 7782 8971 7790
f 9405 8049 3903
f 4241 4248 5797
f 4241 4240 4248
f 6198 6585 6185
f 1366 1360 1363
f 7496 7498 7492
f 5121 5116 5122
f 149 148 145
f 688 839 684
f 3148 3146 3145
f 1059 8144 2130
f 5157 5371 5132
f 575 78 115
f 640 76 117
f 42 1610 1801
f 5596 5592 5591
f 7752 7750 7754
f 6533 6536 6531
f 3477 1891 2137
f 9121 9119 9104
f 6954 7932 6953
f 6954 6953 6955
f 8136 8134 8316
f 1716 1717 1719
f 1923 1929 1955
f 573 530 556
f 1090 2113 3483
f 6507 6506 6894
f 592 602 607
f 2705 2706 910
f 331 445 446
f 88 90 92
f 8144 1806 7936
f 8144 7936 8143
f 2718 2719 2728
f 4765 7612 4875
f 260 269 31
f 483 2138 411
f 1784 1776 1019
f 9528 7582 7569
f 3003 2725 3004
f 67 57 85
f 4596 5684 4770
f 4185 4352 4186
f 30 56 230
f 767 763 744
f 9976 7009 7238
f 9976 7238 7237
f 7067 7064 7559
f 7696 8068 7560
f 7696 7560 7064
f 2854 2717 2739
f 7048 7027 7044
f 4802 4804 4805
f 4308 4242 7292
f 9927 9924 10000
f 756 848 871
f 8773 6861 6911
f 935 634 264
f 162 155 170
f 4741 4737 4738
f 67 66 71
f 9356 5956 5960
f 3068 3072 3071
f 5702 5708 5773
f 4308 4230 4242
f 1650 1648 1649
f 393 386 388
f 1395 1397 1396
f 4631 4629 4632
f 5394 5395 5914
f 7084 7051 7050
f 2216 5984 2211
f 3752 7415 7544
f 8406 8504 9831
f 1178 1192 1180
f 289 227 8
f 2559 2549 2556
f 3235 3167 3239
f 3235 3239 3237
f 1142 1141 1156
f 2564 2563 2554
f 2564 2554 2558
f 861 7611 863
f 5068 6225 5126
f 619 1754 618
f 6776 3523 7016
f 5848 5847 5844
f 7473 7476 7494
f 6884 3490 3170
f 1 1807 1804
f 1653 1654 1640
f 3805 1030 7395
f 937 1752 919
f 5652 6045 4106
f 4166 4164 4162
f 58 79 80
f 6520 6512 6510
f 1158 1157 1151
f 106 97 103
f 3175 3180 3186
f 3175 3179 3180
f 3248 3245 3244
f 3850 3846 6891
f 1156 1145 3325
f 7239 7237 7238
f 1995 2001 1996
f 590 508 215
f 2490 2489 2497
f 216 504 509
f 5616 5618 5614
f 3949 125 127
f 525 526 523
f 3471 3810 3469
f 9274 8315 9357
f 3027 8060 3011
f 1020 1019 1027
f 5325 5319 5365
f 4836 4894 4835
f 890 477 2024
f 7828 7656 9570
f 5903 7892 5904
f 4617 4930 4614
f 6250 6242 8026
f 1722 1729 1721
f 8744 8741 9202
f 8744 8740 8741
f 599 611 662
f 6186 6189 6190
f 2443 6964 2442
f 7905 9238 9028
f 607 595 597
f 2549 2550 2556
f 3238 3232 3286
f 3238 3286 7687
f 3228 3225 3224
f 7586 7585 7590
f 4299 4193 4351
f 3899 3898 3896
f 9577 8733 8505
f 1001 1010 1002
f 9353 6906 8935
f 394 380 369
f 6806 6800 7998
f 9766 9904 9866
f 2985 9188 8041
f 734 732 752
f 4970 4975 4972
f 2233 1234 2232
f 682 679 683
f 718 725 689
f 5029 5039 5032
f 5029 5032 5030
f 145 147 146
f 1792 1788 1790
f 3068 3057 3053
f 9087 8069 8048
f 1861 1284 1855
f 702 714 891
f 4150 4151 4154
f 6509 7438 6493
f 44 40 37
f 8771 8205 8663
f 4904 4632 4628
f 3057 3071 3070
f 9194 8970 9149
f 738 952 736
f 500 428 426
f 500 421 428
f 1361 1496 1365
f 4107 4104 7237
f 3250 3255 3240
f 1548 515 221
f 9010 8847 8842
f 2894 2893 2891
f 2061 2063 2062
f 1178 1180 1176
f 6125 4299 4351
f 256 306 2452
f 5535 4515 4516
f 2596 2598 2601
f 8835 8846 3132
f 4136 2183 3593
f 8056 8058 8057
f 5730 7112 6099
f 8059 8517 4075
f 6810 6709 7882
f 2795 2798 2788
f 9375 5160 5140
f 91 275 90
f 39 1801 43
f 4091 7123 4084
f 643 639 9006
f 3208 3205 3183
f 4529 4527 4531
f 4529 4531 4530
f 7849 6343 6348
f 8741 8740 8439
f 3257 6004 3233
f 648 649 650
f 353 355 357
f 2003 7846 2011
f 118 121 119
f 118 116 121
f 8319 8967 8128
f 7872 7980 7847
f 733 667 728
f 3931 3987 3984
f 5517 4710 4844
f 688 682 745
f 4435 4437 4445
f 1249 1247 1245
f 825 828 815
f 2586 2584 2587
f 638 639 643
f 648 633 634
f 2044 5664 4056
f 4456 4455 4454
f 389 370 438
f 4074 3845 6882
f 2180 6365 2245
f 2584 2596 2592
f 112 501 851
f 2914 2892 2910
f 4048 2621 2622
f 7544 9988 8256
f 969 3910 6707
f 1372 1376 1495
f 1372 1495 1368
f 757 740 2123
f 5591 5590 5596
f 7035 7036 7040
f 4268 4259 4269
f 7732 8252 8000
f 1486 1337 1320
f 3910 3911 6254
f 6232 5990 1583
f 6232 6438 5990
f 5787 6555 9380
f 5321 5324 5319
f 6458 7112 5730
f 1285 2184 1282
f 281 230 56
f 2859 2865 2860
f 6973 1537 581
f 1810 808 809
f 7396 7442 7397
f 2892 2896 2897
f 2892 2891 2896
f 1180 1179 1159
f 3241 3239 3167
f 799 793 789
f 9286 3213 6592
f 4967 4963 4969
f 1344 3582 1345
f 4337 4314 4291
f 2893 2896 2891
f 3710 3727 3718
f 805 806 783
f 854 25 49
f 9107 4959 8034
f 3181 3189 3179
f 3491 3499 3459
f 3712 6205 3723
f 7302 7301 7303
f 6413 6420 6415
f 1278 1284 2026
f 2862 2860 2865
f 1158 1176 1157
f 2006 2005 2004
f 3014 3015 3019
f 2866 2885 2886
f 25 28 26
f 5052 5065 7840
f 490 491 959
f 7023 7026 7024
f 3763 3773 3765
f 4027 126 7985
f 7148 4545 4547
f 4261 4268 4265
f 2887 2885 2867
f 3482 7109 6455
f 248 247 745
f 7176 8728 8736
f 5136 5132 5134
f 5094 5097 5107
f 4841 4738 4739
f 6756 7025 6761
f 3031 3044 3034
f 9028 9241 5914
f 2490 3945 2489
f 6909 6988 9074
f 519 447 1599
f 3141 3136 3138
f 254 271 255
f 381 517 388
f 228 229 597
f 2027 214 207
f 6810 2749 6709
f 4035 7294 1339
f 4075 3845 4074
f 7812 7125 7811
f 7812 7811 7813
f 1520 3334 1521
f 860 736 1000
f 2076 2210 2209
f 4544 4542 4541
f 9495 7210 9955
f 609 880 48
f 988 9419 996
f 8124 2140 1709
f 596 968 226
f 2066 2072 2067
f 3032 3036 3109
f 1952 1957 1946
f 2130 2128 2136
f 2947 2992 2990
f 2957 2947 9113
f 1633 5675 6455
f 732 742 752
f 4159 4158 4162
f 4349 4185 4183
f 5528 5529 6225
f 3105 3059 3058
f 9456 3951 9463
f 149 145 146
f 6783 3746 3745
f 301 240 302
f 9725 3904 3898
f 7584 7582 9528
f 6218 5873 5872
f 3834 2207 3832
f 743 729 674
f 25 641 49
f 848 756 754
f 5407 5405 5998
f 3792 3796 3584
f 742 737 748
f 1050 1051 1053
f 8794 4168 4174
f 7471 3699 3697
f 2788 2798 2786
f 6076 6080 6079
f 3374 3373 3369
f 1010 1001 979
f 73 640 117
f 960 799 802
f 1379 5768 1375
f 1379 1375 1378
f 4638 4636 4872
f 1606 882 909
f 9348 9344 9349
f 4117 4115 3382
f 4362 6593 4361
f 232 234 231
f 6737 6739 6741
f 2064 2062 2063
f 940 103 520
f 1929 1930 1926
f 2499 2496 2503
f 446 445 1045
f 6812 6818 6815
f 1199 1198 1200
f 1840 1799 4072
f 269 260 262
f 4340 4343 4338
f 7860 6672 6671
f 1161 1183 1151
f 4430 4431 6085
f 5068 5126 5668
f 2988 3281 3103
f 6776 7651 7718
f 1121 1119 1120
f 7293 1728 6572
f 1362 1359 1366
f 2196 2608 2612
f 2196 2612 3916
f 2870 2845 2868
f 2870 2868 2862
f 288 236 232
f 226 968 225
f 9901 7771 7770
f 2990 2991 3821
f 5123 5124 4862
f 3396 3397 7460
f 1411 1403 1409
f 1411 1409 1410
f 3964 3967 3968
f 3964 3966 3967
f 1621 1750 5675
f 8415 6782 8428
f 8480 8479 8485
f 4729 4738 4737
f 8681 8973 9797
f 2817 2806 2825
f 711 719 709
f 7139 7141 7138
f 7033 7034 7035
f 1955 1929 1927
f 2902 2896 2893
f 5548 5541 5539
f 8787 8953 4880
f 3026 3025 3028
f 1656 1647 1669
f 4368 4370 4366
f 8818 4734 8180
f 8605 8599 9642
f 30 854 853
f 2622 2621 2623
f 6502 6503 6508
f 8190 8740 8742
f 624 2117 437
f 2976 2971 2974
f 5754 3279 3993
f 7174 7291 7175
f 8973 8974 9797
f 3711 6205 3712
f 1020 1028 3426
f 2559 2582 2604
f 27 30 31
f 4599 4567 4569
f 2667 2672 2665
f 183 180 184
f 999 979 1001
f 6724 6725 6726
f 4652 4650 4651
f 1980 1982 1979
f 4398 5112 4397
f 5628 8217 6672
f 1251 1253 1244
f 2751 2750 2753
f 2733 2732 2871
f 7308 7307 7342
f 1652 2178 3403
f 3834 3832 2192
f 2757 3076 2876
f 6893 9105 8442
f 330 340 334
f 1161 1814 1183
f 4604 4606 4605
f 662 661 664
f 1400 1465 1461
f 2142 2135 2689
f 5289 5296 5286
f 2453 1715 1716
f 604 610 609
f 2529 7892 8341
f 8406 8741 8439
f 4157 4316 6785
f 5511 5533 8932
f 1923 1924 1929
f 2031 2032 3402
f 4125 1178 4123
f 5059 7539 5048
f 5387 5388 4933
f 2062 2064 8381
f 644 277 973
f 89 282 88
f 1372 1521 1376
f 704 700 701
f 704 701 703
f 6856 6851 8047
f 7142 7141 7143
f 2408 391 438
f 235 238 240
f 7829 5763 4122
f 8168 8167 9120
f 8516 6791 8417
f 7497 7500 7495
f 515 198 221
f 6260 6213 6256
f 660 661 611
f 2613 2618 7169
f 4553 4541 4542
f 1240 1255 1523
f 5245 5154 5219
f 4424 4482 4936
f 6376 5376 5127
f 2498 2489 2493
f 1203 1087 2113
f 1819 914 1300
f 4646 4891 4647
f 8847 8844 8843
f 289 8 2
f 2682 2677 2678
f 5893 4611 4612
f 3703 3702 3701
f 4430 4429 5104
f 9518 8059 9644
f 2778 2764 2774
f 7977 6099 7963
f 7016 3523 3524
f 5588 5590 5632
f 1650 2157 2057
f 1675 1679 1672
f 1780 813 781
f 7602 2592 2597
f 2523 2520 2522
f 1446 1453 1451
f 8002 8005 8001
f 9366 6024 6025
f 4428 4433 4948
f 7570 7571 7577
f 4330 6134 4334
f 2395 8058 8056
f 108 640 73
f 1122 1123 1126
f 5940 5945 5941
f 6085 4428 4429
f 522 1045 890
f 5071 5696 5377
f 4186 4195 4185
f 9082 3176 3175
f 8348 8015 8016
f 2583 5713 4256
f 8245 8248 8249
f 4694 4701 4693
f 1202 1200 1231
f 2085 2094 2162
f 2404 3807 3366
f 3012 3045 3047
f 2735 2732 2749
f 523 526 521
f 386 382 381
f 870 685 684
f 6966 6965 8207
f 9269 9233 9544
f 1827 3834 2192
f 768 765 767
f 6735 6774 6726
f 1617 1618 1620
f 1719 1905 1720
f 3850 3848 3846
f 1124 1123 1121
f 1009 1008 1007
f 2686 2683 9452
f 1214 1221 2464
f 8276 7752 7754
f 9369 9367 5969
f 3407 3410 3411
f 4013 2070 2068
f 239 302 240
f 8083 8090 7179
f 604 603 605
f 911 912 262
f 508 506 215
f 6396 6408 6400
f 2133 2136 2128
f 5317 5314 5316
f 752 751 734
f 4306 4211 4304
f 2567 2551 2552
f 1674 1671 1679
f 5309 5316 5314
f 7125 2001 1999
f 88 282 91
f 6973 8242 9006
f 8002 7648 9151
f 9252 7503 9064
f 7565 9462 9461
f 7565 9461 7564
f 1886 1891 1888
f 499 333 328
f 1978 1467 1498
f 8929 8983 8927
f 9107 8670 7605
f 2800 2802 2799
f 481 478 331
f 481 331 333
f 728 741 733
f 2675 2679 2677
f 8400 8399 8401
f 2733 2871 2734
f 3587 2590 2603
f 7042 7051 7045
f 6707 4121 1878
f 2561 5667 2572
f 8192 6400 6408
f 6366 1835 29
f 8109 8107 8105
f 6493 6497 6517
f 9504 9428 9503
f 9504 9425 9428
f 662 611 661
f 9604 9605 9732
f 4232 4237 4231
f 9626 9355 9096
f 5294 5303 5289
f 6326 7662 8767
f 7026 7023 7022
f 1139 1133 1136
f 1424 1421 1416
f 1943 1949 1945
f 2787 2790 2791
f 980 3946 1051
f 3707 3742 1755
f 3707 1755 3704
f 61 67 85
f 5735 5736 7647
f 1927 1929 1926
f 6689 7905 7420
f 1284 1278 1286
f 6035 3905 2595
f 9086 7831 4073
f 4974 4977 4978
f 9654 7052 9141
f 168 3833 169
f 1318 1317 973
f 3990 1748 1835
f 943 932 951
f 743 744 763
f 6662 3581 3578
f 382 517 381
f 4363 4361 6593
f 3059 3055 3058
f 8428 8672 8684
f 9570 9279 9406
f 8387 8385 8384
f 9813 9811 9807
f 8699 6905 8738
f 8699 8738 8698
f 7779 7784 7780
f 6489 6485 7439
f 1859 2459 2485
f 2599 2563 2564
f 1974 2042 2330
f 3950 1899 1901
f 1991 2003 2015
f 1587 6964 2443
f 1486 277 3833
f 2678 2676 3618
f 2678 3618 3617
f 8477 8476 8679
f 2098 1663 2444
f 2235 2199 3832
f 5413 4647 4895
f 856 606 604
f 95 963 96
f 7067 7564 7062
f 1236 1542 1235
f 7130 7127 7128
f 3257 3237 3239
f 1800 1798 1840
f 822 819 821
f 3373 3376 3372
f 801 768 767
f 129 1560 1565
f 148 122 145
f 1446 2387 1453
f 40 36 37
f 179 175 194
f 2452 140 897
f 2452 897 1033
f 5539 5605 8079
f 1683 1677 1678
f 2103 2090 2100
f 5614 5866 5613
f 2743 2777 2776
f 141 897 139
f 168 169 197
f 4841 5079 4842
f 2080 483 500
f 730 748 731
f 4658 4937 4648
f 289 2124 241
f 289 241 15
f 7256 6858 7253
f 2185 1256 2186
f 793 746 726
f 5085 5074 5072
f 411 2138 2022
f 232 270 227
f 1885 1876 1883
f 618 616 620
f 2973 3091 2972
f 1891 1886 1890
f 4520 4508 4511
f 4768 4767 4764
f 6376 6371 5055
f 6376 6155 6371
f 4607 4604 4661
f 2869 2867 2859
f 229 228 231
f 7036 7035 7034
f 1722 1721 1905
f 2890 2889 2887
f 5703 5071 4988
f 4259 4268 4260
f 1005 3426 2208
f 2864 2859 2861
f 3888 3885 3884
f 2828 2832 2824
f 2044 4057 2463
f 4978 4970 4972
f 4419 4394 6065
f 1748 2132 641
f 7949 7954 7950
f 6533 6535 6534
f 2086 2088 2089
f 2086 2090 2088
f 5556 5552 5547
f 7922 8515 9546
f 3690 7527 7526
f 3045 3020 3017
f 1084 1642 1534
f 733 741 736
f 4047 1494 1374
f 10001 1296 1160
f 3856 6625 3421
f 7529 7530 8962
f 592 607 597
f 8497 6805 8496
f 1207 1116 1148
f 2717 2855 3210
f 1188 1152 1149
f 7009 7010 7008
f 7009 7866 7010
f 4067 4072 4066
f 7640 7638 7639
f 3993 3279 3598
f 6496 6500 6498
f 1161 1151 1166
f 154 155 153
f 1247 1249 1252
f 4965 4969 4963
f 7749 7508 7499
f 5474 6867 8999
f 4061 4067 4064
f 114 54 3
f 2987 2985 5633
f 1186 2272 1190
f 2201 2202 1668
f 4146 6135 4147
f 4146 4147 4145
f 2430 723 721
f 4085 7123 4091
f 5572 5566 5569
f 8104 7454 8274
f 254 255 267
f 4155 6930 4154
f 5556 5577 5571
f 748 730 752
f 748 752 742
f 5730 5727 6458
f 726 722 877
f 210 203 202
f 4412 4415 4389
f 2552 2551 2553
f 2500 2496 2499
f 8607 8654 8642
f 1005 1042 1004
f 8099 8100 8102
f 2387 1448 1454
f 2387 1446 1448
f 33 39 32
f 8296 9207 8294
f 9537 9538 9482
f 1267 1265 1280
f 5338 5337 5299
f 6883 3998 4078
f 6883 4078 4074
f 3981 3979 3982
f 1507 1817 3609
f 5255 5097 5095
f 6531 6546 6543
f 5549 5544 5552
f 2914 2916 2886
f 8476 9934 8679
f 497 8489 908
f 824 827 822
f 1897 1896 6649
f 8671 7112 6351
f 2823 2824 2832
f 1683 1679 1677
f 9556 9552 9557
f 7517 7515 6153
f 5491 5480 9446
f 5159 5158 5160
f 443 437 2117
f 6455 7109 3940
f 6455 3940 3938
f 4814 4806 4804
f 520 522 521
f 7505 7500 7499
f 1726 2659 2656
f 6153 7556 6156
f 88 91 90
f 2897 2910 2892
f 266 935 264
f 266 1044 935
f 6504 6656 6501
f 7996 3364 7199
f 3224 6884 3222
f 3224 6934 6884
f 1920 2115 2114
f 6757 6755 6774
f 4534 4536 4535
f 184 196 183
f 1758 625 620
f 3230 3233 3231
f 38 32 39
f 4442 7217 5451
f 4074 4078 4071
f 1116 1107 1118
f 1133 1147 1132
f 8149 8165 8157
f 9544 9429 9269
f 6453 3141 3139
f 7387 7384 8077
f 3934 3933 4030
f 4705 4700 4702
f 2587 2584 2592
f 6905 5841 7257
f 510 2349 295
f 5594 5595 5598
f 4596 4773 4578
f 1291 1242 1241
f 5873 3757 3753
f 3906 3905 3904
f 6073 7938 6074
f 4808 4807 4831
f 2889 3813 2887
f 7692 4936 4940
f 1152 1138 1144
f 2767 2730 2750
f 4698 4670 4679
f 443 495 497
f 2577 2570 2565
f 5474 5476 5475
f 5033 5045 5039
f 824 822 821
f 297 4 12
f 1149 1142 1150
f 3291 3683 3285
f 5357 5358 5355
f 741 737 736
f 338 346 481
f 7190 6962 8275
f 7136 7134 7137
f 53 85 57
f 9513 5905 7640
f 12 4 7
f 9627 9389 7739
f 852 851 501
f 737 936 738
f 5317 5316 5325
f 7384 5761 7372
f 8704 8665 8635
f 1806 2058 7451
f 4631 4633 4629
f 6083 9276 9278
f 1369 1362 1366
f 8953 8428 6782
f 225 8 227
f 447 1596 1599
f 1000 948 6663
f 2454 7348 8019
f 3616 8361 3617
f 773 771 776
f 3428 3422 3419
f 1118 1121 1117
f 1118 1119 1121
f 70 116 72
f 6493 7438 7435
f 3265 3519 3266
f 3946 3948 2181
f 4653 4649 4650
f 4653 4958 4649
f 1723 2126 1912
f 6463 7170 6459
f 4840 7295 4841
f 2007 2018 2006
f 2888 2890 2887
f 6495 6496 6497
f 591 1529 660
f 521 518 520
f 835 2351 832
f 835 832 831
f 4338 4343 4339
f 1355 1361 1365
f 2840 2839 2856
f 8068 8340 7578
f 5809 5851 5852
f 8196 6560 7440
f 8196 6673 6560
f 3860 1291 1241
f 853 869 30
f 5051 5052 7840
f 4838 5090 4806
f 5051 7840 6132
f 1807 869 853
f 3879 7602 2597
f 3900 3898 3904
f 5680 5562 5683
f 201 147 283
f 2235 1634 1633
f 5060 7840 5065
f 4634 4631 4632
f 1141 1143 1145
f 221 196 195
f 1000 999 948
f 9650 9651 9187
f 5701 5769 5698
f 3188 3187 3302
f 4123 1178 1176
f 944 588 1746
f 891 697 1605
f 3374 3387 3373
f 5035 5030 5034
f 5067 5070 5066
f 1133 1163 1147
f 3017 3015 3014
f 355 358 357
f 2085 2162 2100
f 7583 7581 8233
f 7678 2013 7460
f 7678 2005 2013
f 507 506 508
f 2788 2786 2785
f 250 760 1529
f 1115 1088 1113
f 1062 3819 821
f 44 41 40
f 1876 1875 1883
f 2823 2832 2825
f 1630 1619 1628
f 3383 3382 4115
f 3946 2181 1051
f 7285 4940 4936
f 3977 2766 3982
f 608 857 856
f 4101 3370 3367
f 1460 1413 1465
f 611 599 594
f 2752 2750 2751
f 2570 2555 2581
f 8228 9471 8445
f 5390 5695 5389
f 6028 1237 1239
f 1557 95 4126
f 3927 6265 3929
f 7604 2670 2671
f 3159 3166 3170
f 2600 2598 2599
f 6841 6842 9490
f 2442 6964 6966
f 2442 6966 8424
f 3813 2891 2892
f 6930 4192 5752
f 869 1 1829
f 5536 5349 5354
f 3533 3534 3529
f 7089 7077 7075
f 1662 1661 1671
f 1172 4123 1176
f 5950 5940 6521
f 4518 4527 4533
f 9357 1744 8772
f 810 782 836
f 4101 9783 4084
f 1665 1662 1671
f 5610 5612 5195
f 5541 5544 5545
f 7940 7915 7914
f 8423 7514 9274
f 8164 9120 8101
f 5072 5102 5086
f 3678 6802 6476
f 2783 2781 2810
f 9786 9195 9089
f 3202 3197 3196
f 6896 8031 6895
f 3847 3842 6882
f 935 1044 2163
f 35 36 40
f 443 497 511
f 2089 2088 2099
f 5509 9864 5510
f 7269 2038 8771
f 8671 9126 7963
f 7294 8029 6971
f 7239 7244 7241
f 3699 3696 3697
f 698 696 699
f 4675 4812 4682
f 9661 9823 9824
f 6812 6816 6818
f 3020 3016 3017
f 6630 6301 6629
f 699 696 697
f 2083 2092 1707
f 4239 4240 4241
f 4239 4241 4237
f 828 826 829
f 6377 2238 6378
f 2771 2743 2776
f 1447 1491 1456
f 4299 4176 4193
f 6822 9730 9259
f 1691 1709 1696
f 5681 5680 8217
f 5681 5081 5680
f 8152 8162 8151
f 4420 5714 5091
f 2131 8144 8143
f 2601 2597 2596
f 7348 7345 8019
f 610 882 880
f 1288 6913 1285
f 7645 7685 8064
f 3007 3013 3014
f 2730 2727 2731
f 7112 6458 7110
f 5515 5516 4035
f 1992 1994 2001
f 2 27 289
f 8103 8105 8100
f 52 54 55
f 9806 9747 9805
f 2058 1806 1058
f 2590 2587 2591
f 2590 2591 2603
f 3715 4028 3749
f 854 28 25
f 2728 2719 2876
f 9528 7568 7566
f 341 334 340
f 8512 7507 7508
f 5548 5539 6437
f 1090 1203 2113
f 5032 5031 5030
f 3236 3234 3235
f 8191 8219 9111
f 3330 3693 3691
f 5606 9422 5324
f 2594 3904 6035
f 5086 5087 5085
f 478 477 479
f 719 712 709
f 4121 6707 3910
f 3974 3693 1069
f 754 711 707
f 479 477 890
f 6951 4376 4375
f 6522 6527 6525
f 5966 9855 5967
f 1994 1996 2001
f 1917 495 443
f 3071 3072 3201
f 4435 4434 4432
f 8420 8421 8419
f 5149 5140 5139
f 5149 5139 5148
f 8786 7904 8140
f 2913 2916 2914
f 4866 9097 4861
f 4487 4460 4486
f 5478 5485 5477
f 4567 4546 4545
f 4567 4545 4548
f 7614 5647 5644
f 500 426 2078
f 695 697 696
f 2867 2866 2859
f 8977 8996 8972
f 5186 5162 5170
f 3885 3901 7602
f 3885 7602 3879
f 6008 6463 8038
f 885 509 504
f 3040 3109 3036
f 1829 1 1828
f 3399 3394 3398
f 4965 4963 4962
f 9588 9589 8361
f 2170 2173 2162
f 7880 3543 6393
f 181 1034 174
f 573 527 530
f 4386 4401 4390
f 8393 8389 8392
f 2719 2714 2711
f 2719 2716 2714
f 4831 5090 4833
f 3135 3136 3126
f 1371 967 1370
f 7748 7747 9584
f 8427 944 7722
f 5605 5539 5541
f 5605 5541 5540
f 3737 3739 3738
f 2679 2680 2677
f 62 503 68
f 7451 3555 7936
f 5327 5321 5319
f 171 998 170
f 4841 4842 7230
f 8345 2524 8344
f 4406 4418 8203
f 8849 9119 9121
f 7566 7563 7561
f 1534 3822 826
f 1706 1680 1679
f 1706 1679 1683
f 5633 2985 2986
f 312 310 326
f 595 598 968
f 9474 8476 8477
f 7733 8424 7865
f 2555 2557 2552
f 2555 2552 2581
f 5620 5618 5616
f 3034 3033 3031
f 2236 2029 7702
f 1257 1253 1251
f 4628 4639 5409
f 4431 4873 6085
f 7377 7378 7376
f 9424 9269 9429
f 6571 6239 7734
f 3704 3702 3703
f 5685 8208 5687
f 6947 6022 6004
f 7657 4824 5371
f 8399 7412 8398
f 8399 8398 8401
f 58 80 98
f 8274 8271 8263
f 991 9419 988
f 4153 4196 4177
f 3217 2987 5633
f 9156 8241 7937
f 1914 1915 3626
f 1842 1494 4047
f 6045 427 1873
f 4560 4572 4559
f 5100 5099 7407
f 307 985 305
f 2857 3210 2855
f 2723 2731 2727
f 7868 6859 9875
f 1424 1423 1421
f 3702 1755 4054
f 9213 9075 9688
f 5402 8732 4946
f 6462 9045 6460
f 1452 1448 1450
f 5141 5139 5140
f 2864 2869 2859
f 3168 3166 3165
f 5339 5333 5337
f 5606 7683 5619
f 7045 7044 7042
f 147 201 150
f 9137 8789 9174
f 2033 1608 2181
f 4243 4223 4296
f 3256 3258 3257
f 1112 1096 1110
f 4444 4440 4443
f 260 31 230
f 1397 1402 1520
f 5140 5160 5158
f 106 58 97
f 1713 1714 1708
f 1713 1708 1711
f 5074 4995 5072
f 3678 3645 6802
f 5793 5787 5779
f 6840 6842 6841
f 5573 5569 5574
f 1275 1254 1761
f 1275 1761 1762
f 1242 1251 1244
f 84 116 122
f 1890 1889 1893
f 9946 9661 9790
f 1495 1376 1388
f 2171 2167 2168
f 2583 4258 2559
f 2484 2497 2486
f 1052 1050 1058
f 627 90 275
f 8419 8219 9021
f 4298 4229 4245
f 3939 3938 3940
f 2702 3631 3630
f 1338 1339 2348
f 65 59 58
f 214 211 210
f 132 2662 974
f 9148 9333 8487
f 6346 6345 6347
f 1426 1419 1445
f 394 389 390
f 342 950 349
f 2305 2306 2303
f 3620 1028 5916
f 3616 3617 3613
f 2204 104 4049
f 32 26 34
f 1889 1892 1908
f 6810 2737 2749
f 2962 2983 2917
f 283 284 201
f 5510 5513 5506
f 7699 5180 5867
f 141 1033 897
f 1108 1106 1110
f 839 870 684
f 1064 1065 1063
f 9732 9894 9604
f 6906 9209 4370
f 1950 1946 1944
f 2004 6180 1988
f 9138 9128 9012
f 8425 2810 2797
f 1562 7461 6940
f 8393 8396 8389
f 9469 4350 7094
f 9469 7094 7095
f 4983 7092 4986
f 676 675 677
f 8860 9030 8859
f 2184 1254 1275
f 4576 4537 4536
f 5901 5584 5586
f 5901 5596 5584
f 5494 5487 5490
f 1058 1050 2058
f 3591 3990 3590
f 238 239 240
f 5245 5199 5244
f 4115 4117 4118
f 9245 9332 3108
f 1148 1116 1117
f 3439 3440 3856
f 2756 2754 2763
f 2756 2755 2754
f 2140 6648 1709
f 2901 2897 2902
f 251 246 250
f 7941 2737 6810
f 5269 5276 5268
f 5501 5486 5492
f 5922 5954 5921
f 3750 3730 3749
f 5476 5484 5475
f 4316 4159 4160
f 4316 4157 4159
f 8642 8658 7766
f 1847 1317 1318
f 1494 1842 965
f 6164 6569 6167
f 1743 1741 1734
f 9541 9890 9536
f 2899 2898 2895
f 1938 1936 1960
f 4775 4574 4772
f 1597 1599 1596
f 4059 6372 4065
f 8388 8390 8391
f 1026 1020 1027
f 7394 7853 6977
f 2045 2032 2031
f 8488 4270 4293
f 5462 8675 8502
f 316 1006 2246
f 3047 3014 3013
f 2894 2921 2893
f 2083 1682 1681
f 8077 7384 7372
f 5349 5351 5353
f 2759 2762 2756
f 5977 3816 1295
f 3951 2518 2527
f 600 7014 601
f 1068 1065 1064
f 1068 1069 1065
f 2844 2815 2818
f 8502 9174 9173
f 9931 9691 9640
f 7961 8443 7960
f 333 312 328
f 479 890 1045
f 75 117 76
f 891 699 697
f 1763 1257 1250
f 1946 1953 1952
f 2823 2834 2824
f 4412 4389 4384
f 7414 6735 6726
f 2771 2773 2770
f 2771 2776 2773
f 247 249 242
f 6515 6499 6498
f 7040 7057 7041
f 3520 3521 9159
f 5395 5391 5351
f 6921 6919 6920
f 6921 6925 6919
f 1864 1867 7183
f 2793 2789 2849
f 1106 1105 1112
f 2667 2682 2672
f 3145 3151 3148
f 7583 7573 7575
f 600 599 7014
f 1893 1894 1890
f 5483 5481 5479
f 3844 3841 3847
f 7308 7326 7306
f 427 2078 426
f 3697 3696 3698
f 1847 8938 1317
f 5987 4279 4202
f 785 836 782
f 684 686 977
f 3544 3247 3246
f 129 127 1561
f 129 1561 1560
f 2845 2840 2856
f 7898 7896 9510
f 4801 5383 5387
f 2764 2772 2774
f 6010 8524 6011
f 868 3474 173
f 138 71 72
f 138 67 71
f 5247 5256 5248
f 6355 2223 8250
f 6355 5734 2223
f 4615 4930 4622
f 4517 4515 4523
f 3093 3112 3095
f 7312 7311 7309
f 2458 2118 1810
f 697 671 680
f 2414 1375 1373
f 5158 5138 5141
f 3674 3651 3656
f 4223 4218 4224
f 6920 6919 6918
f 4462 4455 4456
f 6418 6420 6409
f 3418 3420 3424
f 6692 4700 4705
f 66 69 71
f 1704 2089 3628
f 1704 3628 3861
f 1427 1432 1433
f 2564 2579 3480
f 5387 5385 5388
f 2566 2565 2570
f 2952 2953 2951
f 603 602 600
f 1032 1031 2155
f 6648 1696 1709
f 4959 8416 8034
f 4391 4390 4393
f 5272 5271 5300
f 890 523 522
f 1578 1579 2389
f 876 871 848
f 9809 9807 9811
f 8126 8033 8696
f 7817 6267 2172
f 7817 2172 2169
f 3655 3654 3656
f 6674 6773 9783
f 1536 1514 7345
f 3888 3889 3890
f 3888 3886 3889
f 3245 3242 3243
f 2711 2714 2715
f 520 2204 522
f 769 1595 727
f 4351 4326 7944
f 3544 7869 5630
f 2188 1079 319
f 8033 5986 6706
f 7112 8940 6351
f 8962 7530 7876
f 7515 7556 6153
f 4575 4546 4599
f 6168 3246 3244
f 1718 1725 1727
f 1718 1719 1725
f 785 834 836
f 1105 1103 1112
f 4061 4064 5664
f 4552 4553 4542
f 2165 2166 2167
f 7316 7273 7930
f 594 592 593
f 9684 9880 9683
f 7668 7669 7303
f 7462 2632 2634
f 1846 302 239
f 326 918 2023
f 9441 9109 6845
f 1494 965 967
f 5285 5284 5283
f 6452 6450 6451
f 6452 6934 6450
f 2195 2193 2199
f 6164 6166 6165
f 6164 6167 6166
f 4616 4625 4584
f 1126 1130 1127
f 6552 2212 9140
f 718 703 701
f 116 118 122
f 6463 6008 7170
f 2136 2133 2134
f 5686 8821 8206
f 5537 5121 6459
f 2724 2740 2738
f 2600 2602 2601
f 2600 2601 2598
f 2443 2701 1587
f 7477 7475 7480
f 7692 4940 7997
f 446 1045 4049
f 2784 2782 2785
f 2784 2791 2782
f 1275 1282 2184
f 4908 4907 4905
f 2204 1045 522
f 7956 6661 7285
f 932 41 44
f 932 943 41
f 2173 2100 2162
f 2463 1695 2044
f 9051 9057 9055
f 8126 8125 8033
f 9244 6837 5878
f 179 185 184
f 4691 4592 4589
f 179 184 175
f 6444 5661 5660
f 1996 3717 1995
f 5803 5800 5025
f 7692 7351 7352
f 1429 1427 1433
f 7576 7580 7578
f 131 128 4027
f 131 4027 132
f 573 949 502
f 5575 5574 5569
f 5029 5028 5033
f 2756 2762 2755
f 1292 1297 1530
f 3935 4030 3933
f 3012 3976 3045
f 4246 4250 4245
f 3647 3669 3672
f 8512 7749 7513
f 3553 3103 8390
f 1093 1092 1094
f 1096 1094 1110
f 814 785 794
f 2165 2164 2166
f 2754 2744 2741
f 2754 2741 2743
f 7883 9395 8515
f 1062 723 761
f 1062 722 723
f 3334 5659 3335
f 651 652 659
f 662 7014 599
f 1805 1625 1622
f 74 117 75
f 7039 7042 7044
f 3376 3381 3372
f 2049 1808 1870
f 6138 8467 8464
f 6138 8964 8467
f 3858 4276 7756
f 2172 2170 2169
f 6141 1002 1009
f 1704 1702 2089
f 7584 7588 7585
f 1440 1445 1446
f 2199 2192 3832
f 8020 9240 8325
f 5966 9519 9367
f 2068 2069 2067
f 390 380 394
f 1455 1425 1431
f 3905 6035 3904
f 6084 1237 1236
f 6084 1236 1192
f 1963 1962 1960
f 1243 1246 2185
f 9087 9029 8084
f 1445 1448 1446
f 8149 8157 8150
f 4513 4514 4516
f 1212 1213 2271
f 3727 3711 3718
f 8096 8097 9485
f 2958 2985 8041
f 385 386 393
f 159 153 156
f 2925 2933 2932
f 1380 1374 5768
f 1380 4047 1374
f 5427 5425 6038
f 1440 1446 1451
f 1393 1493 1519
f 1717 1722 1905
f 3873 2426 2427
f 3758 3762 3759
f 352 353 356
f 4822 4824 7657
f 3659 3656 3676
f 9063 9532 8918
f 7350 3731 3740
f 260 975 262
f 4693 4706 4695
f 7575 7589 7581
f 9248 8374 9247
f 4611 4535 4612
f 5110 5091 5714
f 7622 7932 6954
f 7825 8143 7936
f 60 63 62
f 8000 8002 8001
f 866 1746 588
f 2083 1681 2084
f 5159 5160 5161
f 3817 7897 3816
f 58 113 65
f 333 332 312
f 4071 4065 4074
f 8128 8130 8127
f 7969 7970 7971
f 5200 5199 5201
f 514 622 297
f 2088 2090 2103
f 9300 9298 9288
f 7240 7848 7244
f 328 330 499
f 3424 3415 3418
f 8207 8206 8330
f 3128 2862 2863
f 7178 7177 9599
f 3697 3698 3700
f 6913 1849 1854
f 1822 1819 975
f 3369 1499 1500
f 847 670 668
f 1010 2082 1011
f 511 437 443
f 4323 4198 4322
f 5902 7640 5905
f 6145 3154 3160
f 2988 2951 2953
f 2516 2517 2518
f 2516 2518 8352
f 3634 1982 1980
f 2783 2843 2785
f 2783 2785 2782
f 3987 3988 3984
f 3421 3420 3418
f 9598 9474 9144
f 820 816 833
f 8843 8838 8841
f 705 704 703
f 7246 7243 7241
f 7246 7245 7243
f 2921 2982 2893
f 1103 1105 1102
f 813 780 781
f 3161 3162 3156
f 3161 3156 3157
f 4893 5145 5144
f 6206 6209 6207
f 8904 8983 8895
f 8107 8109 8165
f 4288 4254 4251
f 8252 5650 6061
f 8252 2683 5650
f 270 228 596
f 4927 8416 4959
f 3034 3042 3040
f 3041 3042 3034
f 3170 3150 3159
f 502 949 501
f 2889 2894 2891
f 1093 1113 1088
f 7511 8668 8512
f 73 87 63
f 6 7 5
f 8135 8125 8126
f 3380 3369 1500
f 8984 8944 8698
f 8984 8698 8737
f 1719 1717 1905
f 4337 4338 4339
f 6663 608 7014
f 1168 1148 1146
f 58 106 113
f 2789 2793 2792
f 1764 621 625
f 1764 625 1758
f 7352 4430 7692
f 1507 1506 1817
f 3393 3390 3394
f 3127 3043 3131
f 4635 7691 4644
f 8605 7766 8597
f 3159 3158 3162
f 246 248 637
f 273 634 935
f 4174 4168 4149
f 6558 3936 6942
f 8394 8387 8384
f 1678 1677 1675
f 182 180 183
f 4862 4864 4865
f 2858 2864 2861
f 6255 4121 3910
f 628 100 99
f 2753 2750 2734
f 4457 4456 4503
f 3692 4108 3187
f 1153 1131 1129
f 5283 5340 5285
f 2863 2839 2834
f 1288 1285 1282
f 5809 5842 5851
f 3904 2594 3900
f 6414 6398 6407
f 1684 1695 1683
f 5723 5721 5719
f 1777 7395 1030
f 665 669 672
f 1859 2460 2459
f 9206 8760 8420
f 591 660 593
f 216 219 218
f 3144 3155 3151
f 299 840 301
f 5886 3555 1608
f 6377 6379 6380
f 7032 7033 7035
f 7032 7035 7037
f 6539 6537 6535
f 2976 3093 3095
f 380 517 382
f 4265 9143 4261
f 9121 8848 8849
f 5024 5007 5015
f 7582 7993 7569
f 3977 3979 3978
f 3375 4101 3381
f 7492 7489 7491
f 2618 2624 2623
f 622 617 620
f 4801 5387 5078
f 514 297 24
f 4607 4606 4604
f 6016 6014 6947
f 389 391 390
f 3594 2446 3835
f 2022 413 409
f 5485 5483 5479
f 4519 5893 4898
f 5932 5934 5927
f 2188 157 154
f 4506 4504 4451
f 3713 3714 3710
f 503 62 64
f 749 752 729
f 1068 1064 4374
f 3511 3528 3359
f 5166 5159 5161
f 3149 3150 3490
f 145 122 118
f 145 118 259
f 5197 5244 5199
f 9408 9410 7510
f 4078 4059 4065
f 4078 4058 4059
f 6523 6522 6525
f 5900 5580 5581
f 8375 5850 5842
f 4506 4507 4508
f 1214 1099 1101
f 35 40 42
f 5701 5698 5699
f 9334 9152 9335
f 314 318 315
f 4873 4661 4604
f 1779 8680 7837
f 339 334 343
f 1804 1807 1805
f 5297 5296 5291
f 9271 9270 8798
f 785 782 783
f 7499 7508 7505
f 4207 4205 4212
f 1721 1903 1905
f 2837 2839 2840
f 1112 1110 1106
f 874 871 873
f 2971 3227 2970
f 3801 4388 3777
f 2781 2783 2782
f 2755 2762 2758
f 2207 3834 1627
f 3500 3919 3917
f 5418 5505 5507
f 5418 5507 5668
f 5918 657 656
f 609 603 604
f 3012 3047 3013
f 4561 4559 4572
f 727 677 698
f 4406 4397 5112
f 698 699 769
f 5283 5281 5278
f 1126 1228 1130
f 8320 8691 8136
f 840 842 243
f 3747 3746 3748
f 969 6707 1918
f 8191 8221 8219
f 7073 7072 7076
f 1727 1725 1730
f 7957 7949 9412
f 6520 6525 6544
f 5529 6890 9217
f 1652 1650 1649
f 7823 7372 5761
f 4524 4523 4525
f 5964 5966 5967
f 1825 1827 1823
f 9464 7442 7396
f 6962 7190 4769
f 1860 1861 1855
f 1518 1443 4118
f 3083 3114 3078
f 8314 8318 8316
f 6742 6740 6738
f 591 250 1529
f 7309 7311 7306
f 5358 7693 8045
f 8685 9193 1778
f 8685 1778 1774
f 2581 2566 2570
f 49 641 1631
f 2553 2581 2552
f 7657 5371 5167
f 3042 3043 3127
f 3042 3127 3074
f 2987 9188 2985
f 4359 4360 4369
f 7373 7375 7374
f 7376 2561 7374
f 3157 3187 3161
f 5840 5331 5330
f 5001 5093 4998
f 2236 990 986
f 7260 7098 8456
f 6435 2400 2399
f 8232 8231 8233
f 4948 4452 4425
f 968 37 225
f 974 629 131
f 2505 8074 6471
f 4967 4970 4968
f 4517 4513 4516
f 591 597 229
f 5664 4060 4056
f 6815 6818 7938
f 2937 2990 2931
f 2937 2931 2932
f 6680 6501 6656
f 962 721 711
f 2196 1621 1624
f 4392 4391 4419
f 7964 7884 7965
f 77 94 89
f 4441 4440 4605
f 3717 3722 3716
f 3717 3636 3722
f 673 674 672
f 654 1808 1809
f 3692 3187 3188
f 841 844 303
f 3236 3230 3234
f 7712 5088 4978
f 7299 7302 5652
f 161 122 148
f 2086 2085 2100
f 8484 9681 9294
f 3011 3052 3009
f 827 823 822
f 216 506 504
f 7753 7750 7752
f 2931 2990 2992
f 3925 3642 3653
f 3925 3653 3635
f 6243 6242 6250
f 6286 6301 6630
f 2636 2631 2632
f 5949 9369 5948
f 2710 2757 2719
f 7605 9171 9107
f 3068 3053 3069
f 2859 2860 2861
f 2118 2458 2119
f 1536 1513 1514
f 378 384 375
f 8414 7235 6664
f 990 995 991
f 2772 2745 2771
f 2772 2771 2770
f 4277 1541 1527
f 3369 3368 3371
f 1510 1506 1508
f 1102 1207 1214
f 35 1801 33
f 1005 1004 1009
f 5968 7399 5961
f 910 857 948
f 295 885 294
f 5122 5116 6665
f 5552 5542 5547
f 671 847 1525
f 1728 1724 6268
f 6775 3523 6776
f 6083 5618 9276
f 4601 4600 4606
f 525 528 527
f 7039 7030 7032
f 4860 4857 4879
f 529 198 515
f 6782 8415 8416
f 8303 8282 8283
f 2976 3095 2971
f 254 267 266
f 1878 5763 1879
f 3527 2558 2549
f 5579 5547 5546
f 6459 6461 6463
f 7942 7586 7589
f 5245 5145 5154
f 8419 8135 8219
f 3768 3773 3763
f 3263 3362 3245
f 7488 7496 7492
f 345 338 482
f 220 3474 6244
f 4399 4393 4400
f 7079 7076 7072
f 7563 7567 7594
f 2910 2913 2914
f 4858 4857 4861
f 4686 4684 4685
f 2667 2677 2682
f 7514 8423 7947
f 6317 6322 6311
f 4620 4513 4520
f 8132 8130 8131
f 3806 3366 3807
f 355 367 358
f 4433 4605 4432
f 300 234 233
f 1270 1267 1269
f 1462 1433 1432
f 7343 7344 2126
f 3047 3045 3017
f 919 835 2666
f 1361 1495 1496
f 1150 1151 1157
f 3253 3254 3264
f 4217 4219 4218
f 9073 9340 8987
f 6511 6512 6520
f 5035 5029 5030
f 6655 6501 6680
f 870 842 845
f 2867 2885 2866
f 5511 5529 9217
f 5511 5532 5529
f 2254 6578 2250
f 1505 1508 1506
f 6732 8977 8823
f 798 796 800
f 375 374 378
f 3313 3314 3191
f 9238 6689 9239
f 5665 5666 5663
f 8239 8243 8237
f 2930 2929 2940
f 8639 8633 8632
f 8131 8128 8316
f 3612 2676 2677
f 2044 1695 1697
f 2746 3104 2855
f 5308 5272 5279
f 6453 6908 3149
f 5277 5266 5267
f 5683 6671 6672
f 1742 1732 1727
f 7960 7964 7962
f 3 4 293
f 1951 1960 1936
f 5208 5205 5203
f 853 1616 1807
f 5541 5082 5543
f 6915 6914 7868
f 9029 8089 8086
f 2705 999 1001
f 5571 5569 5566
f 3163 3174 3167
f 6502 7100 6503
f 2139 705 706
f 2714 3210 3309
f 2714 3309 2715
f 3221 2783 3292
f 50 51 52
f 9459 5966 9458
f 4333 6175 6007
f 7350 6996 6994
f 7350 6994 2000
f 9013 9291 9467
f 6238 2070 4013
f 2266 2047 2252
f 2876 2719 2757
f 7140 7142 7145
f 6536 6533 6534
f 1825 1828 1827
f 6947 6015 6016
f 7718 9014 7786
f 1605 681 689
f 253 271 1033
f 7978 7533 8467
f 3168 3222 6884
f 3009 3048 3026
f 1428 1427 1426
f 4195 4186 4188
f 835 831 2666
f 5882 6358 3216
f 221 3339 965
f 6714 9745 5876
f 4976 4977 4974
f 5971 7295 4840
f 7643 4191 8112
f 2905 2903 2908
f 3658 3656 3651
f 2764 2760 2763
f 9143 3286 4263
f 9143 7687 3286
f 8925 8924 8923
f 4264 4261 4267
f 1483 6230 8024
f 1382 1381 4096
f 9978 9285 9822
f 699 891 714
f 7516 7556 7515
f 1171 1167 1170
f 85 79 59
f 17 1037 14
f 4058 4078 4057
f 447 517 380
f 1683 1695 2463
f 4551 4550 4586
f 4551 4552 4550
f 6839 5695 5390
f 211 216 218
f 2781 2826 2775
f 481 499 498
f 3345 2306 2305
f 251 231 249
f 6915 6917 6914
f 5779 5777 5776
f 7122 7472 5849
f 5684 5687 4770
f 7052 7029 7087
f 7052 7087 9141
f 1200 1201 1231
f 353 357 356
f 7908 6824 7909
f 3964 3968 3970
f 2461 910 2706
f 2112 1454 1488
f 6076 6257 6077
f 523 521 522
f 1676 1657 1640
f 7286 6345 6671
f 2888 2961 2890
f 1614 2383 1473
f 335 330 334
f 1788 1787 1789
f 3978 3104 3977
f 2497 2484 2490
f 8908 8920 8918
f 6652 6236 2218
f 2900 2983 2915
f 7773 7769 7772
f 7773 7616 7769
f 2235 3937 3933
f 9875 6859 6856
f 5242 5148 5245
f 3644 3672 3663
f 1102 1101 1103
f 4978 4977 7712
f 2286 3160 3172
f 6499 6497 6498
f 226 225 270
f 9537 9483 7656
f 274 647 648
f 4476 4486 4460
f 854 1616 853
f 4314 7850 4292
f 4314 4292 4291
f 8364 9004 9002
f 7169 2620 2650
f 8347 8174 8171
f 8347 8171 8348
f 3982 3979 3977
f 5593 5597 5595
f 8337 8336 2494
f 305 200 307
f 374 371 372
f 4648 4937 4691
f 2047 2266 5918
f 2978 3091 2973
f 2240 3627 3626
f 1784 1791 1776
f 6224 3839 3837
f 1320 277 1486
f 2080 2078 2081
f 1320 1318 277
f 2292 2291 2296
f 5569 5571 5575
f 1147 1146 1132
f 2398 2392 2017
f 8848 8847 8849
f 134 133 55
f 622 620 616
f 4004 4001 5973
f 8000 8001 8004
f 3884 3881 3883
f 5315 5286 5296
f 590 215 214
f 6222 1614 2177
f 9074 3846 7265
f 3520 7983 3105
f 1947 1939 1940
f 4443 4599 4444
f 4145 4147 4151
f 919 2351 835
f 2509 2511 2500
f 7442 9453 7397
f 4002 4005 4011
f 4171 4170 4172
f 2845 6903 2840
f 7158 5429 5425
f 1443 1444 4118
f 671 697 695
f 2165 2167 2170
f 4074 6882 6883
f 3426 1005 1007
f 3884 3885 3879
f 507 885 504
f 862 1604 1606
f 2566 2571 2565
f 3023 3021 3030
f 3023 3018 3021
f 283 147 259
f 219 216 509
f 160 202 203
f 4515 4517 4516
f 1187 1153 1129
f 1487 1338 1510
f 1604 5986 878
f 8199 6079 6080
f 2215 6652 2213
f 1465 1400 1407
f 8354 7181 8357
f 4507 4451 4510
f 5504 5507 5505
f 1935 1941 1940
f 1839 1793 1792
f 2560 2551 2550
f 16 10 11
f 2946 2947 2957
f 9456 9455 9704
f 4828 4832 4901
f 1540 565 566
f 3113 3119 3117
f 3018 3015 3021
f 345 346 338
f 3903 6261 8167
f 69 70 72
f 1161 1160 1814
f 1247 1252 1258
f 9016 7432 9068
f 9016 7440 7432
f 4809 4806 4814
f 8667 8669 8668
f 9356 7726 7727
f 1229 1092 1091
f 4608 4522 4524
f 8200 4897 4697
f 2903 2917 2983
f 4442 4439 4440
f 507 504 506
f 4225 4224 4226
f 2786 2799 2789
f 4010 4008 4040
f 827 1082 823
f 7975 7970 7969
f 8530 8697 8529
f 4965 5092 4969
f 960 769 717
f 1180 1201 1200
f 1180 1200 1179
f 1333 1339 1338
f 481 346 477
f 5179 5617 5180
f 590 7150 1089
f 8175 8176 7590
f 8281 8302 8278
f 8281 8278 8279
f 2618 2623 2621
f 7450 7448 6003
f 1528 115 852
f 2531 2532 2504
f 2531 2504 3347
f 7459 4122 6255
f 8469 7240 6881
f 4383 4385 4384
f 4383 4386 4385
f 80 85 53
f 4423 4421 6374
f 6453 6451 6446
f 2756 2763 2760
f 1259 1294 1258
f 8929 6715 9647
f 6909 7265 3844
f 9011 8972 8781
f 8086 8090 8083
f 8105 8106 8109
f 1400 1461 1401
f 6087 5323 5321
f 6087 5321 5327
f 53 50 52
f 605 601 608
f 792 791 789
f 7260 6087 6148
f 341 343 334
f 1469 1413 1460
f 7107 6302 6303
f 69 72 71
f 2795 2788 2843
f 9076 9527 9420
f 1068 3972 1069
f 4709 4713 8200
f 6444 5660 5659
f 600 594 599
f 2207 1627 1622
f 6005 6006 4334
f 5478 5477 5476
f 2303 2302 2313
f 2303 2313 2305
f 669 665 668
f 1303 2246 1006
f 591 251 250
f 1420 1418 1419
f 2900 2901 2983
f 5537 6459 7170
f 2802 2801 2799
f 4286 4285 4289
f 275 128 627
f 3957 3958 7296
f 4810 4838 4809
f 8301 8299 9543
f 6513 6521 6523
f 4507 4506 4451
f 1525 847 683
f 9971 7522 7520
f 1108 1114 1106
f 272 211 217
f 4958 5893 4612
f 6667 3299 3301
f 5272 5308 5277
f 4873 5083 4661
f 6022 3233 6004
f 3040 3039 3034
f 3691 5669 2680
f 1421 1417 1418
f 7521 7520 7523
f 2390 2394 2395
f 8842 8843 9831
f 6071 6070 6073
f 6524 6522 6523
f 7107 7105 7103
f 5096 5095 8209
f 2509 3874 2511
f 7044 7028 7039
f 5282 5320 7226
f 1950 1944 1962
f 291 224 22
f 1270 1265 1267
f 1270 1266 1265
f 4099 4094 4096
f 9723 8380 8385
f 616 297 622
f 4682 4688 4681
f 3880 3854 3879
f 3880 3879 2597
f 3726 3724 8030
f 4895 4647 4891
f 4984 4945 4988
f 702 700 714
f 619 255 1754
f 5543 5540 5541
f 6562 5116 5537
f 733 736 860
f 754 756 711
f 6488 6485 6489
f 7148 4547 4570
f 3683 3031 3287
f 7105 7107 7108
f 1287 1541 4277
f 282 89 96
f 661 665 664
f 4298 4223 4229
f 1764 1758 1760
f 1306 1310 1308
f 8351 8008 7999
f 3205 3173 3147
f 3894 7448 6262
f 776 775 790
f 1186 1190 1115
f 1922 1924 1923
f 1207 1102 1107
f 5118 5117 5115
f 8849 9797 9119
f 2588 2590 2593
f 3590 2634 3591
f 6962 3351 1976
f 2514 3945 2491
f 1961 1957 1952
f 4536 4579 4535
f 499 330 498
f 9800 9750 9754
f 5197 5151 5244
f 5090 4831 4807
f 98 97 58
f 1508 1487 1510
f 6481 4525 4532
f 7537 4325 4332
f 7537 4332 4331
f 4824 4820 4819
f 6885 1830 2470
f 1098 1092 1229
f 4989 4997 4995
f 1801 35 42
f 2787 2791 2784
f 3218 3131 3219
f 697 681 1605
f 4485 4484 4483
f 2480 1863 2482
f 2826 2781 2791
f 1146 1163 1168
f 4159 4157 4158
f 55 53 52
f 55 80 53
f 6651 3428 3419
f 2702 3630 3632
f 610 880 609
f 932 45 172
f 6739 8407 8766
f 93 91 282
f 1173 1195 1188
f 7734 6239 5651
f 2940 2929 2958
f 2507 6471 6472
f 1325 1324 1326
f 1413 1480 1482
f 4270 4302 4264
f 4270 4264 4267
f 6663 7014 666
f 3386 7678 7460
f 1199 1200 1202
f 1270 1272 2034
f 1300 262 975
f 8747 8758 9206
f 2905 2906 2903
f 2905 2907 2906
f 5615 5617 5179
f 3377 3378 3384
f 1767 1570 1562
f 6777 6774 6735
f 4877 4475 4473
f 1481 1469 6063
f 2758 3977 3104
f 3431 3430 3432
f 1753 966 1317
f 2604 2583 2559
f 4895 7121 5414
f 116 70 121
f 1195 1189 1188
f 5313 5288 5314
f 3122 3133 3126
f 7605 1781 8448
f 1428 1426 1445
f 2950 2988 2954
f 3116 3210 2857
f 2918 2916 2913
f 50 22 5
f 1767 1562 1559
f 4069 4072 1799
f 3187 3153 3302
f 3187 3157 3153
f 4800 4649 4631
f 3720 3734 3708
f 2247 775 803
f 1117 1121 1125
f 2204 4049 1045
f 4127 4052 3512
f 6497 6496 6498
f 7293 2126 1731
f 8278 7754 8284
f 5301 5271 5274
f 6339 7273 7316
f 5867 5180 5617
f 1410 1461 1413
f 5257 5258 5259
f 3727 3743 6586
f 4022 3507 3610
f 4196 4156 6785
f 4196 6785 4197
f 4398 4392 4419
f 3027 3011 3026
f 5771 5773 9991
f 1319 1847 1318
f 4696 4698 4679
f 8298 8300 8299
f 985 307 986
f 8839 8843 8844
f 9208 9605 3067
f 3364 3370 7199
f 4343 7638 7640
f 373 369 382
f 4857 4866 4861
f 880 173 172
f 3639 3653 3640
f 558 559 572
f 3441 3810 3446
f 1743 1742 1874
f 290 509 2349
f 1619 1624 1623
f 7543 3526 6775
f 114 293 144
f 4701 4700 4699
f 47 607 602
f 1610 2105 2109
f 5 51 50
f 1610 42 2105
f 3460 3444 3443
f 5429 5392 5393
f 5429 5432 5392
f 4401 4393 4390
f 3968 6237 3969
f 9673 9670 9383
f 4511 4512 4620
f 178 177 190
f 7539 5059 5087
f 3313 3118 3117
f 3481 2600 3480
f 3885 3888 3891
f 656 653 654
f 254 265 257
f 2090 2086 2100
f 1594 1749 1193
f 3681 3686 3685
f 8607 8620 8654
f 7592 7591 7587
f 6185 6191 6658
f 2049 5918 1809
f 2504 2506 2495
f 2912 2918 2913
f 2912 2913 2910
f 2587 2592 2591
f 6958 6960 7124
f 4805 4807 4808
f 678 668 670
f 1410 1409 1461
f 2260 653 656
f 2488 2478 2483
f 9466 7916 7918
f 513 510 295
f 1067 4136 4395
f 6172 8503 6147
f 4803 4725 4726
f 4936 4482 7863
f 6805 7998 6800
f 1080 874 873
f 5536 5350 5349
f 3639 3678 3638
f 2975 3093 2976
f 656 657 2260
f 68 69 66
f 68 66 62
f 6726 6754 6724
f 2141 1090 3483
f 134 55 114
f 7772 7776 7775
f 7772 7775 7773
f 873 875 1080
f 4266 6951 4267
f 9955 9497 9328
f 1306 1307 1302
f 304 114 144
f 3716 3722 3719
f 6318 6315 6314
f 6806 6799 6798
f 858 851 78
f 4359 4362 4360
f 8112 4188 4186
f 4282 4281 4304
f 7302 7299 7301
f 1401 1399 1400
f 8086 8083 8084
f 6370 2353 2354
f 2002 7846 2003
f 5766 5581 5619
f 1741 1877 1880
f 5056 5058 5059
f 7436 7135 6545
f 1438 1476 1470
f 8137 8136 8691
f 2763 2772 2764
f 100 102 99
f 1226 1145 1143
f 2593 2589 2588
f 1277 1273 1269
f 6814 7457 6547
f 4139 3748 3746
f 5859 5860 6892
f 1793 2059 1775
f 4602 4600 4601
f 5167 5371 5164
f 4865 4864 4944
f 676 677 727
f 493 2022 2138
f 3614 9078 3616
f 4565 4572 4560
f 7031 7033 7030
f 8506 9248 9247
f 2163 621 1764
f 7139 3549 7532
f 1622 1623 2207
f 3391 3394 3390
f 3391 3395 3394
f 2691 1911 1704
f 7057 7063 7066
f 3180 3179 3192
f 6218 3758 5873
f 1991 1990 1993
f 844 840 303
f 844 842 840
f 6746 6742 6743
f 7220 8940 7112
f 2812 2819 2825
f 5328 5302 5331
f 5612 5609 5195
f 2558 2554 2549
f 4225 4229 4224
f 6007 6010 6005
f 64 92 102
f 971 346 345
f 6444 6222 2177
f 4733 6782 8416
f 2774 2775 2778
f 5222 5221 5223
f 603 609 602
f 1117 1116 1118
f 5 224 6
f 2844 2834 2815
f 5804 5805 5802
f 258 310 311
f 601 603 600
f 1595 802 767
f 4592 4691 4937
f 1368 1394 1372
f 4814 4825 4809
f 521 524 518
f 595 607 598
f 3915 6834 6063
f 6484 5610 5801
f 3896 3898 3895
f 2354 2352 1914
f 992 989 7216
f 4452 4434 4445
f 7303 493 2138
f 5801 5610 5195
f 3816 5977 3944
f 8466 7833 8465
f 3395 8277 6200
f 3257 3233 3237
f 1265 1262 1281
f 108 73 60
f 8279 8286 8285
f 3389 3391 3390
f 184 185 195
f 249 231 242
f 2740 2724 2768
f 13 12 7
f 13 7 9
f 1691 2661 1708
f 2017 1991 2015
f 1095 1093 1094
f 4773 4768 4772
f 4369 4358 4359
f 1583 1582 2413
f 3409 3410 3407
f 2809 2825 2805
f 4696 4679 4681
f 3041 3043 3042
f 67 136 57
f 4499 5714 4495
f 11 17 14
f 5029 5035 5038
f 316 317 1003
f 9527 6767 6415
f 9527 9003 6767
f 4093 9976 4104
f 6137 9489 7364
f 1099 1097 1101
f 729 743 763
f 4403 4400 4401
f 1823 1827 1826
f 7058 7056 7060
f 7364 7367 6137
f 1885 1877 1876
f 7542 7708 7543
f 9551 9552 9553
f 2906 2917 2903
f 672 669 673
f 2934 5996 3909
f 3907 7528 3587
f 8733 4946 8732
f 3259 6020 6015
f 6257 7019 6256
f 2246 7702 2029
f 5240 5238 5199
f 6010 6011 6009
f 9589 8936 8937
f 4838 4806 4809
f 2839 2863 2856
f 8154 8152 8155
f 8154 8162 8152
f 6422 7686 1043
f 8301 8293 8299
f 1054 1052 1055
f 1788 1791 1787
f 1788 1793 1791
f 335 336 482
f 1168 1167 1171
f 1092 1110 1094
f 4686 6122 4845
f 5196 5172 5174
f 5127 5094 5107
f 6650 1901 1899
f 4438 4432 4439
f 8756 8760 9729
f 8756 8759 8760
f 3068 3071 3057
f 5510 5512 5509
f 187 183 196
f 1992 2001 1993
f 914 913 911
f 876 875 871
f 9009 6987 9493
f 444 2205 390
f 5894 2253 2251
f 2705 910 948
f 4369 4360 4371
f 6758 6757 6774
f 7622 7623 7621
f 3883 3888 3884
f 8127 8033 8125
f 4563 4573 4554
f 4996 4997 4989
f 2386 2136 2134
f 1172 1158 1183
f 2391 1474 2387
f 3809 7851 7934
f 3809 7934 7933
f 195 185 642
f 4426 4482 4424
f 7377 7374 7375
f 4239 4247 4240
f 2400 2401 2399
f 6216 6210 8349
f 2758 3104 2755
f 1808 654 1048
f 4709 4684 4710
f 680 681 697
f 4773 4772 4578
f 9564 9365 6454
f 526 527 573
f 1483 8024 1312
f 673 727 744
f 278 279 83
f 2207 1634 3832
f 7365 7366 7364
f 6257 6078 7019
f 5484 5491 5492
f 8086 8089 8090
f 1205 1120 1119
f 2592 2595 2591
f 1506 1507 1505
f 4912 6081 6214
f 1824 1829 1825
f 7523 7522 7694
f 699 717 769
f 6583 6580 6584
f 290 219 509
f 8762 7300 7299
f 2945 2947 2946
f 4497 4503 4456
f 679 687 681
f 6724 6727 6725
f 4497 4456 4454
f 3213 3200 6592
f 2063 2066 2065
f 9289 9077 9586
f 5935 4045 5937
f 7696 7064 9874
f 5871 821 3819
f 5871 824 821
f 5070 4984 4988
f 2870 6667 2845
f 5883 4052 5909
f 3555 7451 3556
f 9578 9668 7738
f 5634 3421 6625
f 7829 8976 2634
f 5634 3420 3421
f 3659 3657 3656
f 8751 8749 8748
f 8215 8120 8116
f 8215 7624 8120
f 4410 8522 4407
f 487 436 612
f 3156 3151 3152
f 1272 1270 1269
f 9087 8084 8069
f 1015 998 171
f 3600 3599 5754
f 2519 2527 2518
f 1767 1765 1568
f 9536 9538 9627
f 826 830 829
f 5342 5338 5908
f 8335 7544 7417
f 8918 9383 8914
f 4030 6558 3942
f 17 10 224
f 2745 2743 2771
f 2745 2754 2743
f 3659 3676 3677
f 2627 2625 2623
f 4161 4214 4216
f 1404 1412 1415
f 4417 8486 9205
f 4435 4438 4436
f 4435 4436 4437
f 962 2430 721
f 10 17 11
f 1617 1620 1616
f 478 445 331
f 478 479 445
f 8132 8134 8222
f 8132 8131 8134
f 5139 5145 5148
f 8354 8357 8739
f 6305 6306 7108
f 2950 2951 2988
f 4056 4063 4059
f 7029 7031 7030
f 4462 4461 4460
f 1738 1718 1727
f 5268 5267 5299
f 5268 5299 5273
f 4449 4445 4437
f 905 903 904
f 840 243 301
f 2851 2995 2836
f 426 972 427
f 7236 1763 1250
f 6519 7100 6515
f 304 255 271
f 304 1754 255
f 8105 8107 8151
f 1742 1743 1734
f 5335 5270 5273
f 4431 7013 5083
f 1625 1620 1618
f 7945 4579 4536
f 7945 4637 4579
f 6805 6803 6804
f 1278 1279 1285
f 7952 7968 7960
f 7952 8735 7968
f 2879 2760 2764
f 7362 6916 4935
f 7269 8771 8334
f 6215 4491 4490
f 251 229 231
f 3659 3675 3657
f 667 733 664
f 3069 3050 3038
f 374 376 430
f 5495 5498 5494
f 1743 1892 1875
f 2883 2791 2796
f 7854 7394 6401
f 2271 1211 1212
f 2799 2798 2803
f 2895 2904 2899
f 2710 2719 2711
f 4194 4185 4195
f 3210 2714 2717
f 3842 3847 3841
f 5669 3964 2680
f 5669 3966 3964
f 3891 3894 3893
f 3891 3888 3894
f 4502 4501 5408
f 6877 7007 7004
f 5646 2678 3617
f 8320 8795 8691
f 2940 2958 3079
f 4585 4551 4586
f 1252 1263 1258
f 4208 4175 4157
f 4208 4150 4175
f 2924 2899 2904
f 3704 1755 3702
f 4341 4339 5904
f 913 912 911
f 1708 1709 1691
f 1674 1665 1671
f 3117 3119 3121
f 5199 5238 5201
f 5213 5362 5210
f 1794 2205 444
f 3049 3005 3019
f 4078 4065 4071
f 8746 8751 8745
f 8832 8751 8743
f 4148 4145 4151
f 2049 1809 1808
f 8117 8116 8120
f 1482 1410 1413
f 1096 1101 1097
f 574 583 585
f 3419 3422 3417
f 126 91 93
f 7268 3410 4083
f 9276 6653 6490
f 5288 5309 5314
f 3781 3792 6779
f 4577 4562 4551
f 1414 1415 1412
f 679 682 687
f 4115 3865 3383
f 1958 1951 1930
f 1474 1453 2387
f 887 280 19
f 319 318 2188
f 2781 2782 2791
f 3489 3463 3488
f 3388 3380 1500
f 401 387 385
f 8209 5095 7132
f 5287 5315 5288
f 5287 5286 5315
f 3494 3500 3497
f 5082 5541 5545
f 4910 4954 4907
f 3275 2713 3273
f 3763 3759 3762
f 385 383 386
f 228 232 231
f 132 974 131
f 258 306 256
f 2243 2180 2245
f 177 175 176
f 4511 4620 4520
f 4181 4196 4197
f 4490 4655 4487
f 759 758 2139
f 4204 4163 4164
f 755 848 754
f 7345 7348 7346
f 1067 2183 4136
f 3529 1968 3532
f 2469 285 101
f 292 290 2349
f 1528 583 574
f 5048 5054 5059
f 928 930 1115
f 7638 7641 7639
f 9540 9873 9970
f 5721 5723 6228
f 6482 6484 5801
f 661 663 665
f 139 97 98
f 8800 5954 5922
f 420 410 405
f 6223 3790 4687
f 1353 1365 1364
f 6499 6515 6502
f 4170 6135 4146
f 4170 7464 6135
f 509 885 295
f 4355 4353 7704
f 1416 1421 1415
f 6515 6500 6516
f 5613 5617 5612
f 8335 7417 7416
f 1738 1732 1735
f 2759 2756 2760
f 2235 1633 3937
f 3777 8216 3778
f 5108 4951 5109
f 9725 3906 3904
f 4916 4915 6770
f 3678 3640 3645
f 7435 7439 6492
f 8743 8746 8742
f 8188 8189 8191
f 405 385 393
f 385 387 392
f 123 84 122
f 6699 6697 6700
f 895 508 590
f 5657 5342 5655
f 12 13 1075
f 2641 2640 2638
f 3271 3022 3020
f 3217 8263 9188
f 572 559 852
f 1160 1161 1156
f 507 895 867
f 1503 1410 1482
f 4662 4666 4665
f 4511 4508 4512
f 47 45 46
f 8446 7686 6422
f 8465 6654 6431
f 5128 8787 4880
f 4092 4085 4091
f 7488 7512 7496
f 7028 7030 7039
f 7737 9627 7739
f 30 869 56
f 8374 9248 8461
f 1147 1163 1146
f 3856 3421 3422
f 23 2349 510
f 7775 7776 7780
f 9349 9849 9825
f 6418 6409 6412
f 531 530 527
f 3656 3654 3674
f 6124 4400 4403
f 5270 5335 5412
f 3384 3378 3382
f 3384 3382 3385
f 3683 3044 3031
f 4286 4290 4288
f 3750 5767 3755
f 403 408 407
f 3743 6089 6586
f 3186 6453 6446
f 814 794 797
f 280 10 16
f 6818 6816 6817
f 7068 7070 7078
f 1316 1483 1312
f 9140 8943 9625
f 648 632 633
f 5126 5418 5668
f 6237 3967 6677
f 2236 307 313
f 1622 1627 1805
f 591 229 251
f 921 296 513
f 921 513 294
f 1214 1101 1102
f 6568 2403 6082
f 1753 1317 8938
f 1848 1864 1857
f 3957 3959 3954
f 8203 4387 4396
f 2895 2897 2901
f 1661 1663 2098
f 7449 7524 5914
f 7449 5914 8201
f 926 1086 929
f 7476 7475 7477
f 7476 7473 7475
f 6785 4202 4197
f 3655 3656 3657
f 83 292 278
f 5229 5227 5234
f 9406 9773 7828
f 3641 3649 3646
f 5366 5580 5576
f 9428 9430 9431
f 9428 9429 9430
f 1032 1070 837
f 5067 5066 6225
f 5869 5865 7262
f 3869 2230 3853
f 5669 3974 3972
f 2926 2929 2930
f 6922 6917 6915
f 6198 6199 6201
f 4057 4078 3998
f 2091 2094 2085
f 9559 9341 7531
f 1660 1662 1665
f 9148 8487 9061
f 5197 5200 5373
f 5209 5205 5208
f 2513 2483 9534
f 5188 5166 5161
f 1937 1927 4032
f 5178 5615 5179
f 4506 4508 4505
f 2375 620 617
f 2460 5797 4248
f 7348 9412 7346
f 1001 1002 2705
f 246 637 636
f 8667 8312 8308
f 701 702 725
f 3890 3889 3908
f 1874 1892 1743
f 2139 707 705
f 1873 3305 4106
f 3943 6848 6855
f 3305 3303 3960
f 3256 3255 3251
f 4425 4428 4948
f 4921 4925 4906
f 3267 8321 8358
f 5136 5137 5142
f 9371 9062 9355
f 3198 3201 3202
f 4814 4933 4825
f 1311 8024 2160
f 3821 2947 2990
f 7091 7055 7090
f 8199 8198 8197
f 5333 5273 5337
f 383 385 384
f 8635 8665 8632
f 1974 2330 1975
f 6122 5382 4845
f 1743 1877 1741
f 3101 5715 3092
f 9769 9985 9748
f 7054 7040 7036
f 6594 321 516
f 2627 2628 2630
f 647 274 273
f 4457 4462 4456
f 3399 3398 6202
f 4584 4582 4568
f 142 137 136
f 4270 4267 4293
f 4443 4600 4599
f 7146 7144 7145
f 763 767 765
f 2292 2288 2291
f 130 82 81
f 37 8 225
f 3652 3649 3642
f 1650 1652 1651
f 4290 4291 4292
f 4625 4626 4584
f 6908 6453 3139
f 8632 8633 8635
f 7970 9671 7976
f 1260 1261 1262
f 5086 5085 5072
f 7740 9627 7737
f 4538 4537 4583
f 1662 1658 1663
f 3165 3234 3965
f 9657 3685 3686
f 3939 3936 3938
f 8317 8318 8674
f 1652 1649 1655
f 224 5 22
f 3967 6237 3968
f 1043 6419 6422
f 7701 7368 2011
f 6084 1178 4125
f 5328 5331 5361
f 3100 2988 3103
f 684 977 687
f 8142 8141 5847
f 8158 9960 8161
f 8666 7020 8218
f 384 378 383
f 1203 1090 1645
f 660 611 594
f 7611 2461 5993
f 7611 5993 6784
f 346 888 2024
f 346 2024 477
f 1011 1904 1906
f 2494 3596 2493
f 4127 3512 6650
f 4287 4212 4200
f 6720 6110 6111
f 388 386 381
f 7219 6651 7624
f 647 2455 2334
f 1327 1325 1340
f 859 7611 861
f 1340 1511 1513
f 2425 2420 2419
f 6276 3683 3291
f 5390 5392 6840
f 1095 1113 1093
f 3206 3183 5639
f 2082 1904 1011
f 6297 8143 7825
f 5137 5139 5138
f 1194 1193 1749
f 7033 7038 7034
f 7033 7031 7038
f 7692 4430 5104
f 1770 1029 1027
f 513 295 294
f 3251 3255 3248
f 3072 3073 3075
f 3072 3038 3073
f 7357 8253 8259
f 250 246 636
f 4502 4848 4846
f 868 173 880
f 4178 4181 4180
f 7661 5908 8978
f 4667 4669 4670
f 4051 3933 3934
f 6468 6079 9257
f 6076 6077 6080
f 3557 4039 2195
f 1928 1955 1927
f 1928 1927 1937
f 9646 8829 8828
f 1625 1623 1622
f 4884 4664 4667
f 3455 3469 3559
f 4056 4058 2044
f 6096 6094 7647
f 3313 3197 3118
f 6522 6526 6527
f 8285 8282 8281
f 4429 4430 6085
f 8107 8165 8149
f 436 1811 2159
f 5612 5615 5609
f 579 638 569
f 5084 4873 4604
f 3999 3655 4003
f 8426 6385 2576
f 3725 3719 3722
f 7770 7768 7774
f 7770 7769 7768
f 1016 1017 1012
f 3345 3273 2306
f 4329 6134 4330
f 5058 5010 5012
f 5942 5948 5969
f 7052 7031 7029
f 1078 6241 8368
f 9119 8975 9104
f 1205 1119 1118
f 2514 7844 3945
f 366 370 389
f 4188 8112 4191
f 672 667 665
f 1469 1471 1472
f 2761 2760 2981
f 3490 6452 3149
f 3937 3936 3935
f 9054 8791 8945
f 9054 8945 9052
f 679 680 1525
f 679 681 680
f 5150 5244 5151
f 2922 2894 2889
f 4907 4909 4911
f 5951 6524 5947
f 3566 3568 3810
f 4858 4861 4951
f 5023 7352 7351
f 5719 5720 5723
f 5196 5243 5172
f 3141 3186 3203
f 130 138 72
f 123 161 217
f 2119 2120 2118
f 2119 2122 2120
f 4421 4427 4422
f 6396 6400 6387
f 2406 6344 2479
f 1414 1416 1415
f 1788 1789 1790
f 1012 1017 3426
f 1012 3426 1007
f 1780 781 1783
f 6951 4266 4355
f 9765 9761 9904
f 85 80 79
f 1088 1085 1091
f 506 216 211
f 2765 2753 2734
f 5596 5587 5584
f 3347 2536 2531
f 1017 1019 1020
f 1017 1025 1019
f 9383 9384 9379
f 141 134 143
f 3304 3322 1603
f 2675 2677 2667
f 3058 3060 3105
f 2655 7838 9928
f 2558 2579 2564
f 4065 4062 8059
f 1100 1099 1214
f 4377 8039 6264
f 1017 1020 3426
f 6316 6315 6323
f 4221 8794 4274
f 7088 9559 7531
f 1248 1261 1249
f 9152 9194 9149
f 4522 4517 4524
f 4739 4738 4729
f 6147 6165 6166
f 5718 5720 5719
f 2193 2190 2192
f 5143 5152 4893
f 8912 8913 9571
f 727 673 676
f 8008 8009 7859
f 4296 4274 4243
f 3954 3958 3957
f 8606 8619 8620
f 3646 3643 3641
f 1986 1987 1989
f 7661 5342 5908
f 2078 6045 2081
f 7407 5408 5100
f 7520 7522 7523
f 6007 6005 4333
f 4104 4102 4093
f 7789 7790 8971
f 200 313 307
f 988 985 986
f 3207 3208 3183
f 3207 3183 3206
f 2354 2353 2352
f 3757 5873 3758
f 2907 2948 2906
f 9499 7882 3324
f 2193 2198 2190
f 2169 2167 2171
f 6687 6228 5723
f 5804 5802 5800
f 1978 1498 4111
f 8051 5168 8052
f 4730 4880 4716
f 4730 5128 4880
f 1938 1960 1962
f 3666 3664 3669
f 7075 7073 7076
f 172 45 48
f 1283 1288 1282
f 1303 1302 1307
f 1269 1273 2515
f 619 1044 255
f 3 293 114
f 410 408 403
f 4945 5705 5706
f 3544 3246 3545
f 7029 7030 7028
f 6531 6528 6532
f 114 55 54
f 2883 3214 2853
f 26 28 27
f 1262 1265 1260
f 2827 2826 2853
f 987 996 993
f 2234 2386 2134
f 4065 4075 4074
f 9534 2535 2530
f 9534 2530 2534
f 8676 8822 8945
f 5686 8206 8208
f 9224 9225 9229
f 8780 7400 9877
f 3532 3528 3529
f 8366 8670 9106
f 8366 8369 8670
f 7175 7291 8728
f 5947 5938 5943
f 7675 7676 7200
f 6166 6172 6147
f 8672 8367 8684
f 7134 5715 3096
f 8436 5098 5255
f 7711 7710 4977
f 6987 7420 7419
f 6987 7419 5722
f 6653 6483 6490
f 5405 5070 5998
f 5504 5505 5508
f 335 498 330
f 9419 5911 3504
f 3435 3434 3432
f 5241 5227 5443
f 3778 3795 3773
f 5409 4639 4647
f 4833 4901 4832
f 879 878 881
f 3563 3560 2035
f 685 686 684
f 4820 4824 4822
f 2600 2599 3480
f 7528 7530 7529
f 7528 7815 7530
f 2459 3546 7319
f 1301 1031 812
f 1420 1419 1426
f 7308 7306 7307
f 9112 8402 8441
f 760 250 636
f 1725 1747 1730
f 2615 2619 3592
f 2169 2170 2167
f 6731 8977 6732
f 9901 7770 8087
f 7172 7174 7175
f 8674 8711 8713
f 8168 9120 8162
f 7480 7482 7484
f 1597 2381 1599
f 1325 1326 1340
f 2308 2303 2306
f 6548 6546 6547
f 6709 3010 3052
f 8395 8309 9992
f 2143 1183 1814
f 566 565 558
f 9688 9197 9213
f 3096 7137 7134
f 3238 7687 9147
f 3362 6168 3244
f 2912 2895 2898
f 2343 2342 2339
f 143 134 114
f 356 361 352
f 8858 8908 8914
f 6887 8702 6886
f 271 254 1033
f 4254 3546 4251
f 277 206 166
f 6794 7218 7288
f 10 9 6
f 10 6 224
f 1553 1765 1767
f 2310 2302 2303
f 1602 1603 1598
f 7098 8088 8455
f 5967 6637 4010
f 8085 8087 7770
f 4300 4283 8784
f 9026 8700 8697
f 9026 7778 8700
f 4560 4559 4557
f 2698 2693 2697
f 1032 2155 2156
f 204 894 167
f 4680 4657 7013
f 3931 3984 3985
f 8131 8130 8128
f 9587 9224 9362
f 8118 8121 8123
f 3344 1081 883
f 2517 2514 2513
f 9768 9759 9760
f 1805 1627 1804
f 8158 8150 8157
f 5 4 3
f 7907 8263 3217
f 2617 2619 2615
f 4558 4559 4595
f 1473 2383 1430
f 5121 6460 6459
f 7912 3802 7163
f 528 532 527
f 1290 1263 1252
f 5542 5544 5541
f 5542 5552 5544
f 8789 9137 8791
f 236 235 240
f 3704 3703 3705
f 1377 1394 1368
f 4044 5923 5924
f 2775 2827 2778
f 4044 5924 4043
f 133 80 55
f 6137 6139 4869
f 7013 4657 5083
f 3776 3700 2150
f 128 126 4027
f 5946 5949 5948
f 7555 2690 2689
f 8839 8837 8838
f 6224 3837 3831
f 1230 590 1089
f 2010 2005 7678
f 7714 7717 9513
f 238 269 268
f 2796 2790 2794
f 338 498 335
f 8317 8136 8316
f 1311 1312 8024
f 589 528 525
f 4483 7863 4482
f 1395 1406 1397
f 2345 2343 3540
f 1843 1389 1387
f 9979 9977 9871
f 5155 5133 5131
f 7986 7900 2246
f 1469 1480 1413
f 8017 9881 8018
f 2906 2909 2917
f 6216 6214 6208
f 962 711 756
f 54 52 51
f 1155 1160 1156
f 2597 2592 2596
f 672 728 667
f 2058 1053 3556
f 2058 1050 1053
f 4990 4989 4995
f 4336 4338 4337
f 8920 9187 9063
f 46 932 44
f 46 45 932
f 1862 1858 1859
f 872 1794 444
f 6721 6113 6720
f 3952 3959 3960
f 9859 8504 9010
f 241 2124 31
f 7042 7032 7051
f 4679 4682 4681
f 6138 3907 6140
f 4449 4509 4448
f 2401 2397 2399
f 2401 2407 2397
f 3981 3282 3979
f 675 678 695
f 6496 6655 6500
f 5720 5718 9070
f 6540 6528 6529
f 203 208 160
f 2922 2928 2921
f 2922 2921 2894
f 7407 4500 5408
f 2911 2912 2898
f 4344 7638 4340
f 4344 4347 7638
f 600 602 592
f 5953 5968 5961
f 512 1037 17
f 3989 3658 3984
f 5394 5422 5391
f 2680 3964 3614
f 1805 1620 1625
f 7354 5355 5358
f 14 16 11
f 1170 1167 1222
f 7793 7341 9024
f 7220 7112 7110
f 7960 7962 7961
f 500 2078 2080
f 6547 9290 6816
f 6578 3304 1603
f 5771 5776 5777
f 7506 7510 7504
f 4561 4572 4573
f 5796 3719 3725
f 7880 3094 3543
f 406 404 403
f 2461 2706 5993
f 3545 3246 6168
f 619 618 621
f 53 137 50
f 2251 2249 2252
f 1827 2192 1826
f 7829 2634 3590
f 6943 7872 7847
f 4580 4554 4553
f 1994 1992 1985
f 3849 1674 3843
f 1202 1231 3606
f 273 2455 647
f 4536 4534 4576
f 8454 2525 2523
f 905 908 902
f 2688 6456 2445
f 5723 5720 5722
f 9412 9411 7957
f 1528 574 115
f 565 1549 578
f 7796 8737 8104
f 1697 5664 2044
f 4189 4195 4188
f 4182 4180 4181
f 6335 6671 6345
f 828 829 817
f 5190 5177 5176
f 8091 7774 6043
f 1109 1108 1098
f 616 618 1754
f 5575 5577 5579
f 196 184 195
f 9407 8822 7017
f 143 1033 141
f 1162 1168 1163
f 4406 4410 4407
f 3736 3738 3735
f 6208 6210 6216
f 1170 1214 1207
f 5885 5887 5886
f 1389 1843 1844
f 356 357 371
f 3114 3012 3013
f 8743 8751 8746
f 3381 3376 3375
f 1312 1311 1310
f 8968 8732 9171
f 610 604 606
f 6527 6526 6528
f 3011 8060 3051
f 3011 3051 3052
f 754 2139 758
f 8151 8164 8101
f 1481 1480 1469
f 2517 2516 2514
f 4729 4737 4736
f 4637 4636 4579
f 3906 6140 3907
f 1091 1085 1089
f 8841 9831 8843
f 2532 2506 2504
f 8743 8742 8744
f 1785 1644 1645
f 6390 2980 3112
f 4535 4533 4534
f 8222 8134 8223
f 9352 9353 8935
f 351 339 343
f 8462 8490 2038
f 1785 1645 1090
f 4258 2549 2559
f 5025 5800 5015
f 671 678 670
f 6037 6040 6055
f 291 278 23
f 5778 5774 5777
f 3938 3937 1633
f 8680 9010 8504
f 7344 3950 2126
f 1328 1512 1340
f 1328 1340 1326
f 7900 7688 7888
f 1783 3330 1780
f 23 21 291
f 1708 2661 1711
f 9275 7359 7926
f 5487 5494 9139
f 2823 2825 2819
f 7589 7575 7993
f 5390 5389 5392
f 1916 691 942
f 7946 7592 8176
f 5939 5946 5948
f 5939 5938 5946
f 2599 2562 2563
f 526 573 502
f 1478 1476 1477
f 4051 7676 4036
f 1668 1665 2201
f 1668 1660 1665
f 2980 3227 2977
f 404 423 387
f 9345 9320 9344
f 5925 5923 5926
f 5925 5926 5930
f 1192 1235 1180
f 1756 761 723
f 2226 9521 9473
f 5751 2757 2710
f 6884 3170 3168
f 289 15 227
f 4521 4505 4520
f 3387 3392 3373
f 7495 7506 7489
f 53 57 137
f 928 1115 1190
f 3443 3440 3438
f 2924 2941 2899
f 3270 2888 2869
f 2966 2963 2964
f 2692 1915 1914
f 6721 6720 6725
f 3196 3313 3191
f 4908 4905 4932
f 421 483 411
f 2077 2066 2063
f 5493 5490 5489
f 5323 6087 7260
f 1203 1642 1084
f 6075 6078 6257
f 5855 5858 6888
f 5015 5014 5025
f 8359 4658 4659
f 5424 4477 5375
f 3890 3894 3888
f 5572 5573 5900
f 613 1037 296
f 4736 4803 4726
f 5202 5205 5206
f 67 138 136
f 2838 2836 2830
f 6096 7647 5736
f 1164 1139 1140
f 3782 3793 3792
f 1009 1011 1008
f 6781 5123 4942
f 280 9 10
f 6713 6714 5772
f 406 407 409
f 5068 5998 5067
f 669 675 676
f 1099 1910 1097
f 7505 7507 7506
f 1164 1133 1139
f 57 136 137
f 7744 9692 6683
f 7744 7743 9692
f 1493 1388 7161
f 7911 7940 7914
f 5558 5564 5603
f 5558 5560 5564
f 7994 6083 9278
f 8978 5908 7928
f 3650 3658 3651
f 1823 1833 1820
f 7521 7507 7509
f 8209 7132 7351
f 4295 4215 4177
f 1447 1456 1439
f 1092 1093 1091
f 3968 3969 3970
f 8158 8163 9960
f 8746 8745 8747
f 820 821 819
f 3736 3737 3738
f 3096 5715 3101
f 8832 8744 9202
f 5648 9452 5646
f 6926 6928 6921
f 5352 5396 5351
f 1164 1163 1133
f 604 605 856
f 3324 3052 3051
f 9660 9994 9895
f 9660 9985 9994
f 5589 6929 5565
f 5559 5600 5551
f 1630 2608 1624
f 5156 5159 5164
f 5156 5164 5157
f 655 653 1076
f 4869 6139 4864
f 385 392 384
f 2955 2950 2954
f 9897 9777 9639
f 426 428 972
f 2718 2722 2716
f 1504 1508 1505
f 5124 6781 5125
f 4523 4524 4517
f 8359 4659 4680
f 1434 1437 1435
f 2562 2574 2571
f 4047 1389 1844
f 8214 7613 6220
f 652 950 659
f 7470 1937 4032
f 804 837 784
f 1289 3595 2191
f 4040 4042 4046
f 7933 9156 8031
f 7933 8031 6792
f 4261 9143 4263
f 4261 4263 4262
f 487 1811 436
f 4840 4841 4739
f 175 184 180
f 175 180 176
f 1841 1800 1840
f 7549 7556 7552
f 6240 6783 3745
f 2482 2483 2480
f 2650 2655 9928
f 4927 4749 8416
f 3306 3960 3303
f 3153 3152 3154
f 2358 2356 2357
f 656 1809 5918
f 21 224 291
f 4660 4666 4662
f 1897 6557 6358
f 8457 9075 5879
f 3665 3669 3671
f 3665 3666 3669
f 2576 6385 2577
f 741 728 731
f 5046 5053 5054
f 833 724 1062
f 6042 2074 2073
f 6042 2073 2072
f 2781 2775 2780
f 669 676 673
f 126 275 91
f 4733 8416 4749
f 2883 2826 2791
f 101 628 2469
f 50 142 22
f 1988 1986 1983
f 2963 2915 2962
f 8386 8390 8388
f 394 366 389
f 82 84 135
f 1097 1227 1096
f 6584 9105 6893
f 1066 1064 1063
f 1066 1067 1064
f 4740 4729 4728
f 5113 6665 5116
f 3712 3723 3719
f 7435 7438 7437
f 1170 1221 1214
f 7710 7712 4977
f 7854 7853 7394
f 4098 4097 5660
f 5804 5800 5803
f 3050 3069 3053
f 4336 4337 4291
f 4336 4291 4310
f 4168 4221 7801
f 3482 3916 3526
f 6344 2406 7982
f 1319 1318 1320
f 1441 1443 1518
f 7459 6255 6998
f 261 310 258
f 2895 2910 2897
f 41 42 40
f 7586 8934 7584
f 7586 7584 7585
f 4047 1380 1389
f 1663 1661 1662
f 2915 2966 2979
f 2915 2963 2966
f 6583 4845 6580
f 6267 2102 2172
f 23 510 21
f 4767 4771 4764
f 6580 4845 5382
f 9333 8983 9647
f 9333 8895 8983
f 7366 7365 7725
f 4274 4231 4221
f 6712 2073 2074
f 5794 5787 5793
f 5186 5171 5196
f 6737 6741 6738
f 6219 1972 1974
f 1501 1505 1360
f 4117 3382 3379
f 2631 3342 2634
f 123 298 135
f 3905 2603 2595
f 4849 4853 4852
f 1238 1241 1240
f 7568 9528 7569
f 7019 6668 6260
f 949 572 852
f 5577 5575 5571
f 1646 2168 2166
f 5289 5286 5284
f 8853 8850 8851
f 7213 4122 7212
f 4150 4148 4151
f 4005 4003 3675
f 5710 3729 3738
f 6547 6546 9290
f 5540 5543 5031
f 756 871 874
f 2613 7169 7016
f 4501 5100 5408
f 3690 3681 3673
f 255 1044 267
f 6304 6305 6350
f 930 1085 1088
f 2506 2503 2495
f 9090 7523 7694
f 9083 7916 8825
f 4601 4606 4648
f 7986 1307 7266
f 1094 1096 1227
f 3091 3092 2975
f 6220 6176 3467
f 7336 7333 7332
f 135 84 123
f 2431 2273 2274
f 9294 9295 8483
f 5137 5144 5139
f 3305 3272 3303
f 7869 8356 4356
f 842 839 838
f 842 870 839
f 5117 5393 5389
f 4508 4556 4512
f 1018 1025 1016
f 9409 9090 2935
f 2388 2399 2397
f 4661 5083 4657
f 3 54 51
f 1876 1743 1875
f 3847 7545 3844
f 660 663 661
f 1507 2435 1509
f 5795 5790 5788
f 3198 3196 3195
f 1550 1212 1211
f 1550 2543 1212
f 7645 7020 6569
f 1260 1266 1290
f 5725 5727 5730
f 388 428 393
f 5759 5758 5757
f 3494 3496 3500
f 9498 3064 7845
f 9498 7845 7210
f 2487 1865 2484
f 2827 2775 2826
f 7530 6993 7876
f 2404 3364 2402
f 5370 4463 4458
f 8526 8527 8529
f 7634 7635 7629
f 3768 3774 3773
f 4410 5112 5111
f 2548 7410 2547
f 3563 2035 2034
f 7996 6082 3364
f 3853 2230 1474
f 9456 9463 9464
f 3613 3617 3618
f 2210 2214 2211
f 7314 7316 7312
f 4167 4163 4204
f 6913 1855 1286
f 6913 1854 1855
f 136 291 142
f 4580 4581 4564
f 7719 9269 9423
f 4406 4407 4418
f 6108 6110 6109
f 1670 2041 1650
f 1670 1650 1651
f 7170 6009 6012
f 7170 6008 6009
f 318 320 315
f 1767 1558 1553
f 4217 4216 4215
f 1767 1559 1558
f 81 82 135
f 5755 5756 5758
f 935 2455 273
f 4693 4695 4694
f 3785 4035 5516
f 1599 2709 2446
f 4450 4453 4455
f 7239 7243 4107
f 7239 4107 7237
f 8285 8281 8279
f 8383 7976 9820
f 8383 9820 9843
f 501 524 521
f 2197 2195 4039
f 926 924 1086
f 9069 9234 6989
f 36 33 34
f 36 35 33
f 3442 3443 3438
f 9588 8361 3616
f 1013 1007 1008
f 2822 2850 2818
f 3426 1028 2208
f 3737 3915 3707
f 2658 7385 2659
f 2658 2660 7385
f 302 843 299
f 6315 6319 7113
f 4358 4369 5979
f 6103 6742 6746
f 5999 5407 5998
f 496 315 320
f 4869 4864 4862
f 8661 8632 8665
f 3278 3279 3597
f 4563 4580 4564
f 5031 5032 5041
f 2779 2778 2827
f 6126 4408 4409
f 3265 3266 3261
f 5755 5758 5759
f 327 496 320
f 8518 8118 8123
f 3485 1545 5871
f 7397 9453 9454
f 2128 2127 2032
f 5920 5933 5932
f 1772 1777 1030
f 4450 4451 4453
f 6508 6503 6518
f 8337 9455 6868
f 4457 4503 4498
f 1528 563 583
f 6555 6210 6211
f 6 9 7
f 1823 1824 1825
f 1823 1822 1824
f 5867 5617 5613
f 2865 2859 2866
f 347 971 345
f 1358 1356 1501
f 1526 1095 1227
f 5553 5549 5550
f 625 618 620
f 6957 6954 6955
f 1306 1304 1305
f 1659 1660 1668
f 1276 1275 1762
f 4259 4260 4252
f 5123 4862 4865
f 4646 4834 4891
f 2769 2759 2760
f 2769 2760 2761
f 4483 4482 4426
f 232 236 234
f 4368 6906 4370
f 2095 2164 2162
f 6754 6726 6753
f 9520 4011 4005
f 4401 4386 9182
f 3817 3816 3944
f 6312 6317 6311
f 6192 6195 6188
f 4219 4217 4215
f 1025 1017 1016
f 1621 5675 1626
f 671 695 678
f 313 2029 2236
f 1656 1659 1667
f 5036 5035 5034
f 4658 4648 4607
f 3649 3648 3647
f 1990 1992 1993
f 2352 1692 1914
f 1088 1091 1093
f 2200 5981 7000
f 7910 7940 7911
f 5188 5162 5187
f 9753 9081 9551
f 8114 7448 8113
f 3271 3285 3022
f 8849 8814 9797
f 1100 1214 2464
f 6800 6806 6476
f 8303 9992 8282
f 7590 7797 8175
f 7758 5093 5001
f 1307 1308 7266
f 1307 1306 1308
f 8786 7886 7904
f 1849 6913 1850
f 5565 5604 5600
f 5565 7305 5604
f 3950 1901 1912
f 4815 4816 4947
f 6181 2650 2620
f 4815 4818 4816
f 6181 2655 2650
f 6529 6566 6530
f 6529 6565 6566
f 1824 56 1829
f 8404 8401 8405
f 5947 5941 5938
f 3272 2709 3322
f 4698 4701 4699
f 1738 2453 1718
f 4367 4366 4370
f 4472 4467 4470
f 6335 7860 6671
f 7369 6808 7371
f 5826 5829 7888
f 9049 9407 3812
f 4694 4703 4701
f 2964 2969 2967
f 4647 4640 4646
f 8874 8873 8880
f 4690 4683 4681
f 8129 8219 8135
f 5209 5208 5210
f 2158 1433 1462
f 4772 4768 4766
f 6145 2286 6553
f 8237 8236 8239
f 4501 4846 4854
f 2522 2529 8341
f 3637 3574 3573
f 9384 9383 8918
f 2051 5894 2251
f 4673 4668 4662
f 6396 6387 6245
f 2633 2631 2630
f 2525 2520 2523
f 3995 3803 3791
f 9864 9865 5864
f 96 963 282
f 4837 5154 5165
f 6471 2507 2504
f 4526 4524 4525
f 8690 2585 8688
f 8690 3536 2585
f 3 51 5
f 7186 6111 5762
f 6012 7133 6013
f 6012 6013 6026
f 7563 7568 7567
f 7563 7566 7568
f 1924 1958 1929
f 5913 5231 7263
f 322 315 496
f 177 176 190
f 2628 2627 2626
f 3038 3050 3037
f 2943 2925 2931
f 481 498 338
f 4454 4455 4453
f 6509 6518 6506
f 6673 8503 6172
f 5753 3654 3655
f 581 579 1546
f 7564 7563 7565
f 5140 5149 9375
f 5616 5614 5613
f 5280 5279 5281
f 9539 9536 9890
f 668 665 663
f 5958 5953 5955
f 1857 1856 1860
f 1857 1862 1856
f 2257 2260 2266
f 4600 4602 4603
f 269 262 268
f 3764 3770 3797
f 5276 5271 5272
f 5276 5274 5271
f 320 318 319
f 267 1044 266
f 7714 7719 7717
f 557 558 556
f 4187 4306 5987
f 9369 9370 9368
f 5560 5551 5564
f 3913 9658 9657
f 4818 4812 4674
f 4391 4392 4390
f 5353 5351 5378
f 5376 5055 7540
f 5139 5144 5145
f 5956 9356 5958
f 246 249 247
f 6643 6641 6642
f 3002 3001 3010
f 1964 1948 1957
f 1083 2873 3137
f 3526 7109 3482
f 8421 8420 8760
f 8746 8747 9172
f 4644 4872 4635
f 4998 4999 5376
f 4461 4463 4464
f 9770 9766 9769
f 542 571 579
f 2029 313 317
f 5807 4640 4647
f 4925 4921 4922
f 1619 1623 1625
f 5469 5467 5465
f 5469 5470 5467
f 7489 7492 7495
f 1379 1389 1380
f 4508 4520 4505
f 3510 1950 1962
f 59 108 85
f 7792 1002 6141
f 2925 2943 2923
f 3645 3643 3644
f 4342 2528 2526
f 3559 3469 3472
f 3719 3718 3712
f 3196 3198 3202
f 8263 8271 9188
f 2625 2622 2623
f 5353 5354 5349
f 7172 6194 7174
f 6085 5084 4428
f 3429 3430 3431
f 4552 4542 4550
f 5891 1601 872
f 7592 8226 8227
f 513 1037 512
f 8151 8100 8105
f 5570 5571 5566
f 9405 3903 8167
f 1145 1156 1141
f 5462 5461 5463
f 3562 3561 4357
f 1566 1578 2389
f 8095 1980 4111
f 4057 2044 4058
f 1684 1683 1678
f 8082 5806 5804
f 8082 5804 5803
f 6011 7133 6009
f 4243 4222 4220
f 1404 1402 1397
f 9878 9815 9770
f 2634 2632 2631
f 4898 4958 4653
f 1333 1349 1339
f 2172 2102 2173
f 369 366 394
f 4238 4232 4231
f 4238 4231 4274
f 6462 6464 9045
f 1091 1089 7150
f 2941 2898 2899
f 2746 2755 3104
f 6134 6175 4333
f 1820 1821 1822
f 4083 3409 6178
f 367 370 366
f 2446 3305 1873
f 9466 8139 8138
f 4423 4425 4421
f 3724 3726 3721
f 6382 6571 7734
f 1438 1477 1476
f 1438 1436 1477
f 5599 5765 8456
f 943 42 41
f 943 2105 42
f 7130 7128 7129
f 7130 7129 9354
f 3289 3601 3288
f 9555 9552 9551
f 2195 2197 2198
f 9052 8945 9407
f 1333 1338 1487
f 7395 6791 3805
f 3581 6662 7154
f 7952 7959 7948
f 3870 3480 2579
f 7548 7550 7549
f 3423 3412 3407
f 1259 1258 1263
f 5352 5351 5349
f 3485 1047 1046
f 3438 3437 3436
f 3320 3116 3983
f 1411 1414 1412
f 1833 1826 1830
f 5825 7406 5829
f 938 314 315
f 4275 4273 4195
f 4498 4503 4608
f 8676 8945 9137
f 4574 4562 4577
f 2954 2988 3100
f 251 249 246
f 6542 6541 7166
f 1403 1404 1397
f 9632 9635 9653
f 2499 2512 2502
f 5474 5472 5476
f 4157 4175 4158
f 246 247 248
f 5683 5562 5601
f 1780 3326 813
f 9406 9774 9773
f 3456 3454 3458
f 1575 1564 1569
f 607 47 598
f 5958 5968 5953
f 2396 2388 2397
f 4122 4121 6255
f 4122 5763 4121
f 9169 9830 9170
f 3118 3115 3117
f 675 695 677
f 4975 4993 4985
f 1386 1382 2439
f 1280 1279 1278
f 794 795 797
f 4599 4600 4575
f 2390 2392 2394
f 2348 1339 7294
f 4404 4399 4400
f 7122 5849 5844
f 5503 5471 5467
f 2040 2156 2041
f 6766 6764 6757
f 702 701 700
f 4805 6062 4830
f 413 2022 414
f 4628 5409 4904
f 378 373 382
f 670 847 671
f 9299 9335 9152
f 1924 1922 1925
f 1565 1563 1564
f 1565 1564 1566
f 6455 5675 3482
f 4316 4160 4187
f 162 170 997
f 741 748 737
f 5760 5755 5759
f 3843 3842 2466
f 929 1085 930
f 1146 1125 1135
f 6584 6893 6583
f 6471 2504 2505
f 560 530 533
f 2990 2937 7694
f 2540 846 755
f 1258 1246 1247
f 4771 4765 4764
f 8672 8820 8819
f 8735 8498 9953
f 3472 8693 3561
f 3472 3561 3559
f 7356 7357 7794
f 5555 5544 5549
f 4219 4215 4253
f 7744 7745 7743
f 3660 3663 3661
f 4562 4775 4580
f 4007 4001 4004
f 4007 4004 8017
f 2106 2034 1272
f 1403 1412 1404
f 5228 5229 5235
f 6109 6110 6720
f 923 1086 2242
f 6176 6220 7995
f 5975 6020 3600
f 6340 6341 7662
f 1164 1162 1163
f 2910 2895 2912
f 4339 4314 4337
f 4339 4341 4314
f 8310 9001 8313
f 9239 7610 9240
f 4330 4334 4335
f 6410 6417 6393
f 9182 9923 3995
f 558 563 559
f 4985 7092 4983
f 646 581 1546
f 7414 6725 6720
f 284 286 1079
f 3437 3438 3440
f 5652 4106 3957
f 5425 5427 5426
f 1870 2337 2338
f 592 594 600
f 4858 4951 4859
f 3952 3954 3959
f 8702 5404 6836
f 5244 5150 5242
f 5204 5238 4811
f 3943 6647 3277
f 3925 3575 3926
f 6256 6213 6206
f 6256 6206 6077
f 9264 9289 9586
f 7910 4122 7459
f 9406 7828 9570
f 1966 1950 3340
f 1211 1210 1550
f 6933 6450 6934
f 691 686 685
f 3620 8331 8187
f 1332 1487 1341
f 5359 5346 5340
f 346 971 561
f 9944 8295 8293
f 2359 2357 2356
f 9944 8293 8301
f 7096 9142 9141
f 9758 9752 9750
f 760 847 668
f 597 596 228
f 3701 3696 3699
f 3701 3699 3741
f 4376 4377 6264
f 6745 8468 6743
f 6582 6579 6581
f 6273 6270 6271
f 6273 6271 6272
f 6061 5650 5876
f 5104 4424 4936
f 1304 1306 1302
f 7683 8456 5765
f 6188 6186 6190
f 1106 1104 1105
f 7291 8729 8728
f 5471 5503 6905
f 1365 1497 1364
f 7553 9500 7693
f 1574 1576 2479
f 146 147 159
f 3610 1090 2141
f 3881 3884 3879
f 5217 4810 4811
f 1025 1784 1019
f 4892 4894 5165
f 2635 2632 3631
f 3567 3576 3568
f 3292 2783 2810
f 2883 2853 2826
f 3324 6709 3052
f 4056 4059 4058
f 1817 6780 6779
f 5811 5809 5853
f 8111 7676 7675
f 2700 1294 1259
f 5404 8702 5531
f 5016 5011 5386
f 1328 2417 1516
f 4724 4566 4732
f 8730 8728 8729
f 9546 9037 8414
f 4738 4841 7230
f 3717 6142 3636
f 8408 8678 9025
f 3983 3116 3978
f 4460 4487 4655
f 6819 7317 6821
f 1854 1860 1855
f 625 621 618
f 3799 5872 7182
f 5901 5592 5596
f 7581 7589 7839
f 5993 2706 7792
f 7703 9500 7553
f 3347 6475 2536
f 3836 3837 3839
f 1956 1958 1924
f 4010 4040 4046
f 6398 6397 6394
f 4049 308 309
f 4049 309 446
f 7282 6804 7275
f 7282 7275 7276
f 6932 6577 3961
f 1135 1125 1122
f 3288 3285 3271
f 5034 5082 5080
f 2802 2804 2805
f 8927 8919 7822
f 2433 1858 1857
f 3887 7996 3892
f 2630 2631 2636
f 2543 1213 1212
f 6094 3458 7647
f 1621 2207 1623
f 5053 5056 5054
f 6184 2012 2018
f 863 8696 6706
f 6242 6238 4013
f 4899 4519 4898
f 5209 5210 5212
f 4349 4352 4185
f 6954 6957 7620
f 2416 957 694
f 2176 2175 1196
f 2984 2985 2958
f 2984 2986 2985
f 921 615 1035
f 8967 8422 8760
f 2574 2562 2599
f 7650 7820 9443
f 8933 7878 7877
f 8253 7356 7358
f 8253 7357 7356
f 412 409 413
f 2291 2313 2302
f 6319 6315 6318
f 5105 5822 6717
f 6186 6188 6187
f 5907 5909 4127
f 385 405 401
f 7202 7205 7203
f 2879 2981 2760
f 6501 6655 6496
f 8712 8954 8795
f 6865 8337 8338
f 1816 3606 1231
f 6951 4377 4376
f 1631 641 2132
f 4911 4905 4907
f 3145 3144 3151
f 9087 8048 8049
f 1191 1169 1165
f 9957 9691 9638
f 372 369 373
f 5614 5618 5624
f 1954 1961 1952
f 1954 1952 1953
f 49 1631 1617
f 8920 9063 8918
f 7217 4440 4444
f 3492 3494 3495
f 634 274 648
f 5735 3562 4357
f 3996 3498 3513
f 6494 6495 6493
f 4095 1959 2605
f 3650 3651 3648
f 5339 5342 5657
f 1822 1823 1820
f 2052 2007 2008
f 1845 843 1846
f 5459 5460 5458
f 4148 4149 4145
f 4148 4161 4149
f 5012 5085 5058
f 4859 6217 5530
f 4526 4525 4957
f 9192 8328 9095
f 5511 9217 5533
f 804 784 814
f 9229 9228 9230
f 3192 3203 3180
f 5293 5281 5286
f 8837 8836 8838
f 991 986 990
f 19 16 18
f 320 323 327
f 6892 6891 5859
f 2407 2403 6568
f 2572 2557 2561
f 2847 2848 2861
f 6726 6755 6753
f 3168 3965 3222
f 1510 1817 1506
f 1510 6780 1817
f 1598 2381 1597
f 6709 3002 3010
f 5736 5735 5737
f 7090 7034 7038
f 1846 843 302
f 1297 1268 1290
f 3291 3288 3601
f 2920 2925 2923
f 8173 7755 8169
f 7799 7398 5970
f 1290 1266 2034
f 4887 4652 4651
f 4892 4891 4894
f 4402 6223 4403
f 6320 6318 6314
f 4553 4565 4541
f 5593 5591 5592
f 8364 9297 6368
f 8513 4290 4292
f 5239 5373 5200
f 244 242 231
f 8134 8136 8137
f 6890 5533 9217
f 3568 3576 3472
f 2304 2294 2293
f 9331 9332 9245
f 5629 5631 7663
f 3649 3650 3648
f 3345 3280 3275
f 2839 2824 2834
f 3843 1706 3998
f 1866 844 841
f 1218 1204 1216
f 7053 7045 7051
f 7053 7051 7084
f 2892 2886 3813
f 2948 2909 2906
f 7085 7072 7073
f 7040 7041 7035
f 513 296 1037
f 6755 6756 6760
f 3467 3809 3466
f 2182 2185 2186
f 662 664 666
f 1941 1942 1940
f 9791 9722 9790
f 5585 5586 5584
f 6254 6998 6255
f 8915 9631 8892
f 3178 2713 3107
f 2217 2216 2214
f 9117 8414 9037
f 4940 7285 6661
f 7661 5655 5342
f 8947 6246 8133
f 4826 4824 4819
f 5275 5301 5274
f 8843 8839 8838
f 4587 4545 7148
f 2236 986 307
f 5186 5187 5162
f 2635 2636 2632
f 5001 4997 4996
f 5179 8053 5178
f 5964 5963 9519
f 7295 5079 4841
f 1100 1533 1910
f 508 895 507
f 1693 1690 1700
f 648 647 649
f 4729 4740 4739
f 17 21 510
f 5553 5555 5549
f 401 405 403
f 4044 5919 5923
f 3643 3640 3653
f 4036 2197 4039
f 5026 5033 5028
f 3400 6771 1239
f 3337 2054 2050
f 1404 1405 1402
f 6733 8996 8977
f 6508 6518 6517
f 4607 4661 4657
f 2098 1673 1664
f 9587 9373 9861
f 5269 5274 5276
f 4435 4432 4438
f 5759 4404 4427
f 3797 3799 3798
f 6431 8466 8465
f 6973 639 1537
f 3813 2889 2891
f 1186 1115 1113
f 2005 2012 2013
f 2005 2006 2012
f 4590 4585 4589
f 68 70 69
f 2358 3868 20
f 5565 6929 7305
f 9641 4280 9958
f 6651 3430 3428
f 6651 3433 3430
f 7543 6775 7541
f 5663 4026 8251
f 4044 9520 5919
f 1505 1507 1509
f 452 402 400
f 5268 5273 5270
f 5771 5777 5774
f 4701 4702 4700
f 5207 5203 5204
f 3692 3519 3265
f 3775 3760 7163
f 3840 3839 6224
f 3985 3984 3658
f 7691 4626 4625
f 7691 4635 4626
f 4246 4245 4259
f 8319 8125 8421
f 314 313 200
f 2666 831 3326
f 4958 4898 5893
f 3297 883 2328
f 4459 4457 4498
f 7984 7712 8951
f 5555 9154 5545
f 8350 8943 5984
f 7025 7096 7087
f 2603 3907 3587
f 281 263 975
f 3344 3297 3178
f 4083 3410 3409
f 1569 1564 1563
f 680 671 1525
f 8863 8866 8860
f 736 952 979
f 7366 7367 7364
f 4260 4264 4302
f 6145 3160 2286
f 4857 4858 4879
f 2793 2849 2835
f 6370 5651 2353
f 5762 5738 5739
f 6850 7370 3976
f 6516 7739 9389
f 1468 1439 1437
f 2864 3085 2869
f 2047 5918 2049
f 7422 7375 7421
f 7422 7377 7375
f 3861 5910 2241
f 7870 7373 2568
f 505 322 496
f 2246 7901 7702
f 1206 1109 1098
f 4423 4429 4428
f 1765 1766 1568
f 931 355 353
f 922 615 921
f 7560 8068 7578
f 4221 4168 8794
f 3321 3319 4013
f 6439 3498 3495
f 4402 4403 4401
f 4720 4711 4765
f 530 560 557
f 530 557 556
f 6402 4138 6783
f 6402 6783 6404
f 3442 3438 3446
f 9227 9225 9224
f 5337 5338 5342
f 2955 2956 2950
f 7129 9933 9354
f 18 1037 613
f 2919 2916 2918
f 2704 2702 3632
f 338 335 482
f 8109 8159 8165
f 5559 5563 5589
f 5269 5275 5274
f 5979 1670 4358
f 5867 5613 5866
f 4218 4223 4220
f 1600 1602 1598
f 1678 1685 1684
f 3436 3434 3473
f 7746 7745 7744
f 2977 3227 2971
f 7516 7514 7947
f 3649 3652 3650
f 3179 3176 3181
f 4251 4249 4288
f 4962 4963 4973
f 4658 4607 4659
f 8476 9724 5965
f 4793 9157 8963
f 211 123 217
f 1986 1989 1983
f 2147 1070 1032
f 4327 4329 4332
f 7914 7915 7916
f 3727 3710 3714
f 3141 6453 3186
f 2084 2091 2092
f 3495 3493 3492
f 3054 3053 3055
f 3054 8060 3053
f 2470 1830 1826
f 2188 201 1079
f 2880 2777 2743
f 5769 8440 5698
f 3554 3319 3296
f 8874 8864 8866
f 8831 9197 9688
f 177 181 174
f 4993 4970 4969
f 8689 2580 5667
f 9813 9816 9811
f 4821 4826 4819
f 7965 7975 7967
f 3429 3856 3422
f 2324 2320 2300
f 6347 7286 5601
f 581 646 8363
f 389 438 391
f 4474 4464 4465
f 7506 7507 7521
f 8924 8930 7822
f 9222 9227 9363
f 6854 6851 6848
f 1167 1165 1169
f 3792 3584 6779
f 8078 8077 8930
f 4706 4693 4696
f 2418 3550 2419
f 6998 7917 8451
f 6581 5167 5168
f 5099 5110 5714
f 4094 4099 4088
f 3977 2758 2766
f 7084 7065 7069
f 7084 7050 7065
f 1047 1036 1083
f 409 412 406
f 3942 7635 7200
f 948 999 2705
f 8035 8032 6001
f 144 293 297
f 7022 7029 7026
f 4393 4394 4391
f 1195 1197 1193
f 3544 3249 3247
f 3544 5630 3249
f 1055 1058 3506
f 6509 6506 6507
f 1358 1360 1366
f 1672 1681 1675
f 1308 1311 2160
f 1308 1310 1311
f 2416 686 691
f 1219 1220 1922
f 1219 1218 1220
f 1870 1808 1593
f 7504 7482 7483
f 1871 2337 1870
f 1971 6093 1550
f 1048 649 647
f 2391 2387 2388
f 2391 2388 2396
f 4709 4710 4713
f 4712 4720 4730
f 7893 9513 7717
f 2114 2116 2117
f 2129 8788 2467
f 902 901 903
f 7815 7814 7813
f 7519 7517 7518
f 7515 7517 7514
f 2983 2901 2902
f 6366 38 43
f 2042 1972 1973
f 7150 590 276
f 83 138 130
f 9357 8772 9274
f 9857 9823 9825
f 3530 5909 2999
f 5333 5339 6269
f 5744 5750 7197
f 4685 4684 4683
f 7770 7774 8085
f 1230 1089 929
f 6017 9256 6014
f 2516 8352 7844
f 6530 5929 8182
f 1555 1565 1560
f 4587 4548 4545
f 7201 7023 7024
f 1750 3916 3482
f 1656 1655 1647
f 3814 6712 2074
f 110 109 112
f 2001 2002 1993
f 6067 6070 6071
f 9501 6877 6874
f 7353 5354 5353
f 7132 5093 7758
f 2513 2488 2483
f 2513 2514 2488
f 226 270 596
f 2872 1083 3137
f 4001 3999 4003
f 559 563 1528
f 4718 4717 4715
f 3995 9923 3803
f 7357 8259 9081
f 5704 5705 4945
f 5704 6990 5705
f 1593 647 2334
f 4317 4191 7684
f 9756 9181 8981
f 3937 3935 3933
f 5942 5939 5948
f 3846 3841 7265
f 1008 1011 1013
f 7974 7969 7971
f 6688 9100 6689
f 2672 2669 2665
f 132 980 2662
f 873 871 875
f 6303 6350 6305
f 4240 4249 4248
f 4240 4247 4249
f 4687 4483 5406
f 2955 2978 2956
f 1684 1686 1695
f 8102 8101 9120
f 6733 6752 8996
f 4944 4945 4984
f 4550 4542 4543
f 731 674 729
f 1674 1679 1680
f 5022 5016 5017
f 1109 1114 1108
f 5391 5422 9231
f 2190 1826 2192
f 4685 4683 4690
f 114 304 143
f 2577 2569 2575
f 2577 2575 2576
f 558 572 556
f 3495 3498 3493
f 3062 3064 3063
f 4381 3804 4384
f 6696 6695 6694
f 1782 7154 1781
f 5639 5641 5636
f 1036 876 1081
f 5838 5060 5065
f 3443 3444 3440
f 2603 2591 2595
f 2983 2902 2903
f 4489 4495 5714
f 3927 3928 3932
f 1972 2042 1974
f 2633 3342 2631
f 1809 656 654
f 5900 5581 5766
f 5900 5766 5607
f 4958 4633 4649
f 3646 3649 3647
f 2811 2816 2809
f 4921 6011 4922
f 8214 6744 6748
f 8372 8213 8215
f 4613 4614 4568
f 4427 4445 4447
f 5172 5243 5241
f 2623 2629 2626
f 7631 7660 7628
f 8317 8320 8136
f 6684 1124 1612
f 2701 6053 2413
f 2939 2919 2918
f 585 583 1557
f 4654 4516 4519
f 5300 5283 5278
f 409 408 411
f 409 411 2022
f 3542 1760 1758
f 4455 4462 4460
f 4517 4522 4521
f 7132 5095 5093
f 9334 9335 9102
f 6530 5930 5929
f 4847 5971 4843
f 3128 2850 2861
f 4655 4450 4455
f 4458 4457 4459
f 2487 2484 2486
f 531 527 532
f 2928 2929 2926
f 8329 6899 7909
f 304 253 143
f 186 182 187
f 368 357 358
f 368 358 366
f 3124 3210 3116
f 926 930 928
f 5858 5859 6888
f 1549 565 1540
f 6071 6073 6074
f 1717 1713 1712
f 5529 5531 6890
f 8633 8624 8634
f 20 9 280
f 6163 4099 4098
f 4745 4725 4744
f 6297 8353 8143
f 4449 4448 4446
f 6403 6398 6414
f 355 354 359
f 355 931 354
f 1050 980 1051
f 1050 1052 980
f 3973 2263 2258
f 5096 8436 5255
f 827 1087 1082
f 827 2113 1087
f 4735 4731 4722
f 5472 5478 5476
f 5929 5927 5934
f 2653 2654 2625
f 2653 2651 2654
f 5560 5601 5562
f 5560 5562 5561
f 2439 1387 1389
f 4501 4502 4846
f 4726 4725 4728
f 4726 4728 4729
f 6761 7023 6760
f 1061 6880 1313
f 4134 3697 3700
f 8106 8105 8103
f 2920 2905 2908
f 608 856 605
f 535 533 534
f 2939 2918 2912
f 4645 4640 5807
f 2902 2908 2903
f 1678 1681 1682
f 1678 1675 1681
f 3541 3540 2334
f 341 931 343
f 6387 6400 6401
f 6387 6401 7394
f 1670 4137 2036
f 303 843 841
f 1621 1626 2207
f 6718 6721 6722
f 8845 9416 8852
f 2627 2630 2637
f 292 83 81
f 2440 1819 1821
f 5937 4045 5924
f 3890 6003 7448
f 5124 4869 4862
f 5124 4863 4869
f 2664 1564 1575
f 799 746 793
f 7976 8383 7970
f 590 212 276
f 1742 1730 1874
f 5045 5046 5054
f 3055 3056 3054
f 948 857 608
f 4381 4384 4389
f 9600 9601 9603
f 3307 2999 5907
f 7921 7698 7697
f 690 692 718
f 3986 7603 3975
f 9082 3175 6446
f 3167 3235 3164
f 3772 3774 3768
f 3300 3301 3299
f 9343 7948 8176
f 1399 1362 1400
f 8524 6010 6007
f 3761 3768 3763
f 3500 3917 3497
f 3306 3952 3960
f 7488 7492 7491
f 30 230 31
f 9809 9747 9806
f 1432 1515 1463
f 1194 1189 1193
f 3507 1785 1090
f 2199 3557 2195
f 5067 5998 5070
f 6786 8696 7611
f 1392 1391 1362
f 8225 8683 8525
f 4773 4770 4768
f 4419 4420 5091
f 2786 2798 2799
f 1104 1205 1105
f 5853 8412 6686
f 410 411 408
f 1141 1131 1143
f 4310 4289 4375
f 583 568 1557
f 4966 7865 4964
f 50 137 142
f 6171 6473 6168
f 4097 4098 1493
f 1309 1312 1310
f 727 1595 767
f 3987 5663 3988
f 7940 7919 7915
f 3214 5988 7534
f 6219 7149 1972
f 2363 4373 2367
f 7732 2681 8252
f 2769 2874 3137
f 2828 2837 2830
f 7299 5652 7297
f 5563 5559 5583
f 4726 4729 4736
f 2742 2880 2743
f 8049 9405 8156
f 3325 1145 1226
f 3741 3703 3701
f 2401 2400 2402
f 430 371 374
f 430 953 371
f 3320 3124 3116
f 9077 9041 8952
f 5023 7351 7092
f 9375 5161 5160
f 2065 2206 2063
f 9228 8704 9230
f 4884 4671 6692
f 4884 6692 4885
f 2843 2783 3221
f 3982 3107 3274
f 8182 5929 5934
f 4711 4712 4708
f 1394 1521 1372
f 2421 2426 2429
f 5462 8502 5461
f 2291 2302 2296
f 4146 4145 4149
f 4999 5093 5094
f 5785 5788 5790
f 7863 4483 4484
f 378 374 373
f 580 586 646
f 725 702 891
f 8919 8888 8889
f 1730 1742 1727
f 3065 7845 3064
f 6108 6109 6106
f 7895 9839 9145
f 6944 6964 1588
f 4560 4557 4565
f 1473 1430 1420
f 1473 1420 1426
f 1460 1471 1469
f 7291 8184 8729
f 1266 1260 1265
f 5999 6055 6040
f 7096 9141 7087
f 3378 3379 3382
f 8850 8844 8845
f 2683 2673 2674
f 587 584 588
f 2586 2576 2575
f 3049 3048 3008
f 1083 1081 3344
f 1178 6084 1192
f 6754 6753 6762
f 7460 2013 3476
f 7279 7276 7278
f 265 254 266
f 26 27 2
f 4408 4418 4407
f 4568 4595 4613
f 3671 3669 5753
f 3440 3444 3856
f 7169 2650 9014
f 3831 3837 3836
f 6226 2821 3812
f 2343 2345 2342
f 4174 4149 4161
f 3133 3135 3126
f 38 29 32
f 9626 9267 9313
f 2902 2893 2982
f 38 6366 29
f 1915 2238 2240
f 9455 9457 9704
f 1975 8427 1976
f 7751 6223 4687
f 9518 9139 8517
f 532 528 549
f 925 913 914
f 925 916 913
f 5284 5285 5289
f 1272 1269 2515
f 1272 2515 2104
f 7719 7642 9269
f 7719 7641 7642
f 8388 8392 8389
f 1594 1193 1197
f 2008 2009 2052
f 6846 8510 5475
f 689 690 718
f 1081 876 883
f 9363 5888 9364
f 5169 5170 9375
f 5169 5233 5170
f 5870 5973 4002
f 1863 1856 1862
f 2272 927 928
f 7910 7212 4122
f 2554 2560 2550
f 252 635 3478
f 3633 2396 2407
f 3416 3419 3417
f 9819 9821 9658
f 1756 874 1080
f 8692 8150 8158
f 9543 9246 9213
f 9183 5125 5403
f 9183 5124 5125
f 94 4126 96
f 6821 6074 7938
f 349 931 341
f 112 851 858
f 1961 3359 1965
f 1466 1444 1443
f 2465 2313 2291
f 532 549 534
f 3303 3304 2269
f 3471 3469 3455
f 6226 3812 7015
f 6118 6831 6434
f 5011 5016 5014
f 89 94 96
f 4592 4939 4609
f 4178 4177 4181
f 5114 7862 5120
f 5114 8985 7862
f 3275 3274 2713
f 409 407 408
f 2071 2069 2068
f 2858 2848 3508
f 2858 2861 2848
f 850 614 1035
f 4196 4153 4156
f 9424 9423 9269
f 1176 1158 1172
f 3907 6138 7528
f 1857 1864 2433
f 6578 1603 1602
f 4002 5973 4001
f 2035 1531 1297
f 9719 9490 9488
f 9244 5879 9075
f 3075 3115 3118
f 5220 5221 5224
f 8753 8749 8751
f 6994 7811 1999
f 5658 2688 2445
f 4405 4397 4406
f 6495 6497 6493
f 4462 4457 4458
f 1721 1729 1723
f 8745 8748 8747
f 6126 6174 6169
f 4645 4622 4641
f 5028 5027 5026
f 4882 4469 4468
f 4634 4800 4631
f 9549 9491 9600
f 2174 1758 620
f 8319 8128 8127
f 8319 8127 8125
f 2341 1871 1870
f 3690 3686 3681
f 8814 8681 9797
f 6778 7713 7248
f 8692 8734 8194
f 4209 4307 4305
f 6520 6510 6507
f 1175 1162 1164
f 7109 7543 7708
f 5746 5744 5745
f 263 1822 975
f 2870 2959 3299
f 6175 6173 6174
f 4592 4937 4939
f 6771 3400 6084
f 7649 6421 6419
f 8965 8495 7398
f 9771 9815 9816
f 1630 1624 1619
f 5170 5161 9375
f 4589 4585 4691
f 4463 4461 4462
f 2039 9782 8205
f 1844 1842 4047
f 2440 914 1819
f 2965 2966 3227
f 5877 5874 5734
f 5512 5510 5506
f 6728 6730 8094
f 7714 7640 7639
f 82 72 84
f 9863 9984 6926
f 1184 1154 2175
f 9224 9229 9362
f 2945 2923 2943
f 3334 1376 1521
f 1540 566 567
f 3959 3957 4106
f 3065 9605 9604
f 348 347 345
f 7474 7481 7473
f 6883 3842 3843
f 1334 1323 1332
f 18 613 614
f 6453 3149 6452
f 3734 3720 3710
f 9410 7482 7504
f 7168 4132 6146
f 2516 7844 2514
f 7870 7871 7373
f 521 502 501
f 19 280 16
f 3142 3147 3143
f 2300 2294 2295
f 7433 6489 7439
f 613 1035 614
f 3043 3219 3131
f 4683 4692 4681
f 4937 4658 8359
f 1900 2180 2243
f 4732 4566 4561
f 8176 7948 7946
f 938 313 314
f 3323 6903 3301
f 8284 8350 8280
f 6315 7113 7304
f 4286 4291 4290
f 1314 1312 1309
f 4687 4485 4483
f 257 630 258
f 1662 1660 1659
f 7676 5981 4036
f 5502 5463 5459
f 5502 5459 5464
f 2781 2797 2810
f 9267 9626 9096
f 3389 3377 3384
f 6786 7611 6784
f 9831 9859 8842
f 2840 2830 2837
f 776 771 775
f 5463 5502 5465
f 4495 4489 4488
f 5126 5532 5418
f 7071 7072 7085
f 1165 1162 1191
f 2527 9463 3951
f 4416 4422 4404
f 2434 2321 4142
f 7473 5848 5849
f 4375 4289 4285
f 5273 5333 5335
f 323 974 2662
f 5472 5474 5470
f 2395 8429 2393
f 2036 2327 2037
f 4167 4160 4163
f 1921 3830 7944
f 4393 5892 4394
f 4393 4399 5892
f 5809 5840 5842
f 5462 5466 8675
f 5351 5396 5395
f 1637 1167 1169
f 18 14 1037
f 5775 9353 9352
f 881 878 868
f 5625 5628 5627
f 7823 7864 7822
f 349 354 931
f 3545 6168 6473
f 2752 2767 2750
f 132 4027 3946
f 205 160 151
f 5442 5246 5193
f 9192 9095 9096
f 2599 2598 2574
f 755 754 758
f 535 560 533
f 1980 1979 1978
f 1655 1656 1667
f 322 938 315
f 875 1047 1080
f 1342 1333 1332
f 3268 6850 3976
f 5270 5412 5304
f 5411 5163 5147
f 1023 2123 2122
f 8599 8597 8596
f 5300 5279 5272
f 5300 5278 5279
f 9424 9425 9423
f 4220 4217 4218
f 1666 2201 1665
f 357 372 371
f 5825 5829 5826
f 1553 1558 1287
f 1530 6553 2284
f 4988 5066 5070
f 6781 4942 5405
f 8197 8200 8199
f 692 706 705
f 4741 7230 4643
f 1475 1436 1438
f 3669 3647 3674
f 2623 2626 2627
f 8318 8317 8316
f 1252 1261 1260
f 4295 4253 4215
f 1215 1216 1204
f 3310 3210 3124
f 5251 5837 5835
f 6871 7807 6354
f 5517 4714 4713
f 2877 2795 3221
f 1297 2034 2035
f 1297 1290 2034
f 5556 5570 5550
f 7880 3112 3093
f 7880 3093 3094
f 361 351 352
f 4687 4856 4485
f 3349 2286 3209
f 9169 9170 9165
f 2127 2129 2467
f 1441 1437 1434
f 6082 2403 3364
f 7958 7953 7957
f 7958 7956 7953
f 7614 5643 5645
f 7614 5644 5643
f 5183 5194 5181
f 7881 6546 6531
f 7881 6531 6536
f 2043 545 544
f 419 406 412
f 5980 3266 3519
f 7029 7025 7087
f 7029 7022 7025
f 4279 4281 4282
f 9926 9927 9929
f 8765 4417 9205
f 1439 1468 1447
f 4243 4220 4223
f 190 191 178
f 5214 5239 5206
f 4668 4673 4675
f 2242 1086 924
f 2242 924 921
f 7235 9577 8505
f 7235 9118 9577
f 927 964 924
f 927 924 926
f 3508 8463 3087
f 3677 5959 8800
f 1737 1797 2453
f 3516 2607 3510
f 340 349 341
f 3301 6903 2845
f 3301 2845 6667
f 6259 9297 6212
f 3462 3434 3435
f 5099 7551 6963
f 7611 8696 863
f 8874 8928 8864
f 3632 9083 8825
f 2625 4048 2622
f 7946 8226 7592
f 2293 2287 2304
f 5655 2688 5657
f 5892 4399 4404
f 2401 2403 2407
f 631 629 6594
f 3710 3718 3734
f 926 929 930
f 1594 1197 1199
f 3878 1221 1222
f 2879 2764 2778
f 8139 9466 8981
f 5129 4844 4845
f 7588 7584 7913
f 4680 4659 4657
f 8372 8116 8070
f 4975 4970 4993
f 1100 1910 1099
f 6456 2688 3923
f 2779 2827 2852
f 2240 3626 1915
f 5228 5220 5227
f 4558 4557 4559
f 8426 6997 6385
f 4735 4721 4744
f 7016 7169 7651
f 548 584 587
f 548 541 584
f 8277 3396 3991
f 1364 2028 2477
f 4333 4334 6134
f 4333 6005 4334
f 8505 8968 8448
f 1792 6439 1839
f 1207 1107 1116
f 1305 1309 1310
f 5652 7296 7297
f 3849 3843 2466
f 5629 5628 5631
f 5629 5627 5628
f 512 17 510
f 7917 8435 8222
f 1436 1475 1414
f 8950 7213 7214
f 3295 2968 3296
f 2838 2830 2840
f 2838 2840 2842
f 266 264 265
f 5796 3734 3718
f 3861 2691 1704
f 558 557 566
f 5112 4410 4406
f 5468 5470 8999
f 4859 4951 6217
f 2995 2830 2836
f 4555 4548 4588
f 68 120 70
f 577 4126 94
f 4347 4344 4345
f 6584 6580 6582
f 6011 8522 4922
f 8641 8624 8633
f 8909 8907 9974
f 7197 7196 7455
f 7688 7900 7986
f 3589 2350 6967
f 5135 5132 5371
f 7328 7336 7337
f 3939 8204 6952
f 7604 2671 7603
f 7714 7641 7719
f 1831 2053 1830
f 9206 9729 8760
f 4619 4504 4506
f 5657 5731 5339
f 8364 6948 9297
f 2942 2936 2941
f 1047 875 1036
f 2478 2484 1865
f 325 1003 317
f 1655 1667 2178
f 7472 7473 5849
f 81 219 290
f 1503 1411 1410
f 6712 3321 4013
f 3716 3719 3723
f 1389 1379 1386
f 1389 1386 2439
f 5461 8502 5460
f 5461 5460 5459
f 2470 1826 2190
f 2470 2190 2194
f 5361 5840 5809
f 1830 1832 1831
f 7695 7921 7697
f 4875 4730 4720
f 4932 4905 4911
f 5583 5551 5570
f 5583 5559 5551
f 4737 4743 4736
f 4985 5092 4987
f 3429 3422 3428
f 9456 9704 8352
f 340 342 349
f 4464 4500 4461
f 7248 8501 7541
f 6798 5747 6476
f 908 8490 902
f 1751 1218 1219
f 2279 7652 2278
f 2279 2278 2275
f 3445 3443 3447
f 2676 2678 2677
f 6643 6644 6641
f 4979 7165 7865
f 4979 7865 4966
f 211 218 123
f 4450 4446 4448
f 4514 4519 4516
f 8864 8860 8866
f 2821 6226 2822
f 505 324 322
f 4564 4732 4561
f 1783 1065 1069
f 916 1845 1846
f 1526 1186 1095
f 1526 1971 1186
f 8098 8096 6133
f 1101 1096 1112
f 1101 1112 1103
f 2331 2050 2338
f 5010 5386 5013
f 4553 4552 4562
f 5096 5255 5095
f 916 1846 913
f 8376 8699 8944
f 975 1819 1300
f 2092 2091 2085
f 3332 2579 2558
f 9343 8237 8243
f 9861 9354 9933
f 4477 4471 5370
f 2098 2096 1673
f 1524 1353 1364
f 1524 1364 2477
f 2680 3612 2677
f 2271 1186 1211
f 6643 6645 6646
f 8091 8455 8088
f 3658 3676 3656
f 3547 8761 8115
f 2327 4137 4141
f 5775 5778 8955
f 6509 6510 7438
f 3102 3114 3083
f 2111 2031 2025
f 2276 2278 2280
f 5509 5511 8932
f 2391 3853 1474
f 927 926 928
f 176 182 190
f 7967 7975 7969
f 1866 841 1845
f 9486 9482 9539
f 3601 3289 3602
f 5226 5223 5220
f 6558 3935 3936
f 6558 4030 3935
f 6248 8130 8133
f 3343 6652 2215
f 5599 8455 5598
f 5611 5608 5621
f 4844 4710 4845
f 8435 7917 6998
f 5209 5206 5205
f 9812 9813 9807
f 6144 8490 8462
f 4439 4432 4440
f 563 558 565
f 7135 6511 6545
f 2883 2796 2882
f 6097 6094 6096
f 9904 9770 9765
f 9904 9766 9770
f 1832 1830 6885
f 1089 1085 929
f 2128 2032 2133
f 1839 2059 1793
f 2497 2510 2486
f 5848 7494 9005
f 8501 7542 7541
f 6581 5168 8051
f 1055 1057 1054
f 5927 5929 5930
f 945 325 505
f 2251 2253 2250
f 6262 3893 3894
f 981 2662 980
f 5844 5845 5846
f 6520 6894 6525
f 6520 6507 6894
f 1083 1046 1047
f 263 1824 1822
f 2405 2407 6568
f 1603 3322 2709
f 515 2385 529
f 4800 4634 5626
f 586 1781 1078
f 5457 9173 7158
f 2336 2339 2342
f 4346 7641 4347
f 6176 7995 7935
f 1533 1100 2464
f 7652 2281 2278
f 3208 3207 3209
f 908 8489 8490
f 2890 2922 2889
f 2321 2324 4142
f 3009 3026 3011
f 534 531 532
f 233 240 301
f 8137 8223 8134
f 7662 6341 5806
f 7662 5806 7663
f 1429 1426 1427
f 9616 9619 9618
f 1283 1287 1851
f 650 491 864
f 9112 8400 8402
f 7873 9072 4180
f 2050 2054 2047
f 3981 3280 3282
f 2624 2618 2613
f 2831 2829 2793
f 56 869 1829
f 6785 5987 4202
f 4595 4559 4566
f 3644 3643 3646
f 4720 4712 4711
f 1414 1475 1424
f 6548 6547 8044
f 6548 8044 6549
f 8381 2212 6552
f 6316 6351 6317
f 4308 7292 7801
f 2053 1820 1833
f 3878 3327 2464
f 24 297 12
f 2320 2294 2300
f 1675 1677 1679
f 5054 5056 5059
f 2374 2358 2357
f 8287 8288 8303
f 3558 3454 3455
f 9410 9408 9237
f 3511 3531 3528
f 8828 8827 7142
f 7478 7473 7472
f 5901 5586 5572
f 6231 8200 4713
f 1766 1763 7236
f 6231 4713 4929
f 1140 1177 1175
f 8641 8633 8639
f 8997 8520 9196
f 7096 7025 6756
f 7919 8451 7917
f 4477 4467 4471
f 1739 1733 1745
f 6749 6736 6740
f 8735 9953 7282
f 414 2022 492
f 3784 3789 3788
f 2818 2815 2813
f 9422 5365 5324
f 4148 4150 4156
f 5848 5844 5849
f 3272 3304 3303
f 4232 4239 4237
f 8254 8256 8258
f 6412 6409 6411
f 603 601 605
f 7529 8426 2593
f 6582 8051 8053
f 4010 6637 4006
f 5363 6870 6438
f 5765 5599 5597
f 761 3819 1062
f 1467 1977 1444
f 1467 1444 1466
f 2508 2505 2504
f 1584 1587 1580
f 5500 7831 9086
f 2926 2927 2928
f 6659 20 280
f 1850 1864 1848
f 6508 6499 6502
f 2987 3217 9188
f 2147 1032 2156
f 2586 2589 8426
f 2586 8426 2576
f 350 337 339
f 3158 3151 3156
f 5463 5461 5459
f 5870 4043 4042
f 6490 9278 9276
f 8211 8213 8372
f 6824 6668 7019
f 8421 8760 8422
f 4574 4775 4562
f 4481 4877 4493
f 937 2665 7252
f 5634 4000 3425
f 6004 3257 3258
f 1395 1362 1399
f 6750 6718 6722
f 4486 4488 4490
f 5465 5462 5463
f 7940 8451 7919
f 3127 3125 3111
f 1209 1194 1749
f 1331 1324 1330
f 1331 1326 1324
f 5291 5296 5289
f 4584 4568 4616
f 4882 4472 4473
f 9971 7520 8669
f 4569 7217 4444
f 6767 8009 7401
f 6767 9003 8009
f 3101 3092 3091
f 6382 6380 7875
f 6977 4138 6402
f 9892 5754 3994
f 1930 1929 1958
f 5186 5233 5171
f 5186 5170 5233
f 4243 8794 4222
f 9144 8477 8679
f 9179 7386 8075
f 321 323 320
f 7119 7214 7911
f 7296 5652 3957
f 2040 2037 3593
f 1376 3334 7161
f 6223 7751 6124
f 893 964 892
f 5337 5342 5339
f 6126 8503 4408
f 7128 6697 6695
f 1663 1654 2444
f 102 92 90
f 2538 2515 2502
f 2538 2502 2512
f 4289 4310 4286
f 3667 3670 5753
f 8837 8753 8836
f 9649 8980 7831
f 8203 4405 4406
f 4460 4655 4455
f 2919 3299 2959
f 2919 2959 2916
f 4764 4766 4768
f 2164 2095 2097
f 481 477 478
f 1594 1202 3603
f 1594 1199 1202
f 8131 8316 8134
f 8981 9466 8519
f 1354 1368 1355
f 4257 4203 4205
f 5156 5138 5158
f 2255 2253 5894
f 4843 4829 4847
f 2269 2258 2263
f 3604 3602 3289
f 4651 4650 4649
f 5750 6796 7197
f 7210 9497 9955
f 7723 6465 6461
f 2482 3547 8115
f 2482 8115 2483
f 2878 2748 2736
f 1646 1641 1642
f 1067 1066 2183
f 2666 3326 3328
f 5167 6579 4827
f 4892 4895 4891
f 2310 2296 2302
f 3434 3462 3473
f 4983 4975 4985
f 4501 4870 4925
f 3740 6586 6943
f 5320 6900 7226
f 5298 5280 5290
f 6224 3831 3872
f 529 187 196
f 3364 2403 2402
f 539 540 542
f 5445 6118 6434
f 4947 4819 4815
f 4947 4821 4819
f 1290 1264 1263
f 8046 7722 2227
f 1531 1530 1297
f 6687 5723 7905
f 1865 2487 1856
f 1865 1856 1863
f 8346 7681 5928
f 4086 6179 5711
f 3448 3447 3451
f 6226 2848 2822
f 5006 5011 5007
f 5006 5013 5011
f 8964 6138 6140
f 9819 9658 3913
f 133 98 80
f 1447 1500 1499
f 1447 1468 1500
f 84 72 116
f 1674 1666 1665
f 1862 1857 1858
f 3888 3883 3886
f 1786 1787 1784
f 4856 4687 3790
f 971 552 561
f 404 401 403
f 2046 7899 995
f 595 968 596
f 3985 3658 3650
f 6487 6483 6484
f 6487 6484 6488
f 5311 5269 5270
f 7861 5297 5291
f 543 2043 544
f 5616 5612 5610
f 3047 3017 3014
f 6628 6629 6301
f 6628 6301 6300
f 4148 4156 4153
f 3532 1968 1964
f 6831 7744 6676
f 6439 1792 3513
f 1455 1456 1459
f 1114 1104 1106
f 4385 4396 4387
f 4329 4331 4332
f 7658 7660 7636
f 5299 5337 5273
f 4668 4667 4664
f 1189 1195 1193
f 2540 2432 846
f 8156 8155 8731
f 4367 6677 4395
f 1431 1435 1437
f 1177 1181 1182
f 4137 1670 5979
f 4373 933 884
f 938 324 317
f 7915 7918 7916
f 7542 7543 7541
f 5628 5625 5681
f 1276 1282 1275
f 3761 3763 3762
f 3297 3344 883
f 6739 6732 8407
f 6739 6737 6732
f 9483 9486 9776
f 1196 2175 1194
f 6970 6688 7420
f 5280 5282 5279
f 1997 2004 1988
f 1437 1455 1431
f 3087 3085 2864
f 2047 2049 2050
f 2315 6364 2317
f 2174 3542 1758
f 5845 8999 8122
f 2568 7373 7374
f 4659 4607 4657
f 913 1846 239
f 5228 5226 5220
f 6525 6894 6523
f 3248 3250 3242
f 5975 3600 5754
f 2372 2448 2367
f 5963 4046 5942
f 8164 8151 8162
f 5376 6376 5055
f 6709 3324 7882
f 953 356 371
f 5955 5956 5958
f 4465 4464 4463
f 9868 7972 8537
f 5474 8999 5470
f 3285 3287 3022
f 5226 5197 5373
f 5226 5373 5223
f 6950 7536 6675
f 1850 6913 1288
f 3943 4356 6150
f 403 405 410
f 5762 5749 5738
f 3499 3492 3493
f 1402 1405 3336
f 7782 7777 7781
f 8306 8308 8312
f 933 887 884
f 4985 4993 5092
f 8878 8876 8925
f 2620 2618 2621
f 3631 2702 2635
f 2661 2658 2659
f 2087 1703 2092
f 2249 2251 2250
f 1821 1819 1822
f 4091 4093 4092
f 2469 629 631
f 7807 2145 7808
f 4222 4217 4220
f 4141 4136 2327
f 3376 3373 3392
f 9753 9553 9550
f 9753 9551 9553
f 5777 5780 5778
f 5057 5056 5386
f 2852 2827 2853
f 2216 9084 9593
f 402 457 456
f 402 456 1811
f 5692 3688 3684
f 8831 8829 8830
f 1138 1137 1131
f 2280 2278 2281
f 7264 6958 7124
f 210 272 203
f 5220 5223 5221
f 3945 9457 2492
f 2396 2397 2407
f 578 1549 1551
f 7631 7628 7633
f 7826 7828 9773
f 4436 4438 4442
f 3040 3042 3074
f 7952 7960 7959
f 7588 7913 8717
f 9901 8826 7771
f 612 436 511
f 3107 2713 3274
f 2996 3086 2998
f 6075 6257 6076
f 7056 9874 7060
f 2441 2102 6267
f 2077 2063 2061
f 7899 7901 7900
f 6751 6752 6733
f 6751 6733 6728
f 5330 7203 5840
f 4906 4925 4870
f 2752 3363 2767
f 6068 6070 6067
f 4112 4038 4019
f 5818 5817 5828
f 4271 4272 4252
f 1637 1759 1222
f 6203 6234 6202
f 6203 6202 6199
f 2657 2045 2111
f 3513 1792 1790
f 1545 3483 824
f 2800 2799 2803
f 1839 7384 2059
f 7655 7653 5876
f 3291 3285 3288
f 4134 3700 3798
f 7149 1613 1972
f 7149 6788 1613
f 6628 6300 6302
f 4907 4908 4910
f 2254 2253 6116
f 9489 6137 4867
f 9221 9225 9227
f 5580 9422 5581
f 5580 5366 9422
f 4327 4328 4329
f 1472 1471 1755
f 7228 3690 3673
f 1086 1230 929
f 1593 2341 1870
f 1054 1056 1052
f 8787 5128 8818
f 5868 5854 5862
f 1307 7986 1303
f 9200 3821 7522
f 8304 8300 8298
f 3115 3110 3113
f 6944 6965 6966
f 1406 1403 1397
f 2607 3340 3510
f 6625 3444 3461
f 6625 3856 3444
f 3761 3762 3797
f 3761 3797 3770
f 8229 7390 7369
f 4934 4933 5388
f 4214 4148 4153
f 7433 7434 7436
f 7433 7437 7434
f 175 177 174
f 5569 5573 5572
f 9203 4935 6916
f 6081 8198 8199
f 6081 8199 6080
f 5782 5787 9380
f 3979 3980 3978
f 2663 1023 2122
f 3630 8360 6423
f 9762 9761 9765
f 2307 2323 2298
f 3383 3865 3385
f 3383 3385 3382
f 5189 5188 5187
f 7295 4805 4808
f 2568 2570 7870
f 2602 3855 3854
f 5024 5006 5007
f 9156 8535 8492
f 3541 2345 3540
f 1006 316 1003
f 4514 4518 4519
f 1876 1877 1743
f 4727 4613 4731
f 1353 1355 1365
f 2687 1821 1820
f 6356 1609 2385
f 2174 620 2375
f 183 187 182
f 8388 8397 8392
f 3648 3651 3674
f 6659 280 887
f 4988 5071 5528
f 1268 1264 1290
f 3954 6644 3958
f 1438 1435 1475
f 7817 2169 2171
f 8845 8852 8850
f 1138 1131 1141
f 7780 8700 7777
f 7780 7777 7775
f 1683 2463 1706
f 2658 1694 1690
f 7794 6986 7356
f 6972 1635 3869
f 1607 964 927
f 881 882 879
f 3203 3136 3141
f 9585 9583 9578
f 8661 8665 8946
f 6565 6526 6522
f 4398 4397 4392
f 1490 2112 1488
f 1490 1488 1489
f 3518 3514 3583
f 4459 4480 4458
f 4016 2280 5709
f 5014 5022 5025
f 5014 5016 5022
f 606 882 610
f 2076 2214 2210
f 2076 2213 2214
f 2198 2193 2195
f 8525 8058 2394
f 3361 2186 3941
f 325 324 505
f 3214 2883 2882
f 2064 2212 8381
f 4689 4822 4823
f 4689 4823 4690
f 867 885 507
f 3038 3068 3069
f 276 212 2481
f 4571 4544 4541
f 4921 4906 6013
f 8522 6011 8524
f 2813 2820 2818
f 9847 9945 9905
f 9492 9496 9491
f 6578 2258 3304
f 2484 2478 2488
f 3460 3461 3444
f 270 225 227
f 2950 2949 2951
f 177 178 181
f 4798 4799 4839
f 3776 2150 3796
f 536 535 534
f 2200 2198 2197
f 7922 7883 8515
f 3056 3059 3061
f 6160 6366 1879
f 7414 7418 6735
f 3264 3259 3258
f 1136 1154 1139
f 4854 4846 4849
f 2382 1961 1954
f 1052 1058 1055
f 4229 4269 4245
f 5329 5302 5328
f 2814 2815 2819
f 4951 4953 6564
f 5123 6781 5124
f 2461 859 857
f 6408 6403 6406
f 7279 7278 7280
f 5596 5588 5587
f 3709 3720 3708
f 9163 9164 9764
f 4697 4694 4695
f 5151 5149 5150
f 6246 6248 8133
f 4694 4897 6789
f 4818 4815 4812
f 7387 8076 8075
f 7387 8075 7386
f 4943 5070 4942
f 1167 1637 1222
f 8914 9383 9670
f 9152 9295 9299
f 2218 2220 2221
f 6181 7262 2655
f 7062 7061 7060
f 5986 8033 8127
f 2524 2523 2522
f 2524 8454 2523
f 3173 3171 3155
f 556 572 573
f 3873 2429 2426
f 4964 8821 4980
f 5465 5467 5462
f 4224 4218 4244
f 8788 8353 6298
f 4055 4000 5634
f 4055 3996 4000
f 4672 4674 4673
f 5295 5340 5283
f 3023 3036 3032
f 3023 3032 3029
f 6345 6331 6328
f 8138 7916 9466
f 897 1913 139
f 7102 6950 6675
f 7714 7639 7641
f 1577 5990 2145
f 1560 1557 1555
f 3087 2864 2858
f 2098 2444 2097
f 4980 8821 5686
f 8097 8103 9485
f 2952 2946 2957
f 2393 2390 2395
f 4176 4169 4193
f 8051 6582 6581
f 9928 9014 2650
f 5703 4988 4945
f 6900 7403 6002
f 3059 3056 3055
f 2447 2418 2412
f 1779 1778 9193
f 1478 1477 1480
f 5514 5482 5502
f 4669 4667 4668
f 6397 6391 6394
f 646 586 1078
f 4084 7123 7199
f 3186 6446 3175
f 4110 6940 7464
f 4110 2187 6940
f 9878 9748 9585
f 4201 4203 4204
f 1056 1054 917
f 9875 9876 7868
f 6678 6931 6433
f 6756 6759 7096
f 7524 9028 5914
f 1789 1787 1786
f 4918 6059 4919
f 1426 1429 1473
f 4576 4571 4537
f 1727 1732 1738
f 1107 1102 1105
f 4712 4730 4716
f 5992 9234 9233
f 7458 7786 10000
f 3788 3789 3963
f 7822 8919 8924
f 9651 9063 9187
f 9651 9532 9063
f 2923 2945 2944
f 4645 5807 4623
f 7776 7779 7780
f 2051 2251 2252
f 3607 3604 3606
f 2339 2337 1871
f 2339 2333 2337
f 3620 8187 6419
f 9049 9052 9407
f 1627 3834 1828
f 1177 1182 1175
f 1554 1552 1556
f 2263 3973 2265
f 7880 6417 6392
f 8128 8314 8316
f 8710 9174 8789
f 1910 1971 1526
f 8038 6461 6465
f 8607 8606 8620
f 5947 5940 5941
f 4664 4662 4668
f 9726 8310 8313
f 1165 1167 1168
f 3731 7350 3716
f 9337 9334 9336
f 920 2351 919
f 4954 8349 8473
f 9804 9998 9966
f 437 511 436
f 1342 1345 1333
f 1342 1343 1345
f 8373 4770 5687
f 4747 4717 4718
f 499 481 333
f 1367 1357 1358
f 2335 2662 981
f 2274 2697 2693
f 1395 1398 1406
f 3550 2422 2419
f 3648 3674 3647
f 8473 5793 8475
f 8473 5794 5793
f 4728 4725 4745
f 9387 3479 7546
f 887 19 884
f 6797 6799 6796
f 6797 6798 6799
f 870 691 685
f 947 1546 579
f 7395 8417 6791
f 1573 1569 1572
f 1013 1011 1906
f 5740 5762 5739
f 2790 2796 2791
f 539 588 584
f 7493 7474 7486
f 2426 2425 2422
f 2310 2299 2296
f 9811 9816 9808
f 1920 2114 624
f 7709 6651 7219
f 514 2056 622
f 3428 3430 3429
f 3236 3233 3230
f 1414 1424 1416
f 4361 4360 4362
f 567 545 1540
f 208 161 148
f 1759 3625 3877
f 7728 7726 9356
f 487 612 434
f 7136 7137 6412
f 5947 6521 5940
f 7303 2081 7302
f 4733 4747 4718
f 4021 4119 2149
f 5270 5269 5268
f 2051 2047 2054
f 2051 2054 5894
f 1985 1992 1990
f 376 375 392
f 4518 5893 4519
f 4957 4525 6481
f 2203 1959 4095
f 5175 5176 5177
f 5185 5183 5192
f 5172 5176 5174
f 3478 1217 1771
f 4476 4460 4461
f 9049 9046 9048
f 7946 7948 7959
f 7711 4977 4976
f 8279 8278 8284
f 8279 8284 8280
f 2905 2920 2923
f 2522 8341 2524
f 9761 9762 9767
f 846 876 848
f 1018 1021 1022
f 5203 5205 5204
f 3666 3663 3664
f 5508 5506 5513
f 5101 4485 4856
f 6389 6390 6391
f 5167 5164 5166
f 1653 2097 2444
f 336 339 337
f 1577 2479 1576
f 3787 3786 3794
f 843 1845 841
f 4094 4100 1382
f 5549 5552 5550
f 8988 6670 8986
f 6443 739 6999
f 4500 4474 5408
f 4500 4464 4474
f 4749 4747 4733
f 8392 8397 9342
f 5469 5472 5470
f 6316 6314 6315
f 1511 1340 1512
f 1411 1436 1414
f 1209 1757 1208
f 8049 8156 9087
f 6113 6109 6720
f 7928 5908 5338
f 7928 5338 5334
f 9033 9865 9864
f 5771 5774 9352
f 6006 4335 4334
f 624 2159 1920
f 2684 2685 2110
f 1322 1330 1324
f 5391 5395 5394
f 6769 5129 6583
f 1670 2036 2037
f 3098 3096 3101
f 6316 6323 8671
f 636 847 760
f 4201 4275 4195
f 4201 4195 4198
f 1848 1857 1854
f 6068 6072 6070
f 5780 5787 5782
f 5780 5779 5787
f 7627 7628 7682
f 7184 7186 5762
f 5809 5811 5361
f 5927 5930 5926
f 1135 1127 1132
f 5198 5241 5443
f 980 132 3946
f 8366 8365 8368
f 2563 2560 2554
f 1348 1341 1487
f 2320 2324 2321
f 7472 7122 7548
f 546 544 567
f 8755 8747 8748
f 361 488 360
f 3704 3705 3707
f 5717 5718 5719
f 401 404 387
f 8570 8574 8571
f 2431 2274 2277
f 1531 2035 3560
f 451 482 336
f 6737 6738 6740
f 5848 7473 7494
f 4424 4429 4423
f 2926 2925 2920
f 3849 2466 1666
f 7916 8138 8825
f 7028 7044 7027
f 2333 2332 2331
f 2194 6885 2470
f 3554 2980 7194
f 5442 5193 5912
f 8684 9106 8034
f 807 831 832
f 2336 2342 2344
f 2713 3178 2712
f 182 176 180
f 8326 8695 9025
f 1076 653 2260
f 4087 4088 6182
f 5156 5132 5136
f 3859 3569 3566
f 2842 2840 6903
f 5601 7286 5683
f 3442 3447 3443
f 8982 6079 8199
f 2172 2173 2170
f 902 903 905
f 4882 4473 4475
f 3642 3641 3653
f 4573 4564 4561
f 4573 4563 4564
f 1472 6063 1469
f 5867 5866 7699
f 7771 7769 7770
f 4735 4744 4725
f 575 577 86
f 2270 2273 1607
f 6088 6943 6086
f 3586 3122 3129
f 5559 5589 5565
f 7947 8411 9932
f 3972 3966 5669
f 4723 4718 4716
f 6080 6206 6081
f 6080 6077 6206
f 4932 4911 4702
f 5113 5114 5117
f 2272 1186 2271
f 5189 5173 5178
f 235 287 269
f 1763 1766 1765
f 4955 4899 4956
f 1768 1540 1538
f 9840 9841 7361
f 5662 2158 1479
f 9809 9808 9837
f 9809 9837 9838
f 6512 7438 6510
f 3439 3437 3440
f 2794 2882 2796
f 390 2205 380
f 9515 9036 9514
f 1196 1194 1209
f 4375 4348 5974
f 5294 5289 5285
f 3554 8026 3319
f 5410 4704 4914
f 2244 6157 1877
f 1547 1925 1922
f 1547 1922 1220
f 6258 5826 7888
f 4590 4589 4591
f 4156 4150 4208
f 948 608 6663
f 1611 878 879
f 6069 6075 6079
f 4987 7013 5023
f 5194 5195 5191
f 3338 2369 3912
f 269 238 235
f 9345 9348 9347
f 5282 5280 5320
f 9081 8259 9551
f 5746 5745 5748
f 1714 1715 1841
f 3203 3185 3136
f 4899 4898 4653
f 9253 8248 9867
f 9721 9557 9552
f 6749 6742 6103
f 6276 3601 3602
f 4186 4352 8112
f 6808 6820 6807
f 6441 8093 5709
f 1315 1316 1312
f 7493 7491 7489
f 179 894 185
f 7511 8667 8668
f 4424 4423 4426
f 6833 4903 5380
f 7394 6402 6404
f 178 191 209
f 8460 8374 8461
f 4740 4840 4739
f 21 17 224
f 1501 1504 1505
f 7794 7357 9081
f 9484 9970 9950
f 3137 3178 3177
f 1850 1852 1864
f 6089 3743 8043
f 9420 7146 9421
f 1482 1480 1477
f 1482 1477 1503
f 4671 4667 4670
f 3415 3414 3418
f 8841 8741 9831
f 2968 2965 3227
f 1191 1162 1175
f 6431 6654 2880
f 9725 3898 3899
f 9892 9431 9430
f 436 2159 624
f 2695 3701 2696
f 4936 7863 7285
f 3978 3116 2857
f 6967 2434 2427
f 8192 6408 6406
f 2246 7900 7901
f 5542 5541 5548
f 5207 5208 5203
f 6216 4954 4910
f 8753 8752 8749
f 4569 4567 4555
f 3492 3489 3488
f 6794 6311 6322
f 5037 5035 5036
f 5037 5038 5035
f 8958 9260 9157
f 5585 5589 5563
f 4379 2057 2154
f 339 336 335
f 3562 7647 3558
f 3731 3716 3723
f 9556 9553 9552
f 9556 9554 9553
f 3558 3458 3454
f 8730 8736 8728
f 529 196 198
f 3485 3486 1047
f 3510 1962 1963
f 2809 2805 2804
f 4840 4843 5971
f 2265 2264 2263
f 5315 5309 5288
f 1302 1303 1006
f 3727 3714 3743
f 4111 3735 3729
f 4111 5997 3735
f 6030 3980 3282
f 5757 5892 4404
f 7437 7433 7439
f 7437 7439 7435
f 2263 2264 3306
f 5116 6562 4953
f 5116 4953 5108
f 4164 4184 4273
f 1055 3506 1057
f 5536 7441 5348
f 372 373 374
f 423 442 392
f 1747 1874 1730
f 6048 6907 8840
f 3274 3275 3981
f 8060 3050 3053
f 7590 7585 7797
f 8979 6772 8442
f 2309 2290 2350
f 5239 5200 5201
f 5239 5201 5202
f 5162 5188 5161
f 3377 3389 3387
f 5061 5069 5837
f 2418 2447 3550
f 8108 7664 8106
f 2217 2214 2218
f 2217 2218 2221
f 6054 2329 6047
f 5615 5178 5173
f 2926 2930 2925
f 8235 8178 8177
f 3390 3387 3389
f 4715 4717 4719
f 1438 1470 1466
f 4380 3999 4001
f 5473 5458 5456
f 8964 6140 7805
f 4167 4255 4173
f 5115 5117 5114
f 5115 5114 5120
f 2701 1580 1587
f 725 891 1605
f 725 1605 689
f 6745 6747 6744
f 3348 245 2027
f 3654 3669 3674
f 4407 8522 8523
f 4175 4154 6930
f 5737 6096 5736
f 715 720 746
f 715 746 747
f 1916 2429 2079
f 5163 5411 5413
f 6722 6721 6727
f 3391 3397 3396
f 377 430 376
f 2876 2725 2728
f 1455 1439 1456
f 1455 1437 1439
f 3912 2369 4113
f 4323 4287 4200
f 8190 8221 8191
f 7726 7728 7729
f 7255 7253 6862
f 3372 3368 3369
f 4937 4938 4939
f 6467 6227 7619
f 8528 7783 9884
f 6699 7021 5857
f 1292 1264 1268
f 3942 7200 4030
f 5510 9864 5864
f 5420 4665 4666
f 5191 5181 5194
f 2872 2874 2996
f 4199 4182 4181
f 2296 2299 2292
f 5486 5484 5492
f 7743 7742 7741
f 3114 3076 3078
f 6610 7894 2200
f 2936 2898 2941
f 2016 1530 3560
f 946 1313 1304
f 5941 5944 5938
f 6869 7396 7397
f 4173 4211 4306
f 7150 1233 1091
f 6332 7113 6330
f 7173 7174 6194
f 2186 3361 2182
f 947 571 570
f 1014 1016 1012
f 1970 1563 1565
f 8689 2585 9659
f 7194 8026 3554
f 6675 6864 7102
f 3495 4119 4021
f 3495 4021 6439
f 3025 3026 3048
f 4255 4203 4257
f 2241 5915 2239
f 5143 4893 5144
f 4651 4800 4889
f 2011 8225 3838
f 5110 6963 5111
f 5110 5099 6963
f 4740 4843 4840
f 1423 1431 1417
f 1423 1417 1421
f 5504 5508 5428
f 8132 8133 8130
f 2178 1652 1655
f 1441 1434 1442
f 4708 4712 4715
f 4045 4043 5924
f 6568 3887 3883
f 818 797 795
f 2670 937 7252
f 7646 4387 8203
f 6442 2371 2373
f 3446 3451 3447
f 1182 1191 1175
f 3328 941 2675
f 5733 5191 5609
f 2919 3316 3300
f 7564 7067 9888
f 7923 6459 6460
f 8516 5916 6791
f 3662 3660 3661
f 3719 5796 3718
f 6952 6953 6942
f 9530 9594 9372
f 5081 5681 5625
f 5388 5213 4934
f 2314 2693 2698
f 2252 2047 2051
f 7459 6998 8451
f 1935 1939 1933
f 5295 5283 5300
f 382 383 378
f 2994 3331 2993
f 8 37 36
f 2327 3593 2037
f 6118 8470 6831
f 1359 1358 1366
f 434 433 398
f 434 398 432
f 1582 1580 2413
f 8101 8102 8100
f 6010 6009 6008
f 9274 7519 8815
f 4903 5431 4492
f 5566 5567 5568
f 1818 3606 1816
f 9934 5941 5945
f 1287 1558 1541
f 3280 3981 3275
f 4876 5409 5411
f 4860 4852 4855
f 5406 4422 4416
f 3423 3407 3411
f 8303 8283 8287
f 4265 7687 9143
f 5402 4946 5401
f 4863 4868 4867
f 6665 5113 5117
f 6561 1629 2689
f 1322 1324 1327
f 3287 3031 3030
f 976 914 2440
f 9909 9918 9920
f 5307 5305 5345
f 7525 8160 7246
f 1981 1983 1979
f 1981 1979 1982
f 1749 1594 2060
f 3739 3737 3705
f 6775 6776 6778
f 7444 6483 9292
f 5217 5215 5219
f 5217 5219 5218
f 5172 5241 5198
f 7380 3755 8255
f 2307 2311 2312
f 1066 1063 1070
f 3594 3835 972
f 1608 1053 2181
f 6234 7008 7011
f 5862 5865 5868
f 4354 9469 7095
f 2421 2420 2426
f 571 947 579
f 5777 5779 5780
f 5304 5311 5270
f 7213 7829 4122
f 2175 2176 1184
f 5014 5015 5007
f 3764 3797 3798
f 4655 4496 4446
f 3365 1217 3478
f 3396 8277 3395
f 3396 3395 3391
f 5420 4888 4677
f 8445 8443 8230
f 5928 2332 2333
f 5928 4129 2332
f 4849 4846 4848
f 6047 2048 3401
f 3402 2025 2031
f 4216 4177 4215
f 4824 5131 5135
f 8182 6529 6530
f 8182 6540 6529
f 6380 2238 6377
f 5557 5555 5553
f 437 436 624
f 9646 8834 8830
f 9646 8830 8829
f 7254 7250 7270
f 2478 2480 2483
f 6492 6493 7435
f 2462 2322 2307
f 3855 2602 3866
f 7004 6234 6203
f 4340 7638 4343
f 9391 9392 9394
f 7707 7706 7198
f 1609 529 2385
f 1843 1390 3517
f 6212 6556 6209
f 4660 4662 4664
f 2412 2418 2420
f 8857 9574 8907
f 2377 2375 2374
f 1765 1553 1276
f 4775 4772 4766
f 6271 6270 5887
f 4914 4911 4909
f 5006 5024 5008
f 7223 7225 8213
f 4003 4005 4002
f 7209 7205 9247
f 7209 7203 7205
f 1049 181 178
f 545 567 544
f 9153 4409 8523
f 3680 3681 3685
f 6127 6125 6128
f 7325 3978 3980
f 7325 3983 3978
f 5711 3531 3511
f 6873 6874 6196
f 5879 9244 5875
f 7824 7994 7989
f 3168 3165 3965
f 8714 8048 8055
f 4322 4198 4320
f 6382 6381 6380
f 5057 5058 5056
f 716 720 715
f 6050 8941 7220
f 1632 1463 1515
f 6982 5412 5335
f 7102 6869 7397
f 2872 1046 1083
f 2450 2368 2365
f 2093 3505 2099
f 6756 6755 6757
f 1292 1268 1297
f 6050 7220 6052
f 5910 3861 3628
f 540 539 584
f 4586 4602 4691
f 4586 4603 4602
f 5503 5845 5841
f 324 325 317
f 6492 6494 6493
f 6303 6305 7108
f 6303 7108 7107
f 1966 3340 2607
f 8833 8759 8756
f 1211 1186 1210
f 6473 6472 6477
f 1283 1553 1287
f 3129 3131 3220
f 8952 8674 9077
f 4664 4884 4885
f 265 264 633
f 764 2429 1916
f 7068 7085 8813
f 6538 6532 6540
f 3644 3663 3660
f 7057 7040 7054
f 7351 7131 7092
f 6058 6057 6059
f 3572 3573 3570
f 9343 8176 8179
f 4480 4459 8539
f 3057 3060 3058
f 3057 3058 3055
f 5801 5608 5611
f 5760 4427 4447
f 9024 7878 8933
f 9024 7341 7878
f 5432 7158 8474
f 5783 5785 5776
f 6486 6491 6492
f 3677 3675 3659
f 9631 9653 8892
f 1611 879 1604
f 384 392 375
f 6038 5421 6037
f 6038 5425 5421
f 3706 3703 3741
f 4089 4088 4095
f 7718 7786 7716
f 2762 2769 3177
f 4493 4877 4473
f 1498 2703 5997
f 1182 1181 2179
f 4400 6124 7751
f 6732 6730 6731
f 1762 1761 1257
f 5262 5261 5260
f 2259 3973 2256
f 8360 3630 3631
f 8696 6786 8126
f 1009 1007 1005
f 811 4081 2355
f 811 2355 809
f 5977 1295 1294
f 5977 1294 2700
f 5443 5224 5433
f 7959 8443 8445
f 6399 6398 6394
f 6399 6407 6398
f 3177 2769 3137
f 3814 3000 3321
f 846 848 755
f 7917 8222 8223
f 589 523 2024
f 4985 4987 7092
f 7805 3906 9725
f 5871 1545 824
f 9084 9372 9593
f 2855 2854 2746
f 8666 7432 7020
f 2536 6475 6473
f 1060 917 1054
f 546 560 535
f 1210 1186 1971
f 7732 8000 8004
f 8011 186 187
f 6392 6417 6394
f 6392 6394 6391
f 4591 4609 4593
f 1283 1276 1553
f 7364 9489 6916
f 7364 6916 7362
f 5691 5690 2450
f 1013 1014 1012
f 2519 2518 2517
f 4200 4205 4203
f 1986 1988 6180
f 7124 8472 7242
f 3680 3679 3681
f 6722 6727 6724
f 2328 2312 2316
f 1344 1345 1343
f 1479 2158 1462
f 4449 4437 4436
f 4096 4094 1382
f 1321 1319 1320
f 3973 2261 2265
f 2365 2364 2448
f 7100 6502 6515
f 7994 4917 6083
f 1930 1933 1932
f 1930 1936 1933
f 2580 9659 2557
f 1762 1257 1763
f 1367 1358 1359
f 9391 9261 9260
f 2357 6154 2415
f 9887 9102 9103
f 6928 6925 6921
f 8464 7812 7814
f 1322 1323 1321
f 4213 8794 4174
f 7714 9513 7640
f 4023 6440 2998
f 6342 6340 6327
f 2262 6116 2253
f 6297 6298 8353
f 2356 20 2668
f 2356 2358 20
f 3921 6133 8096
f 2270 2272 2271
f 2960 2807 2800
f 4997 5102 5072
f 3477 4052 5883
f 4870 5530 4906
f 5311 5275 5269
f 6295 6294 6307
f 9500 7703 7803
f 9500 7803 9026
f 1036 875 876
f 6885 2194 2200
f 537 536 534
f 133 134 98
f 8012 3394 3399
f 4260 4271 4252
f 7407 5714 4499
f 6269 5731 5436
f 774 776 777
f 9649 7831 5500
f 8915 8892 8881
f 6320 6314 6312
f 5972 3441 3436
f 5972 3810 3441
f 6433 6931 6474
f 3863 2346 2345
f 3863 2345 3542
f 1403 1411 1412
f 922 921 924
f 3467 3466 3465
f 7923 7723 6461
f 7923 6461 6459
f 1014 1906 1909
f 1558 1559 4110
f 1549 1540 1768
f 5081 5037 5036
f 5081 5625 5037
f 692 703 718
f 692 705 703
f 5915 2851 2881
f 2274 2275 2276
f 2362 2361 2360
f 6761 7022 7023
f 6761 7025 7022
f 5222 5373 5239
f 9474 9675 9724
f 7634 7629 7631
f 1435 1438 1434
f 3761 3767 3768
f 2411 2314 2543
f 7160 7832 8727
f 7160 8398 7832
f 5240 5215 5238
f 6029 7325 6030
f 1352 5728 2445
f 1165 1168 1162
f 5886 1608 5885
f 2008 2007 2006
f 2008 2006 2004
f 2920 2927 2926
f 5305 5304 5412
f 3404 3405 3407
f 3404 3407 2663
f 192 191 223
f 542 579 569
f 3962 3579 2385
f 2664 1578 1566
f 4677 4818 4674
f 5870 4002 4011
f 4810 5217 5384
f 2425 2419 2422
f 2049 2338 2050
f 7552 7490 8014
f 2364 2365 2368
f 2364 2368 2362
f 5156 5136 5142
f 6057 6177 4919
f 2337 2331 2338
f 5655 5656 2688
f 334 339 335
f 2194 2190 2198
f 377 376 442
f 411 410 421
f 3936 3937 3938
f 2256 3973 2258
f 2276 2280 4014
f 8993 9395 7883
f 4897 4694 4697
f 2372 2370 623
f 5615 5173 5184
f 6036 6100 6104
f 4918 6770 4917
f 4918 4916 6770
f 5294 6657 5303
f 3851 3854 3855
f 1064 4395 4374
f 7446 7721 7720
f 2287 2288 2292
f 3920 6715 3919
f 3920 3919 3500
f 5999 6040 5407
f 5167 5166 5168
f 8375 5842 5840
f 5224 5227 5220
f 5332 7724 8032
f 1357 1367 1391
f 5351 5391 5378
f 3408 3409 3407
f 985 996 987
f 985 988 996
f 8525 8683 8057
f 8359 5092 4965
f 2684 2110 992
f 4972 4974 4978
f 5680 5683 8217
f 7939 7877 5632
f 7939 5632 5590
f 1352 2445 1316
f 5888 9933 9079
f 323 6594 974
f 5517 4713 4710
f 6324 5886 5887
f 6000 2710 2711
f 5570 5566 5568
f 4954 8473 4907
f 3733 3734 5796
f 2812 2825 2809
f 3667 3655 3999
f 3667 5753 3655
f 423 392 387
f 4950 4800 5626
f 4950 4889 4800
f 7228 7527 3690
f 9652 9504 9503
f 4501 4854 4870
f 6457 3863 3542
f 1479 1462 1464
f 5118 5393 5117
f 8967 8760 9185
f 1436 1411 1503
f 5604 7305 7311
f 3082 2965 2968
f 2802 2805 2806
f 4426 5406 4483
f 5464 5459 5458
f 3522 2882 2794
f 6417 6399 6394
f 6877 8469 6881
f 3501 3493 3498
f 1828 1804 1627
f 8108 8106 8103
f 2336 2333 2339
f 7481 7475 7473
f 7481 7480 7475
f 6060 7994 7824
f 3528 3532 1965
f 2636 2637 2630
f 2451 3629 2450
f 6123 6048 8840
f 4014 2372 939
f 4384 4385 4387
f 5195 5609 5191
f 9266 8796 7920
f 3759 3763 3765
f 896 1544 759
f 5485 5478 5482
f 4022 3610 4023
f 6030 3282 3280
f 511 497 908
f 3672 3644 3647
f 4719 4708 4715
f 4275 4201 4204
f 1358 1501 1360
f 4919 4916 4918
f 9229 9225 9228
f 9181 9502 9629
f 3171 3173 3208
f 3677 4005 3675
f 3096 3099 7137
f 8625 8641 8626
f 5115 5119 5118
f 694 692 690
f 4708 4732 4564
f 4888 4652 4887
f 8840 3941 6149
f 6338 6318 6320
f 4113 2369 2371
f 2520 2519 2530
f 7407 4499 4500
f 3764 3776 3770
f 911 262 1300
f 2955 2954 3097
f 1566 1564 2664
f 615 922 850
f 6504 6112 6656
f 2405 6568 3883
f 2402 2403 2401
f 1941 1944 1943
f 5823 5821 5825
f 1252 1260 1290
f 3737 3707 3705
f 5508 5505 5506
f 9403 9460 7971
f 9403 7971 8383
f 3197 3313 3196
f 9290 6546 7881
f 3129 3220 3586
f 1535 1910 1533
f 5136 5146 5137
f 2421 2429 764
f 2989 2961 2984
f 935 2163 2455
f 5390 6840 6839
f 2304 2299 2298
f 4459 4498 8539
f 754 707 2139
f 7509 8668 8669
f 4609 4591 4592
f 1219 1922 1923
f 5218 5384 5217
f 5406 6374 4422
f 8529 8697 8528
f 1849 1848 1854
f 6029 3327 4015
f 6029 4015 7325
f 7338 7340 7339
f 1569 1573 1575
f 3134 2852 2875
f 5931 5935 5937
f 8411 7947 8423
f 615 850 1035
f 7453 5098 8436
f 5440 5447 5442
f 4422 6374 4421
f 1501 1356 1504
f 5510 5495 5513
f 5091 4398 4419
f 7919 7918 7915
f 1496 1495 1383
f 6811 6072 7824
f 4189 4320 4198
f 7825 7936 5886
f 7825 5886 6324
f 1959 2606 2605
f 6952 6942 3939
f 4065 8059 4075
f 2546 2548 2547
f 6395 6391 6397
f 6395 6389 6391
f 5186 5196 5174
f 1233 1229 1091
f 3668 3670 3667
f 350 364 337
f 5320 5280 5298
f 6415 6768 6416
f 6415 6767 6768
f 336 344 451
f 5753 3669 3654
f 4749 4927 4750
f 4445 4434 4435
f 8240 7585 7588
f 4205 4200 4212
f 3497 3917 5761
f 7239 7241 7243
f 9153 6126 4409
f 1783 3693 3330
f 1783 1069 3693
f 2339 2341 2343
f 464 453 465
f 7594 7579 9462
f 418 424 419
f 4706 4696 4692
f 9838 9837 9555
f 4721 4735 4722
f 2422 2427 2426
f 8065 3986 2681
f 7729 7727 7726
f 3517 3962 1843
f 8857 8856 8858
f 5705 5707 5706
f 5011 5013 5386
f 549 552 551
f 1462 1432 1463
f 4488 6215 4490
f 3825 3872 3831
f 8320 8674 8713
f 3307 2942 2999
f 3307 2936 2942
f 4480 5370 4458
f 430 431 953
f 9103 9102 9101
f 1658 1662 1659
f 5728 5726 5658
f 8280 8350 5984
f 2874 2769 2761
f 6093 6034 2030
f 7329 7330 7331
f 1771 1216 1215
f 1771 1217 1216
f 213 209 193
f 3664 3672 3669
f 4390 4392 4396
f 8504 9859 9831
f 6993 7530 7813
f 1830 2053 1833
f 471 429 467
f 4167 4173 4306
f 196 221 198
f 5360 5357 5356
f 323 2335 1872
f 3310 3124 3864
f 1357 1368 1354
f 5566 5572 5586
f 5742 5739 5743
f 550 549 551
f 260 230 281
f 418 419 417
f 2614 1630 1629
f 2254 2250 2253
f 7206 7204 7202
f 4392 4397 4405
f 1507 3609 2435
f 6691 6693 5856
f 6691 6694 6693
f 1302 1006 1003
f 9225 9221 9223
f 6808 6807 8236
f 1009 1010 1011
f 2145 7982 2406
f 9009 6323 7304
f 2277 2274 2276
f 5246 5192 5182
f 5394 5914 9241
f 6757 6759 6756
f 6757 6764 6759
f 2014 1981 1982
f 7923 7924 7723
f 9825 9946 9349
f 9825 9661 9946
f 8020 9231 5422
f 5659 6222 6444
f 5018 5027 5028
f 8474 9174 8710
f 7600 7601 7613
f 7600 7613 8214
f 5823 5830 6588
f 1590 1563 1970
f 2769 2762 2759
f 1387 2439 1390
f 1590 1970 1554
f 4768 4769 4767
f 3706 3709 3708
f 46 44 968
f 6766 6757 6758
f 8657 7766 8186
f 339 351 350
f 1046 6440 1545
f 4887 4890 4896
f 5791 7231 5795
f 7195 7198 7196
f 2293 6364 2315
f 7536 6950 9876
f 6312 6314 6316
f 7789 7617 7790
f 1574 1573 1572
f 8362 4082 7006
f 8362 7006 3317
f 588 539 866
f 3797 6218 3799
f 5194 5183 5185
f 2254 2259 2256
f 2363 2367 2364
f 9995 9791 9873
f 9995 9873 9540
f 3994 5754 3993
f 4684 4692 4683
f 9323 9344 9320
f 2270 2271 2273
f 5739 5735 4357
f 5132 5156 5157
f 2157 1650 2041
f 2660 7413 7385
f 6404 6245 6387
f 6404 6387 7394
f 7219 7225 7223
f 2841 2838 2842
f 2736 2748 2747
f 3296 3319 3295
f 8748 8745 8751
f 6594 323 321
f 7191 7270 7250
f 6071 6074 6826
f 6789 4703 4694
f 1383 2414 1496
f 5514 5502 5464
f 8845 8844 8848
f 9173 5457 5458
f 9173 5458 5460
f 4277 3857 1853
f 5239 5214 5236
f 5621 6112 5611
f 6223 6124 4403
f 4214 4177 4216
f 4214 4153 4177
f 5762 6111 6110
f 3337 5894 2054
f 8748 8754 8755
f 81 290 292
f 494 954 956
f 494 956 347
f 3412 3423 3329
f 924 964 922
f 4711 4766 4764
f 5087 5086 7539
f 7447 7444 7443
f 7447 7445 7444
f 989 993 7216
f 7139 7137 3099
f 7139 7138 7137
f 2357 2415 2374
f 1768 1538 1769
f 19 4373 884
f 6872 6743 8471
f 4203 4323 4200
f 981 1052 1056
f 6030 7325 3980
f 5957 5960 5955
f 6797 6796 5750
f 5494 5490 5493
f 7631 7629 7660
f 6529 6526 6565
f 3631 2632 7462
f 1191 1182 2179
f 7791 7793 9024
f 6192 6188 6194
f 5445 6117 6119
f 1018 3329 1025
f 2030 2543 1550
f 6272 2664 1575
f 3329 1022 3412
f 3329 1018 1022
f 3403 4358 1651
f 4487 4486 4490
f 7885 7884 7665
f 5457 7158 5425
f 5844 5846 7122
f 4889 4887 4651
f 4889 4890 4887
f 1293 1292 1530
f 2977 3095 2980
f 3480 2599 2564
f 7273 6331 6345
f 9642 8599 8601
f 6037 5421 5393
f 8314 8967 9214
f 8314 8128 8967
f 1324 1325 1327
f 5116 5121 5537
f 8470 9550 7746
f 5618 5620 6653
f 1651 4358 1670
f 4575 4600 4603
f 8836 8832 9202
f 8836 9202 8838
f 8155 8152 8153
f 941 3326 1780
f 7557 4025 3928
f 7126 2001 7125
f 1632 1635 6972
f 6909 9074 7265
f 4868 4860 4855
f 6150 6848 3943
f 4950 4890 4889
f 2261 6685 6606
f 2668 2359 2356
f 2968 3295 3082
f 7313 7315 7609
f 410 420 421
f 4285 4278 8488
f 7240 8469 8202
f 626 893 892
f 5186 5173 5187
f 5186 5174 5173
f 4378 4379 1919
f 4665 5420 4677
f 3803 3804 4381
f 3332 2558 3527
f 1685 1698 1687
f 2046 990 2236
f 2363 2364 2362
f 1712 2659 1726
f 7021 6699 6700
f 6800 6476 6801
f 3448 3454 3456
f 693 766 692
f 693 692 694
f 3390 3392 3387
f 1399 1401 1398
f 1399 1398 1395
f 693 694 957
f 5246 5442 5881
f 1944 1949 1943
f 6026 6564 6562
f 8017 7229 4007
f 8177 8240 8235
f 7485 7481 7493
f 881 868 880
f 7125 7812 7533
f 7125 7533 7126
f 3711 3727 6586
f 883 1539 2328
f 2620 4048 6181
f 6801 6476 6802
f 2287 2293 2315
f 2287 2315 2290
f 4830 4801 4802
f 4830 4802 4805
f 5001 5102 4997
f 5001 4998 5102
f 457 402 460
f 5198 5433 5434
f 4909 4907 8473
f 9654 7038 7031
f 9654 7031 7052
f 1680 3843 1674
f 3785 7294 4035
f 6375 2842 6903
f 1273 2191 2502
f 5767 3751 3752
f 7929 7311 7312
f 5781 5779 5776
f 5781 5776 5785
f 8988 8989 6670
f 7353 8532 5354
f 3495 3494 3497
f 1751 1612 1298
f 5606 5323 7260
f 5606 7260 7683
f 4217 4222 8794
f 5482 5514 5489
f 4306 4187 4167
f 4698 4693 4701
f 2665 937 919
f 3090 3814 3216
f 3527 2549 4258
f 5937 5924 5931
f 8600 8601 8595
f 6637 5967 6639
f 2583 4256 4258
f 1035 613 296
f 3567 3568 3566
f 3567 3566 3569
f 6339 6331 7273
f 432 402 434
f 1060 1054 1057
f 6419 1042 2208
f 5001 4996 7758
f 9727 7579 9728
f 8236 8237 7371
f 4142 957 2079
f 2111 1314 1309
f 4636 4638 4579
f 439 440 418
f 3074 3109 3040
f 3377 3379 3378
f 905 612 511
f 543 547 536
f 8815 8315 9274
f 2367 2448 2364
f 727 767 744
f 7212 7214 7213
f 2447 2229 994
f 5682 5680 5081
f 4086 3511 3359
f 4937 8359 4938
f 5452 5437 5435
f 4079 2515 2538
f 7731 7021 6700
f 418 417 425
f 418 425 439
f 2349 23 278
f 2030 1550 6093
f 1865 1863 2480
f 7594 7565 7563
f 1095 1186 1113
f 7384 2149 5761
f 7287 7208 6660
f 3955 3954 3952
f 4750 4747 4749
f 5686 5688 4980
f 1052 981 980
f 7027 7024 7026
f 5931 5925 5930
f 5931 5930 5952
f 2649 2648 2652
f 2276 2275 2278
f 535 536 547
f 4281 5987 4306
f 6617 6615 6618
f 429 430 377
f 4866 4857 4860
f 8602 8580 8603
f 7493 7481 7474
f 3773 3777 3778
f 5811 5327 5326
f 6382 7875 6571
f 403 407 406
f 4329 4328 6134
f 6215 4489 4883
f 7746 6831 8470
f 6491 5801 5611
f 6381 2238 6380
f 6833 5380 5424
f 2762 3177 2766
f 7660 7682 7628
f 7334 6044 7330
f 3845 3847 6882
f 7689 7836 7632
f 2342 2345 2346
f 3306 3303 2269
f 1970 1552 1554
f 8175 7797 8177
f 2423 2424 2422
f 2423 2422 3550
f 5253 4528 4881
f 1917 443 2117
f 4135 1464 3867
f 364 361 360
f 4811 4810 4809
f 4811 4809 4825
f 8836 8753 8751
f 3732 3706 3708
f 7687 4265 9147
f 6177 6064 6468
f 8941 6049 6904
f 6447 7001 5988
f 6722 6763 6750
f 433 434 612
f 5477 5484 5476
f 5061 5062 5060
f 3789 5516 3963
f 24 12 1075
f 4704 4911 4914
f 2499 2502 2509
f 9363 9526 9861
f 8756 8755 8754
f 2944 2945 2946
f 5741 5740 5739
f 2511 2486 2510
f 2264 2267 2707
f 4533 4535 4611
f 7124 8501 8472
f 2538 2532 2531
f 1354 1355 1353
f 7054 7056 7058
f 8711 8674 8952
f 9844 9843 9842
f 8868 8873 8866
f 5500 9086 9015
f 3818 811 809
f 3840 3298 3839
f 5128 4730 4734
f 3276 3277 3252
f 6601 6603 6602
f 3306 3955 3952
f 5064 5027 5018
f 6326 6340 7662
f 6326 6321 6340
f 4708 4618 4711
f 2777 2880 6654
f 2777 6654 2776
f 5896 6146 4041
f 1314 2048 1315
f 4601 4648 4602
f 5008 5004 5006
f 4962 4973 4961
f 9668 9583 9542
f 3804 4383 4384
f 547 546 535
f 8144 2131 2130
f 6008 8038 6006
f 537 534 550
f 1392 1362 1395
f 2301 710 766
f 3250 3248 3255
f 8794 4243 4274
f 6624 4041 6618
f 4293 6951 4375
f 4293 4375 4285
f 7457 8044 6547
f 8161 8692 8158
f 2879 2778 2779
f 1872 505 496
f 7168 5894 3337
f 9660 9583 9985
f 7352 5023 7013
f 1208 1196 1209
f 8960 8965 8211
f 9898 6777 7418
f 488 470 360
f 6299 6295 6307
f 7825 6324 6308
f 6252 9393 6251
f 7197 7455 7184
f 3013 3077 3114
f 3921 3908 3892
f 2360 2359 2668
f 3293 7402 7830
f 3788 3790 3791
f 1441 1468 1437
f 3492 3496 3494
f 5545 5544 5555
f 4279 5987 4281
f 6107 6113 6721
f 4278 4286 4288
f 4278 4288 4249
f 4904 4634 4632
f 4904 4876 4634
f 1939 1934 1932
f 379 377 396
f 1346 1348 1502
f 4023 3610 2141
f 398 400 432
f 1987 6835 7117
f 1987 1986 6835
f 4016 5709 8093
f 2404 3366 3370
f 2404 3370 3364
f 2295 2304 2298
f 4718 4712 4716
f 4718 4715 4712
f 2052 2018 2007
f 3401 4050 6051
f 3401 6051 6047
f 6251 9803 6253
f 6171 6168 3362
f 5206 5239 5202
f 8727 7157 7159
f 8095 3729 5710
f 3129 3122 3125
f 7485 7506 7504
f 7486 7478 7479
f 4642 4624 4901
f 6162 5375 5253
f 2369 3684 2371
f 6494 6496 6495
f 5037 5625 5627
f 3956 3961 3955
f 565 578 568
f 565 568 563
f 4652 4653 4650
f 6213 6209 6206
f 1550 1210 1971
f 1016 1021 1018
f 6094 3456 3458
f 6094 6095 3456
f 6227 3840 6224
f 3787 3774 3772
f 2616 2613 7016
f 5645 6713 7614
f 5948 9369 5969
f 4883 5892 5757
f 3377 3387 3374
f 2948 2944 2949
f 5694 6839 6844
f 5694 5695 6839
f 3509 3461 3460
f 2708 6000 2541
f 2708 2710 6000
f 3415 3411 3414
f 6730 6734 6736
f 1298 1612 1120
f 3881 3879 3854
f 8307 8311 8310
f 8307 8310 8306
f 2462 2307 2312
f 488 953 431
f 4929 4713 4714
f 3570 3567 3569
f 4043 4046 4042
f 6372 4063 7152
f 1434 1438 1442
f 1036 1081 1083
f 5786 5791 5788
f 5401 5400 5402
f 5401 4941 5400
f 6617 6621 6619
f 8757 8756 8754
f 6151 6150 6478
f 6137 4869 4863
f 7546 6690 7679
f 4514 4513 4620
f 5847 8141 5843
f 2333 2336 2340
f 8531 9690 8530
f 1894 1895 1890
f 3769 3770 3793
f 1805 1807 1620
f 252 1049 635
f 316 2246 2029
f 316 2029 317
f 4619 4506 4505
f 7362 4935 4481
f 7362 4481 6426
f 4251 4248 4249
f 4296 4223 4298
f 4971 4978 5088
f 261 326 310
f 4190 4320 4189
f 9072 4120 4297
f 800 796 877
f 9 20 13
f 2284 2286 3350
f 2276 4014 939
f 678 669 668
f 3859 6265 3569
f 3859 3929 6265
f 6075 6069 6071
f 7665 7884 7279
f 3057 3070 3060
f 9202 8741 8841
f 5292 6221 5444
f 7268 4083 8121
f 1352 1316 1315
f 7024 7027 7201
f 3359 3528 1965
f 6807 6799 6806
f 2651 2643 2652
f 7893 7717 9423
f 4450 4655 4446
f 6169 6165 6147
f 5219 5215 5240
f 3755 7380 7382
f 7655 5876 9745
f 4888 4678 4677
f 2863 2850 3128
f 2271 2697 2273
f 3788 3963 3790
f 4549 4586 4550
f 8536 8539 4498
f 4853 4469 4882
f 188 223 186
f 9826 9823 9857
f 4247 4252 4272
f 5347 5352 5350
f 6221 5275 5311
f 7547 5805 6327
f 3579 6356 2385
f 416 417 419
f 4188 4191 4317
f 6397 6408 6395
f 7887 2117 2116
f 8911 8922 9959
f 130 81 83
f 2332 4130 4132
f 1298 1205 1204
f 344 486 451
f 2996 2761 2981
f 2996 2981 3086
f 2428 2427 2422
f 3947 2545 1292
f 4003 3655 3657
f 6299 6307 6298
f 6748 7600 8214
f 3062 3061 3064
f 2128 2129 2127
f 1024 739 757
f 1710 1845 916
f 6043 5598 8455
f 4979 4966 4963
f 2614 2610 2608
f 3333 4022 3134
f 8255 8258 8257
f 8736 8730 8734
f 4423 4428 4425
f 6797 5750 5747
f 2606 1959 2607
f 7880 6393 6417
f 6296 6294 6794
f 6296 6794 7288
f 3867 1463 1632
f 1891 3477 6649
f 4087 4095 4088
f 234 240 233
f 1609 187 529
f 1205 1298 1120
f 5934 9277 7166
f 1337 1322 1321
f 1956 1963 1958
f 4465 4463 4479
f 562 537 550
f 6696 9031 8494
f 3264 6020 3259
f 4152 4151 4147
f 2415 2377 2374
f 7850 4128 8761
f 844 845 842
f 9197 8831 8830
f 5483 5485 5490
f 2372 623 939
f 1540 545 1538
f 9400 9402 9261
f 9400 9399 9402
f 4950 4949 4896
f 2347 2342 6046
f 4727 4735 4803
f 9699 9693 9703
f 4520 4513 4517
f 6852 6851 6854
f 860 664 733
f 860 666 664
f 1461 1465 1413
f 2692 2239 1915
f 2494 8336 3596
f 1046 1545 3485
f 1802 1782 580
f 6355 7383 5734
f 548 543 541
f 8856 8859 8858
f 4134 3798 3799
f 5336 6982 5335
f 423 406 424
f 693 957 766
f 4532 4523 4515
f 5946 5965 6424
f 2907 2905 2923
f 8452 6981 6979
f 4735 4725 4803
f 1587 1585 1588
f 2762 2766 2758
f 3796 2150 2151
f 516 1079 286
f 6163 4098 5660
f 6163 5660 5661
f 2434 3873 2427
f 4452 4445 4427
f 2093 2993 3331
f 281 975 260
f 7153 7151 6641
f 336 337 344
f 2315 2317 2350
f 7887 8658 9782
f 1175 1164 1140
f 7171 5385 5077
f 2948 2949 2950
f 5424 4470 4477
f 7225 7219 7624
f 4254 4288 4290
f 2998 3308 2996
f 1013 1012 1007
f 2373 4034 6442
f 7010 7867 8763
f 6101 6097 6098
f 549 561 552
f 3619 6272 1573
f 5445 6433 5448
f 8529 8528 8526
f 5999 5068 5668
f 8402 8400 8401
f 9721 9878 9557
f 3711 6586 6205
f 5864 5495 5510
f 2608 2196 1624
f 6741 6747 6745
f 416 412 415
f 5352 5347 5359
f 1396 1397 1520
f 1152 1144 1149
f 1390 1843 1387
f 2331 3337 2050
f 3845 4075 9414
f 4516 4654 5535
f 3802 3775 7163
f 8598 7766 8657
f 4413 4414 8216
f 4413 8216 4388
f 3209 2286 3172
f 3209 3172 3208
f 8864 9030 8860
f 3772 3779 3787
f 8601 8602 8603
f 9899 9785 9207
f 7659 7626 7658
f 3501 3499 3493
f 440 439 400
f 3302 6553 2016
f 5185 5192 5623
f 6433 5445 6434
f 209 191 193
f 9078 3614 3970
f 4608 4524 8536
f 8088 8092 8087
f 1517 1500 1468
f 9586 9077 8318
f 3867 1462 1463
f 3859 3566 3565
f 8529 8531 8530
f 6116 2259 2254
f 5789 5785 5790
f 4583 4568 4582
f 5438 5439 5434
f 3425 1790 1789
f 324 938 322
f 2125 3581 1782
f 7856 7859 8010
f 2636 2641 2638
f 3499 3491 3492
f 467 360 470
f 467 362 360
f 7181 7912 7163
f 8631 8632 8661
f 4563 4554 4580
f 6388 7194 6390
f 6242 6243 7101
f 3811 3754 3800
f 6987 5722 7800
f 3580 1831 2476
f 1520 3336 3334
f 6327 5805 6342
f 471 431 429
f 4727 4731 4735
f 6038 6037 6055
f 4446 4447 4445
f 4446 4445 4449
f 3054 3056 3089
f 9104 8925 8876
f 397 422 400
f 8539 4528 5253
f 570 555 947
f 1577 2406 2479
f 1577 2145 2406
f 6653 9276 5618
f 3403 2178 6567
f 7849 9100 6688
f 6762 6763 6754
f 6762 7201 6763
f 7184 5762 5740
f 7202 7203 5330
f 8254 3755 5767
f 7197 7195 7196
f 442 376 392
f 2652 2648 6691
f 7027 7026 7028
f 4703 4931 4932
f 4951 5108 4953
f 3634 1980 8095
f 5599 8456 8455
f 5452 5450 5437
f 6753 6755 6760
f 4095 4087 2203
f 7907 3217 3085
f 3764 3798 3776
f 2666 2667 2665
f 3412 1022 2663
f 1635 1515 1451
f 5174 5175 5184
f 455 1811 456
f 5260 5258 5257
f 862 6706 1604
f 7751 4687 5406
f 3799 6218 5872
f 1218 1216 1217
f 5422 5394 9241
f 7653 7650 5880
f 3835 1873 427
f 1120 1124 1121
f 7329 6179 6182
f 2287 2290 2288
f 6590 6589 8796
f 5393 5392 5389
f 954 551 552
f 3685 9657 7680
f 1429 2158 1614
f 4876 5626 4634
f 5257 5259 5254
f 8714 8049 8048
f 5838 6369 5839
f 4848 4502 4707
f 2463 4057 3998
f 3506 1058 1806
f 6468 6066 6079
f 6468 6064 6066
f 453 364 360
f 4095 2605 4100
f 1395 1396 1392
f 8255 8254 8258
f 3766 3767 3770
f 780 777 805
f 9723 8828 7143
f 5496 5508 5513
f 9514 9391 9260
f 9219 9221 9222
f 5571 5570 5556
f 6807 6806 9066
f 1337 1321 1320
f 6682 6681 6931
f 83 279 138
f 9604 7845 3065
f 6453 6452 6451
f 9027 9026 9690
f 5725 5730 5724
f 502 521 526
f 1403 1406 1409
f 9393 9394 9392
f 9578 9584 9585
f 3793 3776 3771
f 3793 3770 3776
f 6276 3291 3601
f 9092 8348 8016
f 3541 3542 2345
f 3638 6476 5748
f 4813 4688 4812
f 7478 7486 7474
f 1269 1267 1277
f 5473 5464 5458
f 3784 3783 8029
f 5583 5570 5568
f 1772 1030 1029
f 6397 6398 6403
f 1539 883 876
f 6788 1588 1769
f 2304 2292 2299
f 8863 8867 8866
f 4135 3867 2579
f 3449 3445 3447
f 2294 2320 6364
f 2294 6364 2293
f 7331 3875 2547
f 8989 9004 8364
f 7062 7564 9461
f 5119 5115 5120
f 3770 3769 3766
f 2318 2324 2300
f 4273 4184 4194
f 5720 9070 7800
f 3951 8352 2518
f 8111 6158 5981
f 3464 3435 7224
f 3464 3462 3435
f 3637 5748 6161
f 3637 3638 5748
f 2164 2097 1653
f 4695 4706 4709
f 8515 9395 8703
f 5385 5387 5383
f 6098 6108 6106
f 6098 6106 6101
f 2366 933 2363
f 9071 8706 7537
f 1762 1763 1765
f 9149 8970 8482
f 2055 2358 2374
f 6389 6396 6388
f 6389 6395 6396
f 905 511 908
f 5613 5612 5616
f 6242 4013 3319
f 3045 3976 7370
f 2017 2392 2052
f 6518 6509 6517
f 3159 3162 3166
f 4190 4188 4317
f 4877 4481 4935
f 1464 1462 3867
f 2947 2943 2992
f 2947 2945 2943
f 869 1807 1
f 5232 5230 5231
f 6425 6664 7235
f 8039 7704 9468
f 1209 2060 1757
f 1834 1328 1326
f 1834 1326 1331
f 4721 4717 4744
f 3449 3448 3456
f 7519 4070 8815
f 3602 3604 3607
f 3580 4112 4019
f 6215 4488 4489
f 6031 6094 6097
f 6031 6095 6094
f 430 429 431
f 5659 4097 3335
f 1576 1580 1582
f 5182 5193 5246
f 9255 9228 9225
f 8258 8256 9988
f 4197 4202 4199
f 9523 8987 9071
f 7781 7777 7778
f 786 787 789
f 6676 6678 6434
f 9467 6536 6534
f 4036 4039 4051
f 18 16 14
f 942 764 1916
f 397 441 422
f 3917 3919 8181
f 1908 1893 1889
f 2369 3338 3684
f 766 710 692
f 3097 3098 3101
f 1715 1800 1841
f 7329 6182 6183
f 830 3822 4124
f 3413 3417 3418
f 2684 992 7216
f 2438 1305 1304
f 6146 5896 7168
f 3413 3416 3417
f 907 906 6590
f 5428 5508 5496
f 855 398 433
f 9058 1947 1942
f 7271 8462 2038
f 7140 7141 7142
f 6048 4031 3825
f 470 488 431
f 2360 2361 2359
f 4198 4195 4189
f 2495 2508 2504
f 5985 878 6247
f 3465 3463 3470
f 2979 2966 2965
f 3438 3441 3446
f 6553 1530 2016
f 6770 6772 4917
f 2060 1209 1749
f 2666 3328 2667
f 1222 1221 1170
f 932 172 951
f 5109 5114 5108
f 7965 7966 7975
f 917 945 505
f 6180 2010 6835
f 5077 5073 5075
f 4528 4526 4610
f 1795 764 942
f 6983 6984 6986
f 7588 8717 8238
f 6311 6309 6312
f 2462 2312 2328
f 402 432 400
f 9388 7656 6519
f 3059 3067 3061
f 6071 6078 6075
f 6644 7296 3958
f 4258 2546 3527
f 4108 3260 4033
f 4108 4033 3161
f 5111 5112 5110
f 4017 1821 2687
f 1756 2430 874
f 6440 2141 1545
f 2347 5670 5677
f 1872 496 327
f 3321 3295 3319
f 9841 9940 9805
f 2831 2793 2835
f 3331 2994 3215
f 2413 1580 2701
f 7418 6720 6111
f 1567 1572 1569
f 1567 1569 1563
f 2180 2062 8381
f 2239 2238 1915
f 2046 995 990
f 7271 7269 7757
f 7660 7629 7932
f 7660 7932 7636
f 2630 2628 6561
f 2630 6561 2633
f 882 606 909
f 5430 5457 5426
f 3315 3300 4029
f 6734 6740 6736
f 6734 6737 6740
f 5966 9459 9855
f 9645 9032 9402
f 4688 4682 4812
f 6730 6732 6734
f 3497 5761 4119
f 3922 1169 1191
f 9961 9780 9695
f 8429 6189 2393
f 8821 4964 8330
f 5263 5260 5250
f 3741 3699 5700
f 7287 6660 5348
f 2882 5988 3214
f 3768 3767 3772
f 1984 1988 1983
f 1573 6272 1575
f 2209 2064 2206
f 4408 8503 8409
f 8791 9137 8945
f 9603 9549 9600
f 2427 2428 6967
f 1479 2161 5662
f 4006 9881 8017
f 1305 1310 1306
f 1418 1420 1430
f 9899 9784 9785
f 3571 3576 3567
f 1859 2485 1863
f 1859 1863 1862
f 6386 6396 6245
f 6328 6335 6345
f 8725 6669 6899
f 7506 7493 7489
f 8428 8953 8787
f 4771 7190 8147
f 544 547 543
f 2519 2520 2525
f 8855 8931 8853
f 4839 4799 4830
f 2311 2299 2310
f 2248 5638 3947
f 3522 2794 2997
f 4587 4588 4548
f 4769 4770 8373
f 3812 9046 9049
f 379 429 377
f 864 491 363
f 4346 5992 7642
f 2968 3227 3296
f 6571 6233 6239
f 2017 2015 2398
f 542 540 570
f 2687 1820 2053
f 2687 2053 3580
f 8982 9257 6079
f 5448 6433 6474
f 7972 8231 8230
f 1524 2477 1336
f 7628 7627 7689
f 4992 4989 4991
f 3631 8976 8360
f 7875 6233 6571
f 7172 6193 6194
f 3876 3854 3851
f 1442 1443 1441
f 4029 3317 7006
f 4045 5942 4046
f 9815 9878 9721
f 7258 3994 3993
f 4310 4291 4286
f 1394 1396 1521
f 4100 4089 4095
f 7485 7504 7483
f 7380 7381 7378
f 710 706 692
f 3289 3605 3604
f 6594 629 974
f 1177 1140 2176
f 8352 3951 9456
f 441 397 395
f 7894 1832 6885
f 4002 4001 4003
f 4704 4705 4911
f 5927 5920 5932
f 2942 3530 2999
f 7626 7625 7627
f 5137 5143 5144
f 2307 2299 2311
f 6542 7166 9277
f 9272 3238 9147
f 6490 6483 7444
f 5974 4336 4310
f 5974 4310 4375
f 4054 1755 1471
f 4054 1471 1460
f 7198 7195 7320
f 550 534 549
f 5381 5090 4838
f 5888 9363 9933
f 3311 2853 3214
f 2461 7611 859
f 7632 7633 7628
f 5424 5380 4494
f 2800 2807 2802
f 6367 5055 6371
f 6367 5049 5055
f 383 382 386
f 5104 4429 4424
f 2907 2944 2948
f 4042 4008 5973
f 580 645 576
f 5868 5856 5854
f 4719 4732 4708
f 2285 7652 2279
f 1573 1574 3619
f 9465 9191 9190
f 5036 5034 5080
f 4382 4389 4413
f 955 553 954
f 9637 9818 9957
f 3852 3851 3855
f 543 548 1973
f 5775 9352 5774
f 7591 7592 8227
f 2961 2989 2922
f 2961 2922 2890
f 6171 2536 6473
f 6808 8236 7371
f 9218 9221 9219
f 3065 3067 9605
f 541 543 536
f 5174 5176 5175
f 6678 6683 6679
f 7549 6156 7556
f 7534 5988 7001
f 3567 3570 3571
f 4369 4137 5979
f 6447 6267 7001
f 4578 4594 5688
f 2663 1022 1023
f 1762 1765 1276
f 9366 6023 6024
f 3873 2434 4142
f 6797 5747 6798
f 2124 27 31
f 578 1552 1555
f 5868 2654 2651
f 788 786 794
f 788 794 785
f 487 434 402
f 7116 7257 5843
f 8502 8817 9174
f 8179 8175 8177
f 8179 8177 8178
f 9106 8670 9107
f 8857 8907 8862
f 20 6659 2668
f 2274 2693 2275
f 8410 6715 6897
f 9748 9583 9585
f 9748 9985 9583
f 1974 7324 6219
f 1974 1975 7324
f 4004 4006 8017
f 7745 7742 7743
f 1228 1129 1130
f 7279 7280 7665
f 9355 9062 9096
f 1588 6788 6944
f 4854 5530 4870
f 363 359 365
f 4497 4504 4503
f 544 546 547
f 2305 2465 6136
f 9222 9221 9227
f 86 77 76
f 6269 5339 5731
f 4556 5451 7217
f 7729 7728 7730
f 4382 4413 4388
f 364 350 361
f 2289 2314 2291
f 9778 9751 9779
f 4027 3948 3946
f 5590 7787 7939
f 9986 8012 4105
f 9986 4105 6674
f 4161 4213 4174
f 6046 2342 2346
f 3770 3767 3761
f 4285 4286 4278
f 5197 5226 5151
f 3634 6142 1982
f 3634 3636 6142
f 5470 5468 5467
f 4667 4671 4884
f 6622 7667 6623
f 4421 4425 4427
f 6409 6414 6407
f 7341 7333 7878
f 9752 9801 9754
f 9752 9754 9750
f 350 351 361
f 5332 5317 7724
f 400 422 440
f 3099 3549 7139
f 3099 3548 3549
f 984 983 994
f 3308 2998 6440
f 5931 5952 5936
f 5931 5936 5935
f 8857 8914 8910
f 8181 3919 6715
f 3769 3793 3782
f 3312 4012 2715
f 5720 7800 5722
f 4851 4854 4849
f 9554 9556 7747
f 9405 8167 8168
f 8002 6061 7648
f 7392 4484 4485
f 8612 8604 8613
f 5036 5080 5081
f 5955 5953 5954
f 7591 7839 7587
f 5744 5740 5741
f 5579 5546 5578
f 4031 3872 3825
f 7055 7056 7054
f 1346 1347 1348
f 8226 7946 7959
f 4378 2057 4379
f 5182 5192 5183
f 8156 9029 9087
f 3297 2712 3178
f 964 1607 892
f 4039 3557 3933
f 252 849 245
f 7959 7960 8443
f 9502 9181 9756
f 3961 6644 3954
f 466 486 464
f 2647 6480 2648
f 9083 7119 7914
f 4662 4672 4673
f 1024 6999 739
f 5292 5301 5275
f 5292 5306 5301
f 3765 3795 7755
f 2323 2297 2298
f 3403 4359 4358
f 1919 1636 1638
f 4736 4743 4617
f 459 453 454
f 4083 8185 7360
f 4083 7360 8121
f 3999 4380 3668
f 5970 9356 7727
f 4740 4752 4742
f 5051 5048 5052
f 8088 8087 8085
f 4866 4868 4863
f 8731 8729 8089
f 8413 8414 6664
f 4589 4592 4591
f 8796 6589 7920
f 4926 4961 4973
f 1345 1349 1333
f 2761 2996 2874
f 6519 7826 7100
f 6519 7828 7826
f 595 596 597
f 914 911 1300
f 2693 2279 2275
f 9755 9396 9401
f 4142 2325 957
f 3909 5996 7484
f 3632 2644 2704
f 8138 9067 9007
f 1375 2414 1383
f 9890 9982 9540
f 5448 6474 5442
f 6070 6072 6815
f 9821 9619 9842
f 7586 7942 8934
f 5725 5716 5726
f 5673 3623 3622
f 5227 5229 5228
f 5818 5831 5817
f 1465 1408 3862
f 5561 5554 5560
f 2089 2087 2086
f 5181 5175 5182
f 2315 2350 2290
f 9302 9305 9300
f 4014 2280 4016
f 6224 5995 6432
f 1382 1386 1381
f 1751 1298 1204
f 1751 1204 1218
f 5552 5556 5550
f 8691 8795 8954
f 5113 5116 5108
f 4416 4404 4400
f 8715 8712 8713
f 6349 6274 3836
f 3971 8956 8520
f 6173 6175 7249
f 9909 9920 9905
f 372 357 368
f 4005 4009 9520
f 5638 3209 5636
f 82 130 72
f 3736 6834 3915
f 2665 919 2666
f 2288 2290 2309
f 2288 2309 2326
f 1492 3833 2110
f 1492 2110 2685
f 5951 5947 5943
f 3574 3570 3573
f 3499 3501 5991
f 614 850 623
f 5448 5442 5447
f 5795 6426 5522
f 1664 1673 3992
f 4296 4238 4274
f 2059 8687 8685
f 3312 3918 3922
f 3312 3922 4012
f 5881 5442 6474
f 3647 3644 3646
f 3791 3803 3801
f 4956 4653 4652
f 9264 9185 8833
f 22 142 291
f 9689 7967 8444
f 4190 4189 4188
f 3895 3893 6261
f 3895 6261 3896
f 3386 3865 8072
f 7017 3812 9407
f 6183 4088 4099
f 8235 8240 8238
f 5143 5137 5146
f 6610 2200 7000
f 323 1872 327
f 8907 9574 9576
f 8958 9515 9514
f 2696 3701 3702
f 5744 5741 5742
f 3573 3572 3575
f 3573 3575 3925
f 8827 8828 8829
f 2533 2538 2531
f 2099 2088 2103
f 554 537 562
f 5716 5725 5724
f 1532 2118 762
f 5119 5120 7862
f 1680 1706 3843
f 128 131 627
f 7485 7493 7506
f 8239 8498 8243
f 9179 9193 8685
f 984 1866 1845
f 7328 7333 7336
f 7633 7634 7631
f 2694 2279 2693
f 5863 7816 7819
f 5863 7021 7816
f 5336 5335 5333
f 3885 3891 3900
f 2283 2282 2267
f 3293 7830 7412
f 5776 5771 9991
f 1357 1354 1351
f 1576 1574 1572
f 9425 9429 9428
f 2014 1985 1981
f 5674 3863 6457
f 1111 1109 1206
f 8740 8190 8439
f 3425 3424 3420
f 3883 3887 3886
f 2336 2344 2340
f 2141 6440 4023
f 2542 2322 2462
f 2371 3687 2373
f 4783 4798 4839
f 5135 5371 4824
f 4201 4198 4203
f 2598 2596 2584
f 5023 7092 4987
f 8536 4528 8539
f 4063 4060 8980
f 7483 7481 7485
f 7439 6486 6492
f 7439 6485 6486
f 6695 6696 8494
f 3780 3779 3769
f 2461 857 910
f 9452 2683 2674
f 9337 9720 9194
f 363 491 370
f 8757 8959 8961
f 1890 1895 2137
f 5460 8502 9173
f 805 787 806
f 4277 4276 3858
f 3495 3497 4119
f 6151 6854 6150
f 7939 7788 8933
f 8519 8691 8954
f 6969 6334 6970
f 6969 6332 6334
f 5684 5686 5685
f 4250 4239 4238
f 4250 4247 4239
f 5638 3349 3209
f 4018 4017 2687
f 1468 1441 1518
f 6033 1533 3327
f 6583 5129 4845
f 6910 2424 2423
f 5636 5641 7615
f 5636 7615 5638
f 9960 9599 7177
f 6820 6799 6807
f 7066 7085 7068
f 2833 2835 2849
f 2571 2553 2562
f 3812 7017 7015
f 8847 8848 8844
f 4287 7538 4212
f 3868 514 24
f 9488 8789 8791
f 7962 7964 7965
f 955 494 889
f 955 954 494
f 4411 4410 5111
f 7627 7682 7626
f 5261 5258 5260
f 5468 5503 5467
f 1666 2466 3848
f 439 452 400
f 2340 2344 8346
f 5528 5071 5531
f 7333 7328 7878
f 2871 2765 2734
f 3774 3777 3773
f 2950 2956 2973
f 2950 2973 2948
f 5267 5268 5276
f 6828 2474 2471
f 3687 3688 5692
f 1422 1425 1459
f 6351 8940 6317
f 7362 7365 7364
f 3056 3061 3089
f 3520 9159 7983
f 7413 2660 5649
f 538 554 540
f 4470 4473 4472
f 101 503 100
f 9506 9502 9756
f 928 1190 2272
f 7977 9126 9493
f 5019 5020 8990
f 9394 9399 9447
f 9394 9396 9399
f 6743 6742 6738
f 6743 6738 6745
f 2713 2316 3273
f 5944 5941 9934
f 5745 5742 6159
f 7734 5651 6370
f 6048 3607 6907
f 3908 3889 3892
f 5727 5725 5726
f 7728 5665 7730
f 7728 5666 5665
f 1525 683 679
f 4348 4375 4376
f 4198 4323 4203
f 3257 3239 3256
f 1060 1057 6880
f 6355 4140 7856
f 6358 6557 5883
f 6358 5883 5884
f 3447 3442 3446
f 4932 5397 4908
f 2546 2547 2161
f 2366 2360 2668
f 6549 6527 6543
f 1865 2480 2478
f 5020 5019 5022
f 9027 9500 9026
f 982 983 984
f 5175 5181 5184
f 8725 6713 5645
f 4952 4956 4652
f 578 1551 1552
f 2712 2316 2713
f 4492 4493 5380
f 2020 1458 3694
f 4026 5663 3987
f 3204 3184 3147
f 849 276 2481
f 1121 1123 1122
f 3449 3447 3448
f 9769 9878 9770
f 7919 8137 7918
f 7492 7498 7495
f 8339 8721 8719
f 3508 6226 7795
f 3508 2848 6226
f 1492 1331 1330
f 1546 580 646
f 1546 645 580
f 6907 2232 8840
f 6434 6831 6676
f 4509 4449 4436
f 6329 6331 6339
f 3405 3408 3407
f 7152 4063 8980
f 8757 8833 8756
f 8757 8961 8833
f 6271 5887 5885
f 6617 6619 7250
f 1251 1242 1291
f 8983 8904 8927
f 442 441 395
f 887 2366 6659
f 5819 5818 5828
f 7487 7486 7479
f 570 571 542
f 2331 4132 7168
f 642 206 644
f 4791 5383 4960
f 6210 6555 5787
f 4117 3379 3388
f 6891 3846 9074
f 1576 1581 1580
f 2079 691 1916
f 2079 2416 691
f 3534 2585 3536
f 9933 9363 9861
f 362 453 360
f 1806 1059 3506
f 9215 8631 8649
f 4848 4707 4850
f 9034 8244 9035
f 3322 3304 3272
f 1592 1588 1585
f 8744 8832 8743
f 5700 7471 3724
f 4798 4783 4784
f 6582 6580 6579
f 1845 982 984
f 2016 3188 3302
f 6258 7888 7688
f 8493 5975 5754
f 5172 5190 5176
f 5305 5307 5304
f 6401 6400 8192
f 6698 7128 7127
f 7266 2160 6588
f 7266 1308 2160
f 2616 7016 3524
f 2944 2907 2923
f 7339 7337 7338
f 1705 2083 1707
f 4423 6374 4426
f 413 415 412
f 7537 8706 7538
f 2229 764 1795
f 2849 2801 2817
f 1799 8315 4069
f 9027 9690 8045
f 5218 5219 5154
f 2997 6445 3522
f 6456 6230 1483
f 2509 2500 2499
f 4496 4478 4446
f 4496 4490 4478
f 6211 6209 6556
f 4603 4586 4549
f 4079 2538 2539
f 5070 5405 4942
f 5101 4856 5516
f 8304 8298 8297
f 5517 4915 4916
f 348 448 494
f 2702 2641 2636
f 5857 5854 5856
f 9798 9371 9355
f 3859 3565 3475
f 435 396 397
f 2267 2265 2268
f 5739 5742 5741
f 4968 7012 6870
f 4968 6870 5363
f 2453 1797 1800
f 1442 1438 1466
f 2658 2661 1694
f 9795 9464 9463
f 5077 5075 7171
f 6355 7856 7383
f 925 914 976
f 4598 4528 4610
f 9894 9732 9417
f 4467 4472 4468
f 8871 8868 8869
f 1352 2329 5728
f 5551 5550 5570
f 2249 1602 1600
f 412 416 419
f 7710 8951 7712
f 1858 2437 7463
f 954 553 551
f 1858 2433 2437
f 2371 3684 3688
f 7063 7058 7060
f 8863 8865 8867
f 5419 6481 6479
f 8074 7405 8332
f 1013 1906 1014
f 1831 1832 2476
f 4871 4755 4941
f 6268 1726 2656
f 6591 9610 7261
f 9321 9323 9320
f 9288 8970 9569
f 7996 3887 6568
f 8605 8597 8599
f 4924 6692 4704
f 6378 6375 6377
f 3706 3732 3705
f 5704 4864 6991
f 561 549 528
f 8473 8349 5794
f 2471 2472 983
f 3724 7785 8030
f 2161 1464 4135
f 2161 1479 1464
f 2194 2198 2200
f 5920 5923 5919
f 5214 5230 5415
f 9970 9873 9950
f 845 691 870
f 2363 2362 2360
f 7982 2145 7807
f 8421 8422 8319
f 7902 3795 3778
f 1581 1584 1580
f 1747 1725 1720
f 4578 5688 4596
f 3463 3465 3466
f 5417 5225 5222
f 2200 7894 6885
f 5446 5352 6863
f 5496 5497 5499
f 3767 3766 3772
f 5827 5824 5815
f 3215 2831 2835
f 4946 7992 4900
f 2754 2745 2763
f 6358 5882 1897
f 1292 2545 1264
f 8882 8915 8881
f 3310 3625 3312
f 3310 3864 3625
f 4410 4411 8522
f 7384 7387 2059
f 6003 3890 3908
f 4481 4492 6426
f 1614 1473 1429
f 6199 6197 6196
f 3234 3230 3965
f 939 623 626
f 3345 2305 6136
f 3316 2939 2938
f 396 377 442
f 5995 3872 4031
f 2511 1861 7267
f 2511 3874 1861
f 2289 2291 2288
f 451 448 348
f 8428 8820 8672
f 568 578 1555
f 6029 6034 6033
f 555 955 582
f 3491 3489 3492
f 8222 8435 8947
f 3589 2309 2350
f 5435 5454 5899
f 9367 9458 5966
f 3215 2994 2831
f 5445 5449 6115
f 9187 8864 8928
f 8985 9097 9183
f 5604 5603 5600
f 9529 8948 8949
f 6991 7366 6990
f 5998 5068 5999
f 3343 3748 6652
f 956 971 347
f 5746 5750 5744
f 5746 5747 5750
f 4823 4685 4690
f 4772 4574 4578
f 6374 5406 4426
f 7284 6662 3578
f 488 361 356
f 6597 6603 6601
f 9533 9836 9433
f 9533 9835 9836
f 5893 4533 4611
f 9388 6516 9389
f 9719 9488 9054
f 9719 9054 9053
f 6217 4951 6564
f 8524 8523 8522
f 4053 7200 7676
f 2852 3134 3086
f 6291 6310 6309
f 503 101 120
f 1356 1358 1357
f 9336 9334 9102
f 5953 5933 5954
f 9367 9519 5969
f 452 439 425
f 840 299 303
f 9019 9022 9814
f 7551 4925 4922
f 9348 9345 9344
f 3468 6220 3467
f 3632 7119 9083
f 6193 6192 6194
f 7548 7549 7552
f 5042 5252 5689
f 5042 5689 8079
f 6488 6482 6485
f 9115 5483 5487
f 1332 1333 1487
f 4059 4063 6372
f 1778 1779 1777
f 9278 7989 7994
f 7742 7738 7741
f 4764 4765 4711
f 9592 9755 9329
f 1309 2657 2111
f 5890 4103 6773
f 2322 2323 2307
f 5624 5866 5614
f 4148 4214 4161
f 5836 5828 5817
f 9915 9921 9906
f 4852 4853 4855
f 7287 7206 7208
f 5928 2333 2340
f 3953 3955 3306
f 8902 8900 9606
f 7446 7445 7447
f 7070 8813 7082
f 5441 5438 5434
f 4503 4504 4619
f 7385 7413 6268
f 8156 8154 8155
f 7097 8412 5853
f 4495 4488 4486
f 8425 2797 2776
f 4801 4799 5383
f 5005 5002 5103
f 4129 4131 2332
f 9767 9760 9761
f 7523 9408 7521
f 9756 9829 9506
f 4238 4239 4232
f 7643 7684 4191
f 8261 9193 9179
f 6204 958 961
f 2687 4019 4018
f 7690 7045 10002
f 1223 1208 1224
f 465 453 459
f 9185 9264 9214
f 8286 8280 9594
f 8286 9594 9530
f 5924 5923 5925
f 1851 1288 1283
f 1851 1850 1288
f 5765 5619 7683
f 423 424 422
f 7780 7783 8700
f 7780 7784 7783
f 6949 2525 8454
f 651 632 648
f 5814 5831 5818
f 6249 2225 8796
f 3781 6971 8029
f 3781 8029 3780
f 5401 4946 4941
f 5823 5826 6258
f 3099 3223 3548
f 7632 7628 7689
f 568 583 563
f 4018 4037 4020
f 5433 5441 5434
f 395 396 442
f 8329 7909 6827
f 3921 3892 5983
f 2111 2025 1314
f 3782 3792 3781
f 4792 8958 9157
f 2696 4054 3862
f 7346 7949 7950
f 7346 7950 7345
f 1616 1620 1807
f 4717 4747 4744
f 4799 4801 4830
f 3638 3678 6476
f 4238 4296 4298
f 3824 3577 6159
f 9035 8244 9236
f 4331 4329 9326
f 5017 5020 5022
f 807 809 808
f 2018 2390 2393
f 5678 5677 5670
f 4092 4093 4102
f 8893 9060 8897
f 785 783 788
f 4055 5634 6625
f 2821 2822 2820
f 6058 6059 7994
f 5117 5389 5695
f 4452 4948 4434
f 6977 6402 7394
f 4755 4753 4928
f 3902 8714 8055
f 6843 6840 6841
f 6105 6113 6107
f 3204 3585 3588
f 3414 3411 3410
f 7160 8727 7159
f 5198 5190 5172
f 5786 5788 5785
f 2696 2020 2695
f 1185 1177 2176
f 8581 8606 8580
f 9076 9420 9421
f 2053 1831 3580
f 6221 5292 5275
f 4470 4467 4477
f 3867 1632 2579
f 3706 3705 3703
f 2319 759 2139
f 5869 6181 4048
f 6338 6340 6321
f 562 550 551
f 5811 5329 5328
f 8536 4498 4608
f 4753 4750 4927
f 3735 6834 3736
f 2249 2250 1602
f 2239 2881 2238
f 2297 2300 2298
f 8114 9120 6262
f 8114 6262 7448
f 5006 5004 5013
f 6880 1057 2386
f 3113 3111 3125
f 4745 4744 4751
f 862 1606 909
f 5875 9244 5878
f 5875 5878 5874
f 5820 5821 5823
f 5239 5236 5222
f 3940 7109 7708
f 5582 5574 5575
f 9016 9590 7440
f 6388 6396 6386
f 4669 4679 4670
f 6333 6336 6343
f 8211 7223 8213
f 8303 8288 9996
f 3340 1950 3510
f 2643 2651 2653
f 2521 2530 2526
f 8253 9805 8259
f 5237 5212 5210
f 2858 3508 3087
f 9370 6424 8382
f 3319 8026 6242
f 7993 7943 7589
f 7446 7447 7721
f 8448 1781 7154
f 9392 9390 9395
f 7254 7270 8054
f 9310 9330 9307
f 3308 2872 2996
f 7199 3370 4084
f 9757 6365 9210
f 8755 8756 8758
f 6211 6210 6209
f 4730 4875 4734
f 5103 5012 5010
f 5103 5010 5005
f 2852 3086 2879
f 81 135 298
f 81 298 219
f 1632 1515 1635
f 5566 5586 5567
f 5946 5938 5944
f 9865 9033 9413
f 818 812 797
f 8858 8914 8857
f 5481 5483 9115
f 1584 1585 1587
f 788 783 806
f 9034 9036 9515
f 3565 3566 3810
f 8481 8785 9964
f 753 772 771
f 753 771 770
f 7279 8735 7282
f 5020 5627 8990
f 4791 5385 5383
f 8954 8981 8519
f 2694 2314 2289
f 3468 3467 3465
f 1352 2048 2329
f 8861 8857 8862
f 4051 4039 3933
f 1566 2389 129
f 2841 6375 6378
f 2841 2842 6375
f 9207 9473 9521
f 4003 3657 3675
f 9007 7679 8825
f 7879 7053 7084
f 554 538 537
f 7021 5854 5857
f 7021 5863 5854
f 5182 5175 5177
f 8239 8236 9066
f 5971 4847 6062
f 1105 1205 1118
f 1105 1118 1107
f 888 561 589
f 8978 8333 9114
f 4656 4598 4610
f 3289 3290 2060
f 8362 3284 3564
f 6113 6105 6106
f 134 139 98
f 2366 887 933
f 2605 2439 4100
f 4097 1493 7161
f 4229 4225 4269
f 1225 1185 1224
f 555 553 955
f 8215 8116 8372
f 8812 9228 9255
f 5021 5627 5020
f 8454 8345 9852
f 8021 6458 5727
f 9369 5949 9370
f 3998 1706 2463
f 4466 4467 4468
f 3560 1530 1531
f 3484 3463 3466
f 1607 927 2272
f 4054 1460 3862
f 4199 4181 4197
f 6955 6953 6952
f 7464 4170 4171
f 3695 3563 3744
f 9507 9850 9510
f 6215 5758 5756
f 6690 8825 7679
f 107 105 109
f 4348 4344 4338
f 6177 6057 6064
f 8457 8010 8009
f 4134 3799 7182
f 4610 4526 4957
f 1687 1686 1684
f 7590 8176 7592
f 2420 2418 2419
f 6057 4919 6059
f 4938 8359 4965
f 3876 2407 2405
f 2301 2319 710
f 9181 8139 8981
f 8431 8434 8432
f 8431 6542 8434
f 8574 8570 8573
f 9137 9174 8817
f 5225 5221 5222
f 1289 1273 1277
f 8613 8604 8614
f 1966 1953 1946
f 8918 9532 9384
f 1966 1946 1950
f 7068 8813 7070
f 5419 6479 6114
f 6114 5420 4666
f 7927 3419 3416
f 7927 7925 3419
f 4566 4559 4561
f 8137 9466 7918
f 2472 2447 983
f 8797 9270 9896
f 2385 1844 1843
f 7280 3666 3665
f 2344 2342 2347
f 5823 6258 5830
f 1478 1480 1481
f 5128 4734 8818
f 46 968 598
f 2511 7267 2486
f 8600 8602 8601
f 7513 7511 8512
f 2295 2298 2300
f 6299 6297 6285
f 2212 8943 9140
f 694 978 977
f 694 690 978
f 5815 5818 5819
f 915 900 907
f 3355 9558 9364
f 958 6204 2473
f 2372 2367 2370
f 2265 2267 2264
f 4996 7131 7758
f 7112 8671 7963
f 5798 4037 6130
f 7228 4007 7229
f 470 431 471
f 4319 6173 7249
f 3864 3877 3625
f 9052 9051 9053
f 8313 9001 9512
f 855 433 612
f 7795 7015 7796
f 6254 8435 6998
f 4912 6216 4910
f 6614 6685 6615
f 3766 3769 3779
f 5865 9930 9929
f 7777 7782 7775
f 3728 8095 5710
f 3728 5710 3725
f 4045 4046 4043
f 1314 1315 1312
f 906 6144 6590
f 9214 9586 8318
f 3667 3999 3668
f 4466 4471 4467
f 6141 1043 7686
f 6608 6612 6609
f 4881 6162 5253
f 6142 3717 1996
f 6615 7667 6622
f 475 485 474
f 6718 6107 6721
f 7690 7048 7044
f 7690 7044 7045
f 1860 1854 1857
f 8568 8612 8569
f 7455 7186 7184
f 986 991 988
f 2812 2809 2816
f 7202 7208 7206
f 9636 9637 9957
f 75 87 74
f 2411 6136 2465
f 8678 6144 8462
f 3310 3309 3210
f 5640 6130 6830
f 1544 755 758
f 1544 758 759
f 4903 4492 5380
f 8865 9108 8867
f 8912 8928 8874
f 7559 7560 7562
f 4779 4784 4783
f 3876 3881 3854
f 977 978 687
f 2111 2045 2031
f 4766 4711 4618
f 5346 5285 5340
f 3673 3668 7228
f 7058 7063 7057
f 7058 7057 7054
f 8823 8407 6732
f 4135 3527 2546
f 8639 8629 8628
f 4932 4702 4701
f 7336 7338 7337
f 4900 4941 4946
f 8785 8481 8969
f 2879 2779 2852
f 1483 1316 2445
f 1483 2445 6456
f 6463 6461 8038
f 3887 3892 3886
f 6638 6932 6635
f 6905 7257 7116
f 3438 3436 3441
f 553 562 551
f 1984 1985 1990
f 4890 4950 4896
f 1906 6443 1909
f 9774 9406 9279
f 5608 5801 5195
f 1944 1938 1962
f 1944 1941 1938
f 6293 6350 6303
f 2256 6578 2254
f 3811 7415 3754
f 1685 1682 1705
f 1685 1678 1682
f 3312 3625 3918
f 7073 7074 9195
f 474 489 473
f 2462 2432 2542
f 8446 6422 9111
f 909 856 861
f 4020 2440 4017
f 7138 7141 7140
f 3000 3295 3321
f 450 889 448
f 6872 3465 6032
f 6178 3409 3408
f 8872 8882 8881
f 467 470 471
f 4038 4037 4018
f 2804 2802 2807
f 4717 4721 4719
f 8474 9173 9174
f 2955 3101 3091
f 2955 3097 3101
f 7294 6971 5654
f 2108 6707 1878
f 8204 7542 8501
f 5232 5415 5230
f 4602 4648 4691
f 2473 6828 2471
f 5348 6657 5347
f 1250 1251 1291
f 6697 6694 6695
f 9425 9424 9429
f 4015 3877 3983
f 4015 3878 3877
f 9196 8956 8955
f 9356 5960 5666
f 9356 5666 7728
f 5142 5138 5156
f 2248 1292 3350
f 4829 4742 4746
f 7339 8325 7315
f 5896 2255 5894
f 9531 9686 9574
f 7338 5356 7340
f 9531 8857 8910
f 3401 2025 3402
f 8776 10002 7053
f 8776 7053 7879
f 2708 2541 1299
f 435 399 396
f 6149 7409 3815
f 8126 6786 8129
f 5747 5746 5748
f 5846 5845 8122
f 2629 2623 2624
f 5820 5827 5815
f 7520 7521 7509
f 3633 2407 3876
f 7168 5896 5894
f 2835 2833 2995
f 3781 3780 3782
f 6673 8458 8409
f 4926 5688 4594
f 4926 4594 4593
f 1902 1903 1721
f 7312 7316 7930
f 7312 7930 7929
f 9996 9997 8303
f 5972 3436 3473
f 8312 7511 7753
f 6972 3481 3870
f 3605 3606 3604
f 9848 9845 9846
f 9848 9847 9845
f 1598 1603 2709
f 6360 6361 6363
f 9542 9660 9541
f 7529 2593 7528
f 915 898 900
f 8561 8564 8559
f 7895 9145 7893
f 6389 6388 6390
f 4469 4850 4707
f 2457 1898 1896
f 1615 104 1913
f 7101 2070 6238
f 7101 6240 2070
f 6323 6315 7304
f 1711 2659 1712
f 1711 2661 2659
f 6596 7108 6306
f 1422 1459 1449
f 3840 6227 6554
f 4994 4991 4990
f 8997 8521 8520
f 2881 2239 5915
f 852 559 1528
f 3685 7680 6847
f 1430 1405 1415
f 3769 3782 3780
f 4344 4340 4338
f 5013 5005 5010
f 9785 9372 9084
f 468 865 1543
f 468 399 865
f 1046 2872 3308
f 2500 2511 2510
f 3786 3784 3788
f 6628 6302 7107
f 6628 7107 7103
f 4903 5524 5431
f 5791 5786 5792
f 7504 7510 9410
f 2707 3953 2264
f 6427 6426 5795
f 3882 4113 3622
f 8834 9646 9643
f 952 738 936
f 2617 1629 6561
f 7797 8240 8177
f 3882 6154 3912
f 8425 2776 6654
f 9062 9060 9192
f 3348 252 245
f 3326 831 778
f 4024 4026 3987
f 1733 1739 1735
f 5198 5443 5433
f 947 645 1546
f 9841 9840 9845
f 9841 9845 9847
f 8782 4199 8784
f 4166 4312 4294
f 8883 9683 8921
f 2500 2498 2496
f 7878 7328 7327
f 3779 3772 3766
f 6294 6311 6794
f 6504 5611 6112
f 6504 6491 5611
f 6604 6603 6597
f 2036 4137 2327
f 7736 7741 7737
f 5536 5348 5350
f 8312 8667 7511
f 9951 7531 9341
f 469 467 468
f 7471 3697 4134
f 3784 3786 3783
f 5882 3216 6042
f 8442 6772 6893
f 5627 5038 5037
f 1607 2272 2270
f 7176 8736 7177
f 9349 9975 9849
f 8027 7111 2476
f 6710 1928 1937
f 2368 3684 2362
f 2368 5690 3684
f 5769 5773 5771
f 6670 6368 6668
f 9129 8959 9130
f 8612 8613 8569
f 7189 7193 7191
f 7892 2529 2528
f 3397 3389 3384
f 7907 8463 7906
f 1421 1418 1415
f 5009 5008 5024
f 8111 5981 7676
f 4830 6062 5089
f 5152 5143 7121
f 8868 8867 8869
f 3927 3932 3930
f 5811 5328 5361
f 8496 7282 9953
f 561 528 589
f 440 422 424
f 440 424 418
f 7355 7353 7354
f 7081 7075 7076
f 3380 3388 3379
f 6032 3465 3470
f 5158 5159 5156
f 420 405 393
f 5529 5126 6225
f 5529 5532 5126
f 3033 3023 3030
f 6891 6888 5859
f 2382 3359 1961
f 3902 8055 8790
f 2189 2515 1273
f 541 538 540
f 541 540 584
f 217 203 272
f 3129 3125 3127
f 2289 2288 2326
f 5237 5210 5364
f 5399 4949 4950
f 1881 9094 1740
f 1881 1740 1741
f 2438 1309 1305
f 8413 7922 9546
f 2243 1883 1900
f 2243 1885 1883
f 3645 3644 3660
f 6046 2346 3863
f 6014 6016 6017
f 8535 7937 8328
f 8535 9156 7937
f 7723 9324 6465
f 2909 2969 2917
f 8027 3552 8054
f 8389 8384 8388
f 3694 1458 1485
f 9621 9305 9308
f 3008 3009 3001
f 473 475 474
f 4518 4514 4620
f 9255 9223 8810
f 9255 8810 8808
f 4597 4957 5419
f 1555 1557 568
f 1415 1405 1404
f 5815 5824 5833
f 8652 8662 8704
f 7836 8514 7632
f 5383 4798 4960
f 3462 3475 3473
f 5718 5716 5724
f 1314 2025 2048
f 6680 6682 6679
f 3794 3801 3777
f 9314 7852 9313
f 374 375 376
f 3215 2995 3487
f 3215 2835 2995
f 1895 1894 1901
f 4082 7343 6239
f 4082 6239 6233
f 1367 1362 1391
f 9200 7522 9971
f 3732 3708 3734
f 1973 548 587
f 7567 7579 7594
f 3503 1456 1491
f 7178 7321 7176
f 3642 3926 3652
f 3642 3925 3926
f 3612 3614 3613
f 4651 4649 4800
f 1291 7236 1250
f 2863 2834 2850
f 8764 7447 7443
f 4127 5909 4052
f 9874 7056 7055
f 5238 5215 4811
f 5965 9934 8476
f 1185 1299 1181
f 4494 5380 4493
f 4495 4486 4499
f 5886 7936 3555
f 4913 8473 8475
f 4913 4909 8473
f 3517 5764 3516
f 3517 3516 3515
f 944 8427 2330
f 5971 6062 4805
f 9032 9157 9261
f 379 468 467
f 6060 7824 6072
f 5261 6898 5258
f 517 447 519
f 2125 1838 2609
f 5816 5818 5815
f 9617 9621 9620
f 6766 6758 6765
f 9595 9742 9449
f 6060 6058 7994
f 5453 5441 5225
f 6692 4705 4704
f 6428 5679 5676
f 1592 1591 1769
f 1592 1769 1588
f 9458 9367 9382
f 6281 6285 6278
f 5583 5568 5563
f 8506 8528 9884
f 223 182 186
f 2052 2009 2017
f 1185 2176 1223
f 3518 3583 4143
f 2646 5982 3479
f 4551 4585 4590
f 2405 3883 3881
f 6728 6731 6730
f 6817 9290 9013
f 7718 7715 6776
f 8245 8249 8246
f 525 527 526
f 1430 2383 1405
f 8718 8721 8339
f 5101 5515 9315
f 7554 8971 7703
f 1351 1354 1353
f 7495 7505 7506
f 6348 7609 7610
f 6361 8272 6363
f 5944 5965 5946
f 2466 3841 3848
f 1061 1060 6880
f 5004 5005 5013
f 1768 1591 1551
f 9979 9871 6765
f 4957 4597 4610
f 2297 2301 2300
f 6499 6517 6497
f 3337 2331 7168
f 4017 4018 4020
f 2393 6189 6184
f 5184 5173 5174
f 7195 7197 6796
f 2337 2333 2331
f 5835 5248 5251
f 4577 4578 4574
f 1795 994 2229
f 3558 3559 3561
f 4234 4179 4236
f 4234 4253 4179
f 682 688 687
f 340 330 328
f 6408 6397 6403
f 7314 7312 7310
f 3046 3298 3044
f 3236 3237 3233
f 8027 2476 3552
f 8040 9093 9005
f 8620 8619 8664
f 8182 7166 6540
f 4055 3461 3509
f 2318 2325 2324
f 8750 8748 8749
f 8750 8749 9374
f 2875 3333 3134
f 2993 6445 2994
f 2993 2093 6445
f 8835 9963 8309
f 8415 8684 8034
f 9404 7548 7552
f 1710 982 1845
f 8751 8832 8836
f 9952 9983 8344
f 5540 5031 5041
f 7400 8780 8996
f 5995 6224 3872
f 2217 2221 9084
f 9556 9584 7747
f 5148 5150 5149
f 1656 1657 1676
f 2438 1304 1313
f 2441 2537 2103
f 557 546 567
f 9292 7443 7444
f 581 8363 6973
f 5496 5495 5494
f 2273 2697 2274
f 4989 4990 4991
f 9312 2245 6365
f 8536 4526 4528
f 2440 4020 976
f 1349 1345 3582
f 7580 7913 7584
f 9346 6906 9353
f 9346 9209 6906
f 2541 1181 1299
f 8368 8363 646
f 5523 5521 5431
f 8051 8052 8053
f 6612 6611 6609
f 1442 1466 1443
f 3921 8096 3908
f 8580 8602 8578
f 7212 7911 7214
f 5901 5900 5607
f 321 320 319
f 956 552 971
f 9657 3686 3913
f 7972 8444 7967
f 3285 3683 3287
f 1795 984 994
f 9171 8732 5402
f 6033 3327 6029
f 6309 6292 6291
f 6336 6329 6339
f 8839 8850 8853
f 8839 8853 8837
f 7681 8346 6787
f 1134 1131 1137
f 538 536 537
f 5011 5014 5007
f 7317 9259 7654
f 9327 9322 9325
f 1586 1581 1590
f 6896 3488 3484
f 6896 3484 6792
f 5435 5453 5454
f 4677 4672 4665
f 6843 6839 6840
f 2040 2041 1670
f 2040 1670 2037
f 9676 9677 9089
f 5183 5181 5182
f 9744 8012 3399
f 9744 3399 7011
f 9351 5906 5905
f 9351 5905 9513
f 5658 2445 5728
f 4746 4742 4752
f 9979 8229 8234
f 8104 9833 7114
f 7261 4885 6591
f 3223 3099 3098
f 1043 6141 1004
f 4929 4916 6177
f 4751 4744 4750
f 3413 3410 3416
f 3413 3414 3410
f 8076 7387 8077
f 5554 5561 5553
f 8332 6472 6471
f 8332 6471 8074
f 5347 5350 5348
f 8272 7289 6363
f 469 362 467
f 5350 5352 5349
f 4041 2262 2255
f 4917 5624 6083
f 2812 2816 2819
f 6030 6034 6029
f 3315 3323 3301
f 3315 3301 3300
f 1754 297 616
f 2464 3327 1533
f 2450 2365 2448
f 9120 8167 6262
f 5588 5632 5587
f 8211 7799 7727
f 1767 1568 1570
f 4113 3621 3622
f 1474 2230 1453
f 4655 4490 4496
f 5267 5334 5299
f 6072 6811 6813
f 4087 6182 6179
f 4087 6179 4086
f 6072 6813 6812
f 2652 6691 5868
f 2652 5868 2651
f 8412 6148 6087
f 4802 5078 4804
f 4802 4801 5078
f 1768 1551 1549
f 5783 5786 5785
f 6092 1795 942
f 9549 9492 9491
f 1981 1984 1983
f 1849 1850 1848
f 3645 3640 3643
f 3912 4113 3882
f 575 115 574
f 2589 2593 8426
f 6766 6765 9871
f 7852 9964 9313
f 5717 5716 5718
f 448 889 494
f 1368 1361 1355
f 9049 9051 9052
f 9049 9048 9051
f 5488 5490 5485
f 4553 4562 4580
f 2376 5895 2380
f 1750 3482 5675
f 2379 6829 6809
f 4051 4053 7676
f 4051 3934 4053
f 2657 1309 2438
f 8039 4377 4355
f 9685 9459 9560
f 1530 2284 3350
f 1530 3350 1293
f 8357 8173 8171
f 8896 8903 8890
f 4663 4660 4664
f 2239 2692 2241
f 8363 8368 8365
f 8472 8501 7248
f 983 2447 994
f 2541 6000 4012
f 3630 6423 7119
f 3630 7119 3632
f 8904 8919 8927
f 8904 8888 8919
f 3514 3516 3510
f 8081 8449 6873
f 397 400 398
f 7111 4112 2476
f 2171 1644 1785
f 7671 7674 8514
f 3757 3775 3800
f 7730 7557 6627
f 3638 3637 3635
f 3638 3635 3639
f 9189 9133 8802
f 7322 8244 9034
f 472 468 1543
f 7608 7609 6348
f 423 404 406
f 5830 7688 7986
f 2386 1057 3506
f 9053 9051 9055
f 3813 2886 2885
f 7392 7955 7954
f 5869 7262 6181
f 3538 3531 2583
f 4418 4408 8409
f 6984 6983 6981
f 6984 6981 8452
f 466 464 465
f 4964 4980 4973
f 7919 8223 8137
f 1225 3102 3083
f 4133 7189 4131
f 8806 8808 8810
f 6563 5713 5712
f 6598 6597 6600
f 5840 5361 5331
f 9090 9408 7523
f 6079 6066 6069
f 8523 8524 9153
f 7273 6345 6346
f 9237 9408 9409
f 5789 5781 5785
f 6573 5679 6428
f 3924 2326 2309
f 4724 4732 4721
f 1599 2446 3594
f 4328 4327 4321
f 626 623 850
f 4564 4618 4708
f 4578 4590 4591
f 6731 6733 8977
f 9220 9218 9226
f 6986 6984 7358
f 6986 7358 7356
f 6487 9292 6483
f 9507 6861 8773
f 5075 6832 8379
f 4924 4923 7162
f 4342 2526 2530
f 4342 2530 2535
f 3413 3418 3414
f 7203 8375 5840
f 1586 1585 1584
f 1207 1171 1170
f 258 256 257
f 3785 8029 7294
f 4610 4663 4656
f 3433 3432 3430
f 9443 9151 7648
f 2754 2755 2744
f 5964 5967 4010
f 2307 2298 2299
f 2203 4087 4086
f 9391 9394 9447
f 1666 1674 3849
f 4501 4925 5100
f 4208 6785 4156
f 2253 2255 2262
f 6987 7800 9493
f 8277 3991 6191
f 4380 4001 4007
f 8468 8471 6743
f 6491 6504 6492
f 3853 3851 3852
f 3853 3633 3851
f 8625 8624 8641
f 4992 4976 4974
f 8311 8309 9963
f 7722 8046 7612
f 2579 1632 3870
f 1590 1567 1563
f 2025 3401 2048
f 9430 9544 9662
f 5826 5823 5825
f 3953 3306 2264
f 5621 5608 5195
f 4241 4233 4237
f 5052 5049 5065
f 7441 5354 8532
f 1351 1350 1502
f 5440 5439 5438
f 9790 9873 9791
f 6283 6286 6287
f 5759 4427 5760
f 2125 1782 1802
f 4341 4342 4314
f 1556 1552 1551
f 204 206 642
f 204 166 206
f 5250 7928 5312
f 475 473 472
f 3318 6030 3280
f 4493 4492 4481
f 4130 4131 7189
f 5994 3621 3615
f 5386 5056 5053
f 8404 8402 8401
f 6284 6295 6299
f 7313 7314 7310
f 3553 8390 8386
f 1856 7267 1860
f 4587 4530 4588
f 3814 3321 6712
f 1517 4117 3388
f 6657 5348 6660
f 6386 6243 6250
f 6475 3347 2507
f 9145 9984 9351
f 9715 7283 6847
f 4888 4887 4678
f 6679 6682 6931
f 6679 6931 6678
f 958 1710 925
f 3588 5639 3183
f 1185 1223 1224
f 5225 5441 5221
f 6960 6955 6952
f 193 191 192
f 4050 6049 6050
f 4050 6050 6051
f 3097 2954 3100
f 4771 8147 7612
f 4771 7612 4765
f 5426 5457 5425
f 5444 5304 5307
f 9881 9640 9777
f 8967 9185 9214
f 7178 9599 9517
f 6325 8767 6328
f 2548 4258 4256
f 7175 7176 7172
f 6064 6068 6067
f 5936 5939 5935
f 5936 5938 5939
f 4618 4564 4581
f 9799 9796 9852
f 3424 3423 3411
f 3424 3411 3415
f 8396 8288 8370
f 4744 4747 4750
f 8235 8234 8229
f 2742 2740 2768
f 7987 8508 1968
f 5101 5516 5515
f 8614 8604 8602
f 8614 8602 8600
f 5764 2607 3516
f 1999 7811 7125
f 6249 6252 6253
f 7166 6541 6538
f 7166 6538 6540
f 6524 6565 6522
f 9396 9755 9397
f 8835 9342 8397
f 4293 4285 8488
f 3087 8463 7907
f 3087 7907 3085
f 1357 1351 1502
f 1357 1502 1356
f 9334 9194 9152
f 4787 4798 4784
f 7627 7630 7836
f 7627 7836 7689
f 3569 3572 3570
f 6537 6539 6541
f 1077 2456 1516
f 3463 3484 3488
f 2916 2866 2886
f 7963 6099 7112
f 6057 6058 6064
f 9648 7848 8449
f 2179 2541 4012
f 2179 4012 3922
f 6059 4918 4917
f 9252 9064 6157
f 4133 4131 7681
f 1874 1747 1908
f 1874 1908 1892
f 5693 5692 5691
f 5439 5440 5912
f 7097 6148 8412
f 4982 5626 4876
f 3360 2379 6809
f 3360 6809 6793
f 5428 5426 6056
f 5428 5430 5426
f 9218 9223 9221
f 6277 2479 6344
f 6467 3220 6554
f 3800 3754 3757
f 8698 8944 8699
f 8423 8772 8411
f 3680 3685 6847
f 7278 3663 3666
f 4740 4742 4843
f 4016 8093 2451
f 2425 2426 2420
f 9203 6916 9489
f 6003 8096 9485
f 9821 9842 9658
f 4766 4618 4581
f 4394 5892 6065
f 5447 5437 5450
f 9171 5402 9107
f 3457 3445 3449
f 8418 8516 8417
f 541 536 538
f 4131 4130 2332
f 6133 3921 5983
f 6614 6617 6616
f 5810 3956 3955
f 2645 2648 2649
f 7278 3662 3663
f 8382 9596 9379
f 5416 5225 5417
f 2815 2814 2813
f 5820 5823 5827
f 4026 4025 8251
f 4026 4024 4025
f 8499 8500 8046
f 7870 2570 2577
f 1571 1581 1576
f 1802 580 899
f 4031 6048 6123
f 7398 7399 5968
f 3783 3779 3780
f 8859 8908 8858
f 5676 5994 6430
f 9205 8486 9590
f 5249 5248 5835
f 6410 3543 5715
f 4598 4881 4528
f 3688 3687 2371
f 4849 4848 4850
f 5775 9346 9353
f 5775 8956 9346
f 7888 7899 7900
f 8750 8754 8748
f 487 402 1811
f 99 627 628
f 7826 9773 7827
f 5002 5076 5103
f 2104 2106 1272
f 4129 5928 7681
f 4129 7681 4131
f 3615 3621 2384
f 7796 7015 7017
f 4943 4942 4944
f 2234 2657 2438
f 1357 1377 1368
f 6708 5678 5679
f 3728 3634 8095
f 5871 3819 3485
f 6607 6612 6608
f 9472 6918 9454
f 8406 8418 8504
f 9261 9391 9447
f 2284 6553 2286
f 7192 6576 6575
f 9615 9606 9607
f 4010 4006 4008
f 9098 9103 9099
f 4926 4973 4980
f 2373 2378 4034
f 1537 639 638
f 2494 9455 8337
f 191 190 182
f 2620 2621 4048
f 7204 7205 7202
f 7204 7207 7205
f 832 2351 809
f 9181 9629 9180
f 5678 5676 5679
f 5438 5437 5440
f 3392 3393 9986
f 2774 2780 2775
f 5225 5416 5453
f 8327 7269 8334
f 8327 7757 7269
f 5121 5122 6460
f 6432 3817 7619
f 6432 7897 3817
f 2423 3550 3341
f 9416 9108 8865
f 2917 2969 2964
f 1516 996 1077
f 1516 2417 996
f 8883 8915 8882
f 9391 9390 9392
f 6618 6621 6617
f 6991 4864 6139
f 8655 8619 8651
f 9484 9539 9890
f 8588 8585 8584
f 8588 8586 8585
f 5604 7929 5603
f 9484 9890 9970
f 8573 8578 8574
f 2509 3595 3874
f 7319 3546 4254
f 2681 3986 3975
f 2681 3975 2673
f 2663 3407 3412
f 8606 8605 8603
f 8606 8607 8605
f 4247 4250 4252
f 2829 2794 2790
f 6606 6605 6603
f 3000 6358 5884
f 2161 4135 2546
f 1869 466 465
f 2847 2861 2850
f 2067 2073 2068
f 7441 7287 5348
f 4692 4684 4706
f 5678 5670 5676
f 8932 6988 6909
f 8765 8016 4415
f 1492 2685 1331
f 7003 7666 7670
f 3608 5895 2376
f 5207 4825 4933
f 4379 4124 1919
f 6761 6760 6756
f 3067 3106 9208
f 7090 7036 7034
f 4989 7131 4996
f 1350 1351 1353
f 6095 6031 3453
f 3545 7869 3544
f 3545 8356 7869
f 379 467 429
f 6149 1256 7409
f 3571 3574 3577
f 9181 9180 8139
f 1425 1455 1459
f 8191 6422 6421
f 1074 7281 7284
f 6949 9796 9795
f 4867 6137 4863
f 4961 4609 4939
f 6119 6118 5445
f 8856 8857 8861
f 3956 6932 3961
f 2694 2693 2314
f 8603 9642 8601
f 1902 1721 1723
f 6660 5303 6657
f 7748 7738 7742
f 4532 4525 4523
f 6960 6957 6955
f 3501 3996 3509
f 3501 3498 3996
f 7256 6857 6858
f 5391 9231 5378
f 435 865 399
f 858 110 112
f 2930 2933 2925
f 5988 2882 3522
f 4656 4663 4664
f 1140 1184 2176
f 9156 8492 8031
f 4913 4914 4909
f 8934 7582 7584
f 4903 6833 4902
f 7836 9235 8514
f 6147 6126 6169
f 6283 6300 6301
f 6283 6288 6300
f 6616 6617 7250
f 6616 7250 7254
f 2813 2821 2820
f 7679 9007 9008
f 9940 9965 9805
f 7619 5638 7615
f 4798 4787 4960
f 6567 2178 2202
f 4132 2331 2332
f 6519 6515 6516
f 797 812 804
f 2409 450 448
f 7387 8687 2059
f 1371 1494 967
f 5658 5731 5657
f 5658 5657 2688
f 3220 3218 6554
f 3397 3391 3389
f 5960 5956 5955
f 5991 3459 3499
f 1985 2014 1994
f 9007 8825 8138
f 9564 6454 6933
f 9321 9320 9039
f 4331 9326 9158
f 8204 6960 6952
f 1910 1526 1097
f 8204 8501 6960
f 2191 2509 2502
f 7512 7516 7947
f 1181 1177 1185
f 6618 6620 6621
f 6593 6595 8440
f 9505 7889 7890
f 2450 3629 5691
f 5577 5547 5579
f 1803 1868 889
f 4342 4341 2528
f 9897 8018 9881
f 3105 3060 3520
f 7602 3901 2594
f 7774 7767 6043
f 8202 8469 6877
f 8202 6877 9501
f 6040 6037 5118
f 5416 5417 5415
f 8163 9599 9960
f 4791 4960 4788
f 5834 5249 5837
f 3038 3072 3068
f 3314 3121 8768
f 5600 5603 5564
f 6620 7189 6621
f 1867 3857 7292
f 3823 3825 3831
f 3472 3469 3568
f 582 564 555
f 4017 2440 1821
f 7233 7232 7242
f 5473 5493 5489
f 6409 6413 6414
f 6325 6328 6329
f 6013 7133 4921
f 4019 4038 4018
f 4400 7751 4416
f 9666 8916 8902
f 6090 2171 1785
f 5828 5836 5839
f 3662 3661 3663
f 8118 8120 8121
f 8118 8117 8120
f 2935 2933 2934
f 1148 1168 1171
f 5975 8493 6027
f 5000 5002 5003
f 6371 6369 6367
f 8379 7171 5075
f 3625 1759 1637
f 6104 6100 6102
f 2052 2390 2018
f 2052 2392 2390
f 7864 3917 8181
f 2541 2179 1181
f 5060 5836 5831
f 1120 1612 1124
f 483 421 500
f 5712 3531 5711
f 9275 7358 7359
f 5779 5781 5793
f 7059 7067 7062
f 3847 9414 9413
f 3581 7154 1782
f 6956 6957 6958
f 8532 7353 7355
f 5688 5686 5684
f 5688 5684 4596
f 4751 4752 4745
f 4751 4746 4752
f 1350 1524 1336
f 5884 3358 3000
f 7478 7472 7479
f 4355 7704 8039
f 8210 6612 6613
f 8210 6611 6612
f 8872 8868 8871
f 3878 1222 1759
f 6184 2018 2393
f 4931 5397 4932
f 9493 9070 7977
f 5916 8516 8331
f 5834 5837 5832
f 6457 3542 2174
f 4427 4425 4452
f 5151 5226 5228
f 3082 3130 2965
f 6729 6723 6718
f 1676 1663 1658
f 1917 2039 495
f 6036 3453 6031
f 6603 3997 2261
f 5041 8079 5605
f 5041 5605 5540
f 2940 2934 2933
f 2940 2933 2930
f 3941 2186 1256
f 3941 1256 6149
f 9874 7055 7091
f 4595 4566 4731
f 8446 6784 5993
f 8446 5993 7792
f 4748 4746 4751
f 5933 5921 5954
f 469 468 473
f 3828 3829 1921
f 5621 5195 5194
f 2892 2914 2886
f 6480 6691 2648
f 3478 1111 252
f 6818 6817 6822
f 3000 3814 3090
f 5230 5237 5368
f 5961 5933 5953
f 678 675 669
f 7923 9045 7924
f 6022 3231 3233
f 463 459 454
f 8419 8421 8135
f 2694 2285 2279
f 9894 9327 9433
f 9894 9433 9328
f 6869 6866 8338
f 8782 8783 9160
f 5542 5548 6437
f 8814 8849 9010
f 6924 6921 6920
f 5447 5440 5437
f 5374 5444 5307
f 2046 2236 7702
f 5814 5837 5069
f 8508 1967 1968
f 2248 3350 3349
f 2248 3349 5638
f 3963 5516 4856
f 3963 4856 3790
f 3398 6200 6201
f 3398 6201 6202
f 525 523 589
f 6284 6291 6292
f 1836 1802 899
f 8189 8331 8516
f 5368 5231 5230
f 2199 2235 3557
f 9903 8470 7794
f 4177 4196 4181
f 6610 7000 6609
f 4469 4853 4850
f 2379 2699 2378
f 6433 6434 6678
f 482 348 345
f 6304 6306 6305
f 5765 5597 5593
f 88 77 89
f 2602 3854 3880
f 5650 5784 5876
f 451 348 482
f 5411 5409 5413
f 7791 8933 7788
f 1407 1408 1465
f 5370 5375 4477
f 7782 7773 7775
f 3722 3728 3725
f 274 634 273
f 5901 5572 5900
f 9896 9835 8797
f 2234 2134 2045
f 7503 7502 9064
f 6997 7980 6385
f 8329 6827 9745
f 3283 3284 3317
f 4944 4942 4865
f 8717 8722 8720
f 4912 4910 4908
f 8194 8153 8150
f 3290 3289 3288
f 7935 9314 9267
f 3943 3277 4356
f 2234 2045 2657
f 2381 2709 1599
f 4941 4755 4928
f 6104 6103 6746
f 8584 8608 8562
f 5407 6040 5119
f 5862 5861 8145
f 6605 6612 6607
f 2205 1794 1596
f 9202 8841 8838
f 3479 3352 2647
f 9200 9971 8313
f 5756 4491 6215
f 8799 8711 8952
f 5834 5250 5247
f 5740 7197 7184
f 8002 9151 8005
f 4020 4037 5798
f 5489 5488 5482
f 1571 1572 1567
f 3385 3397 3384
f 3829 6128 3830
f 5907 2999 5909
f 6619 7191 7250
f 8610 8608 8609
f 4709 8200 4697
f 3762 3758 6218
f 7730 6627 7843
f 7540 5055 5050
f 1347 1332 1341
f 2023 918 659
f 7672 7005 7003
f 1049 178 209
f 3558 3455 3559
f 6500 6655 6985
f 6500 6985 6516
f 5515 4035 1339
f 4515 5535 4532
f 9388 6519 6516
f 8564 8561 8583
f 2361 2362 3684
f 3521 9250 9159
f 8098 8108 8096
f 6282 6273 6277
f 8320 8317 8674
f 7124 6960 8501
f 3862 2020 2696
f 554 570 540
f 5237 5216 5212
f 3261 3243 3260
f 5881 6474 6931
f 9838 9747 9809
f 4940 6661 7997
f 8346 2344 5677
f 8346 5677 6708
f 3120 3126 3121
f 8770 8769 8500
f 7167 8517 9139
f 2380 2379 2376
f 7667 6615 6685
f 8951 6306 6304
f 2646 3479 2647
f 9261 9402 9032
f 9191 9767 9135
f 7120 8459 9901
f 296 921 1035
f 2273 2431 1607
f 6056 5426 5427
f 6326 8767 6325
f 1990 1991 1997
f 1990 1997 1984
f 7810 6102 6105
f 9126 7977 7963
f 8715 9756 8712
f 9494 9551 8259
f 961 5640 2449
f 9839 6926 9984
f 4774 4761 4777
f 5430 5456 5458
f 3927 3929 3928
f 4967 4968 5363
f 6243 6404 7101
f 6872 3468 3465
f 1985 1984 1981
f 3668 3673 3670
f 3829 3830 1921
f 9263 9391 9514
f 5246 6681 5192
f 7629 7931 7932
f 6631 6635 6932
f 5019 8028 8082
f 8722 8721 8723
f 8201 5914 5395
f 8201 5395 5396
f 4318 6165 4319
f 4318 6164 6165
f 2231 1813 915
f 5825 5821 7408
f 1347 1346 1335
f 9242 9067 9146
f 8873 8874 8866
f 6329 6328 6331
f 8617 8571 8567
f 5786 5783 5792
f 5247 5250 5260
f 961 2449 6204
f 9129 8961 8959
f 5264 5312 5334
f 915 1813 485
f 5368 5237 5367
f 7554 7553 7793
f 9622 9616 9615
f 2096 3992 1673
f 2048 6047 2329
f 5815 5819 5820
f 6442 4113 2371
f 5744 7197 5740
f 5692 3608 3687
f 1502 1504 1356
f 6631 6932 4077
f 8078 8930 8924
f 7554 7791 8971
f 7554 7793 7791
f 8414 8413 9546
f 7823 5761 7864
f 9507 7890 6861
f 6000 2715 4012
f 8380 9723 7532
f 8380 7532 3551
f 7501 6550 9094
f 5524 4903 4902
f 5263 5262 5260
f 7480 5996 7477
f 3732 3733 3705
f 8470 6986 7794
f 9507 9510 9505
f 7934 7937 8241
f 7934 7935 7937
f 797 804 814
f 6228 5345 5305
f 1303 7986 2246
f 6427 7362 6426
f 4324 4323 4322
f 6936 7363 6937
f 2629 3592 2619
f 6623 3973 2259
f 7773 7782 7790
f 5934 7166 8182
f 4271 4260 4302
f 1280 1281 1279
f 9513 7893 9145
f 8222 8947 8132
f 9926 9929 9930
f 6570 6790 4037
f 8827 7146 7145
f 1371 1374 1494
f 9459 9685 9635
f 1337 1492 1330
f 1229 1206 1098
f 4102 4104 4107
f 9863 9952 9984
f 9214 8318 8314
f 9506 9509 9502
f 9398 9402 9399
f 8576 8577 8578
f 1841 1840 1709
f 1841 1709 1714
f 1556 1586 1590
f 6562 6012 6026
f 6562 7170 6012
f 3913 3689 9656
f 8884 8875 8877
f 1656 1676 1658
f 3743 6470 8043
f 8139 9180 9067
f 2937 9090 7694
f 2937 2935 9090
f 8775 8774 9967
f 8775 8776 8774
f 5812 5814 5818
f 7478 7474 7473
f 9572 8912 9571
f 9572 8928 8912
f 5276 5272 5277
f 3953 5810 3955
f 9925 9924 9927
f 3380 3379 3377
f 9164 9163 9162
f 8713 8795 8320
f 5717 6269 5716
f 4868 4866 4860
f 6036 6032 3453
f 1795 6092 1866
f 1795 1866 984
f 6537 7821 6535
f 3312 3309 3310
f 3452 3449 3456
f 7557 3929 6627
f 4152 4155 4154
f 8181 7822 7864
f 4781 4790 4780
f 8160 8159 7246
f 6719 6107 6718
f 5994 5676 5672
f 5729 7110 6458
f 6639 6636 6637
f 9301 9300 9288
f 5745 5744 5742
f 8624 8625 8622
f 8577 8580 8578
f 6342 6341 6340
f 857 861 856
f 3509 5991 3501
f 9055 9719 9053
f 7875 6380 6379
f 4798 5383 4799
f 8328 9061 8487
f 3350 1292 1293
f 6242 7101 6238
f 3739 3705 3733
f 6533 6532 6535
f 3226 3238 9273
f 3226 3229 3238
f 9314 7935 7995
f 4143 1963 1956
f 4143 3583 1963
f 7605 8369 6241
f 6436 5478 5472
f 3266 3263 3262
f 3266 3262 3261
f 5003 5005 5004
f 1352 1315 2048
f 6174 6007 6175
f 6174 9153 6007
f 2527 2519 2525
f 3897 3898 3900
f 1171 1207 1148
f 5848 9005 8042
f 2285 2289 2326
f 4788 4960 4787
f 8428 8787 8820
f 223 191 182
f 6549 6543 6548
f 6326 6325 6321
f 2384 3621 4113
f 9805 7361 9841
f 8519 9466 8137
f 7699 8979 5180
f 6128 6125 3830
f 6895 6897 3920
f 6577 6644 3961
f 2707 5810 3953
f 5448 5447 5449
f 5912 5198 5439
f 6881 7009 7008
f 9866 9995 9994
f 2869 2888 2887
f 3611 1024 1021
f 9907 9909 9905
f 5216 5230 5214
f 7617 7789 7787
f 8798 9270 8797
f 5854 5863 5861
f 3459 3457 3449
f 1023 757 2123
f 6268 7413 6572
f 593 660 594
f 3046 3836 3839
f 6008 6005 6010
f 8209 7351 7692
f 9370 5949 6424
f 9867 8248 8231
f 7414 6720 7418
f 6475 6472 6473
f 6475 2507 6472
f 5087 5059 5058
f 850 893 626
f 6095 3453 3452
f 5330 7861 7202
f 2261 3997 2265
f 2376 3687 3608
f 2376 2373 3687
f 3557 2235 3933
f 4219 4253 4234
f 3607 3825 3823
f 9614 9612 9618
f 9614 9618 9623
f 3962 3515 3514
f 5568 5585 5563
f 5568 5567 5585
f 8677 8707 7832
f 3611 1014 1909
f 485 475 898
f 8493 9662 6027
f 6829 2379 2380
f 1586 1592 1585
f 1869 484 2409
f 3077 2884 2876
f 1334 1332 1347
f 3099 3096 3098
f 5879 5874 5877
f 1246 1244 1245
f 6626 7843 6627
f 5092 4993 4969
f 5913 5416 5415
f 5782 9380 9196
f 5717 5336 6269
f 3989 3676 3658
f 1984 1997 1988
f 8023 8447 6028
f 7189 7191 6619
f 6892 2202 2201
f 9468 6018 9069
f 2020 1408 1458
f 2020 3862 1408
f 1152 1137 1138
f 7384 1839 2149
f 5729 6458 8021
f 4349 4183 4294
f 3546 4248 4251
f 6769 6893 6770
f 6769 6770 5129
f 3113 3117 3115
f 5567 5586 5585
f 6669 6670 6668
f 5373 5222 5223
f 1599 3594 519
f 2699 3360 3615
f 3284 8362 3317
f 2605 1390 2439
f 1803 889 450
f 8697 7783 8528
f 8697 8700 7783
f 7282 8496 6804
f 8253 7358 9275
f 4284 4303 4309
f 4382 4381 4389
f 7404 6195 8080
f 8711 8715 8713
f 5397 4912 4908
f 5250 5312 5263
f 5496 5494 5497
f 7077 7089 7156
f 4290 7319 4254
f 4277 3858 3857
f 8580 8577 8581
f 8649 8631 8661
f 9731 9693 9699
f 9731 9698 9693
f 44 37 968
f 3632 8825 6690
f 5984 2216 9593
f 5812 5818 5816
f 2129 2131 8353
f 9400 9447 9399
f 6587 1956 4144
f 6587 4143 1956
f 1447 1499 1491
f 5157 5164 5371
f 4721 4732 4719
f 8460 5842 5850
f 8460 5851 5842
f 5449 5445 5448
f 562 570 554
f 8151 8101 8100
f 2268 2283 2267
f 6909 5509 8932
f 6873 7404 8081
f 2646 2647 2648
f 2646 2648 2645
f 5291 5289 5303
f 2378 2376 2379
f 3336 1520 1402
f 2699 2379 3360
f 3989 5959 3676
f 1534 1636 3822
f 213 1547 1220
f 4091 4103 4093
f 3355 9364 5888
f 2174 7187 6457
f 5367 5237 5364
f 2330 8427 1975
f 9700 9656 3689
f 435 398 855
f 8205 8771 2039
f 6036 6872 6032
f 3317 3316 2938
f 2673 3975 2669
f 5002 4994 5076
f 5002 5000 4994
f 5369 5231 5368
f 4109 4077 2282
f 9501 6873 8449
f 6587 6356 3579
f 8568 8571 8574
f 2431 892 1607
f 5600 5564 5551
f 5677 2344 2347
f 6964 1587 1588
f 694 977 686
f 6405 6414 6416
f 5238 5204 5205
f 6542 6537 6541
f 6542 8431 6537
f 6295 6292 6294
f 9312 6365 9757
f 2940 3079 2934
f 8783 8784 4283
f 8783 4283 4284
f 5981 2197 4036
f 7121 4892 5152
f 3347 2504 2507
f 3470 3452 3453
f 7629 3942 7931
f 9895 9995 9540
f 4256 7410 2548
f 3810 5972 3565
f 2192 2199 2193
f 5659 1522 6222
f 7680 9820 9715
f 7623 7620 7621
f 3077 3013 3007
f 3077 3007 2884
f 6050 6049 8941
f 9431 3994 7259
f 5692 5690 5691
f 5360 5356 7338
f 9030 8908 8859
f 569 539 542
f 6130 5640 5798
f 6059 4917 7994
f 4 5 7
f 6338 6321 6319
f 5856 5868 6691
f 7280 3665 7283
f 9285 8679 9279
f 6338 6319 6318
f 4294 4165 4166
f 3100 3223 3098
f 3901 3885 3900
f 6000 2711 2715
f 8564 8560 8559
f 4029 3316 3317
f 2850 2834 2844
f 9275 7361 8253
f 8484 6741 6739
f 8254 8255 3755
f 6292 6295 6284
f 3924 2309 3589
f 3964 3970 3614
f 6235 5367 5364
f 3893 6262 6261
f 2347 6046 5671
f 9100 9239 6689
f 1329 1327 1342
f 1329 1322 1327
f 3338 2359 2361
f 3338 2361 3684
f 8135 8126 8129
f 8011 6143 186
f 9642 8603 8605
f 7879 8774 8776
f 8018 9524 7527
f 8980 9446 7152
f 7699 5866 5624
f 9461 7081 7079
f 6576 7192 7191
f 6729 6718 6750
f 5759 5757 4404
f 8427 7722 8275
f 396 395 397
f 5861 5862 5854
f 3400 1237 6084
f 8041 3081 2958
f 3515 3516 3514
f 8243 7948 9343
f 5554 5550 5551
f 1239 1237 3400
f 617 2056 2055
f 617 622 2056
f 6773 7867 5890
f 2533 2539 2538
f 3552 2476 1832
f 1775 2059 8685
f 2641 2645 2640
f 1557 4126 585
f 4284 8224 8783
f 3791 3801 3794
f 7351 7132 7131
f 4144 192 188
f 4879 4858 4859
f 6607 6602 6605
f 3954 3955 3961
f 6101 6105 6102
f 6101 6106 6105
f 2464 1221 3878
f 5381 4810 5384
f 8713 8712 8795
f 6352 6344 7982
f 2780 2797 2781
f 8560 8564 8563
f 5439 5198 5434
f 9751 9886 9990
f 969 6244 3910
f 7011 8763 9744
f 2757 5751 3078
f 6447 5988 3522
f 5044 5040 6132
f 5554 5553 5550
f 5182 5177 5193
f 1185 3083 1299
f 1185 1225 3083
f 5756 5755 4478
f 6744 8214 8468
f 8999 5503 5468
f 7101 6404 6783
f 6948 8364 9002
f 5020 5017 5018
f 597 593 592
f 8096 6003 3908
f 7015 7795 6226
f 3826 3823 3831
f 1591 1592 1586
f 7279 7968 8735
f 2505 8336 8074
f 4392 4405 4396
f 1723 1731 2126
f 7271 2038 7269
f 4852 4860 4879
f 8759 9185 8760
f 9239 9240 9241
f 9239 9241 9238
f 9329 8408 9025
f 9329 9025 8695
f 6715 8410 9647
f 4356 3276 5630
f 5187 5173 5189
f 5940 5950 5945
f 472 473 468
f 4387 7646 4412
f 4387 4412 4384
f 5632 7877 7342
f 6332 6336 6333
f 7943 7993 7582
f 7138 6412 7137
f 7138 6418 6412
f 9298 8969 9288
f 9903 9550 8470
f 2471 2475 2472
f 3360 6793 6430
f 9536 9539 9538
f 9023 8326 8327
f 1184 1140 1139
f 2263 3306 2269
f 5870 9520 4044
f 5870 4044 4043
f 6212 6948 6556
f 8403 8400 9112
f 2635 2702 2636
f 8604 8578 8602
f 8957 8211 8372
f 5212 5206 5209
f 6280 6279 6290
f 7725 5705 6990
f 8036 6460 5122
f 8111 7675 7671
f 8111 7671 7677
f 185 894 642
f 2965 3130 2979
f 9823 9598 9824
f 6478 6150 8356
f 3931 3930 3932
f 7061 7079 7072
f 7784 7779 8461
f 5365 5319 5324
f 6636 9881 4006
f 5346 5294 5285
f 8369 8366 8368
f 8790 3899 3902
f 4754 4748 4751
f 3653 3639 3635
f 4183 4165 4294
f 2451 8093 3589
f 2451 3589 2428
f 5898 5899 5454
f 5431 5522 6426
f 213 1220 3365
f 8308 8310 9726
f 8308 8306 8310
f 2027 2481 214
f 6067 6066 6064
f 6152 6854 6151
f 4674 4675 4673
f 6330 7113 6319
f 5445 6115 6120
f 4662 4665 4672
f 9767 9762 9763
f 3575 3930 3926
f 3575 3927 3930
f 5469 6436 5472
f 8387 9543 9643
f 8387 8301 9543
f 1961 1965 1964
f 1961 1964 1957
f 3262 3243 3261
f 3262 3245 3243
f 4676 4679 4669
f 7665 7280 7885
f 3795 3765 3773
f 5769 5770 8440
f 1812 1143 1153
f 6152 6151 8332
f 9591 8694 9545
f 9365 8358 4244
f 4992 4983 4986
f 7968 7964 7960
f 9896 9836 9835
f 62 67 61
f 62 66 67
f 8571 8617 8570
f 9173 8474 7158
f 6101 6100 6097
f 3808 3806 3807
f 9689 7965 7967
f 5484 5477 5491
f 1969 1945 1949
f 2257 2144 2260
f 9155 4353 9256
f 1281 1262 1274
f 5238 5202 5201
f 5238 5205 5202
f 3120 3121 3119
f 3120 3119 3123
f 2203 4086 2382
f 6005 6008 6006
f 6732 6737 6734
f 800 795 798
f 3478 1109 1111
f 4378 1919 1638
f 9312 6157 2244
f 9963 8310 8311
f 6923 6917 6922
f 7599 4099 6163
f 6539 6538 6541
f 6624 6618 6622
f 6624 6622 6623
f 8566 8565 8563
f 4837 5218 5154
f 9852 9796 8454
f 8231 8248 8233
f 5582 5575 5579
f 3571 3570 3574
f 7067 7559 9888
f 4691 4585 4586
f 4760 4748 4754
f 8560 8558 8559
f 8028 8990 5629
f 6792 8031 6896
f 8903 8898 8886
f 6731 6728 6733
f 7927 7624 7925
f 8590 8568 8569
f 7280 7283 7885
f 8297 9207 9521
f 7180 8429 8056
f 6329 6336 6332
f 5757 5758 4883
f 6329 6332 6330
f 9346 8956 3971
f 6763 6722 6724
f 982 1710 2473
f 2471 982 2473
f 1769 1538 1613
f 1769 1613 6788
f 9884 9248 8506
f 8803 9967 8774
f 2927 2982 2921
f 9929 7838 2655
f 9929 2655 7262
f 4920 4791 4788
f 8929 7822 8181
f 8653 8649 8644
f 3798 3700 3776
f 2384 4034 2699
f 9557 9878 9585
f 6032 3470 3453
f 9168 9169 9165
f 8319 8422 8967
f 5805 7547 6630
f 7335 7330 7329
f 7335 7329 7599
f 9504 9508 9425
f 3110 3075 3073
f 8427 8275 1976
f 7162 4902 6833
f 6020 6019 6015
f 484 1869 465
f 7341 7793 7553
f 582 899 576
f 9786 7082 8813
f 9786 8813 9195
f 4778 4779 4777
f 6448 9251 4297
f 3097 3100 3098
f 5368 8061 5369
f 2285 2326 3924
f 2285 3924 7652
f 2149 4119 5761
f 3469 3810 3568
f 3826 3831 3836
f 2010 7678 8072
f 9374 8749 8752
f 1335 1346 1350
f 1335 1350 1336
f 9681 8766 9101
f 8822 9407 8945
f 7796 7017 8737
f 4782 4787 4784
f 863 6706 862
f 899 580 576
f 5181 5733 5184
f 5181 5191 5733
f 8787 8818 8820
f 7142 7143 8828
f 7866 7009 9976
f 3552 1832 7894
f 2428 2422 2424
f 5163 5146 5147
f 2697 2271 1213
f 1346 1502 1350
f 5216 5211 5212
f 8688 2585 8689
f 4779 4783 4774
f 4899 4653 4956
f 938 317 313
f 7664 7243 7245
f 6284 6287 6291
f 7842 7680 9657
f 2476 4112 3580
f 8561 8567 8562
f 5146 7121 5143
f 7470 6710 1937
f 494 347 348
f 5799 7104 5518
f 6822 6817 9013
f 9226 9218 9219
f 4876 5411 4981
f 9533 9325 9324
f 6162 5424 5375
f 6494 6504 6501
f 6792 3809 7933
f 9855 6639 5967
f 4962 4939 4938
f 7961 8444 8443
f 7961 9689 8444
f 6177 4916 4919
f 293 4 297
f 6942 3942 6558
f 6942 7931 3942
f 7113 6332 6969
f 9508 7896 9425
f 25 29 970
f 7441 5536 5354
f 6478 8356 6477
f 8205 8658 8642
f 1908 1907 1893
f 5834 5247 5249
f 861 857 859
f 4989 4992 4986
f 222 151 149
f 9798 9665 8785
f 9560 9458 9382
f 8054 7118 6611
f 8054 6611 8210
f 5994 3615 6430
f 4849 4850 4853
f 4991 4976 4992
f 4324 4322 4321
f 7322 4874 4900
f 4180 4182 4280
f 5436 5658 5726
f 4983 4974 4975
f 3820 6236 6652
f 6196 6203 6199
f 4447 5755 5760
f 8007 8005 9151
f 8007 8006 8005
f 8394 9944 8387
f 5215 5217 4811
f 6604 2283 2268
f 8373 3351 6962
f 800 877 833
f 8156 8089 9029
f 1615 1913 140
f 4321 4322 4320
f 789 801 802
f 3871 1945 1969
f 4743 4737 4741
f 6676 7744 6678
f 4743 4741 4930
f 9729 9206 8758
f 2136 1059 2130
f 5094 5127 4999
f 7955 7950 7954
f 9127 9128 9750
f 9127 9012 9128
f 7610 7849 6348
f 2641 5982 2645
f 8328 8487 8535
f 3788 3791 3794
f 2973 2972 2909
f 2973 2909 2948
f 9749 8739 8171
f 2039 1917 9782
f 7402 7832 7830
f 7318 7710 7711
f 3610 3507 1090
f 1243 1255 1240
f 5086 5376 7540
f 5105 6717 5106
f 8190 8742 8221
f 7723 7924 9324
f 3609 1817 6779
f 5464 5473 5514
f 1394 1392 1396
f 7136 6412 6411
f 5727 5726 5728
f 3880 2597 2601
f 3880 2601 2602
f 5003 5002 5005
f 5697 7323 5377
f 8023 6028 1239
f 1536 8050 3582
f 6121 5097 5106
f 6121 5106 6155
f 6048 3825 3607
f 3577 3824 3571
f 7650 7653 7654
f 6605 6602 6603
f 7248 7541 6778
f 5282 5308 5279
f 5622 6112 5621
f 3211 3070 3200
f 8371 4864 5704
f 8371 5704 4945
f 6301 6286 6283
f 6409 6407 6411
f 9396 9397 9399
f 6867 8122 8999
f 8561 8558 8617
f 5008 5009 6596
f 4510 4509 4442
f 4077 4109 4080
f 4077 4080 6631
f 8807 8816 8811
f 8569 8589 8590
f 1748 7555 2132
f 9053 9054 9052
f 4723 4880 8953
f 464 364 453
f 5436 5716 6269
f 5436 5726 5716
f 1485 1458 1484
f 8232 8233 7839
f 2707 2267 2282
f 5811 5326 5329
f 6355 4139 4140
f 3943 6855 6647
f 1230 895 590
f 6866 7102 6864
f 6866 6869 7102
f 5062 7840 5060
f 3290 1757 2060
f 9689 7962 7965
f 7387 7386 8687
f 5862 8145 8146
f 9977 9979 8234
f 8976 3631 7462
f 8976 7462 2634
f 3315 6379 3323
f 4944 4984 4943
f 6279 6275 6282
f 486 466 448
f 8782 9958 4280
f 7219 7221 7222
f 7219 7223 7221
f 4390 4396 4385
f 3797 3762 6218
f 1881 6157 9094
f 3668 4380 4007
f 3668 4007 7228
f 4782 4781 4780
f 8519 8137 8691
f 5382 6579 6580
f 942 691 845
f 4595 4568 4558
f 947 576 645
f 8855 8856 8861
f 232 228 270
f 6287 6286 7547
f 6060 6072 6068
f 5092 8359 4680
f 7666 7003 7002
f 192 223 188
f 6289 6350 6293
f 1802 1838 2125
f 1802 1836 1838
f 3823 3826 6274
f 3425 3420 5634
f 3611 1016 1014
f 5364 6992 6235
f 2884 3004 2725
f 6302 6293 6303
f 4301 6449 9365
f 5895 6910 2423
f 5895 2423 3341
f 1131 1153 1143
f 3220 3131 3218
f 2451 2428 2424
f 1334 1347 1335
f 6573 6574 6575
f 6146 4132 4130
f 953 488 356
f 6829 6828 6809
f 5872 5873 7785
f 7235 8505 6425
f 9920 9804 9966
f 5428 5496 5499
f 9568 8098 6133
f 901 900 898
f 2664 6271 5885
f 1339 1349 8673
f 1339 8673 5515
f 4893 5152 4892
f 3824 3576 3571
f 717 699 714
f 4866 4863 5124
f 472 1543 480
f 3924 6441 2281
f 6899 6669 7908
f 9765 9770 9771
f 7452 5105 5106
f 7798 5587 5632
f 1174 1198 1199
f 1132 1146 1135
f 2654 5865 5869
f 8833 9185 8759
f 1286 1278 1285
f 9350 8754 8750
f 1934 1931 1932
f 2521 2522 2520
f 4927 5402 5400
f 4927 5400 4928
f 8990 8028 5019
f 5192 6681 5623
f 7658 7636 7659
f 5399 4982 5155
f 3582 8673 1349
f 7456 9340 9159
f 5168 5166 5188
f 2304 2295 2294
f 2144 444 391
f 3624 3623 6457
f 3624 3622 3623
f 2512 2499 2503
f 5064 5018 5017
f 5064 5017 5016
f 7903 7368 9386
f 8622 8623 8624
f 3475 3565 3473
f 8880 8892 9862
f 8589 8569 8591
f 8626 8639 8628
f 3525 6590 8796
f 2833 2849 2832
f 2537 2441 6445
f 9302 9303 9706
f 6601 6600 6597
f 5620 6484 6483
f 3459 3449 3450
f 8008 7401 8009
f 6927 9850 6928
f 6927 6928 6926
f 6696 6383 9031
f 8326 7757 8327
f 8617 8647 8570
f 2283 6597 6598
f 6489 7433 7436
f 6146 4130 6620
f 5446 5396 5352
f 5315 5296 5302
f 2043 543 1973
f 9593 8280 5984
f 9593 9594 8280
f 5277 5267 5276
f 2851 2838 2841
f 2851 2836 2838
f 8351 6405 8008
f 8351 6406 6405
f 9418 6945 9250
f 5374 7449 8201
f 8080 8081 7404
f 9320 9345 9465
f 8664 8663 8620
f 6252 9088 9393
f 7393 6961 7264
f 6099 5724 5730
f 2465 2305 2313
f 8161 9960 7177
f 3528 3531 3538
f 9366 6025 4263
f 9730 9013 9467
f 3990 1835 6160
f 569 866 539
f 3778 8216 7902
f 2487 2486 7267
f 1295 7409 1294
f 3272 2446 2709
f 5414 5413 4895
f 2185 1255 1243
f 6156 7550 8510
f 5690 5692 3684
f 564 582 576
f 7766 7887 8186
f 2311 2303 2308
f 7968 7279 7884
f 1959 2382 1954
f 9913 9911 9941
f 5039 5045 5048
f 4709 4697 4695
f 5234 5233 5229
f 2935 3909 7484
f 7105 7108 6596
f 3599 3254 3597
f 4169 4176 4166
f 5489 5514 5473
f 5446 5292 5444
f 189 644 3339
f 6616 6613 6614
f 6616 7254 6613
f 6233 7006 4082
f 6762 6753 6760
f 8944 8676 8376
f 7335 5661 7334
f 6591 4924 7162
f 462 485 1813
f 7220 8941 8940
f 7790 7617 7616
f 1279 2184 1285
f 7011 6202 6234
f 3199 3200 3201
f 6426 4492 5431
f 3627 6381 6382
f 5235 5151 5228
f 8491 8302 8305
f 3815 7409 1295
f 533 531 534
f 8038 6465 4335
f 8038 4335 6006
f 9060 8893 9148
f 6880 2234 2438
f 8582 8588 8584
f 6618 6146 6620
f 6618 4041 6146
f 1956 1924 1925
f 4016 2451 2450
f 1955 6684 1612
f 4742 4829 4843
f 7403 6900 5320
f 6573 6570 6574
f 9894 9326 9327
f 5524 4902 5525
f 3518 3962 3514
f 4587 4539 4530
f 1381 1386 1378
f 8003 8004 8001
f 1869 448 466
f 9515 8958 4792
f 6337 6338 6320
f 6790 6428 6795
f 3258 3256 3253
f 5098 5106 5097
f 5098 7452 5106
f 86 577 77
f 6605 6614 6612
f 5249 5247 5248
f 93 282 963
f 4319 7249 4321
f 9999 9810 9965
f 2376 2378 2373
f 6592 8777 9286
f 2699 4034 2378
f 5723 7419 7905
f 6611 6610 6609
f 9718 9677 9792
f 9868 9870 9867
f 6634 6638 6635
f 3923 2688 5656
f 9672 9383 9379
f 3827 3748 4139
f 278 136 279
f 3535 3539 7987
f 3054 3089 8060
f 4774 5372 4763
f 6040 5118 5119
f 1543 904 903
f 9468 9155 6018
f 4721 4722 4724
f 8307 9992 8309
f 5838 5836 5060
f 4236 4235 4234
f 8715 8711 8799
f 5365 5366 5325
f 8094 6723 6728
f 2237 5640 961
f 2237 961 958
f 5295 5271 5301
f 8875 8870 8876
f 6699 6694 6697
f 3486 3819 761
f 8742 8746 9116
f 1078 8368 646
f 4928 4753 4927
f 901 898 480
f 4299 4312 4176
f 8560 8556 8558
f 5713 2583 3531
f 5713 3531 5712
f 7996 7123 5983
f 5547 5577 5556
f 7594 9462 7565
f 6947 6004 3258
f 6947 3258 3259
f 449 450 2409
f 6902 5546 6437
f 6487 6488 6489
f 6633 8682 6634
f 2837 2828 2824
f 4255 4167 4204
f 7148 4539 4587
f 7207 8506 9247
f 6910 5895 3608
f 6910 3608 5693
f 8506 8526 8528
f 5864 9865 7167
f 9351 9952 5906
f 6614 6613 6612
f 1853 3857 1867
f 1853 1867 1852
f 9504 9505 9508
f 1707 1700 1688
f 4786 4780 4793
f 9310 9307 9306
f 3406 3405 3404
f 2694 2289 2285
f 6871 7982 7807
f 865 855 904
f 3995 3791 3790
f 8022 7745 7746
f 5369 7349 7347
f 7985 3948 4027
f 475 472 480
f 2340 8346 5928
f 4773 4596 4770
f 5679 6429 6708
f 7650 7654 7820
f 7002 7000 6158
f 8907 8909 8862
f 7373 7871 7700
f 9394 9393 9396
f 6631 6634 6635
f 7059 7064 7067
f 3861 2692 2691
f 7000 6608 6609
f 3830 6125 4351
f 2606 1390 2605
f 8681 8680 8261
f 1391 1377 1357
f 475 480 898
f 4499 4476 4500
f 4939 4962 4961
f 1535 6093 1910
f 4878 4475 4877
f 3184 3204 3588
f 4748 4776 4746
f 1555 1552 1970
f 3783 3786 3779
f 2664 6272 6271
f 1526 1227 1097
f 8731 8089 8156
f 8604 8574 8578
f 2640 2645 2649
f 9491 9496 9490
f 9491 9490 9719
f 8344 9983 9852
f 8344 9852 8345
f 7959 8227 8226
f 8057 7179 7180
f 8080 8377 8081
f 4782 4784 4781
f 8565 8566 8572
f 7080 7070 7082
f 7342 7307 7798
f 3270 5633 2986
f 5832 5837 5814
f 3454 3448 3451
f 7339 7315 7313
f 6879 6878 6599
f 6343 7849 6688
f 4565 4554 4572
f 4881 7261 9610
f 8334 8663 8664
f 6600 7005 7672
f 2638 2639 2637
f 6662 6425 7154
f 6662 6664 6425
f 2008 2004 1997
f 8566 8615 8622
f 2084 1681 2091
f 7633 7675 7634
f 5672 5676 5670
f 7323 5697 8511
f 2412 2229 2447
f 4473 4494 4493
f 7007 6881 7008
f 7007 6877 6881
f 9888 7561 7563
f 8583 8562 8608
f 5874 5879 5875
f 6787 8346 6708
f 8561 8559 8558
f 5260 5257 5256
f 4273 4194 4195
f 8163 9517 9599
f 9228 8946 8704
f 5347 6657 5346
f 4789 4787 4782
f 7062 9461 7079
f 9137 8817 8676
f 1833 1823 1826
f 3591 2690 3990
f 6410 7134 7136
f 6410 5715 7134
f 9975 9349 9344
f 7420 6987 6970
f 8460 8461 8459
f 8460 8459 7120
f 8857 9531 9574
f 5898 6974 5899
f 5432 8474 8709
f 5374 5345 7449
f 6176 7851 3809
f 3564 1899 7344
f 3564 7344 8362
f 7638 4347 7641
f 2641 2704 2644
f 5047 5042 5063
f 8888 8887 8885
f 6633 6634 6631
f 3612 3618 2676
f 7919 7917 8223
f 4917 6772 7699
f 896 2319 2297
f 9285 9776 9822
f 8252 2681 2673
f 9242 9008 9007
f 6291 6287 7547
f 6291 7547 6310
f 4923 5525 4902
f 2566 2553 2571
f 8066 8070 8116
f 6847 7283 3665
f 6847 3665 3680
f 6115 5449 5450
f 6638 7153 6641
f 7809 7012 5088
f 6324 5887 6270
f 6324 6270 6308
f 7862 8985 9183
f 6066 6067 6069
f 4790 4793 4780
f 6602 6600 6601
f 2503 2506 2532
f 2503 2532 2512
f 7632 8514 7674
f 5906 9952 8344
f 6273 6282 6275
f 7005 6602 6607
f 5822 5819 5828
f 8338 8337 6868
f 9335 9101 9102
f 9485 8103 8099
f 2366 2363 2360
f 464 337 364
f 8011 1609 6356
f 8011 187 1609
f 3419 7925 6651
f 8053 6584 6582
f 6428 6790 6573
f 8725 6670 6669
f 8725 8986 6670
f 8960 8211 8957
f 6095 3452 3456
f 6928 9507 8773
f 5897 3215 3487
f 5868 5865 2654
f 9523 9417 9732
f 7128 6695 8494
f 8623 8608 8610
f 6813 6811 7720
f 8701 9928 10000
f 8701 10000 7786
f 6292 6309 6311
f 9916 9922 9921
f 7874 7171 8379
f 6143 188 186
f 6143 4144 188
f 5647 5772 5784
f 2881 2851 2841
f 3350 2286 3349
f 9134 9164 9162
f 9134 9162 9161
f 486 448 451
f 6488 6484 6482
f 6627 3859 6626
f 6627 3929 3859
f 3847 9413 7545
f 6856 8047 9875
f 7599 6183 4099
f 831 779 778
f 6979 6980 6978
f 6538 6535 6532
f 6538 6539 6535
f 776 790 777
f 8767 6335 6328
f 5076 4995 5074
f 5076 4990 4995
f 8536 4524 4526
f 8951 7710 7318
f 1406 1398 1409
f 7222 7709 7219
f 2091 3992 2096
f 2091 2096 2094
f 7118 6610 6611
f 5943 5938 5936
f 6428 6430 6795
f 8028 7663 5806
f 6983 6120 6981
f 5103 5085 5012
f 8584 8562 8582
f 9921 9909 9906
f 6290 6282 6289
f 6290 6279 6282
f 4892 7121 4895
f 7233 7242 7247
f 7233 7247 7716
f 88 75 77
f 1499 1489 1491
f 1499 4114 1489
f 5210 5362 5364
f 4612 4872 4633
f 1899 3950 7344
f 6302 6288 6293
f 9618 9821 9623
f 3074 3113 3109
f 4591 4593 4594
f 9558 3355 9198
f 4405 8203 4396
f 6360 5073 6357
f 1368 1495 1361
f 6120 6117 5445
f 905 904 855
f 638 579 1537
f 1044 619 621
f 3366 3381 3367
f 5743 4357 3561
f 8951 7318 6306
f 8678 6589 6590
f 5063 5042 5043
f 9153 8524 6007
f 7461 6930 4155
f 5665 5663 8251
f 8923 8924 8919
f 3267 8358 9564
f 3468 8471 8468
f 1977 7117 1444
f 6343 6334 6333
f 6343 6688 6334
f 7603 8070 8066
f 7603 8065 8070
f 6591 4885 6692
f 8012 9744 8763
f 8761 3547 7319
f 8761 7319 8513
f 7005 6600 6602
f 8108 8110 7664
f 1571 1576 1572
f 5428 6056 5504
f 6980 6120 6131
f 5557 9154 5555
f 7486 7491 7493
f 2072 2457 1896
f 1353 1524 1350
f 663 760 668
f 7609 7315 8325
f 4376 6264 4344
f 7930 7273 6346
f 5781 5789 8475
f 4318 4319 4321
f 4318 4321 4320
f 9301 9302 9300
f 3342 2690 3591
f 5865 5862 9930
f 2865 2866 2959
f 7486 7488 7491
f 9571 9560 9572
f 9445 9567 9535
f 6294 6292 6311
f 6723 6719 6718
f 6900 6902 6901
f 4760 4757 4758
f 8975 8974 8926
f 7961 7962 9689
f 8862 8905 8861
f 1590 1581 1589
f 8509 3871 1969
f 5839 6369 6373
f 4779 4781 4784
f 8194 8731 8155
f 8194 8155 8153
f 6573 6429 5679
f 907 900 906
f 6708 5677 5678
f 7456 8705 9340
f 5838 5839 5836
f 2638 2637 2636
f 9166 9165 9170
f 7725 6990 7366
f 5208 5213 5210
f 1340 1342 1327
f 1340 1343 1342
f 6104 6102 6103
f 1459 1450 1449
f 7093 3765 7755
f 4305 4303 4282
f 4305 4282 4304
f 9874 7695 7696
f 2881 2841 6378
f 1834 2685 2684
f 8824 9350 8750
f 8114 8099 8102
f 5188 5189 8052
f 5557 5680 5682
f 8211 8965 7799
f 6468 4929 6177
f 5652 2081 6045
f 5180 8979 9105
f 2201 3850 6892
f 2201 3848 3850
f 3342 3591 2634
f 8917 8916 9879
f 8710 9488 9490
f 2979 2924 2904
f 2979 2904 2915
f 7811 6993 7813
f 6436 5482 5478
f 5438 5435 5437
f 4265 4227 9272
f 4265 9272 9147
f 9727 9462 7579
f 7426 7430 7423
f 6898 5344 5258
f 2409 448 1869
f 3506 2136 2386
f 8502 8675 8817
f 9281 9280 8650
f 7274 8333 5813
f 8715 9829 9756
f 8715 9359 9829
f 2238 2881 6378
f 1385 1393 1384
f 6099 9070 5724
f 1072 1836 1837
f 1072 1838 1836
f 2578 2582 2556
f 213 193 192
f 7321 6193 7172
f 2161 2547 3875
f 8043 6470 7422
f 8043 7422 7421
f 6072 6812 6815
f 1715 2453 1800
f 8830 8834 9197
f 6283 6284 6288
f 8374 8460 5850
f 6173 4319 6165
f 900 6144 906
f 8030 4028 3726
f 7902 8216 4414
f 7516 7490 7552
f 962 874 2430
f 6100 6031 6097
f 2724 2739 2722
f 2521 2529 2522
f 6273 6272 6277
f 9469 8064 7115
f 2980 3095 3112
f 3912 2357 3338
f 8562 8567 8582
f 8096 8108 8097
f 2525 9795 2527
f 2525 6949 9795
f 4318 4190 4317
f 2474 2475 2471
f 1851 4277 1853
f 1851 1853 1852
f 6103 6102 7810
f 7755 3795 7902
f 2160 5824 5827
f 4761 4758 4757
f 8954 9756 8981
f 4669 4675 4676
f 4669 4668 4675
f 5021 5020 5018
f 1685 1687 1684
f 9076 9688 8534
f 9222 9363 9364
f 8703 9038 8515
f 2972 2969 2909
f 9158 9894 9417
f 7907 7906 8274
f 982 2471 983
f 3741 3709 3706
f 7908 6669 6668
f 557 560 546
f 7561 7562 7566
f 7561 7559 7562
f 5538 5789 5790
f 9651 9382 9381
f 9590 8486 7440
f 3360 6430 3615
f 5654 2348 7294
f 8496 6805 6804
f 8119 8118 8518
f 8449 7848 8202
f 8449 8202 9501
f 5622 6682 6656
f 2046 7702 7899
f 5447 5450 5449
f 4009 5922 9520
f 8572 8566 8628
f 8480 8481 8479
f 8575 8573 8618
f 7535 7423 7673
f 8902 9606 9664
f 8902 9664 9666
f 2348 1510 1338
f 7585 8240 7797
f 5784 5650 5647
f 9351 9984 9952
f 6828 2449 6830
f 2745 2772 2763
f 6883 3843 3998
f 1864 1852 1867
f 2695 2020 3694
f 9762 9164 9763
f 6686 5811 5853
f 8655 8334 8664
f 8425 6654 8465
f 9535 9846 9840
f 9535 9840 9275
f 2626 2629 2619
f 8523 4409 4407
f 3067 3105 3106
f 5004 8212 5003
f 7304 7113 6969
f 564 576 947
f 1970 1565 1555
f 6599 7834 2283
f 6599 2283 6598
f 3502 7281 1074
f 2935 2934 3909
f 800 833 816
f 1867 7292 7183
f 8618 8573 8570
f 4118 2021 4115
f 222 146 159
f 4760 4776 4748
f 6591 6692 4924
f 3686 3690 7526
f 6281 6279 6280
f 6640 6638 6641
f 1577 1576 1582
f 8311 8307 8309
f 9922 9919 9917
f 5838 5065 6367
f 7192 7270 7191
f 6321 6325 6319
f 7445 6490 7444
f 4417 8765 4415
f 8562 8583 8561
f 192 1547 213
f 657 2266 2260
f 8029 3783 3780
f 8438 5978 4778
f 6973 8363 8365
f 8807 8806 8810
f 9001 9331 9245
f 8900 8903 8896
f 7263 5455 5913
f 1276 1283 1282
f 6928 8773 6925
f 2670 1752 937
f 9655 9654 9141
f 8875 8876 8877
f 4829 4746 4776
f 5129 6770 4915
f 6114 4597 5419
f 9940 9966 9965
f 4283 4300 4279
f 2158 2177 1614
f 1969 1948 8508
f 2784 2785 2786
f 6121 6155 6376
f 1488 1452 3503
f 7059 7062 7060
f 1523 2182 1542
f 1539 876 846
f 2766 3177 3107
f 7147 7002 6158
f 9962 6936 9687
f 2949 2944 2946
f 2428 3589 6967
f 3491 3459 3450
f 6333 6334 6332
f 9239 7849 7610
f 1834 2684 1328
f 7677 7671 7988
f 9061 9060 9148
f 5554 5551 5560
f 2227 8499 8046
f 8332 6151 6478
f 872 2144 2257
f 6290 6293 6288
f 7272 3923 7274
f 8360 8976 8950
f 2966 2964 2970
f 2144 872 444
f 212 590 214
f 3317 2938 3283
f 6284 6281 6288
f 5452 5899 6039
f 2465 2314 2411
f 4004 4008 4006
f 6002 6902 6900
f 3624 3882 3622
f 8647 8618 8570
f 7928 5250 5834
f 5574 5582 7724
f 8023 3829 8183
f 3304 2258 2269
f 2347 5671 5670
f 4778 4781 4779
f 2234 6880 2386
f 7370 3271 3045
f 8806 8811 8804
f 5213 5208 4934
f 9376 7152 9446
f 5772 7614 6713
f 9836 9956 9955
f 9586 9214 9264
f 3140 3147 3142
f 5622 6656 6112
f 7599 7329 6183
f 5341 5314 5332
f 462 463 485
f 6830 6809 6828
f 1517 3388 1500
f 8273 9687 7289
f 5910 3215 5897
f 5910 3331 3215
f 4301 9251 6449
f 7509 8669 7520
f 6606 6685 6614
f 7517 6153 7518
f 3336 1522 5659
f 3336 5659 3334
f 6592 4311 8777
f 7528 7814 7815
f 6849 4763 5372
f 3997 2268 2265
f 2400 3808 3807
f 2153 2152 830
f 5764 3517 1390
f 8611 8581 8577
f 5251 5248 5063
f 298 218 219
f 9440 6844 6845
f 6457 7187 3624
f 9440 6968 6844
f 8254 5767 8256
f 6442 4034 2384
f 7765 8689 5667
f 9350 9039 8802
f 4133 7681 6559
f 5416 5913 5455
f 7607 7608 6348
f 6504 6494 6492
f 6864 6152 7405
f 8436 7958 8726
f 6288 6302 6300
f 7712 7809 5088
f 7712 7984 7809
f 6395 6408 6396
f 9544 9232 9662
f 9544 9233 9232
f 4723 4716 4880
f 5293 5286 5287
f 3818 809 2351
f 4077 5810 2282
f 6281 6284 6299
f 8807 8811 8806
f 8370 8394 8396
f 7798 5632 7342
f 6363 6832 5075
f 8917 8902 8916
f 8917 8900 8902
f 4144 1925 1547
f 4144 1547 192
f 8879 8875 8884
f 9610 7162 8378
f 2019 8072 3865
f 5207 4933 4934
f 4770 4769 4768
f 4619 4521 4522
f 4821 4947 4896
f 3583 3514 3510
f 3583 3510 1963
f 6533 6531 6532
f 3826 3836 6274
f 6417 6411 6407
f 7411 7412 8399
f 8169 8015 8348
f 8169 8172 8015
f 6729 6728 6723
f 7132 7758 7131
f 6673 8409 8503
f 4300 4199 4202
f 6843 6845 6844
f 6843 6844 6839
f 2709 2381 1598
f 5951 5943 5936
f 5906 8342 8343
f 5906 8344 8342
f 5306 5295 5301
f 3538 3533 3529
f 3538 3529 3528
f 6725 7414 6726
f 4407 4409 4408
f 4982 4876 4981
f 1693 2660 2658
f 8037 7206 7287
f 9472 6920 6918
f 1445 1440 1428
f 5491 5500 5492
f 7822 8930 8077
f 1790 3425 4000
f 1751 1219 1923
f 8758 8756 9729
f 516 319 1079
f 6278 6279 6281
f 4252 4250 4246
f 4817 4896 4947
f 7748 9578 7738
f 7748 9584 9578
f 6309 6310 6313
f 2201 1666 3848
f 4926 4980 5688
f 9861 9525 9354
f 7897 4031 3815
f 7790 7616 7773
f 6447 6445 2441
f 7254 8210 6613
f 9236 7992 9118
f 2964 2962 2917
f 4014 4016 2448
f 8431 7821 6537
f 6435 3808 2400
f 9278 6490 7989
f 4826 4949 5399
f 8629 8639 8631
f 3343 2071 3747
f 8056 8057 7180
f 4677 4674 4672
f 1515 1440 1451
f 8708 7646 8458
f 6816 6814 6547
f 9100 7849 9239
f 4944 4864 8371
f 5022 5803 5025
f 9853 9854 9666
f 5982 2646 2645
f 9036 9034 9035
f 5163 7121 5146
f 3642 3649 3641
f 8338 6868 6869
f 5673 5671 5674
f 5582 5579 6001
f 1173 1198 1174
f 9821 9618 9619
f 8045 8531 7355
f 8045 9690 8531
f 3794 3786 3788
f 3452 3450 3449
f 3452 3470 3450
f 3894 3890 7448
f 9164 9762 9764
f 8708 8486 4417
f 1393 1388 1493
f 8453 8452 7981
f 8370 8288 8287
f 4623 4622 4645
f 5898 5454 5455
f 4169 4162 4192
f 8007 9151 9150
f 8007 9150 8430
f 6574 7606 6575
f 6278 6285 6308
f 6278 6308 6275
f 9671 7885 7283
f 4762 4777 4761
f 5920 5922 5921
f 9640 9881 6636
f 6618 6615 6622
f 7061 7072 7063
f 8094 6719 6723
f 7201 6762 7023
f 8180 8046 8500
f 5693 5691 3629
f 6330 6325 6329
f 2970 2967 2971
f 4624 7230 4842
f 8229 7369 7371
f 6902 6002 5578
f 7453 8436 8726
f 6826 6074 6823
f 6725 6727 6721
f 8590 8588 8582
f 3615 2384 2699
f 8766 9011 9101
f 168 197 997
f 4443 4440 4441
f 4594 4578 4591
f 7189 6619 6621
f 1331 2685 1834
f 5318 5322 5319
f 6258 7688 5830
f 2225 2222 3525
f 6260 6259 6213
f 3912 6154 2357
f 8079 5343 5539
f 8094 6730 6736
f 790 805 777
f 5878 2226 2228
f 5878 9521 2226
f 5323 5606 5324
f 5058 5085 5087
f 8187 8188 7649
f 8605 8642 7766
f 8889 8923 8919
f 3468 6872 8471
f 8304 5878 6837
f 7835 9235 7836
f 8079 5041 5042
f 8963 4786 4793
f 6325 6330 6319
f 6715 3920 6897
f 6666 7165 4979
f 9994 9985 9769
f 9336 9338 9339
f 1731 1723 1729
f 6202 6201 6199
f 8872 8881 8873
f 8871 8869 8870
f 8905 8931 8855
f 3031 3033 3030
f 8061 7349 5369
f 9031 9079 9933
f 6283 6287 6284
f 1393 1385 1388
f 7927 8121 8120
f 7927 8120 7624
f 1490 3808 6435
f 5801 6491 6486
f 8817 8376 8676
f 8817 8675 8376
f 2817 2825 2832
f 7696 7695 7697
f 952 936 2082
f 8407 8823 8972
f 8336 2505 2508
f 9872 9961 9823
f 5671 5672 5670
f 5671 5673 5672
f 9246 9543 8299
f 7392 7954 7953
f 5558 6347 5601
f 5558 5601 5560
f 4757 4871 4759
f 6996 7350 3740
f 7374 2561 2568
f 855 612 905
f 6281 6280 6288
f 5430 5428 5499
f 4861 5109 4951
f 1892 1889 1875
f 666 860 1000
f 7927 7268 8121
f 9138 9011 8781
f 9138 9012 9011
f 4758 4776 4760
f 4178 4295 4177
f 9471 7839 7591
f 5264 5263 5312
f 2521 2520 2530
f 6285 6281 6299
f 5482 5488 5485
f 9386 7979 7978
f 3596 2495 2493
f 4509 4436 4442
f 5454 5453 5416
f 7037 7041 7043
f 7557 8251 4025
f 6156 8510 6846
f 7557 7730 8251
f 9256 7185 9085
f 2175 1189 1194
f 4233 5732 7183
f 4233 4241 5732
f 253 1033 143
f 7007 6234 7004
f 7007 7008 6234
f 1478 1481 2703
f 6431 2880 2767
f 5946 6424 5949
f 1914 2691 2692
f 9940 9920 9966
f 6951 4355 4377
f 6486 6485 5801
f 6873 6196 7404
f 9872 9823 9826
f 9872 9826 9817
f 5418 5532 5505
f 9778 9338 9887
f 4468 4472 4882
f 1578 2033 1579
f 8812 9255 8808
f 1396 1520 1521
f 7267 1856 2487
f 2615 2614 1629
f 7453 7452 5098
f 9327 4335 9322
f 7778 7803 7703
f 2483 8115 9534
f 7947 9932 7496
f 8883 8898 8901
f 1586 1584 1581
f 4689 4813 4820
f 9994 9766 9866
f 4774 4763 4761
f 4316 4187 5987
f 8889 8878 8923
f 8192 6406 8351
f 6615 6617 6614
f 7874 5362 5213
f 6432 6227 6224
f 1206 1229 1233
f 8564 8615 8563
f 5990 6438 6870
f 4785 4789 4782
f 9218 8809 9223
f 4041 2255 5896
f 4135 3332 3527
f 7172 7176 7321
f 7268 3416 3410
f 3380 3377 3374
f 3380 3374 3369
f 2949 2946 2952
f 8784 4199 4300
f 7459 8451 7910
f 8788 6296 7288
f 8788 6307 6296
f 4955 4519 4899
f 4955 4654 4519
f 7766 8658 7887
f 9192 9061 8328
f 515 1548 1842
f 9055 9057 9491
f 3600 6020 3264
f 9178 9146 9177
f 160 174 202
f 47 602 48
f 9753 9903 7794
f 6309 6320 6312
f 6665 5117 5695
f 6119 8470 6118
f 824 3483 2113
f 2301 2325 2318
f 8805 9215 8649
f 8805 8649 8653
f 7261 4664 4885
f 8812 8661 8946
f 5204 4811 4825
f 9624 9614 9623
f 9404 7472 7548
f 6263 6978 6980
f 5367 8061 5368
f 8898 8883 8882
f 4465 4479 4466
f 1635 2230 3869
f 6990 5704 6991
f 2081 5652 7302
f 6777 7707 7388
f 8085 7774 8091
f 7552 7556 7516
f 4837 4894 4836
f 7224 3433 7709
f 7670 7673 7672
f 769 802 1595
f 8672 8819 8242
f 9524 9698 9731
f 2951 2949 2952
f 3221 7402 3293
f 1535 6034 6093
f 8395 8392 9342
f 8395 8393 8392
f 5427 6055 6056
f 9329 8695 8694
f 9329 8694 9592
f 9895 9982 9660
f 3462 7843 6626
f 7425 6705 7347
f 2789 2799 2801
f 1073 450 449
f 9929 7262 5865
f 2073 6712 4013
f 5054 5048 5045
f 497 495 8489
f 3640 3678 3639
f 2101 2173 2102
f 174 160 205
f 4485 5101 9315
f 4790 4781 4778
f 4785 4782 4780
f 1174 1195 1173
f 8626 8628 8566
f 9708 9720 9336
f 666 1000 6663
f 635 3365 3478
f 8890 8903 8886
f 7798 7307 6929
f 1038 5911 995
f 5251 5063 5062
f 8840 3361 3941
f 8840 2232 3361
f 4855 4886 4868
f 8313 9512 3821
f 340 328 342
f 6864 6675 6152
f 9847 9920 9940
f 4050 3401 3402
f 6930 5752 4175
f 7843 3464 7841
f 3733 3732 3734
f 1261 1248 1262
f 7483 7482 7480
f 7483 7480 7481
f 9427 8896 8899
f 9427 8899 9426
f 1870 2338 2049
f 1262 1248 1274
f 562 555 570
f 2319 896 759
f 8307 8282 9992
f 7751 5406 4416
f 6752 6751 7802
f 6549 6544 6527
f 2980 6390 7194
f 7747 7742 7745
f 6945 7456 9250
f 7834 4080 4109
f 8467 7533 8464
f 6068 6064 6058
f 6290 6288 6280
f 9309 9310 9306
f 7786 8148 7716
f 7786 7458 8148
f 8813 7085 7073
f 8813 7073 9195
f 9772 5708 5702
f 9772 5702 5707
f 5647 7614 5772
f 5455 6703 5898
f 6717 6373 6155
f 9945 9847 9848
f 6981 6980 6979
f 6981 6120 6980
f 7320 6820 6808
f 2042 944 2330
f 8913 8880 9862
f 7522 2991 7694
f 8103 8100 8099
f 9526 9227 9224
f 9780 9673 9695
f 7930 5602 7929
f 7930 6346 5602
f 2553 2566 2581
f 8327 8334 8655
f 5766 5593 5607
f 6174 6126 9153
f 7805 6140 3906
f 1440 1427 1428
f 1440 1432 1427
f 5912 5190 5198
f 8330 6966 8207
f 6092 845 844
f 2416 694 686
f 5455 5454 5416
f 3815 1295 3816
f 4827 7657 5167
f 2011 2398 2015
f 9005 7476 8040
f 9285 9279 9570
f 8891 8896 8890
f 8796 6252 6249
f 1837 1803 450
f 9427 9606 8900
f 2609 1838 1072
f 5848 8142 5847
f 5848 8042 8142
f 2127 2467 2468
f 3302 6145 6553
f 8879 8882 8872
f 4981 5130 4982
f 6832 6363 7289
f 4637 4582 4584
f 3924 2281 7652
f 5051 5039 5048
f 6129 7298 6127
f 1517 1518 4118
f 1517 4118 4117
f 6354 7807 7809
f 5964 4046 5963
f 5964 4010 4046
f 7229 8017 8018
f 8484 8766 9681
f 8484 6739 8766
f 8678 6590 6144
f 7005 6607 7003
f 9610 8378 4881
f 8049 8714 3903
f 140 2452 306
f 9252 9757 9211
f 3460 5991 3509
f 4886 9203 9489
f 789 791 786
f 2928 2927 2921
f 8339 8340 7697
f 9804 9920 9918
f 9804 9918 9998
f 4270 4271 4302
f 6194 6188 6190
f 6770 6893 6772
f 6752 7400 8996
f 5374 5307 5345
f 4096 1384 1393
f 5103 5076 5074
f 5650 2683 5647
f 4962 4938 4965
f 7441 8532 8533
f 7153 6634 7705
f 5629 7663 8028
f 123 218 298
f 8883 9684 9683
f 7720 6811 7824
f 6666 6438 6232
f 2508 3596 8336
f 7129 8494 9031
f 8089 8729 8090
f 5125 6781 5403
f 5523 5524 5525
f 8885 8886 8884
f 8885 8891 8886
f 947 555 564
f 7426 7423 7535
f 6945 9418 9184
f 2647 6383 6696
f 893 850 922
f 6384 6233 7875
f 650 651 648
f 8078 8076 8077
f 3422 3421 3417
f 9926 9925 9927
f 3491 3450 3470
f 8639 8632 8631
f 2012 6184 6658
f 2488 2491 2484
f 1676 1654 1663
f 5214 5415 5236
f 8766 8407 8972
f 8766 8972 9011
f 8848 9416 8845
f 3491 3470 3489
f 2375 617 2055
f 6054 6047 6051
f 4356 5630 7869
f 3743 6469 6470
f 7526 3689 3686
f 3743 3714 6469
f 5388 5385 7171
f 6873 9501 6874
f 9262 9359 8799
f 4476 4499 4486
f 533 530 531
f 6269 5336 5333
f 8874 8880 8912
f 7173 6194 6190
f 2185 2182 1523
f 151 194 205
f 3539 3535 3537
f 3682 2410 3502
f 3682 934 2410
f 8154 8168 8162
f 3470 3463 3489
f 6653 5620 6483
f 8073 4169 4192
f 9070 5718 5724
f 3094 3093 3092
f 8457 8534 9075
f 7450 9485 8113
f 7450 8113 7448
f 5975 6027 6021
f 7693 7341 7553
f 7693 7333 7341
f 9857 9576 9574
f 6275 6308 6270
f 8037 7441 8533
f 8037 7287 7441
f 4777 4779 4774
f 6976 5899 6974
f 6371 6155 6373
f 5893 4518 4533
f 9093 9188 8271
f 7167 9865 9414
f 4565 4553 4554
f 8217 5683 6672
f 5821 5819 5822
f 5821 5820 5819
f 6574 4037 4038
f 6813 7721 6814
f 8306 8491 8305
f 4228 9273 9272
f 2266 657 5918
f 1611 1604 878
f 5398 4785 5526
f 6477 8356 3545
f 6628 7103 7104
f 7673 7423 6879
f 5493 5499 5497
f 3850 6891 6892
f 7207 9247 7205
f 9386 7978 7903
f 9319 9749 8174
f 5782 5778 5780
f 2978 2955 3091
f 7390 7389 7388
f 3423 3427 3329
f 4978 4971 4970
f 6489 7436 7443
f 5254 5252 5248
f 3932 3928 4025
f 3932 4025 4024
f 8064 7644 7115
f 8807 8810 8809
f 2114 2117 624
f 194 167 894
f 2171 2168 1644
f 5092 4680 4987
f 8835 8397 8846
f 900 901 902
f 900 902 8490
f 7901 7899 7702
f 3126 3120 3123
f 2460 1858 7463
f 8186 7887 2116
f 3427 1784 1025
f 3427 1025 3329
f 8879 8872 8871
f 7193 4133 6559
f 7193 7189 4133
f 621 2163 1044
f 8019 2456 2454
f 3358 3295 3000
f 3358 3082 3295
f 8719 8721 8722
f 1816 2233 1818
f 4871 4900 4874
f 5557 5562 5680
f 4883 5758 6215
f 2643 2638 2640
f 3003 2878 2736
f 9359 8715 8799
f 435 397 398
f 4789 4788 4787
f 90 99 102
f 6023 3231 6022
f 9522 6550 7501
f 8824 8750 9374
f 8491 8276 8302
f 5738 5735 5739
f 4193 4169 8073
f 4193 8073 4326
f 4320 4190 4318
f 7238 7009 6881
f 5535 4955 4532
f 7612 8180 4875
f 9592 8694 9591
f 7482 9237 7484
f 6699 6693 6694
f 321 319 516
f 1271 1274 1248
f 9598 9823 9961
f 7578 7580 9528
f 6729 6751 6728
f 8141 8142 8271
f 4682 4676 4675
f 2308 3273 2316
f 8875 8879 8871
f 2533 2531 2536
f 6705 7263 5231
f 9404 7479 7472
f 4912 5397 8198
f 5280 5281 5293
f 5576 5325 5366
f 2625 5869 4048
f 7426 9235 7835
f 1615 4049 104
f 1336 2477 8938
f 1336 8938 1847
f 1535 1533 6034
f 8546 8547 8543
f 7823 8077 7372
f 7823 7822 8077
f 7872 6088 7871
f 9176 9932 8411
f 9190 9191 9189
f 8253 7361 9805
f 7678 3386 8072
f 3545 6473 6477
f 7410 7329 7331
f 5622 5423 5623
f 7834 4109 2283
f 8124 1840 4072
f 8124 1709 1840
f 8855 8854 8856
f 4045 5935 5939
f 5322 5302 5329
f 9170 9167 9166
f 9487 8846 8397
f 2936 2911 2898
f 3130 2924 2979
f 6752 9877 7400
f 3457 3459 5991
f 1583 2413 6232
f 8851 8850 8852
f 8851 8852 8854
f 9811 9808 9809
f 7666 7002 7147
f 3755 3756 3750
f 485 898 915
f 1285 6913 1286
f 9469 7115 4350
f 9738 9816 9813
f 7902 4414 8172
f 2795 2803 2798
f 8021 2329 6054
f 3366 3368 3381
f 8172 4414 8015
f 2282 2283 4109
f 8888 8885 8877
f 2450 2448 4016
f 8396 8290 8288
f 7192 6575 7606
f 2916 2959 2866
f 46 598 47
f 5970 5958 9356
f 6876 6633 6879
f 1329 1323 1322
f 8446 7792 7686
f 5021 5028 5038
f 8147 7190 8275
f 1759 3877 3878
f 818 817 812
f 6933 3267 9564
f 4759 4761 4757
f 1409 1401 1461
f 1409 1398 1401
f 8497 8498 8239
f 7607 6339 7316
f 5527 5808 5526
f 4902 7162 4923
f 1976 3351 7324
f 1976 7324 1975
f 6277 6272 3619
f 4089 4094 4088
f 7066 7068 7391
f 4758 4761 4763
f 6874 6203 6196
f 6874 7004 6203
f 8590 8571 8568
f 950 342 329
f 9611 9622 9615
f 6684 1928 6710
f 6684 1955 1928
f 2707 2282 5810
f 7843 3462 3464
f 1779 7837 7395
f 6073 6070 6815
f 6073 6815 7938
f 7679 9387 7546
f 5959 5955 8800
f 4494 4470 5424
f 8527 8533 8532
f 7945 4538 4582
f 5919 5922 5920
f 9162 9168 9165
f 6741 8484 8483
f 5792 9772 7725
f 3074 3111 3113
f 7437 7438 6512
f 1238 1240 1523
f 7259 3994 7258
f 7063 7060 7061
f 8036 5695 5694
f 3392 3390 3393
f 7870 2577 6385
f 4723 8953 6782
f 1921 7236 3828
f 8800 5955 5954
f 1505 1509 1360
f 8609 8608 8587
f 4896 4949 4821
f 214 210 207
f 7122 7550 7548
f 2920 2908 2927
f 7169 9014 7651
f 9042 9043 8952
f 6879 6599 7673
f 5523 5431 5524
f 2142 2689 1629
f 9057 9056 9600
f 9057 9600 9491
f 9272 9273 3238
f 2142 1631 2132
f 2142 2132 2135
f 1133 1132 1136
f 9263 9036 9038
f 6156 7549 7550
f 8065 7732 8004
f 8065 2681 7732
f 9686 9826 9857
f 4685 6122 4686
f 9686 9857 9574
f 2904 2895 2901
f 9645 9402 9398
f 5981 6158 7000
f 7055 7054 7036
f 7055 7036 7090
f 9248 7784 8461
f 9248 9884 7784
f 9812 9807 9810
f 4351 4193 4326
f 245 849 2481
f 897 140 1913
f 489 474 485
f 489 485 463
f 7144 7146 9420
f 7607 6336 6339
f 441 423 422
f 9347 9759 9768
f 5775 8955 8956
f 9611 9615 9607
f 1980 1978 4111
f 8123 8121 7360
f 8068 7696 7697
f 1377 1392 1394
f 1377 1391 1392
f 6289 6293 6290
f 117 74 73
f 1851 1852 1850
f 5263 5264 5262
f 9767 9191 9760
f 6684 1123 1124
f 6065 5892 4883
f 8798 8797 7924
f 8798 7924 9045
f 3815 4031 6123
f 6935 6235 6992
f 3820 6652 3748
f 3820 3748 3827
f 6821 9296 6827
f 6821 7317 9296
f 5981 2200 2197
f 7098 8455 8456
f 7619 6227 6432
f 3891 3893 3897
f 3891 3897 3900
f 1536 7345 8050
f 1598 1597 1601
f 7907 8274 8263
f 8229 7371 8235
f 1782 586 580
f 1782 1781 586
f 6273 6275 6270
f 4676 4682 4679
f 6341 6342 5806
f 9554 7747 8022
f 9245 9113 9512
f 5793 5781 8475
f 8250 4139 6355
f 6626 3859 3475
f 8259 9805 9747
f 3875 6044 5662
f 5080 5082 9154
f 8884 8886 8898
f 8793 4363 8440
f 7735 3263 3266
f 3713 3709 3721
f 7685 7645 6569
f 7003 6608 7002
f 7003 6607 6608
f 991 995 5911
f 991 5911 9419
f 9122 8816 8807
f 6672 5631 5628
f 5419 4957 6481
f 9617 9616 9622
f 8582 8567 8571
f 8582 8571 8590
f 9383 9672 9673
f 5729 6052 7110
f 5926 5920 5927
f 5421 5429 5393
f 6778 7541 6775
f 8060 3027 3050
f 6648 4061 1697
f 5438 5453 5435
f 6564 5530 6217
f 6294 6296 6307
f 6232 7733 7165
f 7284 3578 1074
f 5051 5040 5039
f 8260 5833 5824
f 5598 6043 7617
f 2240 6381 3627
f 6366 43 1879
f 4692 4696 4681
f 6514 5945 5950
f 7842 9657 9658
f 6875 6633 6876
f 5962 6542 9277
f 8617 8567 8561
f 1813 2224 886
f 1223 2176 1196
f 9795 9463 2527
f 8764 6545 8044
f 9561 7574 7573
f 9561 8995 7574
f 6852 8047 6851
f 8510 6867 5474
f 3786 3787 3779
f 8459 8461 8826
f 9336 9720 9337
f 5008 8212 5004
f 5008 6596 8212
f 7216 993 996
f 7216 996 2417
f 9973 9972 8509
f 9340 8705 8987
f 7066 7391 7057
f 8200 8982 8199
f 5166 5164 5159
f 9145 9351 9513
f 8232 7839 9471
f 4626 4635 4637
f 8608 8621 8583
f 7013 4431 7352
f 9305 9307 9308
f 1872 917 505
f 1872 1056 917
f 7842 9843 9820
f 7842 9658 9843
f 2628 2617 6561
f 2774 2772 2770
f 3725 5710 5796
f 7893 7896 7895
f 8507 7207 7204
f 3611 6999 1024
f 5423 5185 5623
f 6425 8505 8448
f 654 655 649
f 654 649 1048
f 6923 6922 7397
f 3785 5516 3789
f 7532 3549 3551
f 7810 6105 6107
f 2242 921 294
f 6680 6656 6682
f 5837 5251 5061
f 4090 3629 2451
f 3416 7268 7927
f 2447 2472 2475
f 8804 8653 8806
f 8804 8805 8653
f 1470 1498 1467
f 4921 7133 6011
f 6899 7908 7909
f 6316 6317 6312
f 9038 9035 9037
f 9038 9036 9035
f 278 292 2349
f 9694 9697 9696
f 5019 5803 5022
f 1801 2107 43
f 9129 9130 9131
f 1897 5882 6042
f 1897 6042 1896
f 8703 9395 9390
f 2753 2765 7155
f 2753 7155 7159
f 640 107 110
f 6347 5558 5602
f 6347 5602 6346
f 7226 5308 5282
f 3067 3059 3105
f 9302 9307 9305
f 5411 5147 5130
f 5411 5130 4981
f 3839 3298 3046
f 463 462 461
f 3702 4054 2696
f 4757 4760 4756
f 4757 4756 4755
f 3346 3112 7880
f 6307 8788 6298
f 9996 8396 8393
f 9996 8290 8396
f 9030 8920 8908
f 6742 6749 6740
f 9579 9377 7215
f 8426 8962 6997
f 8426 7529 8962
f 7251 1752 2670
f 7810 6107 6719
f 5000 5003 8212
f 5000 8212 7711
f 6773 8763 7867
f 9787 9934 5945
f 9787 5945 6514
f 2833 2832 2828
f 4871 4757 4755
f 6373 6369 6371
f 1813 886 461
f 3107 3982 2766
f 7167 9414 8517
f 4102 4107 7243
f 4102 7243 7664
f 9133 9131 8802
f 9672 9379 9596
f 4134 7182 7471
f 5024 7106 5009
f 9540 9970 9890
f 6441 3924 3589
f 7661 8978 9114
f 7867 7010 7866
f 4900 8244 7322
f 5913 5232 5231
f 5204 4825 5207
f 5975 6021 6019
f 5975 6019 6020
f 3424 1789 3423
f 1818 6907 3607
f 1818 3607 3606
f 8243 7951 7948
f 893 922 964
f 1039 476 934
f 2984 2929 2989
f 1237 1241 1238
f 3080 8040 7476
f 7928 5834 8978
f 8169 7755 8172
f 6898 6901 5344
f 8549 8543 8547
f 4402 4401 3995
f 5933 5920 5921
f 4619 4505 4521
f 7046 7048 7690
f 4349 4294 4315
f 6071 6069 6067
f 6735 7418 6777
f 8855 8853 8851
f 2023 659 950
f 8068 7697 8340
f 4328 6175 6134
f 3049 3018 3024
f 3049 3024 3048
f 4401 9182 3995
f 2956 2978 2973
f 8387 9944 8301
f 9495 9955 9956
f 6279 6278 6275
f 9559 9462 9727
f 3298 3219 3043
f 461 459 463
f 3535 7987 1968
f 8455 8091 6043
f 9695 9673 9675
f 9695 9675 9597
f 8448 7154 6425
f 3913 9656 9819
f 1582 1583 5990
f 8881 8880 8873
f 1363 2435 2146
f 5410 4923 4924
f 5410 4924 4704
f 9165 9161 9162
f 5794 6210 5787
f 9115 5487 9644
f 2148 2146 2436
f 4793 4792 9157
f 9219 9222 9364
f 8113 9485 8099
f 8113 8099 8114
f 3451 3455 3454
f 7284 7281 7922
f 5458 5457 5430
f 9949 9989 9781
f 388 972 428
f 3709 3741 5700
f 3709 5700 3721
f 946 325 945
f 946 1003 325
f 8827 8829 8831
f 6666 4979 5363
f 6666 5363 6438
f 6113 6106 6109
f 8680 1779 9193
f 8680 9193 8261
f 7675 7200 7634
f 5051 6132 5040
f 9996 8393 8395
f 9682 9677 9678
f 5766 5619 5765
f 5381 4833 5090
f 4620 4588 4531
f 2411 2543 2030
f 8382 9379 9370
f 1347 1341 1348
f 6386 7194 6388
f 5359 6863 5352
f 9779 9385 9778
f 4014 2448 2372
f 515 1844 2385
f 8623 8621 8608
f 8623 8622 8621
f 8379 6992 5364
f 486 344 337
f 486 337 464
f 3457 5991 3460
f 8764 7443 7436
f 6061 5876 5880
f 3948 7985 3949
f 6481 4532 4955
f 3577 3574 3637
f 7236 1291 3860
f 2900 2915 2904
f 6632 6631 4080
f 2684 7216 2417
f 2548 2546 4258
f 8494 7129 7128
f 6251 6253 6252
f 3241 3167 3169
f 8854 8855 8851
f 4892 5165 5153
f 1517 1468 1518
f 5658 5436 5731
f 5444 6221 5311
f 5444 5311 5304
f 76 640 110
f 1842 1548 965
f 8788 7288 2467
f 9566 9567 9445
f 9484 9776 9486
f 6405 6416 6768
f 7059 9874 7064
f 9258 6551 9625
f 9258 9625 8350
f 6703 6704 6702
f 7596 6941 6938
f 6696 6694 6480
f 211 272 210
f 5076 4994 4990
f 5764 2606 2607
f 8611 8576 8579
f 9076 9003 9527
f 8867 8868 8866
f 2101 2441 2103
f 4887 4896 4817
f 4887 4817 4678
f 9292 6489 7443
f 8977 8972 8823
f 7288 7218 2467
f 3147 3135 3204
f 3147 3140 3135
f 4777 4762 4778
f 6485 6482 5801
f 9108 9416 8848
f 9108 8848 9121
f 4794 4920 4788
f 899 1837 1836
f 899 1803 1837
f 5298 5341 8035
f 5114 5113 5108
f 7401 8008 6405
f 6935 6936 6937
f 6935 6937 6939
f 9316 9917 9919
f 6136 2411 2030
f 3212 9286 9184
f 6102 6100 6101
f 1332 1323 1329
f 4971 7012 4968
f 4971 5088 7012
f 6939 6235 6935
f 7147 6158 8111
f 7692 7997 8209
f 2465 2291 2314
f 9508 9505 9510
f 2468 4050 3402
f 6478 6472 8332
f 6478 6477 6472
f 5381 4838 4810
f 1335 1847 1319
f 1335 1336 1847
f 8277 6191 6585
f 5498 9139 5494
f 8590 8589 8588
f 6337 6313 6327
f 6337 6327 6340
f 8063 7349 8061
f 9017 7047 7078
f 7399 7398 8495
f 279 136 138
f 6658 3476 2012
f 3726 4028 3715
f 6323 9009 9126
f 5648 5646 5644
f 5648 5644 5647
f 6620 4130 7189
f 7143 7532 9723
f 7506 7521 7510
f 7310 7337 7339
f 7310 7326 7337
f 207 202 2027
f 3947 2700 2545
f 4106 6045 1873
f 6957 6956 6959
f 6957 6959 7620
f 6418 7138 7140
f 1878 43 2108
f 1878 1879 43
f 9179 8685 7386
f 1302 1003 1304
f 9417 7537 9158
f 9584 9557 9585
f 9584 9556 9557
f 3682 1041 934
f 8695 9023 8694
f 480 903 901
f 6759 8721 8718
f 9532 9651 9381
f 3600 3264 3599
f 8243 8498 7951
f 7076 7079 7081
f 5815 5833 5816
f 8774 7879 7069
f 9713 9915 9802
f 7842 9820 7680
f 6942 6953 7931
f 6297 6299 6298
f 5028 5021 5018
f 2374 2375 2055
f 8891 8890 8886
f 5332 8032 8035
f 3376 9783 3375
f 3376 6674 9783
f 4759 4874 7322
f 4759 7322 4762
f 9532 9381 9384
f 6098 6097 6096
f 6098 6096 5737
f 3318 2030 6034
f 5423 5622 5621
f 5423 5621 5185
f 3104 3978 2857
f 5208 5207 4934
f 9279 7827 9774
f 9279 8679 7827
f 6683 6678 7744
f 9975 9344 9323
f 2475 3341 3550
f 4324 4325 4287
f 2984 2958 2929
f 4023 3134 4022
f 4023 2998 3134
f 3755 7382 3756
f 9733 9816 9738
f 6093 1971 1910
f 3982 3274 3981
f 5926 5923 5920
f 7546 2644 6690
f 4638 4612 4535
f 6706 5986 1604
f 7856 8010 5877
f 4922 4411 7551
f 5491 9649 5500
f 6633 6631 6632
f 4759 4871 4874
f 7393 7242 7232
f 6876 6879 7423
f 5832 5813 8333
f 3314 3117 3121
f 3314 3313 3117
f 6872 6746 6743
f 5607 5593 5592
f 5009 7106 7103
f 5009 7103 7105
f 2888 3270 2986
f 7340 8325 7339
f 4922 8522 4411
f 7949 7957 7953
f 7293 1731 1728
f 3513 1790 4000
f 3513 4000 3996
f 7375 7373 7700
f 582 1803 899
f 582 1868 1803
f 9569 9194 9304
f 5973 4008 4004
f 3533 2585 3534
f 7720 7445 7446
f 2583 2604 3538
f 7375 7700 7421
f 7736 7164 9692
f 6274 6276 3602
f 9293 8003 8001
f 1240 1241 1242
f 6781 5119 5403
f 7535 9235 7426
f 3202 3201 3072
f 5546 6902 5578
f 7304 6969 6970
f 6939 6937 6938
f 8678 8462 7271
f 9163 9168 9162
f 6930 8073 4192
f 6245 6404 6243
f 5534 5808 5527
f 6142 2014 1982
f 5069 5061 5060
f 5069 5060 5831
f 8706 8705 7538
f 979 999 1000
f 8809 8810 9223
f 2811 9050 2816
f 7572 9893 9739
f 6930 7461 8073
f 205 194 175
f 8767 7662 7860
f 7178 7176 7177
f 8036 6464 6462
f 8036 6462 6460
f 1997 2017 2009
f 1997 1991 2017
f 3588 3183 3184
f 8114 8102 9120
f 1231 1201 1232
f 8234 8235 8238
f 7670 7677 7673
f 4510 4451 4450
f 8499 2227 643
f 5497 5494 5493
f 9887 9338 9102
f 5403 7862 9183
f 5743 5739 4357
f 6837 9213 9246
f 1280 1278 2026
f 4092 9568 6133
f 4092 4102 9568
f 3333 6090 3507
f 3333 3507 4022
f 7746 9554 8022
f 7310 7312 7309
f 7637 7626 7659
f 8369 8368 6241
f 1561 124 963
f 8863 8854 8852
f 8722 8723 8724
f 8884 8877 8885
f 5764 1390 2606
f 886 2410 934
f 8869 8867 9108
f 7432 6560 6170
f 7432 6170 7020
f 9982 9541 9660
f 9982 9890 9541
f 1073 1837 450
f 1073 1072 1837
f 7390 9979 7389
f 6868 9464 7396
f 6868 7396 6869
f 1495 1388 1385
f 1495 1385 1383
f 1806 7451 7936
f 2099 2103 2537
f 9541 9536 9542
f 7408 5105 7406
f 7408 7406 5825
f 9336 9885 9708
f 3875 5662 2161
f 2844 2818 2850
f 4110 1541 1558
f 1504 1348 1508
f 5862 8146 8450
f 1379 1380 5768
f 9189 9191 9135
f 808 2118 1532
f 3339 221 189
f 6673 6172 6560
f 6790 6793 6830
f 6790 6795 6793
f 3417 3421 3418
f 113 105 107
f 8959 8757 8754
f 8915 8883 8921
f 2742 2741 2740
f 2742 2743 2741
f 9745 9296 7655
f 8891 8887 8894
f 8891 8885 8887
f 5877 5734 7383
f 5877 7383 7856
f 15 241 287
f 4314 4342 7850
f 9799 9852 9983
f 1040 934 1041
f 2991 7522 3821
f 4588 4530 4531
f 4762 4761 4759
f 8173 7093 7755
f 6116 6623 2259
f 5817 5831 5836
f 3126 3185 8768
f 9664 9853 9666
f 7450 6003 9485
f 6041 8061 5367
f 8430 9150 7821
f 6608 7000 7002
f 9031 5889 9079
f 9986 3393 8012
f 4897 8200 8197
f 4776 4758 6849
f 5078 4814 4804
f 762 751 1532
f 8456 7683 7260
f 512 510 513
f 6423 8360 8950
f 7666 7677 7670
f 7218 8941 6904
f 7218 8942 8941
f 1786 3427 3423
f 8796 9088 6252
f 8447 3860 6028
f 8447 8183 3860
f 7355 7354 8045
f 8082 8028 5806
f 632 651 658
f 9299 9295 9294
f 2494 2493 2492
f 5810 6932 3956
f 6840 8709 6842
f 4330 9326 4329
f 4338 4336 5974
f 6354 6352 7982
f 6354 7982 6871
f 6976 6039 5899
f 9548 9549 9603
f 9548 9603 9602
f 7709 3433 6651
f 6854 6848 6150
f 5334 5266 5264
f 1978 1989 1987
f 9598 9597 9474
f 2873 1083 3344
f 8896 9427 8900
f 63 60 73
f 6849 4847 4829
f 4964 7865 8330
f 1769 1591 1768
f 8891 8894 8896
f 2870 2862 2865
f 9180 9629 9177
f 9180 9177 9146
f 7810 6749 6103
f 8931 8752 8753
f 8424 6966 8330
f 8801 8774 7069
f 9946 9790 9722
f 9573 7531 9951
f 3288 3271 7370
f 6282 6344 6289
f 6282 6277 6344
f 3824 8693 3576
f 581 1537 579
f 3085 5633 3270
f 4325 7538 4287
f 8227 9471 7591
f 812 1031 804
f 4575 4603 4549
f 7041 7391 7043
f 7041 7057 7391
f 6052 6051 6050
f 6253 4076 6249
f 6964 6944 6966
f 8242 8365 8672
f 148 149 208
f 9208 8987 9523
f 9908 9906 9907
f 9208 9523 9605
f 9004 9588 9000
f 9004 9589 9588
f 4575 4549 4546
f 9464 9795 7442
f 6041 5367 6939
f 5694 6844 6968
f 5694 6968 8036
f 4431 5083 4873
f 5919 9520 5922
f 5930 6530 6566
f 6686 8412 6087
f 6686 6087 5327
f 1486 1492 1337
f 5235 5149 5151
f 1041 3682 1074
f 5620 5610 6484
f 9561 7583 8247
f 8871 8870 8875
f 3127 3131 3129
f 7164 6680 9692
f 7102 7397 6922
f 8655 8664 8619
f 7706 7196 7198
f 8145 5861 7819
f 8194 8150 8692
f 5749 5762 6110
f 5749 6110 6108
f 6717 6155 5106
f 9839 6927 6926
f 2730 2768 2727
f 8357 7181 8173
f 1646 2166 1653
f 3346 6391 6390
f 2454 9419 3504
f 3190 8224 3194
f 3190 8783 8224
f 7275 6804 6803
f 5989 7094 4315
f 5989 7298 7094
f 8801 7069 8948
f 8454 2524 8345
f 8903 8901 8898
f 6907 2233 2232
f 461 462 1813
f 8721 6759 6764
f 5811 6686 5327
f 8947 8435 6246
f 6979 7215 7981
f 6604 6597 2283
f 4826 5131 4824
f 1328 2684 2417
f 7424 6702 6704
f 1197 1174 1199
f 6289 6352 6350
f 6289 6344 6352
f 6368 6670 8364
f 4556 4508 5451
f 5024 5015 7104
f 787 805 790
f 9719 9055 9491
f 9757 9210 9211
f 946 1304 1003
f 9646 8828 9723
f 9646 9723 8385
f 4612 4633 4958
f 6521 6513 5950
f 100 628 101
f 9854 8916 9666
f 1448 1445 1449
f 2698 2543 2314
f 7131 4989 4986
f 7386 8685 8687
f 6763 6724 6754
f 639 6973 9006
f 2639 2642 2637
f 4136 4141 4367
f 4136 4367 4395
f 4839 4830 5089
f 2028 1364 1370
f 5647 2683 2686
f 8726 7958 7957
f 8726 7957 9411
f 7929 5604 7311
f 4823 4827 6122
f 7352 4431 4430
f 4794 4789 4795
f 4794 4788 4789
f 3724 3721 5700
f 5326 5322 5329
f 7858 8373 5687
f 7858 3351 8373
f 4411 6963 7551
f 5734 5874 2228
f 2807 2809 2804
f 2807 2811 2809
f 157 155 154
f 157 199 155
f 4473 4470 4494
f 6496 6494 6501
f 4465 4466 4468
f 2421 764 2229
f 9260 9261 9157
f 3227 3554 3296
f 3227 2980 3554
f 9872 9780 9961
f 9872 9817 9780
f 8782 4280 4182
f 4982 5133 5155
f 3074 3127 3111
f 8862 8909 8911
f 9350 8959 8754
f 9350 9130 8959
f 3434 3437 3432
f 3434 3436 3437
f 972 388 3594
f 658 265 633
f 4352 7115 7644
f 9071 9417 9523
f 2477 2028 8938
f 5130 5134 5133
f 5130 5133 4982
f 7215 9377 7981
f 275 126 128
f 9408 7510 7521
f 2536 7735 2533
f 1328 1516 1512
f 1367 1359 1362
f 3281 9487 8397
f 8025 5637 8023
f 4826 4821 4949
f 2908 2982 2927
f 1568 1921 7944
f 8737 9833 8104
f 9907 9906 9909
f 476 484 465
f 476 465 459
f 9105 8979 8442
f 6843 9496 9441
f 9554 7746 9550
f 3352 9387 3353
f 3352 3479 9387
f 402 452 460
f 9139 9518 5487
f 5534 9645 9449
f 5534 9449 5808
f 6661 7956 7958
f 6661 7958 8436
f 6857 7256 3993
f 6824 7908 6668
f 8257 7380 8255
f 5888 9079 5889
f 9909 9917 9918
f 5234 5227 5241
f 5952 5951 5936
f 5607 5592 5901
f 6798 6476 6806
f 5050 7539 7540
f 476 886 934
f 8893 8904 8895
f 8893 8894 8904
f 3348 1034 181
f 3348 2027 1034
f 2402 2400 3807
f 847 636 637
f 8236 6807 9066
f 7744 6831 7746
f 9008 9387 7679
f 614 4372 18
f 643 2227 866
f 7098 6148 7097
f 7098 7097 8088
f 8960 8495 8965
f 8621 8615 8564
f 2695 3696 3701
f 3771 3792 3793
f 3771 3796 3792
f 9902 7097 5853
f 4573 4572 4554
f 9751 9793 9680
f 9733 9813 9734
f 1217 3365 1220
f 1217 1220 1218
f 9962 7363 6936
f 8738 6905 7116
f 9558 9219 9364
f 5639 5636 3206
f 6383 3352 3353
f 5258 5343 5259
f 5258 5344 5343
f 5118 6037 5393
f 1606 879 882
f 5185 5621 5194
f 6606 6614 6605
f 5743 3561 8693
f 9709 9509 9506
f 8491 7752 8276
f 3682 3502 1074
f 8260 6456 3923
f 8695 8326 9023
f 7852 7601 9964
f 2868 2856 2863
f 9706 9306 9307
f 8968 9171 7605
f 4236 4301 9365
f 6897 8492 8535
f 8592 8569 8613
f 6703 6705 6704
f 6375 6379 6377
f 3424 3425 1789
f 4733 4723 6782
f 8689 9659 2580
f 762 2118 2120
f 1813 2222 2224
f 7603 3986 8065
f 7295 4808 5079
f 3785 3784 8029
f 3785 3789 3784
f 677 695 696
f 1539 2432 2328
f 1454 1448 1452
f 4019 2687 3580
f 8834 9643 9543
f 8621 8564 8583
f 3563 2034 2106
f 3543 3092 5715
f 8109 7246 8159
f 8109 7245 7246
f 7094 4349 4315
f 4372 19 18
f 5709 2280 2281
f 9706 9307 9302
f 8041 8040 3081
f 4886 9489 4867
f 2509 2191 3595
f 5690 2368 2450
f 1487 1508 1348
f 943 969 1918
f 1255 2185 1523
f 8648 8647 8617
f 4042 5973 5870
f 6692 4671 4700
f 8846 9487 3132
f 7801 4172 4168
f 5959 5957 5955
f 9006 8242 8819
f 5292 5446 6863
f 4136 3593 2327
f 5521 5522 5431
f 6649 1888 1891
f 6972 3869 3855
f 6972 3855 3866
f 3925 3635 3573
f 8648 8617 8558
f 9948 9987 9949
f 4114 3808 1490
f 3801 3803 4381
f 736 979 1000
f 3740 6943 6995
f 1596 1794 1597
f 7646 8409 8458
f 7646 8203 8409
f 3543 6410 6393
f 1015 993 998
f 7259 7253 7255
f 7799 8965 7398
f 5344 6901 5343
f 6705 7425 6704
f 4113 6442 2384
f 110 858 76
f 7974 7967 7969
f 7974 7972 7967
f 6267 7817 7001
f 8194 8734 8731
f 7695 7091 7921
f 8887 8904 8894
f 6857 3993 3598
f 1264 1259 1263
f 2080 2138 483
f 6219 7806 7149
f 3721 3726 3715
f 3721 3715 3713
f 2137 1891 1890
f 3169 3243 3242
f 3169 3242 3241
f 323 2662 2335
f 8710 6842 8709
f 8710 9490 6842
f 7980 7872 7871
f 826 3822 830
f 8200 6231 8982
f 9442 9445 7926
f 5797 5732 4241
f 5797 7463 5732
f 5816 5813 5812
f 9301 9303 9302
f 3652 3926 3930
f 8312 7753 8491
f 3692 3265 4108
f 3107 3177 3178
f 3562 3558 3561
f 5673 3622 3621
f 8803 8774 8801
f 8336 7405 8074
f 6383 2647 3352
f 8088 7097 8092
f 1154 1136 1152
f 2475 3550 2447
f 9047 9048 9046
f 9392 9395 8993
f 5281 5284 5286
f 202 1034 2027
f 7282 7276 7279
f 1896 1898 1888
f 7240 8202 7848
f 5635 8023 5637
f 1337 1330 1322
f 5976 7883 7281
f 5976 7281 3502
f 6467 7615 5641
f 6467 7619 7615
f 5864 5498 5495
f 8644 8661 8812
f 2521 2526 2529
f 245 2481 2027
f 3868 1075 20
f 3868 24 1075
f 8037 7204 7206
f 8037 8507 7204
f 6338 6337 6340
f 9445 9275 7926
f 9445 9535 9275
f 8394 8384 8389
f 9212 9545 8694
f 6436 5469 5502
f 6436 5502 5482
f 4522 4608 4503
f 4522 4503 4619
f 3840 3219 3298
f 7730 5665 8251
f 7343 7293 6572
f 1951 1936 1930
f 7318 7711 8212
f 4086 3359 2382
f 5379 7227 5356
f 6895 3920 3914
f 7258 3993 7256
f 7595 7427 7425
f 7469 7470 4032
f 3338 2357 2359
f 1180 1232 1201
f 48 880 172
f 7369 7390 7388
f 3709 3713 3720
f 3612 3613 3618
f 6028 1241 1237
f 6028 3860 1241
f 8303 9997 9992
f 9884 7783 7784
f 3944 5638 7619
f 419 424 406
f 3263 6171 3362
f 3577 3637 6161
f 1040 1039 934
f 3801 4382 4388
f 3801 4381 4382
f 6420 7144 6415
f 6420 6418 7144
f 9923 4383 3804
f 2961 2888 2986
f 2961 2986 2984
f 515 1842 1844
f 215 506 211
f 8877 8878 8889
f 3627 2354 3626
f 3627 6370 2354
f 3392 9986 6674
f 8954 8712 9756
f 7424 7425 7427
f 2998 3086 3134
f 2156 2040 2183
f 2156 2183 2147
f 7673 6599 7672
f 5254 5689 5252
f 5254 5259 5689
f 6897 6895 8492
f 8782 8784 8783
f 5615 5612 5617
f 9725 8786 7805
f 9725 8790 8786
f 3043 3041 3298
f 3216 2074 6042
f 1966 1954 1953
f 2875 2852 2853
f 9874 7091 7695
f 203 217 161
f 5452 5435 5899
f 1873 3835 2446
f 9965 9998 9999
f 9965 9966 9998
f 7249 4328 4321
f 3776 3796 3771
f 9953 8498 8497
f 9953 8497 8496
f 4105 8012 8763
f 6974 6975 6976
f 800 818 795
f 1748 3990 7555
f 5230 5216 5237
f 4795 4789 4785
f 7059 7060 9874
f 1589 1581 1571
f 8198 5397 4931
f 6322 6317 8940
f 6322 8940 8942
f 8394 8389 8396
f 7182 5872 7785
f 2538 2512 2532
f 3330 2675 941
f 9778 9887 9886
f 9778 9886 9751
f 9131 9133 9134
f 8179 8178 8237
f 7336 5360 7338
f 4341 7892 2528
f 3833 1492 1486
f 3819 3486 3485
f 2140 8124 4067
f 5145 5165 5154
f 2851 3487 2995
f 2902 2982 2908
f 7973 7971 9460
f 9488 8791 9054
f 8804 9215 8805
f 7430 6875 7423
f 6068 6058 6060
f 9303 9304 9706
f 9199 9434 9437
f 9923 9182 4386
f 1041 2609 1072
f 628 629 2469
f 6445 6447 3522
f 2429 4142 2079
f 7713 7247 7248
f 9876 6915 7868
f 5322 5309 5310
f 4124 2153 830
f 9026 7803 7778
f 9618 9615 9616
f 1610 2109 2107
f 1610 2107 1801
f 8735 7951 8498
f 8735 7952 7951
f 9014 7718 7651
f 6750 6763 7211
f 7943 7942 7589
f 1543 903 480
f 7648 7650 9443
f 5810 4077 6932
f 6978 6976 6975
f 7606 7270 7192
f 6974 5898 6703
f 5310 5302 5322
f 3273 2308 2306
f 2458 1810 2355
f 2430 1756 723
f 7251 2670 7604
f 5861 5863 7819
f 9806 9810 9807
f 8779 9020 9814
f 8081 8377 9648
f 8963 9157 9032
f 7601 8479 8481
f 5519 4913 5520
f 5297 7861 5330
f 4733 4718 4723
f 9133 9189 9135
f 1615 140 306
f 1615 306 308
f 7978 7979 7533
f 110 107 109
f 5846 7550 7122
f 9098 9012 9127
f 9070 6099 7977
f 3680 3665 3679
f 8782 4182 4199
f 7756 7801 3858
f 7801 7756 4172
f 8193 8660 6359
f 4792 5978 9515
f 9191 9465 9768
f 9191 9768 9760
f 9701 9703 9702
f 4992 4974 4983
f 8234 8724 9977
f 8343 8341 7892
f 6775 3524 3523
f 9175 9268 9932
f 8998 6948 9002
f 5561 5557 5553
f 3205 3208 3173
f 2441 6267 6447
f 4886 4855 4878
f 2131 8143 8353
f 4731 4613 4595
f 8876 8878 8877
f 9550 9553 9554
f 6557 6649 3477
f 6557 3477 5883
f 7898 9510 9850
f 5369 7347 6705
f 5369 6705 5231
f 967 965 966
f 4605 5084 4604
f 6265 3572 3569
f 9449 9645 9398
f 5689 5343 8079
f 3204 3133 3585
f 1601 1597 1794
f 6349 3044 3683
f 1764 2334 2455
f 6550 1740 9094
f 7667 2261 3973
f 7667 3973 6623
f 8282 8302 8281
f 8282 8305 8302
f 5745 6161 5748
f 5104 4936 7692
f 3820 2223 6236
f 7208 5303 6660
f 4096 1393 1519
f 7487 7488 7486
f 1039 2409 484
f 211 214 215
f 8716 8717 7913
f 658 633 632
f 3292 8465 7833
f 9187 8920 8864
f 3346 6390 3112
f 7424 6701 6702
f 9180 9146 9067
f 5594 5598 7617
f 5594 7617 7787
f 3263 3245 3262
f 3827 4139 8250
f 1488 1491 1489
f 7367 6139 6137
f 7367 6991 6139
f 5534 5527 8963
f 5534 8963 9032
f 9132 8961 9131
f 3573 3635 3637
f 1931 4032 1932
f 2966 2970 3227
f 6030 3318 6034
f 2301 2318 2300
f 7513 7753 7511
f 7226 6898 5261
f 7226 6900 6898
f 5096 6661 8436
f 2410 886 2224
f 779 773 774
f 3862 1460 1465
f 3333 6091 6090
f 5527 4786 8963
f 6979 6975 7215
f 9496 6841 9490
f 9496 6843 6841
f 5392 5432 8709
f 5392 8709 6840
f 9229 9230 8792
f 7526 9700 3689
f 4714 5517 4916
f 4714 4916 4929
f 6954 7623 7622
f 3619 2479 6277
f 3619 1574 2479
f 1450 1448 1449
f 8227 7959 8445
f 9196 8955 5778
f 9196 5778 5782
f 6979 7981 8452
f 5073 6360 6363
f 6046 5674 5671
f 9122 8807 9123
f 4854 4851 4859
f 5322 5326 5319
f 7601 8481 9964
f 3220 6467 5641
f 208 203 161
f 3427 1786 1784
f 6588 5830 7266
f 5672 5673 3621
f 2404 2402 3807
f 1601 1600 1598
f 8370 9944 8394
f 8207 8208 8206
f 8207 7857 8208
f 9275 9840 7361
f 7224 3435 3433
f 5593 5766 5765
f 6655 7164 7736
f 9705 9706 9304
f 7429 7424 7428
f 9699 7526 9731
f 2690 3342 2633
f 8736 8734 8692
f 8736 8692 8161
f 6222 1522 1614
f 9265 7920 8408
f 1811 455 458
f 7562 7560 7578
f 2901 2900 2904
f 8050 7950 7955
f 9962 8549 8547
f 9132 9131 9134
f 8022 7747 7745
f 2877 3221 3293
f 9442 8452 8453
f 8913 8912 8880
f 3188 2016 3563
f 8013 9111 8219
f 3253 3264 3258
f 6092 844 1866
f 8827 7145 7142
f 3488 3496 3492
f 1640 1657 1638
f 2468 2032 2127
f 2468 3402 2032
f 7451 2058 3556
f 9652 7889 9505
f 9562 7574 8994
f 2225 2224 2222
f 1246 1243 1244
f 9905 9920 9847
f 8555 8556 8560
f 8395 9992 9997
f 8395 9997 9996
f 740 762 2121
f 9671 7970 7975
f 5103 5074 5085
f 7663 7860 7662
f 1369 1400 1362
f 3611 1021 1016
f 7188 7531 9573
f 8377 9517 9648
f 2177 6044 7334
f 8352 9704 9457
f 5359 5347 5346
f 9130 9350 8802
f 3505 5910 3628
f 6623 2262 6624
f 6623 6116 2262
f 8895 9148 8893
f 6702 6974 6703
f 1456 1450 1459
f 5403 5119 7862
f 3744 4079 3695
f 3744 2104 4079
f 4479 4463 5370
f 9897 9698 9524
f 9897 9693 9698
f 9348 9759 9347
f 6245 6243 6386
f 1299 3078 5751
f 7526 9699 9700
f 2311 2310 2303
f 9700 9699 9703
f 7322 9515 5978
f 2849 2817 2832
f 2643 2649 2652
f 3931 3985 3930
f 7984 6354 7809
f 1979 1989 1978
f 1979 1983 1989
f 1200 1198 1179
f 7771 8826 7772
f 7771 7772 7769
f 4932 4701 4703
f 3650 3652 3930
f 3650 3930 3985
f 6595 7323 8511
f 6595 8511 8440
f 3521 9418 9250
f 3988 5957 3989
f 2873 3344 3178
f 943 951 969
f 8334 8771 8663
f 288 227 15
f 4783 4839 5372
f 4783 5372 4774
f 8888 8877 8889
f 7682 7660 7658
f 9610 6591 7162
f 562 553 555
f 9418 3212 9184
f 5114 5109 8985
f 9417 9071 7537
f 5169 9375 5149
f 3558 7647 3458
f 3662 7278 7276
f 9972 3871 8509
f 2501 2498 2500
f 5885 1608 2033
f 9982 9895 9540
f 6779 6971 3781
f 8870 9121 9104
f 9978 9822 9661
f 9654 7090 7038
f 8630 8572 8628
f 2099 3505 3628
f 8430 8431 8432
f 7753 7752 8491
f 8457 8009 8534
f 7259 7258 7253
f 5341 5332 8035
f 8406 8439 8418
f 3541 1760 3542
f 3506 1059 2136
f 6569 7684 7685
f 3354 3357 3356
f 8894 8899 8896
f 8014 7490 7488
f 8014 7488 7487
f 7724 5576 5574
f 7922 8413 7277
f 7922 7277 7284
f 6949 8454 9796
f 2016 3560 3563
f 4577 4551 4590
f 3202 3118 3197
f 5662 6044 2177
f 5662 2177 2158
f 3670 3671 5753
f 6879 6633 6632
f 6726 6774 6755
f 9263 9514 9036
f 3730 3756 6469
f 6366 6160 1835
f 8252 6061 8000
f 9796 9472 9453
f 5666 5957 3988
f 5666 5960 5957
f 2686 9452 5648
f 2686 5648 5647
f 3275 3273 3345
f 2674 2672 2682
f 2674 2682 9452
f 2557 2567 2552
f 769 960 802
f 8441 8402 8404
f 1230 923 895
f 8566 8563 8615
f 3363 8677 7833
f 2495 2496 2498
f 7898 9850 6927
f 9676 9089 7086
f 2492 9455 2494
f 7872 6943 6088
f 9428 9431 7259
f 8551 8552 8549
f 5010 5058 5057
f 8824 8911 9959
f 1370 967 1753
f 2578 3533 2604
f 4090 2451 2424
f 6813 7720 7721
f 7018 8993 7883
f 9258 8350 8284
f 9258 8284 7754
f 68 503 120
f 4491 5756 4478
f 8506 8507 8526
f 8506 7207 8507
f 5708 5776 9991
f 5708 5783 5776
f 6875 8682 6633
f 5996 7480 7484
f 4786 5527 5526
f 5970 5968 5958
f 5845 5503 8999
f 7402 7833 8677
f 7402 8677 7832
f 459 461 476
f 8914 9670 8910
f 7806 6219 7324
f 5982 7546 3479
f 6350 6352 6353
f 9524 8018 9897
f 9152 9149 8485
f 7046 7049 7048
f 9058 1942 1945
f 2640 2649 2643
f 9223 9255 9225
f 6123 8840 6149
f 6160 1879 5763
f 6160 5763 3590
f 9965 9810 9806
f 6464 8036 6968
f 9066 6806 7998
f 9101 9294 9681
f 7607 7316 7314
f 8620 8663 8654
f 3636 3634 3728
f 4760 4754 4756
f 8641 8639 8626
f 3824 5742 5743
f 3824 6159 5742
f 6435 2112 1490
f 7805 8467 8964
f 7805 8140 8467
f 5109 9097 8985
f 1450 1456 3503
f 3866 2600 3481
f 3866 3481 6972
f 9818 9631 8915
f 6701 6975 6974
f 9266 7920 9265
f 8444 7972 8230
f 7949 7953 7954
f 9041 9077 9289
f 212 214 2481
f 7519 9015 4070
f 6970 6334 6688
f 9505 7890 9507
f 5519 5410 4914
f 5519 4914 4913
f 3962 2385 1843
f 2144 2408 2260
f 8868 8872 8873
f 9022 7690 10002
f 6588 5827 5823
f 7779 8826 8461
f 8906 8905 8862
f 8906 8931 8905
f 1299 3083 3078
f 5523 5519 5520
f 9166 9167 9834
f 3423 1789 1786
f 8508 1948 1967
f 1053 1608 3556
f 8094 6736 6719
f 6790 6130 4037
f 6830 6130 6790
f 3823 6274 3602
f 3823 3602 3607
f 6056 6055 5999
f 8246 8249 9254
f 7534 3311 3214
f 8538 7972 7974
f 103 940 106
f 5165 4894 4837
f 956 954 552
f 2977 2971 3095
f 4935 4878 4877
f 3100 3103 3548
f 7593 7428 7595
f 8510 7550 6867
f 1074 2609 1041
f 1419 1422 1449
f 3358 5884 3530
f 4268 4227 4265
f 4268 4269 4227
f 9149 8480 8485
f 5685 5686 8208
f 8961 9136 9289
f 200 305 199
f 3486 1756 1080
f 3486 1080 1047
f 8431 8430 7821
f 9405 8154 8156
f 6946 6701 7424
f 7466 1939 1947
f 9617 9619 9616
f 3824 5743 8693
f 3294 2877 3293
f 2042 1973 587
f 4050 6904 6049
f 3806 3808 4114
f 3806 4114 3371
f 8727 7832 8707
f 8727 8707 8677
f 3484 3809 6792
f 3484 3466 3809
f 1436 1503 1477
f 6359 4796 6362
f 4418 8409 8203
f 5322 5318 5309
f 5343 6901 6437
f 5343 6437 5539
f 6904 2468 2467
f 6904 4050 2468
f 8041 9093 8040
f 9212 9742 9545
f 4686 4845 4710
f 9388 9537 7656
f 8438 7322 5978
f 8124 4072 4067
f 7578 7566 7562
f 7578 9528 7566
f 6383 5889 9031
f 3707 3915 3742
f 3587 2593 2590
f 9452 2682 2678
f 90 627 99
f 7146 8827 8831
f 5305 5719 5721
f 3185 3203 3314
f 3950 1912 2126
f 7390 8229 9979
f 6701 6974 6702
f 925 2237 958
f 3221 2795 2843
f 7264 7124 7242
f 7264 7242 7393
f 9397 9755 9592
f 8780 9877 9020
f 3355 5888 5889
f 4228 9272 4227
f 1566 129 1565
f 8951 6304 7984
f 9626 9665 9798
f 4088 6183 6182
f 3750 3756 3730
f 5846 8122 7550
f 4853 4882 4855
f 2789 2801 2849
f 2939 2912 2911
f 7703 7781 7778
f 3584 3609 6779
f 9172 9116 8746
f 9172 8419 9116
f 7608 7313 7609
f 7980 6997 7847
f 5824 8024 6230
f 5824 6230 8260
f 4570 4576 4539
f 1076 2260 2408
f 9009 6970 6987
f 9009 7304 6970
f 8212 6596 7318
f 2691 1914 1911
f 9123 8807 8809
f 6941 8063 8061
f 1712 1722 1717
f 1712 1726 1722
f 8786 8055 7886
f 8786 8790 8055
f 3586 3220 5641
f 3586 5641 5639
f 1188 1150 1173
f 1188 1149 1150
f 4420 4883 4489
f 7211 6763 7201
f 1781 6241 1078
f 1653 2166 2164
f 5870 4011 9520
f 7874 5364 5362
f 1557 1560 95
f 9547 9492 9549
f 9547 9549 9548
f 4101 3367 3381
f 4624 4641 4622
f 10002 7045 7053
f 3876 2405 3881
f 4994 4976 4991
f 9800 9127 9750
f 6963 4411 5111
f 3000 3090 6358
f 8291 9891 8292
f 8262 5398 5526
f 5707 5705 7725
f 7534 7001 7817
f 6629 6628 7104
f 1859 1858 2460
f 7220 7110 6052
f 3665 3671 3679
f 7841 7224 7222
f 7841 7222 7729
f 5987 6785 4316
f 1839 6439 4021
f 1839 4021 2149
f 7757 8326 9025
f 4928 5400 4941
f 7334 5661 2177
f 5112 5091 5110
f 6382 6370 3627
f 2846 9050 2811
f 942 845 6092
f 7164 6655 6680
f 2830 2833 2828
f 2830 2995 2833
f 8380 3551 8386
f 776 774 773
f 9569 9301 9288
f 2784 2786 2789
f 7998 6805 8497
f 7722 8147 8275
f 9725 3899 8790
f 2943 2931 2992
f 9026 8530 9690
f 1632 6972 3870
f 9335 9299 9101
f 8493 9892 9430
f 8493 9430 9662
f 7231 6427 5795
f 4367 4370 6237
f 5248 5252 5047
f 4367 4141 4366
f 9739 7577 7572
f 9331 9001 8310
f 8266 8262 8267
f 8613 8614 8592
f 7186 9898 7418
f 8163 8160 7525
f 2412 2420 2421
f 2412 2421 2229
f 1596 380 2205
f 1596 447 380
f 5783 5708 9772
f 9881 9777 9897
f 2099 3628 2089
f 5499 5456 5430
f 767 802 801
f 2963 2962 2964
f 7245 8106 7664
f 7245 8109 8106
f 9900 9739 9893
f 768 801 803
f 3343 3747 3748
f 3666 7280 7278
f 9713 9711 9915
f 5537 7170 6562
f 3564 5907 4127
f 9216 9215 8804
f 6091 7817 2171
f 6091 2171 6090
f 3868 2358 2055
f 237 288 15
f 7609 8325 9240
f 7099 7826 7827
f 6996 3740 6995
f 8861 8905 8855
f 7271 9025 8678
f 644 189 195
f 644 195 642
f 7471 7785 3724
f 7471 7182 7785
f 3625 1637 3918
f 8108 8103 8097
f 4671 4699 4700
f 979 952 2082
f 4796 6357 4920
f 4796 4920 4794
f 9132 9136 8961
f 4469 4474 4468
f 2868 2863 2862
f 8928 9650 9187
f 7332 5357 5360
f 4317 6164 4318
f 9847 9940 9841
f 6865 8336 8337
f 3460 3443 3445
f 3460 3445 3457
f 4597 4666 4660
f 4597 4660 4663
f 8915 8921 9818
f 1963 1951 1958
f 4606 4443 4441
f 4606 4441 4605
f 8936 5643 8937
f 8611 8577 8576
f 8018 7228 7229
f 8018 7527 7228
f 7021 7731 7816
f 2585 2578 2573
f 2585 2573 9659
f 4597 6114 4666
f 5692 5693 3608
f 8542 8541 8544
f 2939 3316 2919
f 3691 3974 5669
f 9583 9668 9578
f 6923 7397 9454
f 7672 7003 7670
f 7558 7428 7593
f 4915 5517 4844
f 4915 4844 5129
f 6781 5405 5407
f 6781 5407 5119
f 9516 9629 9502
f 9516 9502 9509
f 7536 9876 9875
f 4106 3305 3959
f 5535 4654 4955
f 9195 7086 9089
f 9323 8909 9974
f 9117 9035 9236
f 4624 4643 7230
f 6876 7423 6875
f 4794 4795 4797
f 9027 8045 7693
f 9450 9449 9742
f 9569 8970 9194
f 5789 5538 5520
f 7870 7980 7871
f 7870 6385 7980
f 7320 7388 7707
f 124 125 93
f 9812 9734 9813
f 809 807 832
f 7874 8379 5364
f 4540 4537 4571
f 5298 7403 5320
f 5298 8035 7403
f 6362 4796 4794
f 6362 4794 4797
f 1184 1139 1154
f 5748 6476 5747
f 4763 6849 4758
f 761 1756 3486
f 4272 8488 4278
f 5248 5047 5063
f 7227 5379 9231
f 2081 2138 2080
f 5256 5257 5254
f 7344 7343 4082
f 7344 4082 8362
f 6349 3836 3046
f 6349 3046 3044
f 8557 8556 8555
f 8557 8558 8556
f 5727 5728 2329
f 5727 2329 8021
f 1748 970 1835
f 2469 516 286
f 1808 1048 1593
f 9115 4062 9376
f 9129 9131 8961
f 5557 5561 5562
f 6907 1818 2233
f 3500 3914 3920
f 8719 8722 8717
f 8719 8717 8716
f 5073 5077 4920
f 5073 4920 6357
f 1231 1232 1816
f 8537 9870 9868
f 1693 1692 2352
f 8870 9104 8876
f 3565 5972 3473
f 2081 7303 2138
f 7800 9070 9493
f 3814 2074 3216
f 8063 7596 7598
f 5161 5170 5162
f 9059 7991 9058
f 4803 4736 4621
f 8719 8716 8339
f 8179 8237 9343
f 7120 5851 8460
f 4096 1519 4099
f 9199 9558 9198
f 1606 1604 879
f 4348 4376 4344
f 1811 458 2159
f 8457 5879 5877
f 1997 2009 2008
f 4335 9326 4330
f 4335 9327 9326
f 1561 95 1560
f 1561 963 95
f 9040 9360 9358
f 4255 4204 4203
f 9152 8485 9295
f 4762 8438 4778
f 8789 9488 8710
f 9728 9341 9727
f 6165 6169 6173
f 8112 4352 7644
f 8112 7644 7643
f 5645 8986 8725
f 8722 8724 8720
f 6865 8338 6866
f 8643 8646 8645
f 8616 8572 8630
f 4868 4886 4867
f 4803 4621 4727
f 8119 8117 8118
f 1267 1280 1277
f 2237 925 976
f 3588 3586 5639
f 5372 4847 6849
f 5061 5251 5062
f 7989 7445 7720
f 6566 5951 5952
f 2151 3700 3698
f 2151 3698 3694
f 5985 3474 868
f 587 588 2042
f 8273 7289 8272
f 4238 4298 4250
f 168 992 2110
f 168 997 992
f 5962 8434 6542
f 5962 7399 8434
f 9860 9799 9983
f 4817 4816 4818
f 9945 9907 9905
f 6356 6587 8011
f 9410 9237 7482
f 9889 9759 9791
f 9449 9398 9595
f 1189 2175 1154
f 7017 8822 8984
f 4475 4855 4882
f 6574 6570 4037
f 778 777 780
f 2014 1996 1994
f 8365 8367 8672
f 9434 9435 9436
f 9434 9199 9435
f 6359 6357 4796
f 7595 7428 7427
f 8378 7162 6833
f 2101 2102 2441
f 1366 1363 1369
f 8969 9798 8785
f 1601 1794 872
f 1332 1329 1342
f 6247 6244 3474
f 6247 3474 5985
f 3853 2391 2396
f 5381 5384 4833
f 5615 5184 5609
f 8929 8181 6715
f 6133 4085 4092
f 9126 8671 6323
f 9039 9190 9189
f 9039 9189 8802
f 1577 1582 5990
f 4727 4621 4613
f 3515 3962 3517
f 8219 8129 8013
f 5493 5456 5499
f 9504 9652 9505
f 5530 4854 4859
f 7606 4112 7111
f 561 888 346
f 247 242 838
f 3830 4351 7944
f 4920 5077 5385
f 4920 5385 4791
f 2514 2491 2488
f 8968 8733 8732
f 6349 6276 6274
f 6349 3683 6276
f 4479 4471 4466
f 8267 5526 5808
f 6489 9292 6487
f 5737 5738 5749
f 7259 9503 9428
f 7992 8244 4900
f 4052 3477 2137
f 4052 2137 3512
f 7254 8054 8210
f 5717 5719 6982
f 5717 6982 5336
f 5372 4839 5089
f 3487 2851 5915
f 8553 8552 8555
f 8553 8555 8560
f 9707 9706 9705
f 1491 1488 3503
f 7524 7905 9028
f 2578 2585 3533
f 866 569 638
f 9508 9510 7896
f 7551 5099 5100
f 4987 4680 7013
f 4465 4468 4474
f 7858 8208 7857
f 7858 5687 8208
f 2708 1299 5751
f 9685 9571 8913
f 9685 9560 9571
f 9788 8690 8688
f 1828 3834 1827
f 2957 9113 3108
f 5278 5281 5279
f 3361 2232 2182
f 5374 5396 5446
f 8380 8384 8385
f 6376 5127 5107
f 6376 5107 6121
f 9733 9738 9813
f 6163 5661 7335
f 3796 2151 3584
f 3078 3076 2757
f 7898 9839 7895
f 7898 6927 9839
f 8616 8544 8543
f 8616 8543 8550
f 9117 9037 9035
f 6587 6143 8011
f 6587 4144 6143
f 5334 5312 7928
f 2242 294 885
f 2915 2983 2962
f 9245 3108 9113
f 6884 6934 6452
f 5526 4785 4786
f 1771 1215 1114
f 9806 9807 9809
f 4959 5402 4927
f 7855 7999 7859
f 7855 7859 7856
f 4792 4793 4790
f 3081 8040 3080
f 7071 7066 7063
f 9337 9194 9334
f 3563 3692 3188
f 6997 6995 7847
f 2615 1629 2617
f 7290 6992 8379
f 7763 6975 6701
f 7763 6701 6946
f 7336 7332 5360
f 5382 4827 6579
f 5664 1697 4061
f 3353 3354 6383
f 3353 3357 3354
f 7371 8178 8235
f 5543 5082 5034
f 160 149 151
f 7289 7290 6832
f 7289 9687 7290
f 9954 9477 9480
f 5838 6367 6369
f 6111 7186 7418
f 4710 4684 4686
f 9240 7610 7609
f 4453 4451 4504
f 7247 7713 7715
f 6865 7405 8336
f 9348 9349 9946
f 9778 9385 9338
f 6632 4080 7834
f 9265 8408 9329
f 2241 2692 3861
f 5236 5417 5222
f 8862 8911 8906
f 4272 4278 4249
f 213 3365 635
f 6760 7023 6762
f 5455 7263 6703
f 3564 6650 1899
f 8408 7920 8678
f 8579 8578 8573
f 8579 8576 8578
f 4728 4745 4752
f 866 2227 1746
f 4098 4099 1519
f 4098 1519 1493
f 4954 6216 8349
f 923 867 895
f 1039 484 476
f 1868 582 955
f 5000 7711 4976
f 4950 4982 5399
f 7739 6516 6985
f 9636 9957 9638
f 9636 9638 9856
f 8375 7203 7209
f 7748 7742 7747
f 7989 7720 7824
f 1197 1195 1174
f 4912 8198 6081
f 2787 2789 2792
f 9728 7577 9739
f 3636 3728 3722
f 6632 6878 6879
f 4950 5626 4982
f 2593 3587 7528
f 5700 3699 7471
f 9531 9826 9686
f 9348 9722 9759
f 9348 9946 9722
f 3490 3150 3170
f 7705 6634 8682
f 4881 8378 6162
f 8110 4102 7664
f 363 365 864
f 2079 957 2416
f 5491 9446 9649
f 2383 1614 1522
f 2383 1522 1405
f 4786 4785 4780
f 8615 8621 8622
f 7659 7622 7621
f 3918 1169 3922
f 4205 4206 4257
f 4620 4527 4518
f 4620 4531 4527
f 5265 5277 5308
f 4371 4366 4141
f 4489 5714 4420
f 6772 8979 7699
f 2109 2105 1918
f 2109 1918 2107
f 5427 6038 6055
f 4959 9107 5402
f 8703 9390 9391
f 8703 9391 9263
f 3502 4076 6253
f 3502 2410 4076
f 3931 3932 4024
f 2189 1273 2502
f 7796 8104 8274
f 7796 8274 7906
f 6420 6413 6409
f 8731 8730 8729
f 8731 8734 8730
f 4855 4475 4878
f 5682 9154 5557
f 7409 1256 1246
f 7409 1246 1294
f 9190 9039 9320
f 8726 9411 9415
f 9911 9908 9907
f 2462 2328 2432
f 7558 8195 7428
f 9298 9798 8969
f 3371 3366 3806
f 3371 3368 3366
f 7554 7703 7553
f 9470 8618 8647
f 7564 9888 7563
f 2129 8353 8788
f 9959 9350 8824
f 6691 6480 6694
f 1378 1386 1379
f 7557 3928 3929
f 7319 3547 2485
f 6361 6360 6359
f 4402 3790 6223
f 4402 3995 3790
f 6794 8942 7218
f 388 519 3594
f 2449 5640 6830
f 4998 5086 5102
f 7879 7084 7069
f 3202 3072 3118
f 3283 2936 3307
f 3283 2938 2936
f 6125 6127 4299
f 6570 6573 6790
f 8666 9068 7432
f 2240 2238 6381
f 3633 3876 3851
f 2203 2382 1959
f 9963 8835 9331
f 7873 4180 4280
f 7873 4280 9641
f 7281 7883 7922
f 1108 1092 1098
f 6254 6255 3910
f 3404 2663 2122
f 4998 5376 5086
f 3312 2715 3309
f 6285 7825 6308
f 8921 9957 9818
f 8921 9683 9957
f 2938 2939 2911
f 3371 1499 3369
f 3371 4114 1499
f 865 435 855
f 7285 7863 7953
f 7285 7953 7956
f 9931 6636 6639
f 3089 3051 8060
f 305 1015 171
f 305 171 199
f 5772 6714 5784
f 7123 7996 7199
f 8234 8238 8720
f 8234 8720 8724
f 8339 7697 7698
f 7806 6944 7149
f 7224 7709 7222
f 698 677 696
f 2628 2626 2619
f 9796 9453 9795
f 1228 2544 6711
f 8260 6230 6456
f 5265 5266 5277
f 7684 7643 7685
f 7135 7437 6512
f 5410 5525 4923
f 7743 7741 7736
f 278 291 136
f 839 745 247
f 839 247 838
f 3392 6674 3376
f 1793 1775 1773
f 1635 1451 1453
f 5693 3629 4090
f 2822 2818 2820
f 6868 9455 9456
f 5828 5839 6373
f 1536 3582 1344
f 7729 7221 7727
f 7729 7222 7221
f 4398 5091 5112
f 1123 6711 2544
f 4866 5124 9183
f 6440 1046 3308
f 9596 8382 9724
f 5271 5295 5300
f 5751 2710 2708
f 7049 7027 7048
f 7049 7201 7027
f 1369 1363 1484
f 858 78 76
f 8644 8649 8661
f 8380 8386 8384
f 7805 8786 8140
f 5493 5473 5456
f 7345 7950 8050
f 9677 9682 9680
f 6924 6926 6921
f 799 960 747
f 7776 7772 8826
f 7776 8826 7779
f 9831 8741 8406
f 3339 1317 966
f 3339 966 965
f 8566 8622 8625
f 2023 950 329
f 8063 7598 7593
f 6045 2078 427
f 5857 5856 6693
f 2545 2700 1259
f 3633 3853 2396
f 6437 6901 6902
f 5538 5522 5521
f 7129 9031 9933
f 9838 9494 8259
f 9838 8259 9747
f 516 631 6594
f 4590 4578 4577
f 1544 2540 755
f 7314 7313 7608
f 6690 2644 3632
f 2141 3483 1545
f 2989 2929 2928
f 2989 2928 2922
f 4321 4327 4324
f 4097 7161 3335
f 7106 5024 7104
f 2673 2683 8252
f 8653 8808 8806
f 8724 8723 6764
f 2341 2339 1871
f 2919 3300 3299
f 3219 6554 3218
f 3219 3840 6554
f 6220 8468 8214
f 6220 3468 8468
f 3513 3498 6439
f 232 227 288
f 9764 9762 9765
f 572 949 573
f 9999 9998 9918
f 1593 2343 2341
f 1593 3540 2343
f 4510 5451 4507
f 4510 4442 5451
f 7209 5850 8375
f 5713 6563 4256
f 7527 9524 9731
f 602 609 48
f 9902 8087 8092
f 3509 3996 4055
f 5513 5495 5496
f 8850 8839 8844
f 5178 8053 8052
f 949 852 501
f 7739 7736 7737
f 7739 6985 7736
f 979 2082 1010
f 8717 8720 8238
f 1963 1960 1951
f 3944 5977 2700
f 5281 5283 5284
f 8385 9643 9646
f 8385 8387 9643
f 4504 4497 4454
f 4504 4454 4453
f 945 917 1060
f 6675 6854 6152
f 8551 8645 8552
f 9753 7794 9081
f 3595 1861 3874
f 7428 7424 7427
f 2497 2501 2510
f 8391 3281 8397
f 8391 8397 8388
f 3292 7402 3221
f 3292 7833 7402
f 9480 9477 9628
f 626 2431 2277
f 2287 2292 2304
f 9011 9012 9098
f 1764 2455 2163
f 634 633 264
f 6359 6360 6357
f 8432 8495 8992
f 5266 5334 5267
f 9148 8895 9333
f 2242 867 923
f 2224 4076 2410
f 3348 181 1049
f 7884 7885 7966
f 9897 9639 9696
f 9897 9696 9693
f 3088 3358 3530
f 3088 3530 2942
f 9103 9886 9887
f 9910 9908 9911
f 5796 3739 3733
f 5796 5710 3739
f 7608 7607 7314
f 7247 7715 7716
f 6286 6630 7547
f 1343 1340 1513
f 6418 7145 7144
f 6418 7140 7145
f 3624 2377 2415
f 3624 7187 2377
f 7436 6545 8764
f 3431 3856 3429
f 3431 3439 3856
f 7893 9425 7896
f 7893 9423 9425
f 2519 2517 2534
f 2519 2534 2530
f 3311 6091 3333
f 8991 8267 9450
f 9706 9707 9306
f 9860 9983 9863
f 6864 7405 6866
f 2157 2154 2057
f 5857 6693 6699
f 943 1918 2105
f 9149 8482 8480
f 9971 8669 8667
f 5707 7725 9772
f 7235 8414 9117
f 7235 9117 9118
f 5315 5310 5309
f 6962 1976 8275
f 7359 7358 6984
f 7595 7347 7349
f 9912 9911 9914
f 4670 4699 4671
f 4670 4698 4699
f 9277 5932 5933
f 5440 5442 5912
f 2112 6435 2399
f 7353 5355 7354
f 6719 6736 6749
f 8716 7576 8340
f 8716 7913 7576
f 3471 3455 3451
f 3471 3451 3446
f 6169 6174 6173
f 6833 5424 6162
f 2399 2388 2112
f 8708 4412 7646
f 6794 6322 8942
f 2513 2534 2517
f 2513 9534 2534
f 7392 4485 9315
f 7392 9315 7955
f 6227 6467 6554
f 2319 2301 2297
f 9355 9626 9798
f 2561 7379 5667
f 2561 7376 7379
f 9694 9696 9639
f 5633 3085 3217
f 3852 3869 3853
f 4323 4324 4287
f 8002 8000 6061
f 3695 3692 3563
f 7255 9652 9503
f 7255 9503 7259
f 7399 5962 5961
f 1764 1760 3541
f 8724 9871 9977
f 4509 4510 4450
f 5084 6085 4873
f 7018 7883 5976
f 2870 3299 6667
f 2366 2668 6659
f 9803 8993 7018
f 2639 2638 2643
f 3944 3947 5638
f 6833 6162 8378
f 4029 3300 3316
f 6672 7860 5631
f 3223 3100 3548
f 3693 3974 3691
f 9856 9855 9635
f 9316 9918 9917
f 7188 7089 7531
f 2822 2848 2847
f 2822 2847 2850
f 97 139 103
f 2545 1259 1264
f 9912 9910 9911
f 3432 3439 3431
f 3432 3437 3439
f 9188 9093 8041
f 915 907 2231
f 8960 8992 8495
f 3865 4115 2021
f 3865 2021 2019
f 1313 6880 2438
f 9717 9283 9284
f 6884 6452 3490
f 3989 5957 5959
f 2690 2633 2689
f 2837 2824 2839
f 7802 7804 9877
f 2628 2619 2617
f 8550 8543 8553
f 2647 6696 6480
f 3994 9431 9892
f 7212 7910 7911
f 4952 6479 4956
f 6240 7101 6783
f 9800 9754 9886
f 3611 1909 6443
f 3611 6443 6999
f 6579 5167 6581
f 5620 5616 5610
f 3500 3496 3914
f 9903 9753 9550
f 6336 6348 6343
f 9799 6920 9472
f 9799 9472 9796
f 3331 5910 3505
f 8870 9108 9121
f 8870 8869 9108
f 9130 8802 9131
f 9678 9677 9676
f 1280 1265 1281
f 8551 8640 8643
f 7272 7274 5813
f 7272 5813 5816
f 8971 7782 7781
f 8971 7781 7703
f 6710 7470 6711
f 1635 1453 2230
f 779 774 778
f 3944 2700 3947
f 1757 3290 6850
f 3695 2539 5980
f 2160 5827 6588
f 4546 4549 4550
f 5983 4085 6133
f 5983 7123 4085
f 9003 8534 8009
f 833 877 724
f 9203 4878 4935
f 8541 8543 8544
f 8541 8546 8543
f 6855 6853 6857
f 6855 6857 6647
f 7991 1947 9058
f 9711 9916 9921
f 9711 9921 9915
f 7727 7221 7223
f 7536 9875 8047
f 5100 4925 7551
f 1959 1966 2607
f 1959 1954 1966
f 2388 2387 1454
f 304 271 253
f 3066 9498 9499
f 6606 6603 2261
f 8660 8640 6361
f 8240 7588 8238
f 4546 4550 4543
f 8581 8619 8606
f 8514 9235 7535
f 1781 7605 6241
f 8209 7997 5096
f 2843 2788 2785
f 8451 7940 7910
f 5310 5315 5302
f 7468 7465 7991
f 1273 1289 2191
f 4143 6587 3518
f 2125 2609 3578
f 9740 9735 9832
f 9213 9197 8834
f 8678 7920 6589
f 4367 6237 6677
f 8178 7371 8237
f 9034 9515 7322
f 1861 3595 1284
f 1152 1136 1134
f 1152 1134 1137
f 7605 8448 8968
f 7810 6719 6749
f 1538 545 1613
f 7624 8215 8213
f 7624 8213 7225
f 194 894 179
f 9760 9904 9761
f 7062 7079 7061
f 8645 8555 8552
f 4474 4707 5408
f 8931 8753 8853
f 4372 2370 2367
f 1235 1232 1180
f 6648 2140 4067
f 6648 4067 4061
f 8533 8527 8526
f 9441 6845 6843
f 1208 3268 1224
f 1773 1791 1793
f 6874 6877 7004
f 7465 7466 7991
f 7332 5358 5357
f 9263 9038 8703
f 4931 8197 8198
f 6481 4955 4956
f 7144 9527 6415
f 7144 9420 9527
f 3478 1771 1109
f 5813 5832 5814
f 5813 5814 5812
f 6982 5719 5305
f 6982 5305 5412
f 9794 9710 8548
f 2664 2033 1578
f 6928 9850 9507
f 7188 7156 7089
f 4817 4947 4816
f 6432 4031 7897
f 8984 8737 7017
f 6353 6352 6354
f 3346 6392 6391
f 3346 7880 6392
f 5178 8052 5189
f 3541 2334 1764
f 1203 1645 1644
f 3794 3774 3787
f 3330 941 1780
f 9898 7186 7706
f 7275 3662 7276
f 2870 2865 2959
f 8976 7829 7213
f 8976 7213 8950
f 9122 9123 9124
f 2367 4373 4372
f 6383 3354 5889
f 7867 7866 4093
f 8273 8272 8551
f 5241 5243 5234
f 2787 2784 2789
f 5852 9902 5853
f 9595 9398 9399
f 6131 6120 6115
f 3579 3518 6587
f 8580 8606 8603
f 2202 6892 5860
f 4797 4795 4785
f 6971 6779 6780
f 9815 9771 9770
f 8266 8991 8437
f 1450 3503 1452
f 9021 9116 8419
f 9363 9227 9526
f 3075 3118 3072
f 9820 7976 9715
f 8438 4762 7322
f 8413 6664 7277
f 8053 9105 6584
f 2222 1813 2231
f 8983 8929 9647
f 152 204 167
f 152 165 204
f 1360 1509 1363
f 8755 8758 8747
f 4847 5372 5089
f 865 904 1543
f 1279 1274 2184
f 4952 4888 5420
f 9026 8697 8530
f 8901 8903 8917
f 7667 6685 2261
f 2637 2642 2627
f 6626 3475 3462
f 6342 5804 5806
f 8025 8023 1239
f 6152 8332 7405
f 3820 3827 8250
f 3820 8250 2223
f 4814 5387 4933
f 4814 5078 5387
f 6878 7834 6599
f 2704 2641 2702
f 3564 4127 6650
f 5794 8349 6210
f 7325 4015 3983
f 8148 7233 7716
f 8913 9862 9685
f 1868 955 889
f 2014 6142 1996
f 9273 8321 3226
f 9273 4228 8321
f 2639 2653 2642
f 2639 2643 2653
f 5075 5073 6363
f 9421 7146 8831
f 9718 7083 9089
f 2024 888 589
f 3126 3136 3185
f 4422 4427 4404
f 8444 8230 8443
f 1022 757 1023
f 9632 9631 9637
f 8551 8549 9962
f 3980 3979 3282
f 5331 5302 5296
f 4507 5451 4508
f 7597 7593 7598
f 3911 6244 6246
f 3911 6246 8435
f 1751 1955 1612
f 1751 1923 1955
f 1204 1205 1104
f 174 1034 202
f 2797 2773 2776
f 7884 7966 7965
f 5538 5523 5520
f 5538 5521 5523
f 9019 7046 7690
f 9935 9242 9146
f 9935 9146 9178
f 9902 8092 7097
f 5306 5340 5295
f 9716 9567 9714
f 9803 9392 8993
f 7424 6704 7425
f 8497 8239 9066
f 3446 3810 3471
f 9908 9915 9906
f 3960 3959 3305
f 6235 6939 5367
f 6386 6250 7194
f 4093 5890 7867
f 7457 6814 7721
f 7457 7721 8044
f 2644 5982 2641
f 2644 7546 5982
f 7804 7049 7046
f 727 698 769
f 2602 2600 3866
f 1215 1104 1114
f 614 623 2370
f 9249 7760 7759
f 5326 5327 5319
f 6646 8762 7299
f 6646 7299 7297
f 4805 7295 5971
f 7194 6250 8026
f 9145 9839 9984
f 3085 3270 2869
f 4356 3277 3276
f 3605 1202 3606
f 3605 3603 1202
f 3794 3777 3774
f 6119 6117 6986
f 7233 8148 7234
f 4327 4332 4325
f 4327 4325 4324
f 1208 1223 1196
f 7153 6638 6634
f 162 997 197
f 162 197 158
f 7339 7313 7310
f 4135 2579 3332
f 6131 6115 5450
f 4383 9923 4386
f 6847 7680 9715
f 8142 8042 9093
f 8142 9093 8271
f 2431 626 892
f 9816 9765 9771
f 9816 9733 9765
f 6681 6682 5623
f 7071 7085 7066
f 5523 5410 5519
f 9316 9830 9812
f 3284 5907 3564
f 8268 8266 8437
f 1488 1454 1452
f 9664 9612 9614
f 9040 9358 8193
f 8507 8037 8533
f 8507 8533 8526
f 276 1233 7150
f 9283 9124 9123
f 6144 900 8490
f 4552 4551 4562
f 6375 6903 3323
f 2942 2941 2924
f 3578 2609 1074
f 262 912 268
f 2335 981 1056
f 2335 1056 1872
f 4790 4778 5978
f 4790 5978 4792
f 9595 9399 9397
f 3576 8693 3472
f 6564 4953 6562
f 8879 8884 8898
f 6559 7191 7193
f 5064 5016 5386
f 5064 5386 5053
f 6078 6824 7019
f 6078 6826 6824
f 6657 5294 5346
f 8370 8295 9944
f 8853 8753 8837
f 7607 6348 6336
f 7445 7989 6490
f 8450 9930 5862
f 4412 4417 4415
f 4412 8708 4417
f 1281 1274 1279
f 6713 6899 6714
f 6713 8725 6899
f 1593 1048 647
f 6922 6915 9876
f 6922 9876 6950
f 9529 8949 9018
f 7111 7270 7606
f 6421 7649 8188
f 9022 10002 8776
f 7634 7200 7635
f 8306 8312 8491
f 1086 923 1230
f 6788 7149 6944
f 5733 5609 5184
f 9868 9867 8231
f 9901 8459 8826
f 6640 6641 6644
f 2028 1370 1753
f 2028 1753 8938
f 5986 8127 8130
f 4090 6910 5693
f 4090 2424 6910
f 7290 8379 6832
f 1589 1571 1567
f 5970 7398 5968
f 824 2113 827
f 2256 2258 6578
f 6313 6337 6320
f 2877 2803 2795
f 2877 2808 2803
f 6603 6604 3997
f 9022 8776 8775
f 8553 8549 8552
f 8553 8543 8549
f 1287 4277 1851
f 8646 8643 9358
f 3037 3073 3038
f 3353 9387 5653
f 5099 5714 7407
f 3128 2860 2862
f 5735 7647 3562
f 6991 7367 7366
f 7834 6878 6632
f 907 6590 2231
f 4144 1956 1925
f 8859 8863 8860
f 6117 6983 6986
f 9712 9711 9713
f 4041 6624 2262
f 6897 8535 8410
f 5913 5415 5232
f 5830 7986 7266
f 9675 9673 9672
f 1998 3717 3716
f 6430 6428 5676
f 4900 4871 4941
f 7673 7677 7988
f 3355 5889 3354
f 941 3328 3326
f 6081 6206 6207
f 7297 6643 6646
f 7297 7296 6643
f 3333 2875 2853
f 3333 2853 3311
f 8939 1969 8508
f 7425 7347 7595
f 9027 7693 9500
f 161 123 122
f 7337 7326 7328
f 1523 1542 1236
f 5837 5249 5835
f 9644 8059 4062
f 7157 8727 8677
f 9088 9265 9401
f 8457 5877 8010
f 5305 5721 6228
f 2125 3578 3581
f 8991 9450 9634
f 4879 4859 4851
f 5313 5290 5288
f 8666 8218 8220
f 2392 2398 3838
f 5243 5171 5233
f 5169 5149 5235
f 8063 7593 7595
f 9974 9849 9323
f 7177 8736 8161
f 6777 6765 6758
f 4246 4259 4252
f 2780 2773 2797
f 4797 8264 6362
f 4797 5398 8264
f 4257 4173 4255
f 4257 4211 4173
f 7629 7635 3942
f 3525 2231 6590
f 160 208 149
f 7897 3815 3816
f 9470 8647 8648
f 8925 8975 8926
f 5737 5735 5738
f 2043 1613 545
f 2043 1972 1613
f 8453 7981 9377
f 7558 7593 7597
f 5334 5338 5299
f 1021 1024 757
f 1021 757 1022
f 3178 3137 2873
f 9579 7764 9476
f 5897 2241 5910
f 5163 5414 7121
f 5163 5413 5414
f 1806 8144 1059
f 6596 5009 7105
f 3272 3305 2446
f 7217 4569 4555
f 6559 7681 6787
f 7895 7896 7898
f 8656 8651 9882
f 2242 885 867
f 5260 5256 5247
f 7671 8514 7988
f 1771 1114 1109
f 2664 5885 2033
f 5398 4797 4785
f 4371 4137 4369
f 4371 4141 4137
f 9294 9101 9299
f 7906 8463 7795
f 7906 7795 7796
f 1334 1321 1323
f 318 314 157
f 318 157 2188
f 1931 7469 4032
f 7208 7861 5291
f 9596 9675 9672
f 9596 9724 9675
f 9253 9867 9869
f 1998 3716 7350
f 6316 8671 6351
f 9537 9389 9538
f 9537 9388 9389
f 8265 8262 8266
f 9543 9213 8834
f 5233 5169 5235
f 5233 5235 5229
f 7817 3311 7534
f 9814 9020 9877
f 5833 7272 5816
f 8458 6673 8196
f 4306 4304 4281
f 896 2297 2323
f 2432 2540 2542
f 5891 2252 2249
f 5891 2249 1600
f 3433 3435 3432
f 5723 5722 7419
f 5211 5214 5206
f 2231 3525 2222
f 3185 3314 8768
f 7735 2539 2533
f 886 476 461
f 8644 8808 8653
f 8644 8812 8808
f 3744 3563 2106
f 3744 2106 2104
f 2790 2787 2792
f 710 2139 706
f 710 2319 2139
f 9088 9266 9265
f 726 792 793
f 6978 6975 6979
f 6813 6814 6816
f 8682 6875 7618
f 7843 7729 7730
f 9342 8835 8309
f 9342 8309 8395
f 2829 2790 2792
f 2829 2792 2793
f 3695 5980 3519
f 9105 8053 5180
f 8266 8267 8991
f 4906 5530 6013
f 8660 9358 8643
f 8660 8643 8640
f 3864 3124 3320
f 6796 6799 6820
f 6796 6820 7195
f 7275 3660 3662
f 2316 2312 2308
f 8304 8297 9521
f 8304 9521 5878
f 6313 6320 6309
f 5682 5081 5080
f 5682 5080 9154
f 4348 4338 5974
f 7135 7436 7434
f 7135 7434 7437
f 7365 5792 7725
f 7365 5791 5792
f 7996 6568 6082
f 2225 6249 4076
f 2225 4076 2224
f 9304 9720 9705
f 7224 7841 3464
f 962 756 874
f 6171 7735 2536
f 6171 3263 7735
f 9741 9735 9740
f 4317 7684 6569
f 4317 6569 6164
f 5374 8201 5396
f 1504 1502 1348
f 7762 7763 6946
f 3643 3653 3641
f 6382 7734 6370
f 5224 5443 5227
f 276 849 1233
f 9207 8296 9899
f 9702 9703 9697
f 4931 4703 6789
f 2810 8425 3292
f 7277 6662 7284
f 2816 9050 9048
f 6100 6036 6031
f 9249 7759 8195
f 9962 9687 8273
f 631 516 2469
f 175 174 205
f 1601 5891 1600
f 7392 7863 4484
f 7392 7953 7863
f 4447 4478 5755
f 1634 2235 3832
f 5262 7226 5261
f 5262 5308 7226
f 8643 8645 8551
f 9580 9581 9667
f 9636 9856 9632
f 9636 9632 9637
f 8545 8547 8546
f 8640 8551 8272
f 6682 5622 5623
f 9892 8493 5754
f 6563 7410 4256
f 9206 9172 8747
f 9206 8420 9172
f 469 489 463
f 9580 9669 9794
f 6566 5952 5930
f 9959 9039 9350
f 1539 846 2432
f 9283 9717 9125
f 3128 2861 2860
f 8656 8694 9023
f 5057 5386 5010
f 8656 9023 8655
f 6310 6327 6313
f 6310 7547 6327
f 9902 7120 9901
f 9902 9901 8087
f 2144 391 2408
f 7074 7086 9195
f 9494 9555 9551
f 9494 9838 9555
f 4663 4610 4597
f 2679 2675 3330
f 2679 3330 3691
f 8509 1969 8939
f 7737 7738 9668
f 7737 9668 7740
f 2225 3525 8796
f 6429 6787 6708
f 6429 6559 6787
f 8568 8574 8612
f 9978 9824 9598
f 3481 3480 3870
f 4952 6114 6479
f 9262 9165 9166
f 9262 9043 9165
f 2625 2654 5869
f 3320 3983 3877
f 3537 3534 3536
f 1146 1148 1125
f 7623 6954 7620
f 166 3833 277
f 6599 6600 7672
f 56 1824 263
f 3269 2735 2737
f 9393 9392 9803
f 9393 9803 6251
f 1189 1154 1188
f 9042 8952 9041
f 9376 4062 6372
f 5359 5340 5306
f 9929 9927 7838
f 3090 3216 6358
f 9880 9684 9879
f 1148 1117 1125
f 7595 7349 8063
f 1804 1828 1
f 5417 5236 5415
f 9241 9240 8020
f 9241 8020 5422
f 6466 6464 6968
f 6764 8723 8721
f 4707 4474 4469
f 7764 9478 9476
f 9687 6936 6935
f 8812 8946 9228
f 6826 6078 6071
f 7596 9110 7598
f 6430 6793 6795
f 6026 6013 5530
f 5983 3892 7996
f 8553 8560 8554
f 8553 8554 8550
f 5821 5105 7408
f 5821 5822 5105
f 5165 5145 5153
f 9942 9941 9943
f 7757 9025 7271
f 144 1754 304
f 9923 3804 3803
f 6559 6576 7191
f 3575 3572 6265
f 3575 6265 3927
f 5681 8217 5628
f 2093 2099 2537
f 4685 4823 6122
f 4100 4094 4089
f 7320 6808 7369
f 7320 7369 7388
f 199 170 155
f 199 171 170
f 3086 2981 2879
f 8686 6359 6362
f 8614 8600 8594
f 8540 8541 8542
f 3269 2871 2735
f 9569 9304 9303
f 9569 9303 9301
f 5243 5196 5171
f 9936 9938 9937
f 2350 2317 6967
f 9065 9062 9371
f 5444 5374 5446
f 5290 5293 5287
f 5290 5287 5288
f 3530 5883 5909
f 3530 5884 5883
f 7972 9868 8231
f 5822 6373 6717
f 5822 5828 6373
f 4079 2104 2515
f 5695 5122 6665
f 5695 8036 5122
f 9277 5934 5932
f 7318 6596 6306
f 4447 4446 4478
f 9971 9726 8313
f 7913 7580 7576
f 5297 5331 5296
f 7272 8260 3923
f 8548 8540 9280
f 2857 2855 3104
f 5341 5313 5314
f 4502 5408 4707
f 7552 8014 7479
f 9682 9751 9680
f 9939 9937 9938
f 9587 9861 9526
f 2415 3882 3624
f 9321 9959 8922
f 3918 1637 1169
f 6752 7802 9877
f 6769 6583 6893
f 5489 5490 5488
f 9464 6868 9456
f 9692 7743 7736
f 1589 1567 1590
f 4086 5711 3511
f 7761 7764 7762
f 9192 9060 9061
f 9048 9047 2816
f 6950 7102 6922
f 9948 9949 9947
f 4731 4566 4724
f 9755 9401 9265
f 1215 1204 1104
f 9916 9919 9922
f 5280 5293 5290
f 7195 6820 7320
f 8323 9470 8324
f 6441 5709 2281
f 9397 9592 9591
f 9021 8219 8221
f 9880 9957 9683
f 9880 9691 9957
f 5976 6253 9803
f 5240 5199 5245
f 5240 5245 5219
f 8879 8898 8882
f 8566 8625 8626
f 1812 1153 1187
f 8718 7698 9142
f 7599 6163 7335
f 9728 9739 9900
f 9728 9900 9341
f 6429 6573 6575
f 6429 6575 6576
f 4373 19 4372
f 7765 8688 8689
f 9935 9936 9937
f 5399 5131 4826
f 5399 5155 5131
f 7921 7091 7090
f 3331 3505 2093
f 5635 3829 8023
f 3290 3288 7370
f 3290 7370 6850
f 4479 5370 4471
f 8070 8065 8004
f 8193 8686 9040
f 4328 7249 6175
f 9779 9751 9682
f 7159 2751 2753
f 7118 8054 3552
f 9978 9144 9285
f 3868 2056 514
f 3868 2055 2056
f 8804 8811 9281
f 5297 5330 5331
f 1382 4100 2439
f 4213 4161 4217
f 7795 8463 3508
f 9023 8327 8655
f 9038 9037 9546
f 9038 9546 8515
f 200 199 157
f 3323 6379 6375
f 2675 2667 3328
f 5994 5672 3621
f 6090 1785 3507
f 7825 6285 6297
f 8926 8924 8925
f 8075 8076 8926
f 9700 9703 9701
f 6131 5450 5452
f 3660 7275 6803
f 3088 2942 2924
f 5624 4917 7699
f 7018 5976 9803
f 3869 3852 3855
f 2334 3540 1593
f 9547 9109 9441
f 3603 3289 2060
f 3603 2060 1594
f 1515 1432 1440
f 9718 9792 9565
f 1556 1591 1586
f 7111 8027 7270
f 6342 5805 5804
f 4897 8197 4931
f 8909 8922 8911
f 9320 9465 9190
f 2994 2997 2831
f 5046 5026 5027
f 1225 1224 3268
f 1225 3268 3976
f 3677 4009 4005
f 3677 8800 4009
f 5213 5388 7171
f 7677 7666 7147
f 7178 8377 7321
f 1757 6850 1208
f 8852 8865 8863
f 8852 9416 8865
f 7428 8195 7429
f 5635 6128 3829
f 4053 4030 7200
f 7830 7832 8398
f 7830 8398 7412
f 4752 4740 4728
f 1108 1110 1092
f 5168 5188 8052
f 1344 1343 1513
f 1344 1513 1536
f 9465 9347 9768
f 6679 9692 6680
f 6679 6683 9692
f 5253 5375 4480
f 5253 4480 8539
f 5469 5465 5502
f 7251 920 1752
f 7365 7231 5791
f 7914 7119 7911
f 6091 3311 7817
f 6423 8950 7214
f 6423 7214 7119
f 1226 1143 1812
f 2189 2502 2515
f 9103 9098 9127
f 7690 9022 9019
f 8066 8116 8117
f 7636 7622 7659
f 7098 7260 6148
f 6479 6481 4956
f 9067 8138 8139
f 9595 9397 9591
f 9891 8287 8283
f 8637 9215 9216
f 7449 5345 6228
f 7449 6228 6687
f 5190 5193 5177
f 9331 8310 9963
f 1754 144 297
f 8554 8560 8563
f 8260 7272 5833
f 1435 1424 1475
f 1435 1423 1424
f 8166 3356 3357
f 7759 7762 6946
f 6773 4105 8763
f 6524 6566 6565
f 2780 2774 2770
f 2780 2770 2773
f 9613 9630 9298
f 7223 8211 7727
f 9948 9788 9987
f 9948 9947 9788
f 7362 6427 7231
f 7362 7231 7365
f 7885 9671 7975
f 7885 7975 7966
f 8119 8518 8433
f 343 352 351
f 6577 6932 6638
f 5790 5522 5538
f 5525 5410 5523
f 5089 6062 4847
f 9898 7706 7707
f 3681 3679 3673
f 6764 6766 9871
f 4879 4849 4852
f 4879 4851 4849
f 8398 8405 8401
f 9265 9329 9755
f 4055 6625 3461
f 4491 4478 4490
f 6161 6159 3577
f 6161 5745 6159
f 2625 2627 2642
f 314 200 157
f 8718 9142 7096
f 5970 7727 7799
f 7984 6304 6353
f 7984 6353 6354
f 8574 8604 8612
f 6441 3589 8093
f 4009 8800 5922
f 663 660 1529
f 663 1529 760
f 5375 5370 4480
f 3878 4015 3327
f 9611 9613 9622
f 5290 5313 5298
f 8952 9043 8799
f 9448 9470 8648
f 4926 4593 4609
f 8329 9745 6714
f 469 473 489
f 912 238 268
f 912 239 238
f 9821 9819 9623
f 5046 5045 5033
f 5046 5033 5026
f 4420 4419 6065
f 8098 8110 8108
f 9978 9661 9824
f 6789 4897 4931
f 7208 5291 5303
f 9806 9805 9965
f 9021 8742 9116
f 9021 8221 8742
f 2434 6967 2317
f 2434 2317 6364
f 5433 5221 5441
f 8527 7355 8531
f 4754 4755 4756
f 8656 8655 8651
f 4817 4818 4677
f 4817 4677 4678
f 5053 5046 5027
f 5341 5298 5313
f 8878 8925 8923
f 9945 9943 9941
f 6941 8061 6041
f 8575 8579 8573
f 5218 4836 5384
f 5218 4837 4836
f 4952 4652 4888
f 8335 9988 7544
f 5212 5211 5206
f 5064 5053 5027
f 7921 9655 9141
f 2936 2938 2911
f 2311 2308 2312
f 2997 2794 2829
f 2997 2829 2831
f 9653 9862 8892
f 9648 8449 8081
f 8262 8264 5398
f 9688 9421 8831
f 9688 9076 9421
f 5627 5021 5038
f 8475 5520 4913
f 8475 5789 5520
f 7501 9094 7502
f 9465 9345 9347
f 9609 9535 9567
f 7209 9247 8374
f 7209 8374 5850
f 1061 945 1060
f 8991 9634 8437
f 9293 8960 8957
f 9019 9814 9877
f 1435 1431 1423
f 8796 9266 9088
f 2043 1973 1972
f 913 239 912
f 9304 9194 9720
f 930 1088 1115
f 8458 8196 8486
f 3695 3519 3692
f 9479 8269 8270
f 843 303 299
f 7735 5980 2539
f 7735 3266 5980
f 7274 3923 5656
f 5803 5019 8082
f 8906 8752 8931
f 7626 7682 7658
f 7991 7466 1947
f 9679 9682 9678
f 9931 9856 9638
f 9931 9638 9691
f 9733 9169 9168
f 8798 9045 6464
f 7674 7633 7632
f 252 3348 1049
f 9922 9909 9921
f 8425 8465 3292
f 9684 8883 8901
f 9669 9580 9667
f 9125 9582 9124
f 9125 9124 9283
f 7536 8047 6852
f 7147 8111 7677
f 3518 3579 3962
f 343 931 353
f 343 353 352
f 8547 8545 9110
f 6304 6350 6353
f 9442 6984 8452
f 3828 7236 3860
f 6065 4883 4420
f 7706 7186 7455
f 7706 7455 7196
f 9361 9829 9359
f 6604 2268 3997
f 9878 9769 9748
f 9663 9271 8798
f 3280 2030 3318
f 3280 6136 2030
f 4161 4216 4217
f 7597 8541 8540
f 933 4373 2363
f 6867 7550 8122
f 9260 8958 9514
f 2174 2375 7187
f 9097 4866 9183
f 9742 9634 9450
f 8554 8563 8565
f 2698 2697 1213
f 2698 1213 2543
f 9718 9089 9677
f 5834 5832 8333
f 5834 8333 8978
f 6429 6576 6559
f 5788 5791 5795
f 9042 9044 9043
f 9843 9403 8383
f 5214 5211 5216
f 3877 3864 3320
f 7335 7334 7330
f 7479 9404 7552
f 7624 6651 7925
f 2250 6578 1602
f 8434 7399 8495
f 8434 8495 8432
f 6863 5359 5306
f 6863 5306 5292
f 4030 4053 3934
f 1155 1156 3325
f 2316 3297 2328
f 9277 5933 5961
f 9277 5961 5962
f 9652 6862 7889
f 9652 7255 6862
f 8718 7096 6759
f 1228 1187 1129
f 3679 3671 3670
f 3679 3670 3673
f 9216 9281 8650
f 567 566 557
f 7274 9114 8333
f 7274 5656 9114
f 9114 5656 5655
f 9114 5655 7661
f 9287 9284 9226
f 8264 8262 8265
f 2539 3695 4079
f 8270 8323 8324
f 6119 6986 8470
f 6924 9860 9863
f 6924 9863 6926
f 9707 9705 9708
f 7320 7707 7198
f 9531 8910 9817
f 9531 9817 9826
f 8268 8265 8266
f 5265 5308 5262
f 7453 8726 9415
f 7598 9110 8545
f 6703 7263 6705
f 7454 5843 8141
f 6104 6872 6036
f 8540 7558 7597
f 9076 8534 9003
f 9236 9118 9117
f 6054 5729 8021
f 1296 1814 1160
f 9898 7707 6777
f 9442 7926 7359
f 9442 7359 6984
f 7330 6044 3875
f 7330 3875 7331
f 6432 5995 4031
f 3084 2800 2803
f 7760 9249 9775
f 6154 3882 2415
f 9973 8509 8939
f 1313 945 1061
f 1313 946 945
f 252 1111 849
f 3088 2924 3130
f 6117 6120 6983
f 6231 4929 6468
f 6231 6468 9257
f 7671 7633 7674
f 9715 9671 7283
f 6026 5530 6564
f 4952 5420 6114
f 7381 7380 8257
f 2179 3922 1191
f 7761 7759 7760
f 7761 7762 7759
f 9050 9051 9048
f 2375 2377 7187
f 7841 7729 7843
f 8119 920 7251
f 5433 5224 5221
f 8154 9405 8168
f 4450 4448 4509
f 8901 8917 9879
f 7011 3399 6202
f 957 2325 2301
f 9110 7596 6938
f 9914 9911 9913
f 9882 9883 8656
f 6644 6643 7296
f 4275 4204 4273
f 5897 5915 2241
f 5897 3487 5915
f 5534 9032 9645
f 5526 8267 8262
f 9475 9477 9478
f 4776 6849 4829
f 7622 7636 7932
f 8307 8305 8282
f 8307 8306 8305
f 9542 7740 9668
f 5729 6051 6052
f 5729 6054 6051
f 9083 7914 7916
f 5082 5545 9154
f 9780 9817 8910
f 9615 9618 9612
f 4754 4753 4755
f 8804 9281 9216
f 8044 7721 7447
f 8044 7447 8764
f 4609 4961 4926
f 6687 7905 7524
f 6687 7524 7449
f 5814 5069 5831
f 6758 6774 6777
f 6445 2093 2537
f 3603 3605 3289
f 9387 9317 5653
f 1556 1590 1554
f 6108 6098 5737
f 6108 5737 5749
f 9794 9282 9580
f 5413 5409 4647
f 7606 6574 4038
f 7606 4038 4112
f 5000 4976 4994
f 8145 7819 7818
f 2143 1172 1183
f 5441 5453 5438
f 6384 7875 6379
f 9609 9846 9535
f 4775 4766 4581
f 4775 4581 4580
f 8724 6764 9871
f 6828 6204 2449
f 8897 9060 9062
f 8003 9293 8957
f 8003 8957 8372
f 8450 9926 9930
f 3102 3012 3114
f 4722 4731 4724
f 9359 9166 9834
f 9630 9798 9298
f 9243 9008 9242
f 8939 8508 7987
f 9400 9261 9447
f 8075 8926 8974
f 9764 9765 9733
f 9764 9733 9163
f 8027 8054 7270
f 925 1710 916
f 3082 3088 3130
f 2325 4142 2324
f 9542 9536 9627
f 5852 5851 7120
f 5852 7120 9902
f 7764 7891 9478
f 8193 6359 8686
f 8271 7454 8141
f 8637 8630 8629
f 8637 8629 8631
f 8917 8903 8900
f 13 20 1075
f 7873 9641 4120
f 9062 9065 8897
f 7321 8080 6193
f 3623 5674 6457
f 6765 6777 7388
f 8887 8888 8904
f 7389 6765 7388
f 8246 8247 8245
f 1533 6033 6034
f 9319 8174 9608
f 6577 6640 6644
f 958 2473 1710
f 9788 9947 8690
f 3356 9199 3354
f 9832 9475 9667
f 2321 2434 6364
f 2321 6364 2320
f 442 423 441
f 7633 7671 7675
f 5881 6681 5246
f 5881 6931 6681
f 1544 896 2542
f 1544 2542 2540
f 9220 8809 9218
f 9220 9123 8809
f 8739 8355 8354
f 6599 6598 6600
f 9721 9837 9808
f 5674 6046 3863
f 9624 9656 9700
f 6123 6149 3815
f 1335 1321 1334
f 1335 1319 1321
f 7992 9236 8244
f 9169 9812 9830
f 9995 9866 9904
f 9715 7976 9671
f 9654 9655 7921
f 9654 7921 7090
f 9620 9619 9617
f 9316 9999 9918
f 9316 9812 9999
f 3358 3088 3082
f 9611 9371 9613
f 7804 9019 9877
f 7804 7046 9019
f 9917 9909 9922
f 6411 6410 7136
f 6411 6417 6410
f 5924 5925 5931
f 3283 5907 3284
f 3283 3307 5907
f 9579 7763 7762
f 8377 7178 9517
f 9479 8324 9451
f 9479 8270 8324
f 8532 7355 8527
f 5193 5190 5912
f 9710 9775 9249
f 5096 7997 6661
f 9442 9444 9445
f 9437 9219 9558
f 1591 1556 1551
f 6104 6746 6872
f 766 957 2301
f 9885 9336 9339
f 5265 5264 5266
f 9994 9769 9766
f 4020 5798 2237
f 8881 8892 8880
f 2752 8677 3363
f 4217 8794 4213
f 209 213 635
f 209 635 1049
f 8403 9112 9109
f 3873 4142 2429
f 9141 9142 7698
f 9141 7698 7921
f 9441 9496 9492
f 9441 9492 9547
f 3268 1208 6850
f 2653 2625 2642
f 9358 8660 8193
f 8339 7698 8718
f 9480 9628 9481
f 9480 9481 9566
f 1172 8966 4123
f 9665 9313 8785
f 9665 9626 9313
f 5243 5233 5234
f 8854 8863 8859
f 8854 8859 8856
f 8630 8628 8629
f 7277 6664 6662
f 2316 2712 3297
f 9931 6639 9855
f 9931 9855 9856
f 4892 5153 4893
f 626 2276 939
f 626 2277 2276
f 2370 4372 614
f 8637 8631 9215
f 9360 8646 9358
f 6924 6920 9799
f 6924 9799 9860
f 9511 7378 7381
f 8994 9900 9562
f 6136 3280 3345
f 9621 9617 9305
f 9613 9300 9622
f 9613 9298 9300
f 4751 4753 4754
f 4751 4750 4753
f 6563 7329 7410
f 9317 9387 9008
f 5409 4876 4904
f 7558 9249 8195
f 6577 6638 6640
f 9853 9664 9614
f 2997 2994 6445
f 3902 3903 8714
f 3902 3896 3903
f 8322 8268 8437
f 8322 8270 8268
f 3293 7412 7411
f 9169 9733 9734
f 7331 2547 7410
f 7891 9475 9478
f 9746 9205 9590
f 9653 9685 9862
f 8497 9066 7998
f 8007 8430 8432
f 8007 8432 8992
f 5264 5265 5262
f 9607 9606 9427
f 9705 9720 9708
f 6231 9257 8982
f 9043 9161 9165
f 6263 6131 5452
f 1206 849 1111
f 1206 1233 849
f 8893 8897 8899
f 8893 8899 8894
f 7764 9579 7762
f 4020 2237 976
f 7759 7429 8195
f 8575 8618 9470
f 5673 5674 3623
f 6563 6179 7329
f 9802 9915 9908
f 468 379 399
f 2380 5895 3341
f 2380 3341 2474
f 4125 4123 8966
f 3354 9198 3355
f 3354 9199 9198
f 6941 7596 8063
f 6361 6359 8660
f 8003 8070 8004
f 8003 8372 8070
f 6129 6127 6128
f 6865 6866 7405
f 2380 2474 6829
f 5213 7171 7874
f 9834 9361 9359
f 7261 4881 4656
f 9039 9959 9321
f 9393 9088 9401
f 9393 9401 9396
f 9110 6937 7363
f 9110 6938 6937
f 9481 9628 9737
f 8779 9814 9022
f 7321 8377 8080
f 3828 8183 3829
f 379 396 399
f 9737 9735 9741
f 8269 8268 8270
f 4881 4598 4656
f 9576 9857 9825
f 7099 7827 8679
f 7619 3817 3944
f 7740 9542 9627
f 6829 2474 6828
f 9243 9317 9008
f 6179 5712 5711
f 6179 6563 5712
f 7157 2751 7159
f 2474 3341 2475
f 6466 6968 9440
f 9566 9714 9567
f 7535 7673 7988
f 9607 9427 9426
f 7452 7453 9415
f 1039 449 2409
f 6384 7006 6233
f 8269 8686 8265
f 9712 9709 9506
f 5452 6039 6263
f 9007 9067 9242
f 7074 7077 9186
f 7074 9186 7086
f 9133 9164 9134
f 5798 5640 2237
f 9883 9634 9742
f 4664 7261 4656
f 9576 9974 8907
f 9576 9849 9974
f 9164 9133 9763
f 3537 8690 9947
f 3537 3536 8690
f 8269 9479 9040
f 8269 9040 8686
f 3828 3860 8183
f 1040 1073 449
f 1040 449 1039
f 7290 9687 6935
f 7290 6935 6992
f 6978 6263 6039
f 6978 6039 6976
f 9734 9812 9169
f 9575 1228 6711
f 9889 9791 9995
f 9736 9851 9737
f 9741 9736 9737
f 9999 9812 9810
f 3818 2351 920
f 9630 9371 9798
f 1931 1934 7467
f 1931 7467 7469
f 9511 9788 8688
f 8581 8651 8619
f 9118 8733 9577
f 9477 9475 9628
f 9614 9701 9853
f 9582 9581 9580
f 8066 7251 7604
f 8909 9323 9321
f 8909 9321 8922
f 7891 9775 9669
f 6401 8351 7854
f 6401 8192 8351
f 9378 8453 9377
f 5790 5795 5522
f 9359 9262 9166
f 6852 6854 6675
f 6852 6675 7536
f 9437 9558 9199
f 6263 6980 6131
f 9595 9591 9545
f 9566 9481 9714
f 7006 3315 4029
f 9319 8739 9749
f 9545 9742 9595
f 9484 9950 9789
f 9710 9249 7558
f 9451 9360 9479
f 6636 9931 9640
f 9511 8688 7765
f 9548 9602 8403
f 9426 8899 8897
f 1038 3504 5911
f 1040 1072 1073
f 7894 6610 7118
f 7894 7118 3552
f 9834 9712 9361
f 8798 6464 6466
f 8075 8973 9179
f 8075 8974 8973
f 8500 8769 8180
f 9746 8016 8765
f 9746 9092 8016
f 8163 7848 9648
f 8163 9648 9517
f 1815 1155 3325
f 10001 1160 1155
f 9735 9628 9475
f 9735 9737 9628
f 8973 8681 8261
f 8973 8261 9179
f 9883 9742 9212
f 9883 9212 8656
f 8799 9043 9262
f 6765 7389 9979
f 3976 3012 3102
f 3976 3102 1225
f 6793 6809 6830
f 6431 2767 3363
f 8339 8716 8340
f 2807 2846 2811
f 8579 8659 8611
f 9883 9882 8659
f 9676 7086 9186
f 9987 9989 9949
f 8370 8287 8289
f 8370 8289 8295
f 5976 3502 6253
f 9613 9371 9630
f 7891 9669 9475
f 8548 9280 9281
f 9374 8906 8911
f 9374 8752 8906
f 6384 3315 7006
f 6384 6379 3315
f 9615 9664 9606
f 9615 9612 9664
f 8694 8656 9212
f 7947 7496 7512
f 8550 8565 8572
f 8550 8554 8565
f 469 454 362
f 469 463 454
f 9479 9360 9040
f 9059 9972 9204
f 9135 9767 9763
f 9135 9763 9133
f 9622 9305 9617
f 9622 9300 9305
f 8686 8264 8265
f 7992 4946 8733
f 7992 8733 9118
f 8901 9879 9684
f 7988 8514 7535
f 9710 8540 8548
f 8824 9374 8911
f 4878 9203 4886
f 9951 9341 9900
f 9451 9448 9360
f 9733 9168 9163
f 8272 6361 8640
f 9942 9848 9846
f 9712 9834 9916
f 9712 9916 9711
f 9475 9669 9667
f 8273 8551 9962
f 9743 3539 9781
f 9620 9842 9619
f 6204 6828 2473
f 9484 9822 9776
f 9484 9789 9822
f 2323 2542 896
f 2323 2322 2542
f 9712 9829 9361
f 9712 9506 9829
f 9575 1187 1228
f 9978 9598 9144
f 8616 8550 8572
f 8667 9726 9971
f 9656 9623 9819
f 9576 9825 9849
f 9280 8542 8650
f 9437 9226 9219
f 9282 8811 8816
f 9282 9281 8811
f 8323 8270 8322
f 7891 7764 7761
f 9046 3812 2821
f 9280 8540 8542
f 9943 9848 9942
f 9943 9945 9848
f 362 454 453
f 9562 9893 7574
f 8645 8557 8555
f 8645 8646 8557
f 8322 9634 9633
f 8322 8437 9634
f 9451 9470 9448
f 9058 9972 9059
f 9058 3871 9972
f 9954 9480 9566
f 9609 9941 9942
f 3357 3353 5653
f 9080 8405 8398
f 9891 8291 8287
f 8323 8575 9470
f 6041 6939 6938
f 9609 9942 9846
f 8066 7604 7603
f 7597 8546 8541
f 9746 9091 9092
f 5808 9449 9450
f 5808 9450 8267
f 7160 7159 7155
f 9127 9886 9103
f 9127 9800 9886
f 9945 9911 9907
f 9945 9941 9911
f 1040 1041 1072
f 8544 8630 8542
f 8544 8616 8630
f 9656 9624 9623
f 7466 1934 1939
f 9043 9044 9161
f 9134 9042 9132
f 7251 8117 8119
f 7251 8066 8117
f 9568 8110 8098
f 9568 4102 8110
f 9710 7558 8540
f 8119 8433 3818
f 8119 3818 920
f 9283 9123 9220
f 8667 8308 9726
f 7363 8547 9110
f 8071 9602 9603
f 9426 8897 9065
f 9309 9306 9311
f 2960 2800 3084
f 9832 9735 9475
f 9582 8816 9122
f 6041 6938 6941
f 8323 9633 8575
f 8323 8322 9633
f 7761 7760 9775
f 7761 9775 7891
f 8076 8078 8924
f 8076 8924 8926
f 9330 9308 9307
f 8447 8023 8183
f 9954 9378 9477
f 9721 9555 9837
f 9721 9552 9555
f 3294 7411 8071
f 9134 9161 9044
f 9134 9044 9042
f 8638 8542 8630
f 8638 8630 8637
f 8453 9444 9442
f 9968 8404 8405
f 9968 8405 9080
f 8659 9634 9883
f 7598 8545 8546
f 7598 8546 7597
f 8646 9360 9448
f 8264 8686 6362
f 9284 9283 9220
f 9284 9220 9226
f 9743 7987 3539
f 9743 8939 7987
f 1038 7899 7888
f 7363 9962 8547
f 8638 8637 9216
f 8453 9954 9444
f 9385 9339 9338
f 9318 9317 9243
f 9548 9109 9547
f 9548 8403 9109
f 3294 3293 7411
f 9987 9788 9511
f 1945 3871 9058
f 9741 9740 9828
f 9566 9445 9444
f 9470 9451 8324
f 9243 9242 9935
f 9674 1187 9575
f 9936 9935 9178
f 9633 8579 8575
f 8648 8558 8557
f 9582 9122 9124
f 9136 9041 9289
f 9566 9444 9954
f 9042 9136 9132
f 9042 9041 9136
f 8611 8651 8581
f 7157 8677 2752
f 7157 2752 2751
f 7466 7467 1934
f 8638 8650 8542
f 9448 8648 8557
f 9448 8557 8646
f 8638 9216 8650
f 7990 7468 7991
f 9694 9639 9880
f 9954 8453 9378
f 9851 9716 9714
f 9882 8651 8611
f 9882 8611 8659
f 9949 9781 3539
f 7763 7215 6975
f 7763 9579 7215
f 9844 9403 9843
f 9308 9620 9621
f 9988 9989 9987
f 5637 6128 5635
f 9580 9282 8816
f 9580 8816 9582
f 9993 9318 9243
f 8269 8265 8268
f 9377 9579 9476
f 9377 9476 9378
f 9737 9851 9714
f 9737 9714 9481
f 1815 3325 1226
f 8548 9282 9794
f 8548 9281 9282
f 9969 8166 9318
f 9318 5653 9317
f 9633 9634 8659
f 9633 8659 8579
f 9844 9842 9620
f 9844 9858 9403
f 9844 9620 9858
f 9378 9478 9477
f 9378 9476 9478
f 9435 9199 3356
f 9667 9581 9582
f 6946 7424 7429
f 6946 7429 7759
f 2846 9051 9050
f 9694 9880 9879
f 9718 9565 9563
f 7990 7991 9059
f 9935 9937 9993
f 5637 6129 6128
f 9709 9712 9713
f 9741 9827 9736
f 9741 9828 9827
f 9047 2813 2816
f 9987 9511 7381
f 9939 9993 9937
f 9435 9438 9436
f 9794 9669 9775
f 9794 9775 9710
f 9609 9913 9941
f 8166 3357 5653
f 8166 5653 9318
f 9973 9204 9972
f 2808 3084 2803
f 9611 9065 9371
f 9707 9311 9306
f 5645 9589 8986
f 9969 3356 8166
f 2846 9057 9051
f 9716 9914 9913
f 9969 9318 9993
f 1815 10001 1155
f 9434 9226 9437
f 2960 2846 2807
f 9935 9993 9243
f 9609 9567 9716
f 9609 9716 9913
f 9316 9170 9830
f 9611 9607 9426
f 9611 9426 9065
f 9987 8258 9988
f 8441 8404 9968
f 9832 9667 9582
f 9827 9851 9736
f 9827 9828 9981
f 9832 9582 9125
f 9717 9284 9287
f 9316 9167 9170
f 9740 9832 9125
f 9740 9981 9828
f 9981 9125 9717
f 9981 9740 9125
f 9018 9563 9529
f 3617 8361 5642
f 9562 9900 9893
f 8247 8995 9561
f 9869 9254 9253
f 8995 9900 8994
f 9679 9779 9682
f 9900 9573 9951
f 9779 9339 9385
f 8246 8995 8247
f 9885 9707 9708
f 9254 8995 8246
f 9311 9254 9869
f 9779 9885 9339
f 8995 9573 9900
f 9707 9254 9311
f 9679 9885 9779
f 9885 9254 9707
f 8995 9679 9573
f 9885 8995 9254
f 9679 8995 9885
f 9495 9499 9498
f 9980 9495 9956
f 9439 6466 9440
f 7882 7941 6810
f 7160 9080 8398
f 2871 7155 2765
f 7941 3269 2737
f 8441 6466 9439
f 9980 9499 9495
f 7155 9080 7160
f 3269 7155 2871
f 6466 9663 8798
f 9499 7941 7882
f 8441 9663 6466
f 9980 7941 9499
f 3269 9080 7155
f 9080 8441 9968
f 9722 9791 9759
f 9889 9760 9759
f 9904 9889 9995
f 9889 9904 9760
f 9797 8974 8975
f 2669 2671 7252
f 3975 2671 2669
f 2671 3975 7603
f 1913 104 103
f 728 674 731
f 9205 9746 8765
f 1123 6710 6711
f 7298 7095 7094
f 7470 9575 6711
f 7469 9575 7470
f 7469 9674 9575
f 4354 8062 9469
f 8354 8335 7416
f 8062 7645 8064
f 1296 2143 1814
f 7645 8220 8218
f 9989 9743 9781
f 9674 1812 1187
f 1815 1296 10001
f 8335 9989 9988
f 8355 8335 8354
f 2143 8966 1172
f 9743 9973 8939
f 9204 7990 9059
f 6129 7095 7298
f 1812 1815 1226
f 9319 8355 8739
f 8062 8220 7645
f 8355 9989 8335
f 6129 4354 7095
f 1815 2143 1296
f 9743 9204 9973
f 4354 8220 8062
f 8355 9743 9989
f 9319 9743 8355
f 9319 9204 9743
f 8966 4354 6129
f 2143 4354 8966
f 1815 4354 2143
f 9894 9497 9604
f 9497 9894 9328
f 7559 7561 9888
f 8466 3363 7833
f 6431 3363 8466
f 2813 9046 2821
f 9046 2813 9047
f 2122 3406 3404
f 2119 3406 2122
f 4062 9115 9644
f 3504 7348 2454
f 7406 7888 5829
f 7348 9411 9412
f 7348 9415 9411
f 7452 7406 5105
f 3504 9415 7348
f 1038 9415 3504
f 7406 1038 7888
f 9415 7406 7452
f 7406 9415 1038
f 9773 9774 7827
f 2392 3838 2394
f 2872 3137 2874
f 9601 8071 9603
f 2846 9056 9057
f 3294 2808 2877
f 9056 9601 9600
f 9601 3294 8071
f 2960 9056 2846
f 3084 9056 2960
f 9601 2808 3294
f 9601 3084 2808
f 9601 9056 3084
f 8936 5645 5643
f 5645 8936 9589
f 8988 9004 8989
f 8988 9589 9004
f 8986 9589 8988
f 2355 4081 9432
f 4120 9072 7873
f 8258 7381 8257
f 9987 7381 8258
f 9637 9631 9818
f 8778 8775 9967
f 8775 8779 9022
f 8778 8779 8775
f 9516 9177 9629
f 9438 9434 9436
f 9709 9516 9509
f 9177 9936 9178
f 9802 9709 9713
f 9851 9914 9716
f 9969 9435 3356
f 9969 9438 9435
f 9434 9287 9226
f 9851 9912 9914
f 9939 9969 9993
f 9910 9802 9908
f 9177 9938 9936
f 9438 9287 9434
f 9939 9438 9969
f 9938 9438 9939
f 9287 9981 9717
f 9851 9910 9912
f 9802 9516 9709
f 9516 9938 9177
f 9438 9981 9287
f 9827 9910 9851
f 9438 9827 9981
f 9910 9516 9802
f 9910 9938 9516
f 9938 9827 9438
f 9938 9910 9827
f 8910 9673 9780
f 9673 8910 9670
f 9167 9916 9834
f 9919 9167 9316
f 9919 9916 9167
f 9289 8833 8961
f 9289 9264 8833
f 9308 9858 9620
f 9308 9330 9858
f 9624 9701 9614
f 9701 9624 9700
f 9949 3537 9947
f 9949 3539 3537
f 9461 9462 7081
f 7083 9718 9563
f 8949 7047 9017
f 9018 8949 9017
f 7082 9786 7083
f 7080 7082 7083
f 7080 7083 9563
f 7080 9563 9018
f 9017 7070 7080
f 7080 9018 9017
f 7572 7573 9893
f 8441 9080 3269
f 9663 8441 3269
f 9663 3269 7941
f 9663 7941 9980
f 9980 9956 9836
f 9980 9836 9896
f 9896 9270 9271
f 9980 9896 9271
f 9980 9271 9663
f 9311 9869 9870
f 9309 9311 9870
f 9309 9870 8537
f 9310 9309 8537
f 9310 8537 8538
f 9460 9403 9858
f 9460 9858 9330
f 9460 9330 9310
f 9460 9310 8538
f 9460 8538 7974
f 7974 7971 7973
f 7973 9460 7974
f 4276 4277 1527
f 7756 4276 1527
f 1527 4171 7756
f 8006 8007 8992
f 8006 8992 8960
f 8006 8960 9293
f 8006 9293 8001
f 9533 9324 7924
f 9533 7924 9835
f 3066 9499 3324
f 3089 3062 3063
f 3051 3089 3063
f 3324 3051 3063
f 3066 3324 3063
f 3063 3064 3066
f 9967 8803 9758
f 9967 9758 9750
f 9967 9750 9128
f 8778 9967 9128
f 8780 9020 8779
f 8781 8780 8779
f 8781 8779 8778
f 9138 8781 8778
f 9138 8778 9128
f 8071 7411 8399
f 8400 8403 9602
f 9602 8071 8399
f 8400 9602 8399
f 8966 6129 5637
f 8025 1239 6771
f 4125 8966 5637
f 4125 5637 8025
f 4125 8025 6771
f 6771 6084 4125
f 9511 7765 5667
f 9511 5667 7379
f 7378 9511 7379
f 7376 7378 7379
f 9597 9598 9961
f 9695 9597 9961
f 9853 9701 9702
f 9854 9853 9702
f 9854 9702 9697
f 8916 9854 9697
f 8916 9697 9694
f 9694 9879 8916
f 2458 2355 9432
f 8433 8518 8123
f 811 3818 8433
f 811 8433 8123
f 3405 3406 2119
f 3408 3405 2119
f 3408 2119 2458
f 811 8123 7360
f 4081 811 7360
f 3408 2458 9432
f 9432 4081 7360
f 8185 4083 6178
f 9432 7360 8185
f 3408 9432 8185
f 9661 9825 9823
f 6751 6729 6750
f 7049 7804 7802
f 7201 7049 7802
f 7211 7201 7802
f 7211 7802 6751
f 7211 6751 6750
f 6710 1123 6684
f 7188 9573 9679
f 7188 9679 9678
f 7156 7188 9678
f 9186 7077 7156
f 9678 9676 9186
f 7156 9678 9186
f 8762 6646 6645
f 9525 9861 9373
f 8652 8704 8635
f 8593 8592 8614
f 8636 8633 8634
f 8591 8569 8592
f 8634 8624 8627
f 7301 7299 7300
f 6697 7128 6698
f 6229 2116 2115
f 8595 8601 8599
f 8627 8624 8623
f 7818 7819 7816
f 7630 7627 7625
f 6642 6641 7151
f 7621 7620 6959
f 8596 8597 8598
f 8587 8608 8584
f 7430 7426 7431
f 8586 8588 8589
f 7818 7816 7731
f 7668 7303 7301
f 9362 9229 8792
f 7618 6875 7430
f 8593 8614 8594
f 9925 9926 8450
f 6956 6958 6961
f 6700 6697 6698
f 9373 9587 9362
f 8591 8592 8593
f 8586 8589 8591
f 8657 8186 6229
f 9230 8704 8662
f 7625 7626 7637
f 8595 8599 8596
f 7130 9354 9525
f 8792 9230 8662
f 7431 7426 7835
f 7458 10000 9924
f 8627 8623 8610
f 7234 8148 7458
f 7234 7458 9924
f 7151 7153 7705
f 8657 6229 2115
f 6645 6643 6642
f 8587 8584 8585
f 7232 7233 7234
f 7637 7659 7621
f 8594 8600 8595
f 8652 8635 8636
f 8146 8145 7818
f 7637 7621 6959
f 7835 7836 7630
f 8450 8146 7818
f 1920 2159 458
f 7668 7301 7300
f 6959 6956 6961
f 8627 8610 8609
f 6645 6642 7151
f 9925 8450 7818
f 7393 7232 7234
f 7705 8682 7618
f 7300 8762 6645
f 7127 7130 9525
f 9925 7818 7731
f 8587 8585 8586
f 7731 6700 6698
f 9925 7731 6698
f 6698 7127 9525
f 9925 6698 9525
f 8634 8627 8609
f 8636 8634 8609
f 9373 9362 8792
f 8652 8636 8609
f 8596 8598 8657
f 8596 8657 2115
f 2115 1920 458
f 6961 7393 7234
f 7835 7630 7625
f 8652 8609 8587
f 8652 8587 8586
f 9925 9525 9373
f 9925 9373 8792
f 9925 8792 8662
f 492 493 7669
f 460 452 425
f 7300 6645 7151
f 7668 7300 7151
f 415 413 414
f 7618 7430 7431
f 6959 6961 7234
f 7618 7431 7835
f 7151 7705 7618
f 8596 2115 458
f 492 7669 7668
f 7835 7625 7637
f 460 425 417
f 8662 8652 8586
f 9925 8662 8586
f 9925 8586 8591
f 9925 8591 8593
f 9925 8593 8594
f 9925 8594 8595
f 9925 8595 8596
f 7234 9924 9925
f 7234 9925 8596
f 415 414 492
f 415 492 7668
f 416 415 7668
f 460 417 416
f 460 416 7668
f 8596 458 455
f 457 460 7668
f 456 457 7668
f 7234 8596 455
f 456 7668 7151
f 456 7151 7618
f 6959 7234 455
f 456 7618 7835
f 456 7835 7637
f 7637 6959 455
f 456 7637 455
f 3408 8185 6178
f 7990 9204 9319
f 8220 4354 1815
f 7990 9319 9608
f 8220 1815 1812
f 7990 9608 8347
f 9674 7469 7467
f 7467 7466 7465
f 7468 7990 8347
f 9746 9590 9016
f 8220 1812 9674
f 9091 9746 9016
f 7465 7468 8347
f 7465 8347 9091
f 8666 8220 9674
f 9068 8666 9674
f 9016 9068 9674
f 9674 7467 7465
f 7465 9091 9016
f 9674 7465 9016
f 9529 9563 9565
f 9677 9680 9793
f 9792 9677 9793
f 9990 9886 9754
f 9751 9990 9754
f 9793 9751 9754
f 9758 8803 8801
f 9792 9793 9754
f 9565 9792 9754
f 9529 9565 9754
f 9801 9758 8801
f 8801 8948 9529
f 8801 9529 9754
f 9801 8801 9754
