mtllib female_hand.mtl
o FemaleHand
v 3.133064 -4.092141 12.351703
v 3.404617 -3.965378 12.496775
v 3.244030 -3.829616 12.719745
v 2.964817 -3.952840 12.617796
v 3.112584 -3.646730 12.942895
v 3.023235 -3.444561 13.139134
v 2.763502 -3.521660 13.118691
v 2.833590 -3.740300 12.874828
v 2.969034 -3.264690 13.335875
v 2.734461 -3.303232 13.321432
v 2.466427 -3.106524 13.548075
v 2.103995 -3.152639 13.752293
v 1.936506 -3.366152 13.479714
v 2.392501 -3.331723 13.343374
v 2.297703 -2.921704 13.959531
v 2.594502 -2.906187 13.740666
v 1.673143 -2.391724 14.785674
v 1.584418 -2.329239 14.896899
v 1.186231 -2.348005 14.700192
v 1.279523 -2.426810 14.608752
v 0.929891 -2.517757 14.317864
v 0.824400 -2.436177 14.395526
v 0.484903 -2.582925 13.955154
v 0.616429 -2.649541 13.872386
v 1.190348 -2.689693 14.132658
v 1.501677 -2.582222 14.417059
v 1.624744 -2.920321 13.901369
v 1.879303 -2.702263 14.116281
v 0.923784 -2.850156 13.730973
v 1.405937 -3.124547 13.573295
v 0.186794 -2.791599 13.359341
v 0.352055 -2.879511 13.302588
v -0.066121 -3.139016 12.653471
v -0.280484 -3.652351 12.025276
v -0.036414 -3.782628 12.053420
v 0.137432 -3.260009 12.640816
v 0.701594 -3.075371 13.208516
v -0.099080 -4.287272 11.513298
v -0.392670 -4.173593 11.463715
v 0.443698 -4.849742 9.463803
v 0.777034 -4.878201 9.568600
v 0.305253 -4.911149 10.284969
v -0.050802 -4.846658 10.217722
v -0.658408 -1.321331 17.787950
v -0.614274 -1.510696 17.651196
v -0.391541 -1.431382 17.796530
v -0.513490 -1.258429 17.912740
v -0.804856 -1.409334 17.792930
v -0.861730 -1.572772 17.608470
v -0.980282 -1.664252 17.727669
v -0.889537 -1.474169 17.868631
v 1.234853 -0.788024 17.475111
v 1.074067 -0.763049 17.728794
v 1.005406 -0.927932 17.650858
v 1.266971 -0.953726 17.441029
v 1.428473 -0.877254 17.687378
v 1.451819 -1.095361 17.678732
v 1.497535 -0.927734 17.867590
v 1.545309 -1.170581 17.831202
v -2.693167 -2.072023 16.809332
v -2.713030 -1.920131 16.812838
v -3.007092 -1.959509 16.750193
v -3.009121 -2.105751 16.720573
v -2.443780 -2.025732 17.033733
v -2.518900 -1.881060 17.045439
v -2.304844 -1.995201 17.284580
v -2.437263 -1.876128 17.306679
v -2.303961 -2.152408 17.000055
v -2.009967 -2.286986 16.943794
v -1.849178 -2.089764 17.288746
v -2.126045 -2.071481 17.273748
v -1.451880 -2.160168 17.129757
v -1.483368 -2.036094 17.400976
v -0.978928 -1.885628 17.341347
v -1.165953 -1.862027 17.559126
v -0.548597 -1.746654 17.424995
v -0.141270 -1.590840 17.572096
v 0.943033 -1.134593 17.593153
v 0.771890 -1.402180 17.502098
v 1.225727 -1.437024 17.399277
v 1.260977 -1.174443 17.440947
v 1.685157 -1.560480 17.466164
v 1.520989 -1.307192 17.606790
v 1.885986 -1.565996 17.640282
v 1.657759 -1.383314 17.752869
v 2.159690 -1.686368 17.330788
v 2.254575 -1.647700 17.504725
v 2.571022 -1.673274 17.163237
v 2.637220 -1.627535 17.361680
v 2.908495 -1.527646 16.974487
v 2.963988 -1.475317 17.227146
v 3.173027 -1.206960 17.124523
v 3.129994 -1.260234 16.811022
v 3.251518 -0.912231 16.719690
v 3.272933 -0.887390 17.058804
v -2.542222 -2.417545 16.646864
v -2.635025 -2.229715 16.750938
v -3.027501 -2.264058 16.640200
v -3.102836 -2.500616 16.481482
v 2.841108 -2.531071 13.967111
v 2.635176 -2.504098 14.146791
v 2.482844 -2.686024 14.083741
v 2.732740 -2.710377 13.885576
v 2.556560 -2.317811 14.366283
v 2.678508 -2.202624 14.361507
v 2.540821 -2.228999 14.574657
v 2.391715 -2.296264 14.589262
v 2.435073 -2.232764 14.719431
v 2.670642 -2.132273 14.616382
v 2.487696 -2.183821 14.793118
v 2.829439 -2.070893 14.389908
v 3.029294 -2.211063 13.987879
v 3.161068 -1.992311 13.927808
v 2.980822 -2.018568 14.147160
v 2.856586 -2.212946 14.166705
v 2.161704 -2.554360 14.283272
v 1.872264 -2.483994 14.573702
v 2.392201 -2.428742 14.355431
v 1.229995 -3.370311 13.149287
v 1.824468 -3.602627 13.142362
v 1.098372 -3.727143 12.692804
v 1.073056 -4.186898 12.239924
v 1.830831 -4.244039 12.384552
v 1.776862 -3.913485 12.781740
v 0.507709 -3.459251 12.643191
v 0.394929 -3.981844 12.117564
v 2.234517 -4.602896 11.541393
v 1.426829 -4.768400 11.251783
v 1.745667 -4.807019 10.749313
v 2.521218 -4.570690 11.138084
v 0.921045 -4.936749 10.445301
v 0.613951 -4.788798 11.045243
v 0.430265 -4.450070 11.606084
v 2.166945 -4.667099 10.272832
v 2.862235 -4.404887 10.748898
v 1.387328 -4.872591 9.826546
v -0.306250 -4.794465 10.172377
v 0.158884 -4.817399 9.403795
v -0.544884 -4.523817 10.824407
v -0.326039 -4.589350 10.873540
v -0.265308 -3.020727 12.725495
v -0.483415 -3.545689 12.007257
v 0.394946 -2.526984 14.036186
v 0.040817 -2.723837 13.455303
v 0.760317 -2.374908 14.455157
v 1.135831 -2.306725 14.766451
v 1.950942 -2.249058 15.052843
v 1.543939 -2.297439 14.973203
v 1.969893 -2.286039 14.961197
v -4.376493 -2.803444 14.440705
v -4.390903 -2.782557 14.692881
v -4.602614 -2.547751 14.568167
v -4.593222 -2.593925 14.307547
v -4.102633 -2.954480 14.804840
v -4.091602 -2.953333 14.559531
v -3.683889 -2.998622 14.675216
v -3.695605 -3.011375 14.914182
v -4.106259 -2.926705 15.065446
v -3.709663 -2.995485 15.174213
v -4.400965 -2.754200 14.958415
v -3.199740 -2.935833 14.796100
v -3.214795 -2.959945 15.033896
v -2.683854 -2.819880 14.935286
v -2.709250 -2.833897 15.171291
v -3.240086 -2.961338 15.298591
v -2.750062 -2.825179 15.435661
v -2.191165 -2.646730 15.091856
v -2.222211 -2.649577 15.323687
v -2.268380 -2.638310 15.585730
v -1.718832 -2.459589 15.260473
v -1.751646 -2.456149 15.488299
v -1.249888 -2.319074 15.438759
v -1.279168 -2.330754 15.664771
v -1.794479 -2.454643 15.750560
v -1.318278 -2.340930 15.927467
v -0.804290 -2.196056 15.641740
v -0.833611 -2.201664 15.855319
v -0.376139 -2.087816 15.849563
v -0.403522 -2.086020 16.046053
v -0.867897 -2.211794 16.106530
v -0.438219 -2.073113 16.276508
v 0.045330 -2.075725 16.036350
v 0.024071 -2.059450 16.220661
v 0.441878 -2.043468 16.359980
v 0.437211 -2.087569 16.171660
v 0.847958 -2.139077 16.195110
v 0.857618 -2.066406 16.458870
v 0.412240 -1.982323 16.558382
v 0.823924 -1.985727 16.654173
v -0.008735 -2.021049 16.432522
v 1.309608 -2.154880 16.280226
v 1.246529 -2.105487 16.513605
v 1.583164 -2.102038 16.544792
v 1.671953 -2.130948 16.330020
v 1.200460 -2.039913 16.710077
v 1.524093 -2.060195 16.721397
v 2.331725 -2.136043 15.229184
v 2.675903 -1.956723 15.175910
v 2.655240 -1.955818 15.325288
v 2.317530 -2.139566 15.340786
v 3.002263 -1.694509 15.085586
v 2.670101 -1.994219 15.024927
v 3.053764 -1.703490 14.798125
v 1.496513 -2.279298 15.142693
v 1.930038 -2.232756 15.228531
v 1.913184 -2.236942 15.324052
v 1.477935 -2.274957 15.242379
v 1.045259 -2.287405 15.102168
v 1.066279 -2.276488 14.977932
v 0.625220 -2.277629 14.913469
v 0.652348 -2.265982 14.743119
v 0.202468 -2.277680 14.661596
v 0.235798 -2.293975 14.426827
v 0.293130 -2.408243 14.199356
v -0.205916 -2.387260 14.044604
v -0.132072 -2.572331 13.696047
v -0.713217 -2.353104 14.006545
v -0.666032 -2.523570 13.628705
v -0.239740 -2.284362 14.347200
v -1.253575 -2.543114 13.631050
v -1.119529 -2.711628 13.212873
v -0.591284 -2.825219 12.954207
v -1.618770 -2.831504 13.125956
v -1.521478 -2.950395 12.784053
v -2.058894 -3.018337 13.034510
v -2.078370 -2.944149 13.325710
v -2.500158 -3.213143 13.095236
v -2.475100 -3.349068 12.700492
v -2.946137 -3.436028 12.919329
v -2.944850 -3.607223 12.440725
v -2.867864 -3.806266 11.863488
v -3.472406 -3.690429 12.223119
v -3.385993 -3.870251 11.597283
v -3.634544 -3.954930 10.240533
v -3.209519 -4.123681 10.427586
v -3.289611 -4.022657 10.955510
v -3.735356 -3.884448 10.732745
v -3.925356 -3.572008 12.005233
v -4.025199 -3.410527 12.619467
v -4.324924 -3.203234 12.434135
v -4.239853 -3.351151 11.816159
v -4.579211 -2.411610 15.639659
v -4.599958 -2.450920 15.371329
v -4.395820 -2.668150 15.460469
v -4.391335 -2.599267 15.716181
v -3.805462 -2.804297 15.935421
v -3.884725 -2.702266 16.152767
v -4.184374 -2.657501 16.052418
v -4.142146 -2.742597 15.817122
v 1.202575 -1.665438 17.265314
v 1.192480 -1.822493 17.080359
v 1.587668 -1.895750 17.067741
v 1.640000 -1.748112 17.253489
v 0.765591 -1.629521 17.264412
v 0.778962 -1.776174 17.052172
v -4.594477 -2.642488 13.862668
v -4.606884 -2.687130 13.414844
v -4.402834 -2.955102 13.555537
v -4.384368 -2.860888 13.978798
v -4.111544 -3.017997 14.113602
v -4.136046 -3.150719 13.715440
v -3.677028 -3.210091 13.910663
v -3.682307 -3.049174 14.252528
v -3.151698 -3.096852 14.084920
v -3.184226 -2.953288 14.396396
v -2.627127 -2.897604 14.250690
v -2.663795 -2.806708 14.552333
v -2.130473 -2.692481 14.420714
v -2.166258 -2.627275 14.704836
v -1.666771 -2.485701 14.602557
v -1.690344 -2.449091 14.875298
v -1.212170 -2.315756 14.806132
v -1.226781 -2.295297 15.072741
v -0.760231 -2.181826 15.031178
v -0.779549 -2.152866 15.292592
v -0.313272 -2.154059 15.266127
v -0.336362 -2.085716 15.507469
v 0.086096 -2.115015 15.726852
v 0.116755 -2.174473 15.492849
v 0.535963 -2.202011 15.708106
v 0.472287 -2.141000 15.945681
v 0.955078 -2.206136 15.893074
v 1.372757 -2.197806 16.007595
v 0.987114 -2.247427 15.612910
v 0.563142 -2.246706 15.450718
v -0.294078 -2.216348 15.025808
v -0.275234 -2.246241 14.808757
v 0.160149 -2.255733 15.044895
v 0.138278 -2.229079 15.253592
v -0.741187 -2.241952 14.774012
v -2.581444 -3.002187 13.915332
v -2.535119 -3.076226 13.586786
v -2.086777 -2.834510 13.795697
v -2.100184 -2.768429 14.109992
v -1.917857 -3.277315 12.344491
v -1.854770 -3.446013 11.943291
v -1.472102 -3.185277 12.248847
v -1.196071 -2.369624 14.526369
v -1.185551 -2.421481 14.261839
v -0.726935 -2.287687 14.538432
v -1.646150 -2.548406 14.303660
v -1.639906 -2.608511 14.008206
v 1.008927 -2.270211 15.387402
v 1.438228 -2.263934 15.508170
v 1.410203 -2.234046 15.735793
v 1.753748 -2.167113 16.081635
v 1.814679 -2.208455 15.823085
v -3.096098 -3.235715 13.710039
v -2.991754 -3.313900 13.336318
v -3.637674 -3.366552 13.471597
v -3.490209 -3.505659 12.888205
v -4.111181 -3.265894 13.221056
v -4.386406 -3.059865 13.041222
v 0.340178 -1.706856 17.268198
v 0.358134 -1.817692 17.007929
v -0.942833 -2.127586 16.998255
v -0.922520 -2.212813 16.678432
v -0.491452 -2.035970 16.815374
v -0.509703 -1.950795 17.124413
v -1.415323 -2.311956 16.824224
v -1.388881 -2.350680 16.507395
v -1.929331 -2.424068 16.618156
v -1.879711 -2.459137 16.318188
v -2.437945 -2.595049 16.430004
v -2.364279 -2.644341 16.145496
v -2.946621 -2.710805 16.257340
v -2.857930 -2.786826 15.985281
v -3.756016 -2.905633 15.696157
v -3.326457 -2.889895 15.834848
v -3.406933 -2.777103 16.075730
v -3.533863 -2.644494 16.283321
v -0.089961 -1.815249 17.230162
v 0.585311 -2.267177 15.235665
v -0.065350 -1.918459 16.934547
v 2.691193 -4.281984 12.175489
v 1.990171 -4.490352 11.966210
v 2.894365 -4.330553 11.857067
v 0.011611 -4.687690 10.932956
v 3.059975 -2.357928 13.831497
v 2.970226 -2.500069 13.795622
v 3.039038 -2.441098 13.625957
v 3.134065 -2.316270 13.652928
v 2.178396 -2.375643 14.612448
v 2.032254 -2.332351 14.830370
v 2.751541 -2.358509 14.169617
v 1.191308 -4.541011 11.758389
v -0.597966 -4.102066 11.420799
v 2.831861 -1.965982 14.687036
v 2.580859 -2.093411 14.897110
v 3.011638 -1.871991 14.422158
v 3.167728 -1.793994 14.117799
v -4.408334 -2.543223 15.977239
v -4.121102 -2.830312 15.570613
v 0.329018 -1.538598 17.540468
v 3.205623 -1.354284 15.056520
v 3.263822 -1.285867 14.732446
v 1.942576 -2.231627 15.140717
v 1.517638 -2.282838 15.052912
v 3.215054 -1.591878 14.428002
v 2.400660 -3.866155 12.822975
v 2.515286 -4.110735 12.502334
v 2.787416 -2.830308 13.567342
v 2.962162 -2.811701 13.525745
v 2.992608 -2.607269 13.583466
v 2.853188 -2.628773 13.685173
v 1.095950 -2.274625 14.860014
v 0.696720 -2.301651 14.576933
v -0.610372 -4.727323 10.109113
v -0.269209 -4.769061 9.374270
v -0.784513 -4.461517 10.753535
v -0.827047 -4.031772 11.340121
v -0.750407 -3.447291 11.964113
v -4.581394 -2.386355 15.920305
v -4.704900 -2.157546 15.875055
v -4.697702 -2.160340 15.579312
v -4.710176 -2.170394 15.294137
v -4.716614 -2.188873 14.727199
v -4.705853 -2.210602 14.415192
v -4.610889 -2.509586 14.846479
v -4.693395 -2.274264 14.123109
v -4.688999 -2.299331 13.773032
v -4.700270 -2.282199 13.279396
v -4.600504 -2.766390 12.878124
v -4.697986 -2.322512 12.740584
v -4.285961 -2.959456 9.653959
v -4.168386 -3.354971 9.884623
v -4.285699 -3.259106 10.341797
v -4.416358 -2.802876 10.117919
v -4.157901 -3.497865 11.161407
v -4.493832 -3.030463 11.640165
v -4.396792 -3.151087 10.947494
v -4.688261 -2.412558 12.151871
v -4.631452 -2.528107 11.459440
v -4.564780 -2.897175 12.277154
v -0.940908 -4.623270 10.043581
v -0.728700 -4.671074 9.349836
v -1.062758 -4.382358 10.654489
v -1.069414 -2.974056 12.562340
v -2.301150 -3.666100 11.846911
v -2.148218 -3.683314 11.667545
v -2.712003 -3.984931 11.222495
v -3.838899 -3.748395 11.366133
v -4.530403 -2.663377 10.725235
v -4.051691 -3.614771 10.540425
v -2.215845 -3.873096 11.270408
v -1.084638 -3.455848 11.790280
v -1.104455 -3.981828 11.208528
v -1.444429 -3.556072 11.611242
v -1.821075 -3.712151 11.441116
v -1.280154 -4.526146 9.953912
v -1.158739 -4.553738 9.308149
v -1.368549 -4.310626 10.524982
v -1.418604 -3.969010 11.053098
v -1.772982 -4.021411 10.909021
v -2.193940 -4.093017 10.763398
v -2.702460 -4.169423 10.613688
v -3.949242 -3.685135 10.072440
v -1.645600 -4.443710 9.857386
v -1.560445 -4.432922 9.272520
v -1.719352 -4.289263 10.393971
v -2.155116 -4.299972 10.265913
v -2.104087 -4.406561 9.749274
v -2.040042 -4.350261 9.195559
v -2.663189 -4.293149 10.119830
v -2.624671 -4.347181 9.614938
v -2.580361 -4.286089 9.077837
v -3.157213 -4.191937 9.961074
v -3.125516 -4.214269 9.486985
v -3.094950 -4.132531 8.981621
v -3.563443 -3.991069 9.813585
v -3.517685 -3.968853 9.391113
v -3.501390 -3.870031 8.950028
v -3.861133 -3.726212 9.684124
v -3.807665 -3.711557 9.334513
v -3.972570 -3.508584 9.310907
v -4.016349 -3.339103 9.084840
v -3.813793 -3.596964 8.977635
v -4.158124 -3.137231 9.311482
v -4.059768 -3.447766 9.534350
v -3.701236 -2.609994 16.481802
v -3.988097 -2.680178 16.367476
v -4.257670 -2.654505 16.284065
v -4.464955 -2.549393 16.229845
v -4.629026 -2.397306 16.192287
v -4.744896 -2.169020 16.167692
v -3.242314 -2.162724 16.834936
v -3.309725 -2.316916 16.751196
v -3.449708 -2.474503 16.618853
v -0.456090 -1.247550 18.122013
v -0.598020 -1.083932 18.164557
v -0.624928 -1.140127 17.991589
v 0.987150 -0.956598 17.939110
v 0.848087 -1.132846 17.883587
v -0.016170 -1.436337 17.913763
v -0.286555 -1.388942 18.033968
v 0.330770 -1.415974 17.852888
v 0.644064 -1.294064 17.838768
v 3.719734 -3.912597 11.565454
v 3.949868 -3.788274 11.799314
v 3.725692 -3.929667 12.064635
v 3.485759 -4.059944 11.852919
v 2.372376 -3.602460 13.119987
v 2.736954 -3.050621 13.439021
v 2.945935 -3.051613 13.472549
v 3.558068 -3.984333 12.280791
v 3.301573 -4.117934 12.100207
v 3.181353 -2.195754 13.819376
v 2.926729 -2.371928 13.994721
v 3.376876 -4.122126 11.203173
v 3.112242 -4.278217 11.541369
v -4.095661 -2.960752 14.358374
v -4.374077 -2.823625 14.236671
v -3.682534 -2.994667 14.480578
v -3.194648 -2.917994 14.609994
v -2.674292 -2.801206 14.754936
v -2.177631 -2.632023 14.907322
v -1.701570 -2.454676 15.076572
v -1.234787 -2.307540 15.263854
v -0.787867 -2.183779 15.476996
v -0.358486 -2.082130 15.690318
v 0.050428 -2.086925 15.890052
v -4.578867 -2.629846 14.118335
v 0.348637 -2.102484 16.029037
v -4.676343 -2.400751 14.014368
v -1.686713 -2.728193 13.527679
v -1.776609 -2.816313 13.262692
v -2.406361 -3.516706 12.230916
v -1.985404 -3.141007 12.698650
v 1.889204 -2.239876 15.435172
v 1.459443 -2.272054 15.353641
v 1.027695 -2.281782 15.228372
v 0.605745 -2.274278 15.068332
v 0.181154 -2.269957 14.861110
v -0.257978 -2.270529 14.599901
v -0.719065 -2.323376 14.305178
v -1.190599 -2.466217 14.016954
v -2.076988 -2.889424 13.557241
v -2.493235 -3.124465 13.351960
v -2.826557 -3.304375 13.194764
v -1.646575 -2.661429 13.775908
v 1.859233 -2.231752 15.589301
v 2.290224 -2.153214 15.466464
v 2.632647 -1.974994 15.460945
v 2.605454 -1.981772 15.623667
v 2.253009 -2.150299 15.626055
v 2.902868 -1.750210 15.601026
v 2.856593 -1.737000 15.938538
v 2.545132 -1.974133 15.918071
v 2.917808 -1.747089 15.439593
v 2.950532 -1.717982 15.298893
v 3.245862 -1.068757 15.445395
v 3.245097 -0.982427 15.895115
v 3.095502 -1.408578 15.934430
v 3.111733 -1.466950 15.568281
v 3.084386 -1.563701 15.427730
v 3.151660 -1.457236 15.313375
v 3.055370 -1.414390 16.412037
v 3.246103 -0.955963 16.326233
v -0.703695 -1.208624 17.893974
v -0.794049 -1.262823 17.894170
v -0.862076 -1.293578 17.960594
v -3.218444 -2.002996 16.880693
v 1.103543 -0.754054 17.983559
v 2.806578 -1.646009 16.730846
v -3.727184 -2.958333 15.434093
v -4.110898 -2.885792 15.317514
v -4.401212 -2.717514 15.211388
v -2.797787 -2.812364 15.707789
v -3.275148 -2.941989 15.567006
v -2.315346 -2.637315 15.860622
v -1.357407 -2.347790 16.208984
v -1.837613 -2.459150 16.029247
v -0.468451 -2.064866 16.533182
v -0.898667 -2.222086 16.380856
v 0.798132 -1.890872 16.847650
v 0.382686 -1.903521 16.770864
v -0.040521 -1.973382 16.668741
v 1.187509 -1.944496 16.893242
v -4.610421 -2.480606 15.110716
v 1.538118 -1.994866 16.887644
v 1.842293 -2.006542 16.822195
v 1.964606 -1.925080 16.978480
v -4.717289 -2.178543 15.013142
v 2.071361 -1.802052 17.147621
v 2.474776 -1.774894 16.970234
v 2.098871 -1.995806 16.685290
v 2.314697 -1.892831 16.819689
v 2.310853 -1.967297 16.478638
v 2.602365 -1.807246 16.589567
v 2.457159 -1.966309 16.216948
v 2.779478 -1.748728 16.292316
v 1.998447 -2.072788 16.390385
v 1.861955 -2.057625 16.587856
v 2.192573 -2.133124 15.880382
v 2.294902 -2.179987 15.015196
v 2.267798 -2.233603 14.907933
v 2.326679 -2.145024 15.123657
v 2.110276 -2.101804 16.147400
v 1.746767 -2.047176 16.713297
v 3.229032 -0.944083 15.042000
v 2.286138 -2.273648 14.778414
v 3.287477 -2.165752 13.652758
v 3.652753 -1.399317 12.734973
v 3.622210 -1.616111 13.035585
v 3.955170 -1.439393 12.437875
v 3.878519 -1.413451 12.199018
v 4.211256 -1.610745 11.938308
v 4.094865 -1.612235 11.702028
v 4.334027 -2.033703 11.598186
v 4.157409 -2.071431 11.371331
v 4.385105 -2.538374 11.404735
v 4.184130 -2.593782 11.156602
v 4.351105 -3.057327 11.378155
v 4.130952 -3.138736 11.112565
v 4.184081 -3.499544 11.532403
v 3.958305 -3.605986 11.275006
v 3.958305 -3.605986 11.275006
v 4.184081 -3.499544 11.532403
v 1.091482 -4.389262 8.791495
v 1.416657 -4.447751 8.926572
v 2.025054 -3.668192 8.731367
v 1.416657 -4.447751 8.926572
v 1.091482 -4.389262 8.791495
v 1.754811 -3.666859 8.489341
v 1.956681 -2.898814 8.744389
v 2.224401 -2.911748 9.050098
v 2.167162 -1.683546 9.485147
v 2.517920 -1.683732 9.916346
v 2.359720 -2.277252 9.480561
v 2.043916 -2.264610 9.116263
v 2.902264 -0.813727 11.514661
v 2.947634 -1.177126 10.923033
v 2.510546 -1.167052 10.528422
v 2.422252 -0.749702 11.236800
v 3.504992 -1.071903 12.147448
v 3.625460 -1.279187 11.621871
v 3.357758 -1.206996 11.293975
v 3.284359 -0.915568 11.833314
v 0.839982 -3.437699 7.567498
v 1.363738 -3.067370 7.575207
v 1.388156 -3.203157 7.794646
v 0.837677 -3.598661 7.816956
v 0.275241 -3.708145 7.585675
v 0.254958 -3.869383 7.843785
v -2.443019 -0.301949 12.413879
v -2.424457 -0.352665 11.812457
v -2.540910 -0.380293 11.911073
v -2.599505 -0.360449 12.372206
v -2.537247 -0.211809 13.654947
v -2.279434 -0.117252 13.728750
v -2.255495 -0.164923 13.066509
v -2.479008 -0.250526 13.015296
v -3.295919 -0.566278 13.328315
v -3.012620 -0.429719 13.474074
v -2.892341 -0.419133 12.888718
v -3.151447 -0.522673 12.782481
v -2.604250 -0.199714 14.285448
v -2.310350 -0.081989 14.383430
v -3.417462 -0.647002 13.878633
v -3.118438 -0.468586 14.052120
v -2.699140 -0.207092 14.849353
v -2.361849 -0.056318 15.020650
v -3.553357 -0.690834 14.449206
v -3.216488 -0.499572 14.598051
v -1.179240 0.066739 12.524186
v -1.257443 -0.042111 11.933779
v -1.382846 -0.050419 12.066740
v -1.372639 0.026704 12.541767
v -1.120430 0.189320 13.152294
v -1.058399 0.316885 13.860454
v -0.755390 0.377269 13.820049
v -0.841293 0.256223 13.117584
v -1.839483 0.057931 13.824750
v -1.564947 0.170446 13.868325
v -1.572006 0.068215 13.172442
v -1.828697 -0.017208 13.145183
v -1.005960 0.412893 14.544340
v -0.676071 0.482587 14.507803
v -1.848855 0.122944 14.496740
v -1.552755 0.248248 14.541851
v -1.833855 0.145677 15.176129
v -1.515243 0.268877 15.171171
v 0.174467 0.066570 11.557753
v 0.372470 0.144605 12.101058
v 0.668164 0.080566 11.994168
v 0.474941 -0.010180 11.419217
v 0.562919 0.231856 12.697799
v 0.123369 0.192025 12.199574
v 0.294374 0.284875 12.813077
v -0.391343 0.353877 13.032614
v -0.292195 0.464885 13.727868
v -0.002613 0.452659 13.654206
v -0.120945 0.351713 12.969883
v 0.955735 0.404047 13.964752
v 0.757519 0.310722 13.330207
v 0.471002 0.356817 13.461897
v 0.651462 0.432966 14.112102
v -0.184653 0.581593 14.404314
v 0.131749 0.534273 14.318841
v -0.525386 0.420036 13.779303
v -0.433053 0.548234 14.455116
v -0.622687 0.305628 13.079978
v -0.697877 0.180175 12.425882
v -0.916682 0.125496 12.476487
v 1.764834 0.523093 14.985525
v 1.630649 0.544238 15.014010
v 1.709890 0.568878 15.254878
v 1.871614 0.542410 15.182746
v 1.503888 0.552023 15.076589
v 1.536094 0.569364 15.305031
v 1.425220 0.436308 14.381603
v 1.259343 0.350498 13.824085
v 1.155937 0.483428 14.642937
v 1.329262 0.152466 13.058930
v 1.060699 0.257602 13.202290
v 1.622955 0.196248 13.672237
v 0.859273 0.167706 12.594493
v 1.147333 0.064735 12.493223
v 0.977542 -0.031405 11.899316
v 0.794694 -0.146698 11.278274
v 0.258019 -0.081628 10.788003
v 0.602078 -0.261906 10.598971
v -0.088830 0.010244 10.971719
v -2.076683 0.012252 14.440493
v -2.087182 0.043207 14.998197
v -2.063641 -0.034646 13.779756
v -2.050057 -0.092036 13.110157
v -2.024449 -0.155154 12.487682
v -2.236484 -0.226255 12.453231
v -3.672167 -0.770718 13.748595
v -3.793053 -0.817568 14.220248
v -4.113370 -1.000488 14.228786
v -3.978096 -0.930916 13.587278
v -3.537747 -0.674404 13.204553
v -3.756642 -0.788910 13.062322
v -3.385559 -0.620290 12.684837
v -3.617641 -0.728786 12.581845
v -3.229943 -0.592197 12.152619
v -3.486797 -0.692156 12.055353
v -3.727765 -0.969888 9.031103
v -4.004978 -1.479015 8.713991
v -4.040344 -1.570885 9.083806
v -3.690762 -0.972784 9.373373
v -0.864614 -1.093951 17.808609
v -0.943101 -1.091338 17.951815
v -0.692922 -1.071382 17.729050
v -0.630081 -0.916071 17.911854
v -0.864614 -1.093951 17.808609
v -1.007638 -0.911429 17.615232
v -1.097067 -0.865838 17.875385
v -0.943101 -1.091338 17.951815
v -0.692922 -1.071382 17.729050
v -0.731199 -0.857132 17.477772
v -0.630081 -0.916071 17.911854
v -0.665958 -0.604423 17.788017
v 1.462001 -0.654819 17.851496
v 1.415951 -0.647807 17.649494
v 1.228043 -0.609131 17.558186
v 1.132233 -0.542901 17.751350
v 1.159245 -0.395140 17.392273
v 1.072129 -0.253657 17.637623
v 1.132233 -0.542901 17.751350
v 1.228043 -0.609131 17.558186
v 1.415951 -0.647807 17.649494
v 1.406327 -0.409840 17.505697
v 1.462001 -0.654819 17.851496
v 1.485102 -0.368241 17.760320
v -2.731517 -1.739099 16.750422
v -3.046117 -1.783087 16.740702
v -2.595578 -1.684043 17.045400
v 3.230940 -0.543211 16.667782
v 3.267903 -0.541765 17.029222
v 3.046068 -0.196158 16.653446
v 3.102704 -0.200382 17.038034
v 3.267903 -0.541765 17.029222
v 3.230940 -0.543211 16.667782
v 2.762356 0.052526 16.678106
v 2.837292 0.058234 17.077215
v 2.449811 0.231799 16.781898
v 2.521506 0.218609 17.180882
v 2.107361 0.283357 16.943409
v 2.179911 0.259433 17.319698
v 1.773905 0.127558 17.058552
v 1.856454 0.131062 17.451445
v 1.470204 -0.162963 17.180748
v 1.612526 -0.098403 17.603111
v 2.022987 0.339967 16.508064
v 2.356401 0.288861 16.264389
v 1.859015 0.525660 15.751768
v 1.912208 0.473994 15.963607
v 2.036716 0.472877 15.906085
v 2.027255 0.508160 15.711607
v 1.644940 0.234553 16.509768
v 1.694382 0.506587 15.819657
v 1.778060 0.462149 15.986576
v -1.816773 -0.235365 16.590134
v -2.026459 -0.290282 16.621723
v -2.030635 -0.370810 16.872261
v -1.631739 -0.324067 16.877975
v -1.974905 0.051463 15.662274
v -2.085397 0.025838 15.627926
v -2.076081 -0.020520 15.845100
v -1.933560 0.013172 15.856641
v -2.402827 -0.499009 16.648045
v -2.241661 -0.330946 16.494320
v -2.199070 -0.007411 15.604233
v -2.229169 -0.054524 15.784756
v -4.072272 -1.066641 15.958054
v -4.103331 -1.135499 16.265862
v -3.713622 -1.086097 16.399967
v -3.672556 -0.945870 15.999194
v -4.041367 -0.912241 15.302714
v -4.054070 -0.956642 15.486627
v -3.931459 -0.895753 15.524917
v -3.893859 -0.842862 15.382903
v -3.833252 -0.762645 14.767179
v -3.933135 -0.817132 14.700740
v -3.981412 -0.834782 14.894949
v -3.843095 -0.759336 14.950405
v -4.394813 -1.268094 15.676137
v -4.420344 -1.322499 16.058311
v -4.188184 -1.002829 15.245007
v -4.171459 -1.019923 15.413883
v -4.045386 -0.879390 14.664157
v -4.117131 -0.917150 14.821419
v 1.056304 -0.193278 17.074980
v 0.866666 0.096197 17.401592
v 1.314229 0.057757 16.644426
v 0.995381 0.087182 16.723532
v 0.734695 0.255204 16.860634
v -1.199895 -0.640115 17.423574
v -1.314311 -0.624897 17.782166
v -1.231293 -0.430436 16.962910
v -1.629392 -0.446941 17.348310
v -1.272419 -0.165749 16.544168
v -1.531782 -0.177096 16.472458
v -1.648072 0.125453 15.721966
v -1.426056 0.205162 15.704110
v -0.836048 -0.532519 17.287813
v -0.673132 -0.185515 17.571350
v -0.706545 -0.017635 17.074255
v -0.928528 -0.279693 16.993128
v -2.595578 -1.684043 17.045400
v -2.688895 -1.400361 17.010727
v -2.790402 -1.497607 16.649084
v -2.731517 -1.739099 16.750422
v -3.129454 -1.543430 16.680706
v -3.046117 -1.783087 16.740702
v -2.408829 -0.655355 17.085136
v -2.673320 -1.017809 16.886580
v -2.624531 -1.052984 17.387716
v -2.396735 -0.740656 17.474981
v -2.701950 -0.748170 16.457300
v -2.554747 -0.405531 16.218515
v -2.777393 -0.546870 16.080635
v -2.879350 -1.197891 16.478770
v -3.279174 -0.986913 16.106306
v -3.298631 -1.232537 16.489653
v -3.282889 -0.748852 15.792420
v -3.547286 -0.772791 15.671572
v -2.806913 -0.257151 15.319631
v -2.577731 -0.135467 15.469473
v -3.506242 -0.623586 14.971073
v -3.268822 -0.511558 15.071055
v -2.946618 -0.915873 16.218560
v 3.375950 -1.635322 10.798765
v 3.707765 -1.634174 11.157690
v 2.940810 -1.657132 10.363999
v 3.674948 -2.151538 10.803651
v 3.304187 -2.200440 10.400754
v 2.816258 -2.253702 9.932647
v 3.208024 -2.810578 10.065877
v 3.617206 -2.729545 10.515309
v 2.702762 -2.880168 9.545104
v 3.493543 -3.358036 10.367105
v 3.035985 -3.494896 9.862179
v 2.533794 -3.607692 9.256679
v 2.684134 -4.210959 9.907972
v 3.229461 -3.975517 10.446419
v 3.229461 -3.975517 10.446419
v 2.684134 -4.210959 9.907972
v 2.065648 -4.422359 9.305512
v 2.065648 -4.422359 9.305512
v 0.827356 -3.832321 8.151509
v 1.449799 -3.386935 8.042458
v 1.575323 -3.590276 8.292367
v 0.785483 -4.281952 8.628818
v 0.785483 -4.281952 8.628818
v -0.305221 -4.080432 7.827084
v -0.279223 -3.933634 7.574589
v 0.071265 -4.459178 8.689323
v 0.208018 -4.111498 8.189652
v 0.827356 -3.832321 8.151509
v 3.322392 -1.734812 13.809127
v 3.207771 -0.548649 16.271425
v 3.181450 -0.551776 15.843976
v 2.966198 -0.182177 15.795606
v 3.003902 -0.196549 16.244701
v 3.207771 -0.548649 16.271425
v 2.698860 0.061586 16.243010
v 2.658507 0.111407 15.770809
v 2.407681 0.312478 15.764648
v 3.228913 -0.883289 14.650801
v 3.055445 -0.509508 14.548535
v 3.091965 -0.526436 14.993686
v 2.768944 -0.174450 14.448338
v 2.332373 0.079330 14.388222
v 2.495727 0.167828 14.896796
v 2.857687 -0.140565 14.931713
v 2.188832 0.362431 14.928549
v 1.809581 0.332292 14.423165
v 3.424438 -0.933897 12.681978
v 3.211353 -0.710241 12.387349
v 2.844590 -0.559754 12.103455
v 3.338523 -1.513917 14.042091
v 3.455408 -1.454428 13.645421
v 3.332613 -1.232879 14.353638
v 3.259826 -0.857209 14.217398
v 3.404952 -1.182694 13.907787
v 3.304531 -0.845797 13.725167
v 3.055401 -0.510835 14.053126
v 3.259826 -0.857209 14.217398
v 3.304531 -0.845797 13.725167
v 3.089333 -0.531858 13.512982
v 3.055401 -0.510835 14.053126
v 3.351063 -0.870243 13.208842
v 3.134234 -0.598782 12.952551
v 3.055445 -0.509508 14.548535
v 2.712100 -0.248067 13.889629
v 2.732313 -0.307064 13.298731
v 2.780073 -0.405525 12.698106
v 2.241705 -0.054327 13.768225
v 2.248028 -0.166339 13.141007
v 2.292357 -0.296127 12.524930
v -0.502262 -4.509202 8.684104
v 2.345457 -0.471262 11.907729
v 1.841164 -2.221280 8.785546
v 1.894831 -1.659799 9.099761
v 1.781325 -2.848207 8.492003
v 1.725556 -2.142107 8.456460
v 1.717421 -1.597004 8.708622
v 1.681571 -2.744609 8.214019
v 1.645642 -2.629468 7.949450
v 1.637812 -2.526746 7.721888
v 1.687210 -1.966956 7.927964
v 1.691894 -2.051967 8.165742
v 1.627366 -1.449422 8.151071
v 1.647771 -1.520705 8.393248
v 2.091893 -1.163728 10.060043
v 1.787260 -1.148267 9.515250
v 1.590925 -1.103122 9.008816
v 1.434630 -1.006600 8.387871
v 1.479419 -1.056626 8.645286
v 1.809447 -0.684588 10.897197
v 1.443607 -0.823523 9.998879
v 1.270003 -0.796286 9.346043
v 1.142585 -0.671098 8.644460
v 1.183559 -0.728832 8.925509
v 0.998805 -0.530895 10.357218
v 1.202887 -0.383120 11.124373
v 0.862542 -0.551584 9.681335
v 0.466490 -0.294109 9.974943
v 0.083050 -0.101819 10.204536
v -0.419610 0.008418 10.478417
v -4.627244 -1.565476 15.577042
v -4.623917 -1.576228 15.910306
v -4.489295 -1.302714 15.254362
v -4.635675 -1.561353 15.234786
v -4.450721 -1.396043 14.190541
v -4.541337 -1.482086 14.589679
v -4.365618 -1.190527 14.614304
v -4.386691 -1.343269 13.655061
v -4.323205 -1.492411 11.252754
v -4.566863 -1.968444 11.310197
v -4.605786 -1.875512 12.023008
v -4.344884 -1.410674 11.942849
v -4.611985 -1.823705 12.605905
v -4.617201 -1.798276 13.169335
v -4.375848 -1.333077 13.070973
v -4.364733 -1.359855 12.510512
v -4.648141 -1.851716 13.788257
v -4.641348 -1.808324 14.264443
v -4.667955 -1.829235 14.630230
v -4.712331 -1.859843 15.246256
v -4.703728 -1.864257 15.551794
v -4.709227 -1.867076 15.857638
v -4.697702 -2.160340 15.579312
v -4.704900 -2.157546 15.875055
v -4.710176 -2.170394 15.294137
v -4.705853 -2.210602 14.415192
v -4.716614 -2.188873 14.727199
v -4.693395 -2.274264 14.123109
v -4.631452 -2.528107 11.459440
v -4.688261 -2.412558 12.151871
v -4.697986 -2.322512 12.740584
v -4.700270 -2.282199 13.279396
v -4.688999 -2.299331 13.773032
v -2.476834 -0.388253 11.288910
v -2.632747 -0.419070 11.761634
v -3.076863 -0.560989 11.554139
v -3.362781 -0.668999 11.437209
v -4.259955 -1.625727 10.504852
v -4.487796 -2.110806 10.569612
v -4.530403 -2.663377 10.725235
v -0.365776 -4.286734 8.169750
v -2.927610 -0.513014 10.880362
v -3.267588 -0.651907 10.717487
v -2.410164 -0.375465 10.566715
v -2.638879 -0.431240 11.051360
v -2.272086 -0.339311 11.147707
v -4.210545 -1.811303 9.825814
v -4.394294 -2.291864 9.933715
v -4.416358 -2.802876 10.117919
v -4.205268 -2.068997 9.237833
v -4.299940 -2.516710 9.423860
v -4.285961 -2.959456 9.653959
v -1.393936 -0.122848 11.410033
v -1.505473 -0.089225 11.934322
v -0.507283 0.141825 11.763588
v -0.511253 0.055941 11.100239
v -0.835243 -0.018769 11.141676
v -0.761205 0.076390 11.807602
v -1.425394 -0.176926 10.658220
v -1.612336 -0.178990 11.212664
v -1.169652 -0.098820 11.217575
v -0.923202 -0.080555 10.548603
v 0.758140 -0.437990 8.924194
v 0.790076 -0.496169 9.229931
v -1.473736 -0.212799 9.788025
v -1.932319 -0.309104 9.773021
v -1.922523 -0.300738 10.140918
v -1.453046 -0.206783 10.148598
v -1.019820 -0.097539 9.740794
v -0.983445 -0.102593 10.096025
v -0.503388 -0.011221 9.969776
v -0.543010 -0.008555 9.617450
v -0.002656 -0.099280 9.756887
v -0.037446 -0.083308 9.414374
v 0.398212 -0.278850 9.518098
v 0.368927 -0.244358 9.186989
v -1.438943 -4.171143 8.181930
v -0.928736 -4.290125 8.169153
v -1.028290 -4.457976 8.671262
v -1.485033 -4.336752 8.668032
v -2.001237 -4.219002 8.622791
v -1.974576 -4.035807 8.174138
v -2.522140 -3.927752 8.141891
v -2.548116 -4.122840 8.551127
v -3.047197 -3.772468 8.126622
v -3.064897 -3.958166 8.506542
v -3.496259 -3.698554 8.525172
v -3.499792 -3.509758 8.175438
v -3.833759 -3.397510 8.610179
v -3.852680 -3.173124 8.297115
v -4.198183 -2.786363 9.049680
v -4.183345 -2.427622 8.812857
v -4.078076 -2.797328 8.508677
v -4.060866 -3.080335 8.781498
v -0.849414 -4.035399 7.573112
v -0.874709 -4.142424 7.826676
v -1.410200 -3.964610 7.595985
v -1.419275 -4.050262 7.843415
v -1.963257 -3.904921 7.856176
v -1.957659 -3.808497 7.621697
v -2.510922 -3.780260 7.851673
v -2.510095 -3.679820 7.628899
v -3.043179 -3.624769 7.856529
v -3.046603 -3.518594 7.648802
v -3.502778 -3.348234 7.929209
v -3.506811 -3.232564 7.738266
v -3.869219 -2.992066 8.070509
v -3.876007 -2.871088 7.891751
v -4.105808 -1.984820 8.394934
v -4.065705 -2.436293 8.120122
v -4.072201 -2.568906 8.301314
v -4.144329 -2.129757 8.608394
v -4.158124 -3.137231 9.311482
v -4.060866 -3.080335 8.781498
v 1.342013 -2.764677 6.949185
v 0.857426 -3.122352 6.899468
v 0.882378 -2.975073 6.516749
v 1.336709 -2.610305 6.597614
v 0.306661 -3.374679 6.897239
v 0.343581 -3.228803 6.490286
v 1.629982 -2.269165 7.090354
v 1.623106 -2.139159 6.751773
v 1.723269 -1.640206 6.956705
v 1.717816 -1.750003 7.291145
v 1.637757 -1.168023 7.182922
v 1.621186 -1.266885 7.516243
v 1.412792 -0.771135 7.406742
v 1.405283 -0.858932 7.743677
v 1.092133 -0.459453 7.597049
v 1.093537 -0.539340 7.949787
v -0.239155 -3.611859 6.880751
v -0.198256 -3.463327 6.461998
v 0.707745 -0.218575 7.764574
v 0.716396 -0.294403 8.138146
v -2.003316 -0.138895 8.795233
v -1.543001 -0.074987 8.812325
v -1.579880 0.056099 8.408430
v -2.040211 0.002759 8.403821
v -1.087852 0.042046 8.775429
v -1.115722 0.147419 8.363860
v -0.606995 0.124434 8.665831
v -0.631932 0.210204 8.258481
v -0.115020 0.065164 8.498363
v -0.145426 0.146184 8.100935
v 0.316036 -0.090784 8.319825
v 0.296276 -0.014946 7.932269
v -0.803403 -3.762716 6.868821
v -0.761169 -3.626788 6.445822
v -1.379514 -3.730244 6.895641
v -1.343799 -3.622876 6.473751
v -1.947342 -3.613885 6.930422
v -1.925523 -3.548248 6.519479
v -2.498871 -3.446590 6.970659
v -2.484181 -3.384931 6.580843
v -3.022221 -3.252001 7.022312
v -3.005469 -3.177357 6.651368
v -3.471993 -2.973174 7.114232
v -3.454855 -2.891194 6.750618
v -3.834619 -2.622869 7.260884
v -4.024347 -2.204383 7.453073
v -4.015978 -2.121391 7.075362
v -3.814936 -2.537458 6.894030
v 1.399110 -1.714880 4.065918
v 1.028626 -2.118045 3.988714
v 1.101518 -1.931035 3.289295
v 1.445636 -1.504009 3.367700
v -3.856001 -0.200289 5.083171
v -3.545885 0.191961 5.260825
v -3.623851 0.413257 4.425693
v -3.911436 -0.000811 4.265504
v -4.046915 -0.652532 4.878539
v -4.073348 -0.474067 4.082143
v 0.566286 -2.451127 3.942147
v 0.651685 -2.280919 3.240539
v 1.630439 -1.252717 4.184665
v 1.650516 -1.023584 3.480111
v 1.723593 -0.536805 3.623717
v 1.716982 -0.777485 4.342968
v 1.663763 -0.071413 3.789523
v 1.653962 -0.321657 4.524962
v 1.467990 0.348262 3.957488
v 1.462922 0.088059 4.712780
v 1.150652 0.700483 4.112667
v 1.131833 0.410525 4.883724
v 0.050462 -2.725990 3.916814
v 0.138478 -2.562847 3.214034
v 0.741029 0.967300 4.247499
v 0.736119 0.672479 5.041081
v -3.165217 0.518998 5.393940
v -2.755090 0.804276 5.494628
v -2.823435 1.037354 4.635262
v -3.249214 0.755530 4.546443
v -2.294256 1.001931 5.550267
v -1.790113 1.061327 5.536655
v -1.837164 1.347958 4.686231
v -2.352483 1.249478 4.689306
v -1.274599 1.029426 5.469441
v -1.304302 1.355404 4.631694
v -0.753617 0.987258 5.379879
v -0.767543 1.325945 4.552930
v -0.232883 0.937384 5.281249
v -0.236389 1.266236 4.463356
v 0.270581 0.839335 5.169845
v 0.275321 1.159384 4.366211
v -0.500465 -2.946289 3.906735
v -0.423131 -2.767320 3.208853
v -1.091949 -3.034163 3.924007
v -1.019729 -2.866357 3.225059
v -1.690177 -2.989831 3.968049
v -1.626737 -2.840872 3.265719
v -2.269728 -2.861540 4.028519
v -2.217151 -2.723815 3.322568
v -2.825313 -2.689747 4.097723
v -2.781171 -2.549560 3.387883
v -3.329848 -2.436044 4.191019
v -3.294080 -2.292045 3.473715
v -3.731377 -2.068723 4.325225
v -3.995239 -1.622938 4.489216
v -3.986719 -1.469417 3.742993
v -3.707165 -1.922081 3.595221
v -4.119489 -0.974055 3.906559
v -4.097630 -1.137693 4.676168
v 1.334011 -2.395020 6.082825
v 0.899463 -2.755653 5.985507
v 0.914791 -2.513145 5.361312
v 1.341277 -2.157846 5.446030
v -3.924368 -1.145659 7.059234
v -3.690654 -0.739664 7.342103
v -3.722384 -0.585673 6.679120
v -3.958230 -0.997865 6.407517
v 0.383246 -3.027296 5.938692
v 0.420155 -2.804884 5.310762
v 1.619336 -1.950774 6.244174
v 1.611397 -1.716886 5.591303
v 1.726026 -1.248477 5.784763
v 1.723829 -1.470352 6.453574
v 1.668100 -0.798520 6.004667
v 1.655983 -1.012058 6.682046
v 1.451350 -0.415821 6.228783
v 1.432720 -0.625437 6.908458
v 1.128416 -0.112275 6.433223
v 1.107639 -0.322608 7.104614
v -0.147505 -3.277646 5.900881
v -0.094380 -3.080719 5.270459
v 0.729678 0.118332 6.604330
v 0.714299 -0.091749 7.269456
v -2.086773 0.194053 7.903547
v -1.623827 0.225071 7.890950
v -1.677830 0.492816 7.203938
v -2.156583 0.485828 7.235563
v -1.149610 0.265179 7.833820
v -1.194196 0.451063 7.124289
v -0.661666 0.296195 7.729280
v -0.699122 0.427079 7.017465
v -0.173645 0.237077 7.583936
v -0.202067 0.378069 6.889466
v 0.285428 0.095168 7.427160
v 0.281774 0.283880 6.753575
v -0.704562 -3.456900 5.881900
v -0.640883 -3.295222 5.248648
v -1.288014 -3.488157 5.904235
v -1.226619 -3.344796 5.270281
v -1.875428 -3.442085 5.951069
v -1.815093 -3.297414 5.317145
v -2.439970 -3.288559 6.022756
v -2.380877 -3.151277 5.387092
v -2.971817 -3.088064 6.105395
v -2.921396 -2.963424 5.470271
v -3.430084 -2.798653 6.219362
v -3.400962 -2.691350 5.584136
v -3.795493 -2.440084 6.373457
v -4.011406 -2.021052 6.562787
v -4.021267 -1.905507 5.928531
v -3.787287 -2.333650 5.739576
v 0.963092 -2.307450 4.682621
v 1.354235 -1.924134 4.763228
v 0.479586 -2.610012 4.636687
v 1.613873 -1.481345 4.891179
v 1.711080 -1.013428 5.064408
v 1.654017 -0.565006 5.263979
v 1.449638 -0.174270 5.470141
v 1.130930 0.140272 5.662757
v -0.029481 -2.893708 4.603156
v 0.733297 0.382277 5.830423
v -1.736007 0.789674 6.390353
v -2.233561 0.773706 6.416886
v -1.237117 0.726798 6.308235
v -0.730755 0.677493 6.204288
v -0.220903 0.630817 6.092473
v 0.274897 0.542507 5.970663
v -0.573581 -3.120112 4.586325
v -1.161033 -3.188406 4.606884
v -1.752855 -3.138942 4.652694
v -2.326256 -3.011130 4.714192
v -2.871494 -2.827121 4.791487
v -3.366870 -2.569032 4.895877
v -4.002995 -1.768346 5.220011
v -3.762852 -2.209237 5.041877
v 1.375369 0.362178 16.096330
v 1.149417 0.302280 16.207790
v -2.772685 -0.313327 13.574591
v -2.682349 -0.334995 12.957958
v -2.761902 -0.422088 12.323366
v -2.863810 -0.323761 14.181252
v -2.960816 -0.345814 14.734316
v -1.351566 0.130046 13.170332
v -1.320690 0.249726 13.878912
v -1.553363 -0.015405 12.541543
v -1.287783 0.338819 14.552625
v -1.252098 0.372353 15.170744
v -0.982829 0.483439 15.173601
v 0.089197 0.320872 12.904183
v 0.241462 0.405338 13.569383
v -0.045046 0.227607 12.269549
v -0.218759 0.246401 12.322556
v 0.401049 0.471793 14.224998
v 0.564655 0.518160 14.864697
v 0.818527 0.485896 14.772107
v 0.294130 0.607779 14.949187
v 0.691354 0.511229 15.400310
v 0.914704 0.485239 15.336896
v 0.462888 0.596816 15.481528
v 0.905364 0.316222 16.291897
v 0.660349 0.389759 16.372787
v -0.806223 0.127029 16.614223
v -1.029257 -0.039977 16.587915
v -1.202802 0.313556 15.711414
v -0.982912 0.441447 15.735466
v -3.014905 -0.672659 15.914555
v -3.034982 -0.389572 15.196698
v -0.464168 0.232342 12.373125
v -0.043841 0.501162 16.837914
v -0.004649 0.456503 17.121883
v 0.383367 0.440706 16.931408
v 0.164620 0.531948 16.703870
v -0.118677 0.577132 16.441510
v -0.283139 0.514402 16.476608
v -0.212489 0.484115 16.652676
v -0.076461 0.537136 16.650084
v 0.055489 0.561613 16.599058
v 0.048789 0.600129 16.410680
v -0.139482 0.713056 15.681679
v -0.260813 0.694614 15.693713
v -0.218412 0.673162 15.938970
v -0.066362 0.698402 15.886992
v -0.270741 0.412082 16.786540
v -0.429186 0.419319 16.539670
v -0.592030 0.290094 16.606192
v -0.390647 0.258366 17.057589
v -0.477970 0.661848 15.515412
v -0.629743 0.594384 15.187798
v -0.753677 0.563852 15.778819
v -0.551440 0.613907 15.873837
v 0.420027 0.497876 16.425840
v 0.217881 0.574408 16.414427
v 0.070479 0.710439 15.757058
v -0.110407 0.709552 15.446752
v -0.308557 0.680060 15.378651
v -0.379096 0.672050 15.725285
v -0.379987 0.642145 15.944880
v -2.089415 0.042929 15.338478
v -1.924861 0.091896 15.469702
v -2.264742 -0.010919 15.382556
v -2.386677 -0.087105 15.648265
v -2.047199 -0.453907 17.239254
v -1.804906 0.061060 15.794845
v -2.038823 -0.170190 16.277756
v -2.026203 -0.233335 16.456512
v -1.901061 -0.207325 16.461061
v -1.884547 -0.147177 16.310059
v -2.158076 -0.259448 16.411840
v -2.201714 -0.212746 16.250664
v -1.731615 -0.150117 16.376286
v -3.868497 -0.816543 14.467907
v -3.736082 -0.735179 14.642621
v -4.063736 -0.919540 14.483790
v -4.247320 -1.102557 15.507016
v -4.327912 -1.125698 15.241078
v -4.061764 -1.004849 15.682089
v -3.853322 -0.899686 15.686568
v -3.747456 -0.798944 15.507819
v -3.695998 -0.693079 14.957941
v 1.141968 0.507295 15.283596
v 1.533133 0.493644 14.725181
v 1.367142 0.523247 14.903589
v 1.957826 0.414053 16.180851
v 2.146215 0.419213 16.024887
v 1.729732 0.400135 16.159954
v 2.204372 0.449618 15.727477
v 1.545697 0.449773 15.940699
v -0.138261 0.151756 11.834017
v -0.278267 0.151584 11.750093
v -0.049374 0.112274 11.675974
v -0.268631 0.071238 11.221576
v -1.013403 0.004953 11.863513
v -1.949919 -0.255584 11.146556
v -1.926589 -0.279628 10.580671
v -1.984800 -0.218030 11.841930
v -1.729106 -0.146111 11.881261
v -1.796058 -0.082846 12.517003
v -2.228769 -0.289796 11.814997
v -2.832129 -0.482958 11.663998
v -2.996924 -0.504599 12.243485
v -0.356081 0.201165 17.545298
v 0.042678 0.414327 17.516373
v 0.476847 0.384772 17.452662
v 0.234354 0.682092 15.595205
v -0.054431 0.684663 15.077738
v -0.359419 0.632854 15.015842
v 1.349307 0.545579 15.295017
v 1.769809 0.471587 14.762566
v -2.364177 -0.291610 16.244080
v -3.353522 -0.384931 7.580811
v -3.390021 -0.219144 6.914594
v -3.455058 -0.027769 6.097314
v -3.785990 -0.400211 5.894136
v -4.008061 -0.829606 5.657994
v 1.666749 -0.668855 0.529584
v 1.371681 -1.154574 0.475060
v 1.402017 -1.036131 0.006032
v 1.703454 -0.550910 0.054484
v 1.495465 -1.288089 2.667902
v 1.161633 -1.725310 2.590943
v 1.237364 -1.529663 1.888344
v 1.566376 -1.079248 1.961224
v -4.014818 0.995047 0.499387
v -4.021982 0.834300 1.013213
v -3.773493 1.347498 1.166273
v -3.772305 1.513441 0.647012
v -3.957320 0.197905 3.445640
v -3.689971 0.637230 3.595214
v -3.748698 0.870032 2.772387
v -4.007466 0.404361 2.625430
v -4.158988 0.371726 0.308618
v -4.165352 0.245324 0.831234
v -4.112022 -0.292473 3.280222
v -4.151281 -0.109177 2.470856
v 0.971976 -1.560873 0.419002
v 1.004369 -1.442934 -0.051760
v 0.731105 -2.096795 2.537853
v 0.809743 -1.906605 1.834139
v 1.880043 -0.127848 0.582572
v 1.915991 0.010334 0.096460
v 1.695229 -0.796279 2.773205
v 1.763859 -0.570299 2.056903
v 1.964791 0.439975 0.667373
v 2.000189 0.604333 0.179424
v 1.761815 -0.292012 2.902063
v 1.846304 -0.047763 2.174949
v 1.889805 0.979479 0.815480
v 1.927455 1.158971 0.331740
v 1.787358 0.458508 2.315507
v 1.714877 0.192849 3.054100
v 1.677471 1.457505 0.972174
v 1.707213 1.634340 0.481814
v 1.580000 0.915551 2.462548
v 1.518536 0.631552 3.209989
v 1.333396 1.862026 1.087110
v 1.375484 2.048078 0.592565
v 1.231822 1.291368 2.586421
v 1.185425 0.996559 3.346466
v 0.489438 -1.871306 0.363347
v 0.539139 -1.765926 -0.115586
v 0.223224 -2.386819 2.504325
v 0.309090 -2.206102 1.791343
v 0.887986 2.199092 1.161727
v 0.924540 2.403081 0.662493
v 0.769892 1.286064 3.464736
v 0.802926 1.594517 2.685469
v -3.010050 2.145787 1.333350
v -3.034247 2.318092 0.811936
v -3.446466 1.950589 0.749804
v -3.438608 1.787272 1.273958
v -3.319721 1.000802 3.710217
v -2.882060 1.291210 3.791647
v -2.931384 1.567106 2.959182
v -3.374847 1.254838 2.885454
v -2.497010 2.421579 1.341258
v -1.932689 2.620869 1.299542
v -1.964322 2.823588 0.792497
v -2.526911 2.612562 0.827671
v -2.430283 1.794920 2.988640
v -2.395309 1.507791 3.836240
v -1.871386 1.642351 3.836614
v -1.894442 1.957325 2.984660
v -1.316264 2.734319 1.233202
v -1.323639 2.940428 0.722296
v -1.323864 1.692948 3.792130
v -1.330934 2.034794 2.942850
v -0.702881 2.720259 1.201294
v -0.679827 2.930072 0.682272
v -0.770691 1.681002 3.723165
v -0.762350 2.036074 2.884546
v -0.144541 2.613347 1.201049
v -0.119019 2.820323 0.680569
v -0.226854 1.615767 3.646179
v -0.208545 1.961707 2.824178
v 0.390097 2.449614 1.198519
v 0.415754 2.648762 0.683911
v 0.292576 1.489631 3.564059
v 0.319724 1.822131 2.765072
v -0.043747 -2.095747 0.304766
v 0.013398 -1.979808 -0.182975
v -0.341470 -2.590300 2.494797
v -0.254125 -2.415723 1.769430
v -0.648974 -2.229181 0.268526
v -0.587077 -2.126102 -0.232869
v -0.943310 -2.696785 2.508697
v -0.860663 -2.535291 1.773298
v -1.343058 -2.285564 0.291825
v -1.297226 -2.191617 -0.214910
v -1.561616 -2.693753 2.545563
v -1.494958 -2.558804 1.805423
v -2.066496 -2.243966 0.349415
v -2.053082 -2.140569 -0.152474
v -2.171680 -2.603218 2.597339
v -2.130450 -2.488223 1.856624
v -2.727148 -2.051572 0.417680
v -2.739333 -1.949850 -0.085120
v -2.748268 -2.420414 2.662594
v -2.731485 -2.310050 1.921344
v -3.257393 -1.729977 0.488180
v -3.260038 -1.621089 -0.018065
v -3.264932 -2.143582 2.747059
v -3.261471 -2.019829 2.002266
v -3.675157 -1.213262 0.041324
v -3.683927 -1.324379 0.558210
v -3.978886 -0.843417 0.624056
v -3.965015 -0.729502 0.094285
v -3.697261 -1.634315 2.099927
v -3.697147 -1.777561 2.855147
v -3.972806 -1.309621 2.986049
v -3.995091 -1.162698 2.211621
v -4.128833 -0.211965 0.167499
v -4.137326 -0.322854 0.700055
v -4.138432 -0.641173 2.333454
v -4.129938 -0.807143 3.125979
v 1.626321 -0.869991 1.246864
v 1.314336 -1.340889 1.181486
v -3.766389 1.102648 1.962199
v -4.022364 0.611297 1.813796
v -4.172866 0.069781 1.652664
v 0.898848 -1.733261 1.126698
v 1.826797 -0.345330 1.325944
v 1.913035 0.195095 1.428536
v 1.835410 0.715816 1.567085
v 1.634359 1.191277 1.718422
v 1.287106 1.587328 1.837339
v 0.404155 -2.039980 1.077650
v 0.845040 1.904087 1.918594
v -3.405948 1.517464 2.070297
v -2.970346 1.860080 2.135363
v -1.910683 2.290432 2.131301
v -2.462415 2.110757 2.151753
v -1.325662 2.382179 2.080984
v -0.739861 2.390835 2.041395
v -0.180379 2.300612 2.007925
v 0.351178 2.142060 1.973121
v -0.153079 -2.254078 1.039968
v -0.763425 -2.373706 1.027389
v -1.422331 -2.422617 1.053079
v -2.093643 -2.370561 1.105407
v -2.723673 -2.192753 1.170330
v -3.260129 -1.885719 1.246929
v -3.692543 -1.483493 1.333039
v -3.998333 -1.007091 1.423137
v -4.145849 -0.479551 1.522651
v -3.978886 -0.843417 0.624056
v -3.998333 -1.007091 1.423137
v -3.972806 -1.309621 2.986049
v -3.986719 -1.469417 3.742993
v 1.330579 -0.198777 11.822878
v 1.680368 -0.006386 13.014403
v 1.712833 -0.159569 12.434852
v 1.763430 -0.349900 11.800567
v 1.400743 -0.049387 12.430807
v 1.455895 0.054020 12.875018
v -3.365413 -0.473184 8.065275
v -3.705196 -0.829591 7.824834
v -3.733923 -0.878181 8.203280
v -3.376850 -0.524581 8.448656
v -3.927021 -1.246870 7.548756
v -3.954836 -1.314279 7.925564
v -2.942736 -0.293050 8.623679
v -2.472262 -0.189936 8.735899
v -2.505266 -0.051180 8.352834
v -2.956649 -0.204669 8.239586
v -4.025816 -1.682707 7.289288
v -4.015978 -2.121391 7.075362
v -4.024347 -2.204383 7.453073
v -4.033497 -1.766245 7.667742
v -2.621223 0.372354 7.196525
v -3.033198 0.119176 7.086229
v -2.969920 -0.090576 7.748448
v -2.542269 0.108338 7.857655
v -4.038267 -1.576684 6.789494
v -4.050259 -1.444482 6.150105
v -2.699240 0.609918 6.364823
v -3.093628 0.312602 6.251818
v -4.081817 -1.296971 5.425895
v -4.230482 -1.025420 14.713913
v 2.014489 0.491780 15.055330
v -4.744896 -2.169020 16.167692
v -4.739954 -1.879290 16.173056
v -4.631875 -1.598604 16.240520
v -4.439805 -1.354022 16.375837
v -4.149793 -1.190019 16.545734
v -3.806715 -1.164924 16.689915
v -3.498264 -1.295912 16.811472
v -3.306960 -1.538144 16.923740
v -3.240092 -1.802583 16.922703
v -3.240092 -1.802583 16.922703
v -2.572708 -1.684096 17.339705
v -2.064576 -0.530760 17.587831
v -1.669161 -0.500285 17.691942
v -2.572708 -1.684096 17.339705
v -2.676233 -1.394929 17.360638
v -0.625669 -0.812524 18.120968
v -0.625669 -0.812524 18.120968
v -0.640038 -0.484409 18.044350
v 1.152160 -0.485588 17.971142
v 1.040495 -0.186127 17.897236
v 1.152160 -0.485588 17.971142
v 0.849658 0.144997 17.817308
v 0.500101 0.371973 17.821960
v -0.565781 -0.118930 17.938000
v -0.309524 0.213284 17.885980
v 0.077145 0.402484 17.855822
v -3.863486 -0.856163 12.902297
v -4.040113 -0.972784 13.004456
v -3.810927 -0.837707 12.507907
v -3.666315 -0.829883 11.338290
v -3.740392 -0.828744 11.973092
v -3.622824 -0.862860 10.589128
v -4.014956 -1.033712 11.931410
v -4.033690 -0.998569 12.483166
v -3.988417 -1.091339 11.269607
v -3.957298 -1.191472 10.515061
v -3.967153 -1.337074 9.796719
v -3.638603 -0.926470 9.908938
v -3.312769 -0.631762 9.308910
v -3.275276 -0.645534 9.644279
v -3.247405 -0.651734 10.112118
v -2.843764 -0.493309 10.328522
v -2.391308 -0.385046 10.057447
v -2.398667 -0.383102 9.686204
v -2.839436 -0.486857 9.878721
v -2.862370 -0.465940 9.522916
v 1.346046 -2.870516 7.186678
v 0.841468 -3.220270 7.154133
v 0.290739 -3.484935 7.159573
v 1.636971 -2.362141 7.326206
v 1.704586 -1.826639 7.526744
v 1.615091 -1.333251 7.749844
v 1.411926 -0.912622 7.980507
v 1.109749 -0.583823 8.210724
v -0.256689 -3.725022 7.147750
v 0.727297 -0.350833 8.430730
v -1.972650 -0.240748 9.126377
v -1.515813 -0.153086 9.153490
v -1.064146 -0.031244 9.117950
v -0.584581 0.056236 9.003903
v -0.084198 0.000775 8.825049
v 0.336778 -0.150623 8.633536
v -0.824215 -3.861076 7.143232
v -1.395091 -3.813753 7.171958
v -1.953704 -3.673876 7.202312
v -2.506458 -3.519506 7.227873
v -3.036277 -3.336545 7.268224
v -3.491655 -3.056808 7.363308
v -3.855875 -2.702917 7.519081
v -3.746322 -0.916714 8.510551
v -3.365074 -0.572138 8.761694
v -3.975745 -1.372923 8.223997
v -2.917127 -0.370581 8.938792
v -2.442850 -0.289684 9.060672
v -4.051315 -1.838304 7.956184
v -4.041096 -2.279784 7.726079
v 1.353854 -2.964099 7.379803
v 0.838878 -3.318919 7.358704
v 0.284523 -3.590614 7.369687
v -3.987293 -1.426692 8.469801
v -3.746853 -0.946455 8.773411
v -0.266938 -3.822615 7.361383
v 1.638930 -2.441544 7.522604
v 1.693907 -1.893034 7.724938
v 1.618721 -1.388345 7.947446
v 1.416704 -0.960994 8.179365
v 1.116428 -0.632750 8.423511
v -3.343876 -0.606247 9.037555
v 0.740154 -0.393881 8.676118
v -2.891452 -0.425183 9.228058
v -1.949491 -0.292966 9.444825
v -1.493380 -0.198260 9.469355
v -1.044224 -0.074003 9.430083
v -0.565303 0.015244 9.310374
v -0.059849 -0.049633 9.118704
v 0.353493 -0.199009 8.908555
v -0.836144 -3.945666 7.359431
v -1.403620 -3.890722 7.386158
v -1.955421 -3.735359 7.416732
v -2.509428 -3.594317 7.433599
v -3.045048 -3.424176 7.464303
v -3.504366 -3.139936 7.560420
v -3.872362 -2.782991 7.717962
v -4.054298 -2.352066 7.937435
v -4.041096 -2.279784 7.726079
v -4.076457 -1.905993 8.186459
v -2.417168 -0.355793 9.366661
v 0.837677 -3.598661 7.816956
v 1.388156 -3.203157 7.794646
v 0.254958 -3.869383 7.843785
v 0.837677 -3.598661 7.816956
v -3.690762 -0.972784 9.373373
v -4.040344 -1.570885 9.083806
v -0.305221 -4.080432 7.827084
v 1.645642 -2.629468 7.949450
v 1.691894 -2.051967 8.165742
v 1.647771 -1.520705 8.393248
v 1.479419 -1.056626 8.645286
v 1.183559 -0.728832 8.925509
v 0.790076 -0.496169 9.229931
v -1.453046 -0.206783 10.148598
v -1.922523 -0.300738 10.140918
v -0.983445 -0.102593 10.096025
v -0.503388 -0.011221 9.969776
v -0.002656 -0.099280 9.756887
v 0.398212 -0.278850 9.518098
v -0.874709 -4.142424 7.826676
v -1.419275 -4.050262 7.843415
v -1.963257 -3.904921 7.856176
v -2.510922 -3.780260 7.851673
v -3.043179 -3.624769 7.856529
v -3.502778 -3.348234 7.929209
v -3.869219 -2.992066 8.070509
v -4.065705 -2.436293 8.120122
v -4.144329 -2.129757 8.608394
v -4.072201 -2.568906 8.301314
v -3.275276 -0.645534 9.644279
v -2.391308 -0.385046 10.057447
v -2.839436 -0.486857 9.878721
v 3.607115 -1.239118 12.445908
v 3.774433 -1.359351 11.920454
v 3.936403 -1.622908 11.442316
v 3.951557 -2.109602 11.120845
v 3.938329 -2.654556 10.874884
v 3.854279 -3.238460 10.776752
v 3.647662 -3.765071 10.901857
v 3.647662 -3.765071 10.901857
v 3.335217 -1.956783 13.711082
v 3.453521 -1.915113 13.487537
v 3.473167 -1.674997 13.477641
v 3.622210 -1.616111 13.035585
v 3.534245 -1.168111 12.958920
v 3.558404 -1.407020 13.224916
v 3.473167 -1.674997 13.477641
v -4.676343 -2.400751 14.014368
v 3.147269 -0.550157 15.416776
v 3.181450 -0.551776 15.843976
v 3.091965 -0.526436 14.993686
v 3.558404 -1.407020 13.224916
v -4.078076 -2.797328 8.508677
v -4.072201 -2.568906 8.301314
v -4.072201 -2.568906 8.301314
v 3.466854 -1.159270 13.441365
v 3.466854 -1.159270 13.441365
v 3.455408 -1.454428 13.645421
v 3.404952 -1.182694 13.907787
v 1.788513 0.563853 15.505102
v 1.970415 0.537416 15.444432
v 1.602881 0.557933 15.573174
v -2.059217 -0.092191 16.065489
v -1.896937 -0.064218 16.088827
v -2.231306 -0.135871 16.020670
v -3.864104 -0.787306 15.174420
v -4.017831 -0.868274 15.098681
v -4.172619 -0.963589 15.029393
v -1.337370 0.048170 16.139116
v -1.553355 -0.011042 16.114172
v -2.619362 -0.264764 15.858284
v -2.829549 -0.379339 15.722035
v -3.286508 -0.588206 15.457885
v -3.513245 -0.659590 15.347485
v 3.147269 -0.550157 15.416776
v 2.918315 -0.159898 15.364620
v 2.603298 0.163153 15.335642
v 2.356995 0.352131 15.348082
v -4.470139 -1.279668 14.926974
v -4.610699 -1.535759 14.910042
v -4.700697 -1.848265 14.939990
v -4.717289 -2.178543 15.013142
v 1.217640 0.463472 15.713257
v 1.011586 0.431360 15.777810
v 0.796849 0.442760 15.848516
v 0.579400 0.508875 15.931753
v -0.913186 0.289212 16.184660
v -1.121988 0.159689 16.162897
v -3.051021 -0.495792 15.582095
v -0.169198 0.628064 16.192411
v -0.346650 0.576146 16.215578
v 0.004255 0.654821 16.149931
v -0.525866 0.511160 16.221869
v -0.715413 0.420298 16.209150
v 0.364868 0.587285 16.014671
v 0.176332 0.642384 16.089762
v -2.415040 -0.190067 15.954693
v -1.738281 -0.039412 16.100435
v -4.316092 -1.097851 14.972581
v -3.704805 -0.722104 15.254039
v 2.157396 0.480533 15.390765
v 1.416378 0.514765 15.642704
v -4.016349 -3.339103 9.084840
v -3.995239 -1.622938 4.489216
v -3.965015 -0.729502 0.094285
v -3.995091 -1.162698 2.211621
v -4.011406 -2.021052 6.562787
v -4.021267 -1.905507 5.928531
v -4.002995 -1.768346 5.220011
v -4.054298 -2.352066 7.937435
v 7.050582 -1.786435 16.747927
v 7.087826 -1.907599 16.722486
v 7.054205 -1.962517 16.643509
v 6.998065 -1.820059 16.638855
v 6.446722 -2.052475 15.681304
v 6.517900 -2.293499 15.762556
v 6.460611 -2.322341 15.579271
v 6.404423 -2.057734 15.532854
v 5.394812 -1.614424 14.084163
v 5.205093 -1.636695 13.718326
v 4.925695 -1.517533 13.903289
v 5.133597 -1.480187 14.258863
v 6.153596 -1.641092 15.786601
v 5.973844 -1.491718 15.945862
v 6.067104 -1.536351 16.054005
v 6.215183 -1.667113 15.895456
v 7.073573 -1.782699 16.788284
v 7.105491 -1.929412 16.745660
v 6.960058 -1.628410 16.839195
v 6.932767 -1.636123 16.790956
v 6.768254 -1.541451 16.823960
v 6.791694 -1.531517 16.873680
v 6.384196 -1.490707 16.654076
v 6.501711 -1.472134 16.772736
v 6.551495 -1.490523 16.742043
v 6.448915 -1.505152 16.614897
v 5.648555 -1.400832 15.973154
v 5.801300 -1.420320 16.225182
v 5.881706 -1.469243 15.786544
v 5.485902 -2.814502 13.674798
v 5.540730 -2.532714 13.584908
v 5.740072 -2.467582 13.961678
v 5.711611 -2.749849 14.060722
v 6.220242 -2.046396 14.811612
v 6.246432 -2.369488 14.825620
v 6.115166 -2.392483 14.551445
v 6.097230 -2.063305 14.520977
v 5.300887 -1.378613 15.286089
v 5.594354 -1.382994 15.120959
v 5.471104 -1.388164 14.859216
v 5.185999 -1.396340 15.049233
v 7.226959 -1.902743 17.272180
v 7.019552 -1.675086 17.339230
v 6.843106 -1.835233 17.396238
v 7.002758 -2.045155 17.331507
v 6.616396 -1.671648 17.402613
v 6.756266 -1.518567 17.342550
v 6.490295 -1.450921 17.256308
v 6.376976 -1.566534 17.332933
v 5.911090 -1.414073 16.608171
v 5.801300 -1.420320 16.225182
v 5.565020 -1.458860 16.409630
v 5.739785 -1.464483 16.706049
v 4.865483 -1.488610 14.463962
v 4.644426 -1.537746 14.106583
v 4.423667 -1.685508 14.294010
v 4.646323 -1.600388 14.660571
v 6.491299 -2.577824 15.675644
v 6.616431 -2.505024 15.976496
v 6.589945 -2.748178 16.076160
v 6.454499 -2.808809 15.782826
v 6.924772 -2.578319 16.691875
v 6.968090 -2.396889 16.644669
v 7.129491 -2.290125 16.873783
v 7.062068 -2.466641 16.964193
v 5.955793 -2.939055 14.753152
v 6.064142 -2.695850 14.634210
v 6.186285 -2.671600 14.887930
v 6.067328 -2.922493 14.974187
v 6.815017 -1.919044 16.285034
v 6.873456 -2.081806 16.296545
v 6.791321 -2.086832 16.130316
v 6.726883 -1.930085 16.118284
v 6.517795 -1.606371 16.372768
v 6.369472 -1.532783 16.448803
v 6.603781 -1.573302 16.554745
v 6.885084 -2.161803 16.313278
v 6.974068 -2.029341 16.490108
v 6.987384 -2.100342 16.510510
v 6.917317 -1.872761 16.480183
v 6.687248 -1.744848 16.311993
v 6.780508 -1.702918 16.504500
v 5.749178 -1.514229 14.690540
v 5.867656 -1.520041 14.973104
v 6.090626 -1.746011 14.861671
v 5.974450 -1.749294 14.566441
v 6.459148 -1.640914 16.212896
v 6.607035 -1.767741 16.148317
v 6.642543 -1.491678 16.828398
v 6.633761 -1.480107 16.860695
v 5.600183 -1.855233 13.964494
v 5.714277 -2.157742 13.922651
v 5.522717 -2.214575 13.549211
v 5.419231 -1.891627 13.588180
v 6.092408 -1.618424 15.647018
v 6.331528 -1.820475 15.691100
v 6.281103 -1.811797 15.556477
v 6.489025 -2.037079 15.789021
v 6.367803 -1.836798 15.802470
v 6.692160 -1.553853 16.705046
v 6.862485 -1.663517 16.665714
v 6.350932 -2.057836 15.341039
v 6.405583 -2.339495 15.362355
v 6.342312 -2.353007 15.103354
v 6.291512 -2.050934 15.094958
v 5.588942 -1.553001 14.400271
v 5.319869 -1.424630 14.578238
v 5.412978 -1.376622 15.520505
v 5.529341 -1.385748 15.754617
v 5.790639 -1.444444 15.593974
v 5.697785 -1.408122 15.368338
v 5.948646 -2.424490 14.274290
v 5.917742 -2.720346 14.375659
v 6.026865 -1.591082 15.465901
v 4.644426 -1.537746 14.106583
v 4.865483 -1.488610 14.463962
v 6.410303 -2.615660 15.425790
v 6.491299 -2.577824 15.675644
v 6.224467 -1.797378 15.377128
v 5.803190 -1.794039 14.274990
v 5.931001 -2.100962 14.227770
v 5.954702 -1.553389 15.236455
v 6.165642 -1.769824 15.139729
v 5.947078 -1.485741 16.983800
v 6.159434 -1.514566 17.192917
v 6.274851 -1.417445 17.127611
v 6.085960 -1.404936 16.921791
v 6.749991 -2.669238 16.393467
v 6.796952 -2.476361 16.350222
v 7.104065 -2.286153 17.194544
v 7.251595 -2.146700 17.075418
v 4.934334 -1.473916 15.231948
v 5.031976 -1.446015 15.445155
v 5.300887 -1.378613 15.286089
v 5.185999 -1.396340 15.049233
v 5.648555 -1.400832 15.973154
v 5.416223 -1.449667 16.156958
v 5.711611 -2.749849 14.060722
v 5.623530 -2.971772 14.202319
v 5.367852 -3.031162 13.796070
v 5.485902 -2.814502 13.674798
v 6.419498 -1.673045 16.100948
v 6.380026 -1.683712 16.051966
v 6.290387 -1.605224 16.163744
v 6.334541 -1.610839 16.175550
v 7.218845 -2.024538 16.926596
v 7.162249 -1.970803 16.835175
v 7.151967 -1.788134 16.919720
v 7.240694 -1.806865 17.086994
v 7.032946 -1.603566 16.982498
v 6.829609 -1.492827 17.015303
v 6.842532 -1.446666 17.180813
v 7.111671 -1.570871 17.170910
v 6.220186 -1.418512 16.835615
v 6.299033 -1.484509 16.761780
v 6.177954 -1.495558 16.550343
v 6.070963 -1.439519 16.568783
v 6.566421 -2.001383 15.856253
v 6.662020 -2.177172 15.931767
v 6.583446 -2.240130 15.866970
v 6.993260 -2.268819 16.593830
v 6.999442 -2.182865 16.555876
v 7.106358 -2.084469 16.727120
v 7.129381 -2.161284 16.788744
v 6.281289 -1.690094 15.979165
v 6.435410 -1.821605 15.880643
v 6.615734 -1.446055 16.985111
v 6.577692 -1.434418 17.118347
v 6.632966 -1.953213 15.956468
v 6.513466 -1.800164 15.980156
v 6.548708 -1.786946 16.038666
v 6.662263 -1.933093 16.012990
v 6.692225 -2.349306 16.065453
v 6.616431 -2.505024 15.976496
v 6.731974 -2.054790 16.035750
v 6.797916 -2.166076 16.136915
v 6.723110 -2.094034 16.009502
v 6.754396 -2.263811 16.107185
v 6.870434 -2.253544 16.330956
v 6.835733 -2.339638 16.336050
v 6.265826 -1.554484 16.317673
v 6.298208 -1.515058 16.491688
v 6.335770 -1.572694 16.288313
v 6.124012 -1.536126 16.317623
v 6.156160 -1.598267 16.126896
v 5.999566 -1.469836 16.282671
v 5.911090 -1.414073 16.608171
v 6.239635 -1.603027 16.153921
v 6.340344 -1.683435 16.023726
v 6.211474 -1.548253 16.323060
v 6.249319 -1.519512 16.522755
v 6.347761 -1.488269 16.700151
v 6.628209 -1.465945 16.906609
v 6.808987 -1.516804 16.927614
v 6.987096 -1.619854 16.891443
v 7.102396 -1.784693 16.835257
v 7.128390 -1.946776 16.780602
v 6.995128 -2.136120 16.531382
v 7.088418 -2.047983 16.691372
v 6.883886 -2.203764 16.324360
v 6.785735 -2.211353 16.129707
v 6.703946 -2.130690 15.978317
v 6.611211 -1.975416 15.914405
v 6.484527 -1.808201 15.938356
v 7.251595 -2.146700 17.075418
v 7.226959 -1.902743 17.272180
v 6.756266 -1.518567 17.342550
v 7.019552 -1.675086 17.339230
v 6.085960 -1.404936 16.921791
v 6.968090 -2.396889 16.644669
v 7.129491 -2.290125 16.873783
v 6.490295 -1.450921 17.256308
v 6.796952 -2.476361 16.350222
v 7.072486 -2.018844 16.662740
v 6.379552 -1.422622 17.010334
v 6.443553 -1.462981 16.897192
v 6.476504 -1.461488 16.821203
v 6.274851 -1.417445 17.127611
v 4.018911 -1.782078 13.716823
v 4.231450 -1.587551 13.499407
v 4.083130 -1.600803 13.303207
v 3.876082 -1.810311 13.550549
v 4.231450 -1.587551 13.499407
v 4.525179 -1.552008 13.238538
v 4.370604 -1.532371 12.993653
v 4.083130 -1.600803 13.303207
v 4.812542 -1.698780 13.016414
v 4.660348 -1.687727 12.727082
v 5.026165 -1.974798 12.849602
v 4.864070 -1.992068 12.538676
v 5.129737 -2.332589 12.804156
v 4.968508 -2.376541 12.470444
v 5.147855 -2.690526 12.844610
v 4.989741 -2.765884 12.505230
v 5.080761 -3.018335 12.923578
v 4.918197 -3.119822 12.600680
v 4.918197 -3.119822 12.600680
v 5.080761 -3.018335 12.923578
v 4.915574 -3.272211 13.031767
v 4.745583 -3.386057 12.747595
v 4.206338 -1.742170 13.964599
v 4.424422 -1.569641 13.772559
v 4.424422 -1.569641 13.772559
v 4.714920 -1.551953 13.554782
v 5.000791 -1.676275 13.357141
v 5.218472 -1.938160 13.208536
v 5.323742 -2.277062 13.164391
v 5.339484 -2.613082 13.201231
v 5.268693 -2.913360 13.282012
v 5.121866 -3.149155 13.381354
v 5.268693 -2.913360 13.282012
v 5.047743 -1.435783 14.783439
v 6.306336 -2.644923 15.159296
v 5.529341 -1.385748 15.754617
v 5.412978 -1.376622 15.520505
v 5.146501 -1.435579 15.673799
v 5.278242 -1.434391 15.922709
v 5.917742 -2.720346 14.375659
v 5.823272 -2.948890 14.522100
v 6.064142 -2.695850 14.634210
v 4.816732 -1.523159 14.982833
v 5.047743 -1.435783 14.783439
v 6.345437 -2.858153 15.510763
v 6.207410 -2.892882 15.238316
v 6.306336 -2.644923 15.159296
v 6.410303 -2.615660 15.425790
v 6.186285 -2.671600 14.887930
v 3.762173 -1.860857 13.425209
v 3.955198 -1.606670 13.166347
v 3.847214 -1.628448 13.073566
v 3.650682 -1.920430 13.341493
v 4.131770 -1.481759 12.685904
v 4.240987 -1.506806 12.815447
v 4.529489 -1.663598 12.492030
v 4.414727 -1.643122 12.303832
v 4.729181 -1.993861 12.261142
v 4.610609 -1.993046 12.023032
v 4.832322 -2.413291 12.158734
v 4.699833 -2.448325 11.885958
v 4.853494 -2.841417 12.178623
v 4.705995 -2.913301 11.882158
v 4.761531 -3.222331 12.297101
v 4.585432 -3.322094 12.010591
v 4.585432 -3.322094 12.010591
v 4.761531 -3.222331 12.297101
v 4.570552 -3.499053 12.485154
v 4.368593 -3.605129 12.228014
v 3.847214 -1.628448 13.073566
v 3.955198 -1.606670 13.166347
v 3.741556 -1.652297 13.018978
v 3.527102 -1.930935 13.349525
v 3.741556 -1.652297 13.018978
v 4.035308 -1.463109 12.575638
v 4.314326 -1.620383 12.130138
v 4.480340 -2.007336 11.812018
v 4.552781 -2.490081 11.641721
v 4.538693 -2.984196 11.621281
v 4.388064 -3.413186 11.759445
v 4.388064 -3.413186 11.759445
v 4.160406 -3.701658 12.002146
v 6.120004 -2.729012 16.865135
v 6.259732 -2.796499 16.850143
v 6.328200 -2.671679 17.010338
v 6.205223 -2.627757 16.999987
v 6.147241 -2.371106 17.131096
v 6.269682 -2.289192 17.206121
v 6.180723 -2.180783 17.206533
v 6.080249 -2.267722 17.137863
v 4.402166 -2.284168 15.044220
v 4.145627 -2.372383 14.649531
v 4.152288 -2.580128 14.663771
v 4.433881 -2.500131 15.044386
v 4.631679 -2.892566 14.935683
v 4.317315 -2.973693 14.558097
v 4.456351 -3.124701 14.458696
v 4.779220 -3.047738 14.851051
v 6.286006 -2.068587 17.272335
v 6.138262 -1.981450 17.235783
v 6.073332 -2.105279 17.176530
v 6.486713 -2.343140 17.237606
v 6.407554 -2.190888 17.272972
v 6.333453 -2.414217 17.177412
v 4.165939 -2.186412 14.607341
v 4.397729 -2.083099 15.013667
v 5.360950 -1.918461 16.651289
v 5.380108 -2.113879 16.653326
v 5.581772 -2.089733 16.832903
v 5.569167 -1.910012 16.850740
v 6.422459 -2.833800 16.836363
v 6.485728 -2.687990 17.031008
v 6.207966 -3.038323 16.343922
v 6.037457 -3.015973 16.420494
v 5.907221 -3.107788 16.170746
v 6.083469 -3.128194 16.079224
v 5.675279 -3.228319 15.247620
v 5.507723 -3.252739 15.359524
v 5.411671 -3.247409 15.172167
v 5.575471 -3.230763 15.062401
v 5.724571 -2.826024 16.543133
v 5.871145 -2.732355 16.734170
v 5.756669 -2.598696 16.771645
v 5.600365 -2.673471 16.586079
v 5.426509 -2.310921 16.639986
v 5.614866 -2.268836 16.812202
v 5.772141 -2.074318 16.984125
v 5.783084 -1.912225 17.012180
v 6.327905 -2.946733 16.599700
v 6.160844 -2.907909 16.646673
v 5.641852 -1.611444 16.782091
v 5.859930 -1.635303 17.006706
v 6.643173 -2.857407 16.468872
v 6.501910 -2.933568 16.169722
v 6.212190 -2.474870 17.107770
v 4.510027 -2.708739 15.007525
v 4.207398 -2.789930 14.633098
v 4.622077 -3.209286 14.338440
v 4.944596 -3.161693 14.760880
v 6.357747 -2.542653 17.117754
v 6.511342 -2.513835 17.159882
v 5.244210 -2.348389 16.434547
v 5.333006 -2.548268 16.406721
v 5.498213 -2.500265 16.619820
v 5.448089 -2.732848 16.365574
v 5.577364 -2.902439 16.318783
v 6.815578 -2.165507 17.327034
v 6.884717 -2.393734 17.216309
v 6.491935 -1.822191 17.380460
v 6.686072 -1.968703 17.375193
v 5.872059 -2.942893 16.487307
v 6.007470 -2.833747 16.689064
v 5.671636 -2.439869 16.794912
v 4.600866 -2.455287 15.342696
v 4.705191 -2.658820 15.295723
v 4.837157 -2.843729 15.228202
v 4.983756 -3.009456 15.153158
v 4.562561 -2.022118 15.320253
v 4.557922 -2.231941 15.348997
v 5.811796 -3.226042 15.506085
v 5.953095 -3.191456 15.798870
v 5.773532 -3.191143 15.903951
v 5.637550 -3.236080 15.617856
v 5.171614 -2.589432 16.175676
v 5.290338 -2.791343 16.134518
v 5.589384 -3.117019 16.003086
v 5.732861 -3.031308 16.253073
v 4.997219 -1.946509 16.183624
v 5.001226 -2.162267 16.217665
v 5.184299 -2.139344 16.447731
v 5.169292 -1.931745 16.429260
v 5.260702 -3.203637 14.548433
v 5.113061 -3.210726 14.657367
v 4.790357 -3.245374 14.219871
v 4.947484 -3.239535 14.113906
v 4.522121 -1.771081 14.824365
v 4.690624 -1.697578 15.149673
v 6.235617 -3.036294 15.604624
v 6.084125 -3.071872 15.325973
v 5.117624 -1.593252 16.047028
v 5.273204 -1.595296 16.292368
v 5.507726 -3.114667 14.340242
v 5.223538 -3.161034 13.919106
v 5.309576 -3.225376 14.973086
v 5.142123 -3.146018 15.072074
v 5.067669 -2.381888 16.209412
v 4.835935 -2.181090 15.968737
v 4.899377 -2.410685 15.972306
v 5.281682 -3.031992 15.826391
v 5.425168 -2.977348 16.080744
v 5.143518 -2.834150 15.888704
v 6.276395 -1.721070 17.327438
v 5.441679 -1.601176 16.536964
v 4.299654 -1.877839 14.434238
v 6.368884 -2.992749 15.882911
v 6.869897 -2.606280 17.023703
v 6.771555 -2.742643 16.757849
v 5.829776 -3.101754 14.871565
v 5.935179 -3.094119 15.069333
v 6.001004 -2.638259 16.892510
v 5.903232 -2.519446 16.919235
v 5.832079 -2.380017 16.936508
v 5.936864 -2.075010 17.103920
v 5.970314 -1.930848 17.149485
v 6.067947 -1.663754 17.197344
v 5.785629 -2.232747 16.957724
v 3.643984 -3.133901 13.775283
v 3.821352 -3.090799 13.965754
v 3.742136 -2.910034 14.054695
v 3.574432 -2.955062 13.877131
v 3.705130 -2.713669 14.107704
v 3.719282 -2.520890 14.100930
v 3.569328 -2.579995 13.943406
v 3.543349 -2.764695 13.943687
v 3.802655 -2.171891 13.982179
v 3.894069 -1.997013 13.864362
v 3.758380 -2.042553 13.709477
v 3.666819 -2.227268 13.831837
v 4.722663 -3.419132 13.152019
v 4.552997 -3.533692 12.901558
v 4.232381 -3.579262 13.175440
v 4.409349 -3.486458 13.386951
v 4.235867 -3.441934 13.532814
v 4.051065 -3.517124 13.333198
v 3.883815 -3.421709 13.496970
v 4.074802 -3.362642 13.695021
v 3.935233 -3.243905 13.844511
v 3.746458 -3.294794 13.649542
v 4.031752 -3.042436 14.219128
v 3.936978 -2.858835 14.297013
v 3.909827 -2.453998 14.313438
v 3.901434 -2.652307 14.327577
v 4.217934 -2.030274 14.537449
v 4.069395 -1.943612 14.102172
v 3.977374 -2.108321 14.208358
v 4.937068 -3.283226 13.486809
v 4.634283 -3.365942 13.686660
v 4.471539 -3.348466 13.815930
v 4.312248 -3.285037 13.963288
v 4.160041 -3.191984 14.107485
v 6.204405 -1.852851 17.290504
v 6.012659 -1.795321 17.181139
v 6.031252 -2.443734 17.035862
v 5.967867 -2.325926 17.050306
v 6.110919 -2.549350 17.015203
v 5.929319 -2.206726 17.070055
v 3.931187 -3.828221 12.249901
v 5.010816 -2.626686 15.938595
v 5.450181 -3.177644 15.735214
v 4.837224 -1.961712 15.926927
v 5.463276 -3.218295 14.862120
v 4.693016 -2.437957 15.546375
v 4.809202 -2.643500 15.503035
v 4.939313 -2.841351 15.443935
v 5.076229 -3.027487 15.373165
v 4.650651 -1.996247 15.515544
v 4.641771 -2.210377 15.548288
v 4.787639 -1.655542 15.373899
v 5.237229 -3.170691 15.281445
v 4.980061 -1.611936 15.788236
v 5.705954 -3.099282 14.657913
v 4.891473 -2.642227 15.703497
v 5.026791 -2.845547 15.647517
v 5.162219 -3.042574 15.578936
v 5.326215 -3.189198 15.480228
v 4.892006 -1.783159 15.866119
v 4.872388 -1.635264 15.560471
v 4.785008 -1.806041 15.636216
v 4.723180 -2.197352 15.732656
v 4.777431 -2.428199 15.739246
v 3.473912 -3.172822 13.618101
v 3.416902 -2.985906 13.725492
v 3.256031 -3.010588 13.605216
v 3.306692 -3.201585 13.481127
v 3.245173 -2.809751 13.683957
v 3.401033 -2.792862 13.790166
v 3.433078 -2.619251 13.798867
v 3.287914 -2.633064 13.687744
v 3.550817 -2.290982 13.712072
v 3.652983 -2.117319 13.585281
v 3.524831 -2.169749 13.514451
v 3.418234 -2.328193 13.632591
v 4.039317 -3.663733 12.983976
v 3.860502 -3.579269 13.147820
v 3.648645 -3.661798 12.972549
v 3.816609 -3.761743 12.792774
v 3.503225 -3.532515 13.158413
v 3.699548 -3.469915 13.316723
v 3.570235 -3.334090 13.476199
v 3.389314 -3.377915 13.330576
v 4.730649 -1.981007 15.692595
v 6.389928 -1.947814 17.334791
v 6.656464 -2.256755 17.289303
v 6.551829 -2.080505 17.333210
v 4.441738 -1.920544 14.940165
v 5.593872 -1.755837 16.826141
v 5.381129 -1.749626 16.612656
v 6.597671 -2.826470 16.809110
v 6.669625 -2.669474 17.037579
v 6.366100 -3.018430 16.260914
v 6.239634 -3.088549 15.982226
v 5.707931 -3.189698 14.967468
v 5.812901 -3.190017 15.155470
v 5.810413 -1.770209 17.018332
v 6.493991 -2.946258 16.542520
v 6.693249 -2.463396 17.195972
v 4.615440 -1.857508 15.254736
v 6.103264 -3.139754 15.700672
v 5.955980 -3.177950 15.412395
v 5.201951 -1.754494 16.374964
v 5.035961 -1.763294 16.126564
v 5.084046 -3.214540 14.020057
v 5.382768 -3.172035 14.448978
v 3.608932 -2.399917 13.907032
v 3.746067 -2.339184 14.062745
v 4.563052 -3.476009 13.266021
v 4.394063 -3.588801 13.041818
v 3.929001 -2.272350 14.277450
v 4.779893 -3.342430 13.581999
v 5.586162 -3.174832 14.762359
v 4.704120 -1.823512 15.459487
v 3.483821 -2.452512 13.774037
v 3.345819 -2.477743 13.669556
v 3.979260 -3.785330 12.626990
v 4.204748 -3.691471 12.838963
v 6.027894 -2.192956 17.134182
v 6.258192 -2.551082 17.080900
v 4.367786 -3.645323 12.677127
v 4.150425 -3.744936 12.448381
v 3.610712 -3.861246 12.633228
v 3.449161 -3.745701 12.832763
v 3.312486 -3.587628 13.033408
v 3.211332 -3.412696 13.217208
v 3.141306 -3.228591 13.383398
v 3.098735 -3.036246 13.526978
v 3.135742 -2.626693 13.627306
v 3.097617 -2.820755 13.607702
v 3.272120 -2.331215 13.589820
v 3.193576 -2.468065 13.614857
v 3.397567 -2.159402 13.567391
v 3.766761 -3.882001 12.446222
v -1.465862 -5.210560 22.846575
v -1.354591 -5.165229 22.835680
v -1.323050 -5.088211 22.788935
v -1.466725 -5.124454 22.804901
v -1.528706 -4.179087 22.237814
v -1.288916 -4.235326 22.250565
v -1.274108 -3.954534 22.134155
v -1.544161 -3.908184 22.149803
v -2.257806 -2.752659 21.238607
v -2.281745 -2.409007 20.907880
v -2.461008 -2.627115 20.751627
v -2.418123 -2.989031 21.076317
v -2.009404 -4.290839 22.187746
v -2.188563 -4.476786 22.089869
v -2.097713 -4.648616 22.214243
v -1.945031 -4.485740 22.265291
v -1.459079 -5.242811 22.864025
v -1.333670 -5.179280 22.840727
v -1.617686 -5.300150 22.835052
v -1.621902 -5.267871 22.817669
v -1.752479 -5.318165 22.747583
v -1.749950 -5.350898 22.763042
v -1.901871 -5.240459 22.495870
v -1.889768 -5.334048 22.575502
v -1.872076 -5.303940 22.607683
v -1.897269 -5.210463 22.537027
v -2.304163 -4.456247 21.733683
v -2.240333 -4.778758 21.951101
v -2.258562 -4.221704 21.936144
v -1.109595 -2.385419 20.879670
v -1.378313 -2.258175 20.975409
v -1.349179 -2.635106 21.287586
v -1.101048 -2.766502 21.183498
v -1.630370 -2.922783 21.556168
v -1.331171 -2.966844 21.525257
v -1.660207 -2.568003 21.337366
v -2.151058 -3.577575 21.816906
v -2.323892 -3.757621 21.646803
v -2.301147 -3.971995 21.785536
v -2.119780 -3.788944 21.946976
v -2.463425 -3.243785 20.878443
v -2.413670 -3.529316 21.118973
v -2.384641 -3.294128 21.324272
v -1.072358 -3.810743 21.863575
v -1.086938 -3.584357 21.725695
v -1.299189 -3.474865 21.854216
v -1.282252 -3.691089 21.995089
v -1.267026 -5.578818 23.037660
v -1.560445 -5.682811 23.034138
v -1.388942 -5.835784 22.794640
v -1.108312 -5.719532 22.863504
v -1.633809 -5.897396 22.645035
v -1.776946 -5.701110 22.791273
v -1.840337 -5.658386 22.573950
v -1.789342 -5.825582 22.450382
v -2.158124 -5.156309 22.088184
v -2.160816 -4.946395 21.708420
v -2.089057 -5.243013 21.895662
v -2.516044 -2.876888 20.545770
v -2.453274 -3.102669 20.349215
v -2.366142 -3.446246 20.687840
v -1.065527 -4.091835 22.025394
v -1.081670 -4.435397 22.211136
v -0.913825 -4.519348 22.056074
v -0.925684 -4.220908 21.873907
v -0.942677 -5.077196 22.372988
v -1.033484 -5.029048 22.509780
v -1.031555 -5.203713 22.695288
v -0.952520 -5.276186 22.544025
v -2.247481 -4.358082 21.365906
v -2.337637 -4.187325 21.570086
v -2.358840 -3.964064 21.431479
v -2.268302 -4.126259 21.232822
v -0.985619 -2.946959 21.025260
v -1.105052 -3.090672 21.411222
v -0.989668 -3.256272 21.258460
v -1.500429 -4.864748 22.641200
v -1.343421 -4.849248 22.612616
v -1.404599 -4.741910 22.541916
v -1.531153 -4.753349 22.556534
v -1.810844 -4.991554 22.553455
v -1.900732 -5.080359 22.451700
v -1.794170 -5.129342 22.631355
v -1.290493 -4.850707 22.590614
v -1.316060 -4.973298 22.705841
v -1.265040 -4.975740 22.688126
v -1.476858 -4.997813 22.733192
v -1.672085 -4.911233 22.622524
v -1.653184 -5.054348 22.705475
v -1.563116 -3.658335 22.028774
v -1.581953 -3.445224 21.891636
v -1.872139 -3.482269 21.872614
v -1.850487 -3.686994 22.013170
v -2.216611 -3.078373 21.485762
v -1.937912 -2.950682 21.551712
v -1.979895 -2.605649 21.319956
v -1.815582 -4.868802 22.483957
v -1.687920 -4.789757 22.542576
v -1.834064 -5.348101 22.668026
v -1.841192 -5.375042 22.664072
v -1.695823 -2.213134 21.010784
v -2.008683 -2.265560 20.988474
v -2.074239 -4.032228 22.076397
v -1.776789 -4.191410 22.228190
v -1.820919 -3.923492 22.145803
v -1.533563 -4.371255 22.312967
v -1.745725 -4.395678 22.286287
v -1.772415 -5.241465 22.697620
v -1.635285 -5.181508 22.772050
v -2.000433 -5.506803 22.092356
v -1.885244 -5.686847 22.276587
v -1.938056 -5.577673 22.413736
v -2.064106 -5.423039 22.255508
v -0.918787 -4.817196 22.214296
v -1.045915 -4.794229 22.337965
v -0.952449 -5.493646 22.728981
v -1.101938 -5.396156 22.856627
v -2.323301 -3.714545 20.928104
v -0.959365 -3.953971 21.699852
v -0.985277 -3.727136 21.560843
v -2.211525 -4.637668 21.523830
v -0.981589 -2.578462 20.721441
v -1.819132 -4.777670 22.430970
v -1.835807 -4.727023 22.405882
v -1.916147 -4.829948 22.387266
v -1.885195 -4.848241 22.401243
v -1.202409 -5.304146 22.872976
v -1.268382 -5.235674 22.860552
v -1.406824 -5.330403 22.914923
v -1.363444 -5.410009 22.957110
v -1.607800 -5.386490 22.878366
v -1.766509 -5.445086 22.778248
v -1.777089 -5.528573 22.788069
v -1.596933 -5.462969 22.917484
v -2.027682 -5.337219 22.383846
v -1.964850 -5.288072 22.443989
v -2.042931 -5.121825 22.371838
v -2.114290 -5.127315 22.266853
v -1.546593 -4.510190 22.362247
v -1.382716 -4.552886 22.389557
v -1.332529 -4.422115 22.337140
v -1.107423 -5.003150 22.596857
v -1.173773 -4.991859 22.646399
v -1.199186 -5.118857 22.768747
v -1.130260 -5.154662 22.750630
v -1.895303 -4.608770 22.333977
v -1.726592 -4.529657 22.348503
v -1.852145 -5.455904 22.657328
v -1.845720 -5.529300 22.631409
v -1.560698 -4.637410 22.445963
v -1.702050 -4.663577 22.419570
v -1.697576 -4.704158 22.465534
v -1.555837 -4.676524 22.490960
v -1.195244 -4.585270 22.341530
v -1.458878 -4.684599 22.502604
v -1.354636 -4.736109 22.519905
v -1.440586 -4.663468 22.477217
v -1.267753 -4.676692 22.414656
v -1.198402 -4.842197 22.508040
v -1.136293 -4.818630 22.431630
v -1.943950 -4.959477 22.384956
v -1.936227 -5.107552 22.420675
v -1.899449 -4.943100 22.409454
v -2.067300 -4.922803 22.313263
v -2.015051 -4.745412 22.304296
v -2.160309 -4.870902 22.195232
v -1.956169 -4.800374 22.360147
v -1.860477 -4.682470 22.381063
v -1.990129 -4.951500 22.361809
v -1.980084 -5.116899 22.415297
v -1.914128 -5.262402 22.467464
v -1.844639 -5.409700 22.662254
v -1.757104 -5.390004 22.771618
v -1.614115 -5.336065 22.853212
v -1.438774 -5.278766 22.886180
v -1.307845 -5.198913 22.850363
v -1.225859 -4.983759 22.675789
v -1.245991 -5.099021 22.775454
v -1.249304 -4.850464 22.563480
v -1.316699 -4.719209 22.479486
v -1.418450 -4.630830 22.433762
v -1.556212 -4.594578 22.407177
v -1.712340 -4.614195 22.390478
v -2.498841 -2.736119 20.027540
v -2.553955 -2.505630 20.203167
v -2.477879 -2.261802 20.388779
v -2.313243 -2.049835 20.549389
v -2.043902 -1.910280 20.636625
v -1.735046 -1.833097 20.680058
v -1.409461 -1.855998 20.648300
v -1.119852 -1.978038 20.552923
v -0.978340 -2.192986 20.391808
v -1.604820 -3.218111 21.727257
v -1.318266 -3.247038 21.700022
v -2.179438 -3.353612 21.668861
v -2.354746 -3.542480 21.504826
v -2.379551 -3.756230 21.290884
v -1.106499 -3.360385 21.580307
v -1.899371 -3.247684 21.724957
v -2.293720 -3.926062 21.096157
v -1.277615 -5.088083 22.777790
v -1.927565 -5.466809 22.500202
v -1.882225 -5.399579 22.528383
v -1.886150 -5.361044 22.558220
v -2.515281 -2.306700 19.582570
v -2.502530 -2.477071 19.795115
v -2.578522 -2.253170 19.947664
v -2.596230 -2.072178 19.711014
v -2.503345 -2.004622 20.109728
v -2.531146 -1.811590 19.849604
v -2.355239 -1.776012 20.269049
v -2.376455 -1.571787 19.992968
v -2.087537 -1.619581 20.371140
v -2.131375 -1.381519 20.117487
v -1.768990 -1.523198 20.436392
v -1.800519 -1.271991 20.194164
v -1.423285 -1.544137 20.411757
v -1.429935 -1.295099 20.189196
v -1.119504 -1.684421 20.311106
v -1.125468 -1.481633 20.091103
v -0.967124 -1.922392 20.147783
v -0.955011 -1.740630 19.944810
v -2.533097 -2.178254 19.334211
v -2.610793 -1.922958 19.434116
v -2.543705 -1.649990 19.549080
v -2.389318 -1.400220 19.680506
v -2.162921 -1.185951 19.812735
v -1.820655 -1.099612 19.881120
v -1.447655 -1.127314 19.890545
v -1.142918 -1.322952 19.824541
v -0.966876 -1.594929 19.706392
v -2.580899 -1.875746 18.282324
v -2.646996 -1.584998 18.367783
v -2.646844 -1.503460 18.058062
v -2.574004 -1.791937 17.974192
v -2.590860 -1.279232 18.486372
v -2.594140 -1.189649 18.162174
v -2.411766 -1.010689 18.624786
v -2.408696 -0.910352 18.285837
v -2.131149 -0.826146 18.739700
v -2.116478 -0.723902 18.395100
v -1.787908 -0.754953 18.806440
v -1.765870 -0.658120 18.462942
v -1.438481 -0.799428 18.802593
v -1.420012 -0.713461 18.465456
v -1.144972 -0.966220 18.750140
v -1.141115 -0.891536 18.427425
v -0.974033 -1.228518 18.687930
v -0.962337 -1.140314 18.387705
v -0.996699 -3.508361 21.426447
v -2.546685 -2.068031 19.016169
v -2.621465 -1.795892 19.094930
v -2.551983 -1.513509 19.202732
v -2.392364 -1.261843 19.334105
v -2.136895 -1.089305 19.447021
v -1.812543 -1.018631 19.515837
v -1.464308 -1.030364 19.535172
v -1.165507 -1.200735 19.490433
v -1.001686 -1.470945 19.399292
v -2.083642 -0.592814 17.873280
v -1.712367 -0.546077 17.954178
v -2.397085 -0.794020 17.776915
v -1.370003 -0.638890 18.010235
v -2.568226 -1.703646 17.560297
v -2.677971 -1.417943 17.612154
v -2.603736 -1.091312 17.684563
v -0.963125 -1.089116 18.083033
v -1.125628 -0.854609 18.058947
v -2.655249 -1.451763 17.822792
v -2.569876 -1.736945 17.749245
v -2.596178 -1.132812 17.916950
v -2.403325 -0.844503 18.025023
v -2.100266 -0.654034 18.123846
v -1.742310 -0.595085 18.193691
v -1.400850 -0.666950 18.218086
v -1.136439 -0.859731 18.219410
v -0.965590 -1.101588 18.208910
v -2.564514 -1.969401 18.647524
v -2.630669 -1.685780 18.725494
v -2.576344 -1.389444 18.844257
v -2.405691 -1.130139 18.982698
v -2.136778 -0.951737 19.097748
v -1.802947 -0.885916 19.164074
v -1.458186 -0.918152 19.169683
v -1.166378 -1.085269 19.119986
v -0.991471 -1.343506 19.045515
v -1.009306 -5.426541 21.791030
v -0.891275 -5.321940 21.918833
v -0.905930 -5.512310 22.070854
v -1.004332 -5.613615 21.967120
v -1.150577 -5.719990 21.884357
v -1.144759 -5.850137 22.087341
v -1.320229 -5.907935 22.033625
v -1.334313 -5.790638 21.842718
v -1.877545 -3.694296 20.394468
v -1.946117 -3.386559 20.081040
v -1.709918 -3.401420 20.053835
v -1.656129 -3.696068 20.369936
v -1.424541 -3.640771 20.401663
v -1.455823 -3.351983 20.081030
v -1.244864 -3.240353 20.167906
v -1.230517 -3.544744 20.488579
v -1.374227 -5.969808 22.221940
v -1.547217 -5.937302 22.108036
v -1.459173 -5.903657 22.002577
v -1.177033 -5.921292 22.305538
v -1.010488 -5.731867 22.146350
v -1.023123 -5.778424 22.344130
v -2.052105 -3.647702 20.459352
v -2.119825 -3.324796 20.144382
v -1.853784 -5.047822 21.439842
v -1.668733 -5.061986 21.358837
v -1.627788 -5.350881 21.517574
v -1.808313 -5.336595 21.611275
v -0.812199 -5.228640 22.067009
v -0.849526 -5.437747 22.212520
v -0.852077 -4.716245 21.734112
v -0.929777 -4.824354 21.583210
v -0.971967 -4.559105 21.425428
v -0.901032 -4.450822 21.568684
v -1.527943 -4.515114 21.051985
v -1.554278 -4.278025 20.955290
v -1.352020 -4.257741 20.954264
v -1.318038 -4.486268 21.067406
v -1.144986 -4.408657 21.159912
v -1.183103 -4.185081 21.038355
v -1.054210 -4.091046 21.149118
v -1.014476 -4.310773 21.278484
v -1.920593 -4.252739 21.033330
v -1.748763 -4.282146 20.969645
v -1.732943 -4.520872 21.063130
v -1.910566 -4.490555 21.138683
v -1.018623 -3.559493 20.974203
v -1.098256 -3.680628 20.849827
v -1.097061 -3.426015 20.606910
v -1.013687 -3.287651 20.734932
v -1.068031 -4.925263 21.459340
v -1.027169 -5.193022 21.616970
v -1.214697 -5.277589 21.532170
v -1.254460 -5.004163 21.374577
v -1.461748 -5.052597 21.333952
v -1.421080 -5.337143 21.486633
v -1.578155 -5.619789 21.678896
v -1.741303 -5.592745 21.790728
v -0.822904 -4.981016 21.903896
v -0.902084 -5.085558 21.751030
v -2.089057 -5.243013 21.895662
v -1.960511 -5.302925 21.739292
v -1.878952 -5.553850 21.931643
v -2.000433 -5.506803 22.092356
v -0.913825 -4.519348 22.056074
v -0.918787 -4.817196 22.214296
v -0.815824 -4.883819 22.067726
v -0.838834 -4.611481 21.895945
v -1.514025 -5.814474 21.863370
v -1.097621 -3.102302 20.282276
v -0.936782 -5.627225 22.181273
v -0.918495 -5.614286 22.315216
v -1.497254 -4.772482 21.186079
v -1.705085 -4.779319 21.202066
v -1.284561 -4.738956 21.208580
v -1.107009 -4.658478 21.303390
v -0.952449 -5.493646 22.728981
v -1.108312 -5.719532 22.863504
v -1.037851 -5.791372 22.576960
v -0.928116 -5.570392 22.502708
v -1.388942 -5.835784 22.794640
v -1.633809 -5.897396 22.645035
v -1.482089 -5.976970 22.428082
v -1.254535 -5.931267 22.543243
v -1.011851 -2.946171 20.415264
v -0.981589 -2.578462 20.721441
v -0.985619 -2.946959 21.025260
v -0.975271 -3.126534 20.871200
v -0.973280 -2.774059 20.560532
v -1.789342 -5.825582 22.450382
v -1.674496 -5.926053 22.271418
v -2.160816 -4.946395 21.708420
v -2.013563 -5.015168 21.556782
v -2.366142 -3.446246 20.687840
v -2.453274 -3.102669 20.349215
v -2.283880 -3.248541 20.217245
v -2.208499 -3.576556 20.549908
v -0.925684 -4.220908 21.873907
v -0.880074 -4.339331 21.718060
v -0.942677 -5.077196 22.372988
v -0.952520 -5.276186 22.544025
v -0.857305 -5.358732 22.382832
v -0.829986 -5.139508 22.230886
v -2.075498 -4.440839 21.237595
v -2.247481 -4.358082 21.365906
v -2.268302 -4.126259 21.232822
v -2.089208 -4.205206 21.115864
v -0.989668 -3.256272 21.258460
v -0.979290 -3.416374 21.107803
v -1.497514 -3.048684 19.803152
v -1.752214 -3.078438 19.789625
v -1.984583 -3.055543 19.808033
v -2.165606 -2.987645 19.856503
v -2.341614 -2.901458 19.909607
v -2.498841 -2.736119 20.027540
v -0.959395 -2.413942 20.233301
v -0.978340 -2.192986 20.391808
v -1.010682 -2.610378 20.094023
v -1.271858 -2.944964 19.865864
v -1.113367 -2.787495 19.968859
v -0.996699 -3.508361 21.426447
v -0.973091 -3.652919 21.278334
v -2.293720 -3.926062 21.096157
v -2.117037 -4.011736 20.977630
v -1.175536 -5.527171 21.694305
v -1.374997 -5.603495 21.642649
v -1.663422 -5.806830 21.958647
v -1.792013 -5.766157 22.106573
v -1.885244 -5.686847 22.276587
v -1.533776 -2.660962 19.389889
v -1.524439 -2.814087 19.586252
v -1.773511 -2.829858 19.582136
v -1.781030 -2.673878 19.384361
v -2.001962 -2.811510 19.588526
v -2.007746 -2.654488 19.394924
v -2.189462 -2.745365 19.627422
v -2.364657 -2.649700 19.680975
v -2.365533 -2.480899 19.487751
v -2.196297 -2.587759 19.431505
v -2.502530 -2.477071 19.795115
v -2.515281 -2.306700 19.582570
v -0.967124 -1.922392 20.147783
v -0.953782 -2.159012 19.985480
v -0.950600 -1.993070 19.787077
v -0.955011 -1.740630 19.944810
v -1.003437 -2.217170 19.646357
v -1.007960 -2.373580 19.846703
v -1.128052 -2.560428 19.728070
v -1.137999 -2.406488 19.532337
v -1.291214 -2.725275 19.629425
v -1.302815 -2.575089 19.435614
v -1.781511 -2.577358 19.153032
v -1.528558 -2.558611 19.168116
v -2.017246 -2.572783 19.158950
v -2.212492 -2.497477 19.196144
v -2.376590 -2.367548 19.256136
v -2.533097 -2.178254 19.334211
v -0.943675 -1.860171 19.567270
v -0.966876 -1.594929 19.706392
v -1.141118 -2.284583 19.323412
v -1.007368 -2.087991 19.436188
v -1.296417 -2.467455 19.222916
v -1.447444 -2.249718 17.989548
v -1.441536 -2.366758 18.245037
v -1.743043 -2.425018 18.197569
v -1.749212 -2.306781 17.935062
v -2.025610 -2.389658 18.179570
v -2.025422 -2.282683 17.904358
v -2.254523 -2.277047 18.188550
v -2.433506 -2.107165 18.221745
v -2.425121 -2.019761 17.918420
v -2.247527 -2.181655 17.898428
v -2.580899 -1.875746 18.282324
v -2.574004 -1.791937 17.974192
v -0.974033 -1.228518 18.687930
v -0.918246 -1.497720 18.604794
v -0.916837 -1.400586 18.323847
v -0.962337 -1.140314 18.387705
v -0.937420 -1.632297 18.242676
v -0.944759 -1.738530 18.509993
v -1.015643 -1.982300 18.410290
v -1.008510 -1.872024 18.150688
v -1.183696 -2.206303 18.319063
v -1.185518 -2.091025 18.065897
v -1.615900 -3.879933 20.656593
v -1.813693 -3.892659 20.669622
v -1.227098 -3.779628 20.739784
v -1.411094 -3.844640 20.676826
v -1.987412 -3.868131 20.720299
v -0.979248 -3.983278 21.277111
v -0.942205 -4.203588 21.412941
v -2.323301 -3.714545 20.928104
v -2.153315 -3.816986 20.802162
v -0.959365 -3.953971 21.699852
v -0.921000 -4.086838 21.552711
v -0.951405 -3.862324 21.413490
v -0.985277 -3.727136 21.560843
v -1.385889 -4.044978 20.847408
v -1.582517 -4.065077 20.844930
v -1.082610 -3.891418 21.017057
v -1.213173 -3.981896 20.912650
v -1.947206 -4.056076 20.900633
v -1.005418 -3.780756 21.142782
v -1.772105 -4.072609 20.858032
v -1.768292 -2.559386 18.855465
v -1.500047 -2.512108 18.885773
v -2.023314 -2.530868 18.858484
v -2.230669 -2.428954 18.892930
v -2.402345 -2.281134 18.947348
v -2.546685 -2.068031 19.016169
v -0.949827 -1.733912 19.283724
v -1.001686 -1.470945 19.399292
v -1.104546 -2.187250 19.052683
v -0.998691 -1.966842 19.165844
v -1.262077 -2.388904 18.951796
v -1.889856 -4.758996 21.274467
v -2.053443 -4.717482 21.381842
v -2.211525 -4.637668 21.523830
v -2.417674 -1.909682 17.521760
v -2.568226 -1.703646 17.560297
v -1.008298 -1.736682 17.863230
v -1.196498 -1.934395 17.743387
v -0.918208 -1.520361 17.972832
v -0.893724 -1.312799 18.055182
v -0.963125 -1.089116 18.083033
v -2.257718 -2.035788 17.503820
v -2.058639 -2.104995 17.510708
v -1.792811 -2.121728 17.545763
v -1.480410 -2.072483 17.629547
v -0.930964 -1.565651 18.083140
v -0.909539 -1.343715 18.162302
v -0.965590 -1.101588 18.208910
v -1.763963 -2.209868 17.735645
v -1.461428 -2.156603 17.801228
v -2.034081 -2.190546 17.698050
v -2.418568 -1.955820 17.702038
v -2.247082 -2.103370 17.686094
v -2.569876 -1.736945 17.749245
v -1.194737 -2.006302 17.891518
v -1.011810 -1.797044 17.987162
v -1.750954 -2.512398 18.523220
v -1.462262 -2.458925 18.562670
v -2.025099 -2.477647 18.516157
v -2.242801 -2.356739 18.541206
v -2.417602 -2.191260 18.585865
v -2.564514 -1.969401 18.647524
v -0.941752 -1.611818 18.945293
v -0.991471 -1.343506 19.045515
v -0.968537 -1.853374 18.838015
v -1.058300 -2.088198 18.730417
v -1.212034 -2.312562 18.633059
v -3.651415 -5.167578 20.481836
v -3.557102 -5.145445 20.470474
v -3.548018 -5.091238 20.444456
v -3.667140 -5.100031 20.456608
v -3.829825 -4.320903 20.185940
v -3.635884 -4.351457 20.164278
v -3.672553 -4.052125 20.092382
v -3.881964 -4.038733 20.149275
v -4.833343 -2.526590 18.903023
v -4.755134 -2.875580 19.212330
v -4.567792 -2.736535 19.309118
v -4.633133 -2.391840 19.030474
v -4.180344 -4.419299 20.111809
v -4.312218 -4.550692 20.039032
v -4.215470 -4.718713 20.090675
v -4.112994 -4.593012 20.147060
v -3.641456 -5.194072 20.493220
v -3.537456 -5.156833 20.472971
v -3.800568 -5.246279 20.486069
v -3.810536 -5.210763 20.474936
v -3.947905 -5.281675 20.399048
v -3.939983 -5.321462 20.407785
v -4.089918 -5.212468 20.205242
v -4.061175 -5.300964 20.245981
v -4.046046 -5.272504 20.281721
v -4.072414 -5.184287 20.245570
v -4.547761 -4.429011 19.848099
v -4.381473 -4.772043 19.932873
v -4.437424 -4.279080 19.986977
v -3.703480 -2.422779 18.979680
v -3.888518 -2.299682 19.107649
v -3.900325 -2.728235 19.386333
v -3.751862 -2.854162 19.270550
v -4.050103 -3.262136 19.819853
v -3.856477 -3.333692 19.750590
v -3.882369 -3.085177 19.612322
v -4.086800 -3.000881 19.645900
v -4.280221 -4.157063 20.081257
v -4.370147 -3.872278 20.010143
v -4.540513 -3.988672 19.903498
v -4.815842 -3.380695 19.342396
v -4.763769 -3.629209 19.510515
v -4.648391 -3.472148 19.644506
v -4.685332 -3.201211 19.454746
v -3.501515 -4.103547 19.973995
v -3.580847 -3.775474 19.842970
v -3.737774 -3.730376 19.987162
v -3.474027 -5.467689 20.594368
v -3.704856 -5.587384 20.563837
v -3.616195 -5.691853 20.411253
v -3.422116 -5.552682 20.419636
v -3.822572 -5.763447 20.291594
v -3.891426 -5.606395 20.402620
v -3.990977 -5.553405 20.241543
v -3.925011 -5.629201 20.136917
v -4.250716 -5.095079 19.956743
v -4.418838 -4.854000 19.737059
v -4.270126 -5.136139 19.814734
v -4.883584 -3.059099 19.080853
v -4.951876 -2.704702 18.736193
v -4.968261 -2.909718 18.569323
v -4.917582 -3.259538 18.920446
v -3.440106 -4.477541 20.092415
v -3.321830 -4.497416 19.912832
v -3.400408 -4.163073 19.803932
v -3.196205 -5.037682 20.115297
v -3.312653 -5.021094 20.220050
v -3.334550 -5.197465 20.326021
v -3.204910 -5.244060 20.236586
v -4.558528 -4.539690 19.650753
v -4.648924 -4.122027 19.746370
v -4.666040 -4.245433 19.554193
v -3.656092 -3.345530 19.375504
v -3.736390 -3.221692 19.515377
v -3.704788 -3.440818 19.643385
v -3.606217 -3.547558 19.510010
v -3.733594 -4.894141 20.364218
v -3.605552 -4.879528 20.343650
v -3.666655 -4.803074 20.292475
v -3.768770 -4.817633 20.310818
v -4.006535 -4.997481 20.301200
v -4.082822 -5.070318 20.213196
v -3.990275 -5.105561 20.342020
v -3.567083 -4.878297 20.329046
v -3.564147 -4.989141 20.397250
v -3.523913 -4.990105 20.390219
v -3.696347 -4.997555 20.412643
v -3.882256 -4.928228 20.360714
v -3.856876 -5.032569 20.408155
v -4.093004 -4.073770 20.142395
v -3.945500 -3.735668 20.081032
v -4.169819 -3.782439 20.081255
v -4.509968 -3.064341 19.542614
v -4.470043 -3.348635 19.733036
v -4.270014 -3.269701 19.803630
v -4.309850 -2.988445 19.622637
v -4.002584 -4.910440 20.251192
v -3.894358 -4.849089 20.300520
v -4.013534 -5.318883 20.324045
v -4.015180 -5.349522 20.315962
v -4.351197 -2.659743 19.387186
v -4.117006 -2.653943 19.427061
v -4.139047 -2.260326 19.161058
v -4.396789 -2.298952 19.124670
v -4.015814 -4.344135 20.163216
v -3.811000 -4.496232 20.227590
v -3.970242 -4.522421 20.192503
v -3.969757 -5.205242 20.375668
v -3.830411 -5.135625 20.449060
v -4.129155 -5.352151 19.905308
v -4.023312 -5.513965 20.013657
v -4.032625 -5.434914 20.114940
v -4.124590 -5.305632 20.024231
v -3.232424 -4.785639 20.009834
v -3.336974 -4.785165 20.139687
v -3.278137 -5.412207 20.339287
v -3.337882 -5.316494 20.473907
v -4.840108 -3.573331 19.187119
v -4.777050 -3.793356 19.344772
v -3.487308 -3.865177 19.683321
v -3.670771 -2.995463 19.124435
v -3.655215 -2.611515 18.817072
v -3.989709 -4.851211 20.205217
v -3.992567 -4.822069 20.173208
v -4.055661 -4.894152 20.157804
v -4.046008 -4.901073 20.179392
v -3.435519 -5.238503 20.490213
v -3.494244 -5.191952 20.483015
v -3.602318 -5.262548 20.520277
v -3.560648 -5.339040 20.548630
v -3.774295 -5.341512 20.511404
v -3.926621 -5.417761 20.415117
v -3.915498 -5.494252 20.417725
v -3.749092 -5.435112 20.534666
v -4.089449 -5.264339 20.093689
v -4.096566 -5.249116 20.139015
v -4.117440 -5.107681 20.096512
v -4.178697 -5.098924 20.048477
v -3.802461 -4.632908 20.217567
v -3.676545 -4.655753 20.209206
v -3.645956 -4.525893 20.221025
v -3.412716 -5.016246 20.288801
v -3.462031 -4.998301 20.357048
v -3.456734 -5.108913 20.431448
v -3.392363 -5.135872 20.405270
v -4.054754 -4.724626 20.172035
v -3.933080 -4.659079 20.199427
v -4.012864 -5.426647 20.295530
v -4.007634 -5.475497 20.280960
v -3.798523 -4.743901 20.228054
v -3.896826 -4.772880 20.199780
v -3.897196 -4.799138 20.243294
v -3.793194 -4.773196 20.261488
v -3.511171 -4.636294 20.194983
v -3.718148 -4.771833 20.262293
v -3.633762 -4.795229 20.275927
v -3.708884 -4.755983 20.242743
v -3.577180 -4.740826 20.198812
v -3.509184 -4.869692 20.259174
v -3.442505 -4.834119 20.204092
v -4.092125 -4.984408 20.162050
v -4.100289 -5.094839 20.173897
v -4.069921 -4.969607 20.190723
v -4.151465 -4.959804 20.101110
v -4.135082 -4.828019 20.134860
v -4.243713 -4.893803 20.047000
v -4.079819 -4.875546 20.140352
v -4.014683 -4.790188 20.167007
v -4.096094 -4.984829 20.126303
v -4.109429 -5.105840 20.141953
v -4.094571 -5.231600 20.174036
v -4.014784 -5.387937 20.307287
v -3.933346 -5.364878 20.411943
v -3.789837 -5.283957 20.496967
v -3.624759 -5.218974 20.502884
v -3.517380 -5.170775 20.478163
v -3.498663 -4.991997 20.381918
v -3.488369 -5.099500 20.437174
v -3.540883 -4.872701 20.308940
v -3.609960 -4.779578 20.247051
v -3.696404 -4.730492 20.211487
v -3.796644 -4.714585 20.194674
v -3.908003 -4.734258 20.183905
v -4.002027 -3.492728 19.963005
v -3.806186 -3.527115 19.867670
v -4.433386 -3.605615 19.893707
v -4.609528 -3.724651 19.791273
v -4.723096 -3.861273 19.638597
v -3.650235 -3.594656 19.740536
v -4.224991 -3.524287 19.953981
v -4.726373 -3.998400 19.455296
v -3.512236 -5.093369 20.439663
v -4.062190 -5.383882 20.171713
v -4.066877 -5.351355 20.198130
v -4.067332 -5.326892 20.223170
v -4.920275 -2.355920 17.566462
v -4.954262 -2.439007 17.819813
v -4.945205 -2.197364 17.908285
v -4.918311 -2.109308 17.628887
v -4.843147 -1.969410 18.006697
v -4.801333 -1.888523 17.721540
v -4.660863 -1.785541 18.114296
v -4.608762 -1.722925 17.831090
v -4.422717 -1.655781 18.219990
v -4.379159 -1.597260 17.936740
v -4.144810 -1.615280 18.296570
v -4.115683 -1.540815 18.025278
v -3.872203 -1.705285 18.318037
v -3.842492 -1.610297 18.067356
v -3.685761 -1.909556 18.297827
v -3.648465 -1.813531 18.061508
v -3.602788 -2.159492 18.236454
v -3.559378 -2.072751 18.018854
v -4.977182 -2.544864 18.053920
v -4.977853 -2.311945 18.180063
v -4.898796 -2.074782 18.315876
v -4.735148 -1.856743 18.451382
v -4.465784 -1.733489 18.563103
v -4.158162 -1.718131 18.625563
v -3.881717 -1.837973 18.615374
v -3.700230 -2.039952 18.550943
v -3.636379 -2.265829 18.425207
v -4.981213 -2.686347 18.288397
v -4.986301 -2.471250 18.446764
v -4.899310 -2.260826 18.618135
v -4.703644 -2.088474 18.758814
v -4.454298 -1.961005 18.884785
v -4.155656 -1.935515 18.932775
v -3.884214 -2.028937 18.878622
v -3.700427 -2.193250 18.762220
v -3.647325 -2.397556 18.602468
v -4.773043 -2.179038 16.415646
v -4.767076 -1.898338 16.445965
v -4.661072 -1.624580 16.529623
v -4.472483 -1.390349 16.658766
v -4.199840 -1.243471 16.806410
v -3.886289 -1.215706 16.940460
v -3.594959 -1.330257 17.046310
v -3.397419 -1.560680 17.111874
v -3.329961 -1.828766 17.086376
v -3.554644 -3.691393 19.594755
v -4.826650 -2.219771 16.823095
v -4.860517 -2.254627 17.055399
v -4.870846 -1.991974 17.120522
v -4.837355 -1.952243 16.894415
v -4.767364 -1.744519 17.233630
v -4.731529 -1.697700 17.008595
v -4.577371 -1.552085 17.368134
v -4.549148 -1.486866 17.144457
v -4.328122 -1.429191 17.492786
v -4.292587 -1.359462 17.276354
v -4.044805 -1.390522 17.596798
v -4.001050 -1.323968 17.386310
v -3.758170 -1.461459 17.656807
v -3.710682 -1.405787 17.450530
v -3.555058 -1.675352 17.650003
v -3.505837 -1.623345 17.444183
v -3.449863 -1.937924 17.599169
v -3.413468 -1.889186 17.386260
v -4.795233 -2.193631 16.621359
v -4.798134 -1.921928 16.677872
v -4.691707 -1.660088 16.779448
v -4.511634 -1.434872 16.910343
v -4.250426 -1.294579 17.049784
v -3.948695 -1.263958 17.170708
v -3.657228 -1.361896 17.251934
v -3.456542 -1.587328 17.272552
v -3.378794 -1.855012 17.226202
v -4.892730 -2.297122 17.306456
v -4.892994 -2.043132 17.363838
v -4.789949 -1.807057 17.467815
v -4.595517 -1.631123 17.591541
v -4.354626 -1.509745 17.705568
v -4.081688 -1.464415 17.803383
v -3.800948 -1.528571 17.859634
v -3.605308 -1.740151 17.854483
v -3.503446 -2.000693 17.812532
v -3.360191 -5.299291 19.546461
v -3.246733 -5.210492 19.661604
v -3.265247 -5.390771 19.812810
v -3.353661 -5.472423 19.738436
v -3.491399 -5.542361 19.693384
v -3.479665 -5.648105 19.899662
v -3.622253 -5.666366 19.848396
v -3.647914 -5.571969 19.674925
v -4.517995 -3.659964 18.527363
v -4.571908 -3.396157 18.231283
v -4.321245 -3.441759 18.198252
v -4.276571 -3.700646 18.468431
v -4.026433 -3.633518 18.509573
v -4.068248 -3.381484 18.252676
v -3.860545 -3.261862 18.344717
v -3.822015 -3.519592 18.598913
v -3.648707 -5.727739 19.986916
v -3.781675 -5.680462 19.889830
v -3.726607 -5.652360 19.812323
v -3.495580 -5.702965 20.063460
v -3.355067 -5.578953 19.921051
v -3.357371 -5.616283 20.071611
v -4.707609 -3.564989 18.631613
v -4.766408 -3.276607 18.316948
v -4.242934 -4.908996 19.419216
v -4.099867 -4.918248 19.306803
v -3.978106 -5.189383 19.424316
v -4.112770 -5.183182 19.532692
v -3.180116 -5.136241 19.801443
v -3.204946 -5.338108 19.925430
v -3.396746 -4.308140 19.472430
v -3.299960 -4.597828 19.571959
v -3.384622 -4.676829 19.426863
v -3.486183 -4.395291 19.339914
v -4.013435 -4.616018 19.161407
v -4.094163 -4.379098 19.091532
v -3.887110 -4.329024 19.116219
v -3.805456 -4.561593 19.177650
v -3.623641 -4.485140 19.236418
v -3.704148 -4.253896 19.168465
v -3.567343 -4.162387 19.265050
v -4.483742 -4.377424 19.219120
v -4.301872 -4.390677 19.134780
v -4.221984 -4.635464 19.200900
v -4.383684 -4.624902 19.306627
v -3.598013 -3.733202 19.238123
v -3.685354 -3.825739 19.127068
v -3.698442 -3.634958 18.969505
v -3.608898 -3.535381 19.087173
v -3.525600 -4.760961 19.317076
v -3.423929 -5.046895 19.404514
v -3.603683 -5.124466 19.338638
v -3.704032 -4.838818 19.245625
v -3.906872 -4.895556 19.245089
v -3.800971 -5.169867 19.358786
v -3.870345 -5.413255 19.557861
v -3.989338 -5.403930 19.654520
v -3.212986 -4.882126 19.679089
v -3.297341 -4.959474 19.533020
v -4.270126 -5.136139 19.814734
v -4.210410 -5.163622 19.664932
v -4.073841 -5.381360 19.774775
v -4.129155 -5.352151 19.905308
v -3.321830 -4.497416 19.912832
v -3.232424 -4.785639 20.009834
v -3.194188 -4.822329 19.843609
v -3.279440 -4.536014 19.737670
v -3.781690 -5.573721 19.701664
v -3.689321 -3.386461 18.715746
v -3.710411 -3.113815 18.449753
v -3.284364 -5.498260 19.921396
v -3.256021 -5.495427 20.021414
v -3.278137 -5.412207 20.339287
v -3.422116 -5.552682 20.419636
v -3.375376 -5.612595 20.228283
v -3.243751 -5.473517 20.173426
v -3.616195 -5.691853 20.411253
v -3.822572 -5.763447 20.291594
v -3.714013 -5.763051 20.123442
v -3.535716 -5.722520 20.215109
v -4.235056 -3.889821 18.761080
v -4.459350 -3.899249 18.793450
v -3.827391 -3.738177 18.865147
v -4.015500 -3.825867 18.795631
v -4.642878 -3.836583 18.892475
v -3.621197 -3.254525 18.843565
v -4.847084 -3.434845 18.763914
v -4.769691 -3.727777 19.030840
v -4.840108 -3.573331 19.187119
v -4.917582 -3.259538 18.920446
v -3.603163 -3.438125 19.229198
v -3.624257 -3.125962 18.982070
v -3.670771 -2.995463 19.124435
v -3.656092 -3.345530 19.375504
v -3.925011 -5.629201 20.136917
v -3.866226 -5.696670 20.004696
v -4.418838 -4.854000 19.737059
v -4.341445 -4.884176 19.564250
v -4.968261 -2.909718 18.569323
v -4.904064 -3.112744 18.427212
v -3.400408 -4.163073 19.803932
v -3.367124 -4.230362 19.629515
v -3.196205 -5.037682 20.115297
v -3.204910 -5.244060 20.236586
v -3.167802 -5.296397 20.075886
v -3.150385 -5.079277 19.957880
v -4.486115 -4.590781 19.462720
v -4.558528 -4.539690 19.650753
v -4.666040 -4.245433 19.554193
v -4.607340 -4.327779 19.366774
v -3.606217 -3.547558 19.510010
v -3.572618 -3.641038 19.369852
v -3.655215 -2.611515 18.817072
v -3.627133 -2.783746 18.687346
v -3.631397 -2.951594 18.565840
v -3.554644 -3.691393 19.594755
v -3.519384 -3.790802 19.454302
v -4.726373 -3.998400 19.455296
v -4.658368 -4.106629 19.285582
v -3.528108 -5.375127 19.486923
v -3.712150 -5.406826 19.500217
v -3.884066 -5.573249 19.777306
v -3.965981 -5.557864 19.888723
v -4.023312 -5.513965 20.013657
v -4.078396 -2.972895 17.747007
v -4.323524 -2.984050 17.698145
v -4.295554 -2.959215 17.516392
v -4.035971 -2.949947 17.569656
v -4.554468 -2.941596 17.680400
v -4.532266 -2.897467 17.493030
v -4.718382 -2.763481 17.497010
v -4.749455 -2.828960 17.697530
v -4.897513 -2.662291 17.742195
v -4.850347 -2.580959 17.521622
v -4.954262 -2.439007 17.819813
v -4.920275 -2.355920 17.566462
v -3.602788 -2.159492 18.236454
v -3.591081 -2.373007 18.139772
v -3.529278 -2.303384 17.950073
v -3.559378 -2.072751 18.018854
v -3.605475 -2.568911 18.037338
v -3.674546 -2.756034 17.929932
v -3.630145 -2.701986 17.760900
v -3.556379 -2.507061 17.861780
v -3.850949 -2.893600 17.828453
v -3.797680 -2.864793 17.655704
v -4.106754 -3.028441 17.909302
v -4.342097 -3.064265 17.851622
v -4.574434 -3.029917 17.838450
v -4.765657 -2.916773 17.877815
v -4.913695 -2.757054 17.947070
v -4.977182 -2.544864 18.053920
v -3.636379 -2.265829 18.425207
v -3.618021 -2.456358 18.299900
v -3.632746 -2.642754 18.188023
v -3.711690 -2.818139 18.080078
v -3.888405 -2.946720 17.986938
v -4.104515 -3.165761 18.067223
v -4.344760 -3.215024 18.006344
v -4.585346 -3.177285 18.007410
v -4.903255 -2.886520 18.163300
v -4.769978 -3.052396 18.072485
v -4.981213 -2.686347 18.288397
v -3.627612 -2.575958 18.468082
v -3.647325 -2.397556 18.602468
v -3.645751 -2.753578 18.351639
v -3.724693 -2.926325 18.242195
v -3.894417 -3.063159 18.151290
v -3.805164 -2.681314 16.670313
v -4.070321 -2.732712 16.561474
v -4.322208 -2.700141 16.484995
v -4.515280 -2.574851 16.446080
v -4.667037 -2.406473 16.422745
v -4.773043 -2.179038 16.415646
v -3.329961 -1.828766 17.086376
v -3.323435 -2.045409 17.027458
v -3.338249 -2.228164 16.985811
v -3.427246 -2.395014 16.907255
v -3.586263 -2.546037 16.791998
v -4.400759 -4.059852 18.973232
v -4.194511 -4.044539 18.947683
v -3.993001 -3.989282 18.978392
v -3.818223 -3.913319 19.037548
v -4.583255 -4.022485 19.052462
v -3.484428 -4.067478 19.390255
v -4.777050 -3.793356 19.344772
v -4.707433 -3.928003 19.185772
v -3.487308 -3.865177 19.683321
v -3.460060 -3.968975 19.532486
v -3.946252 -4.151736 19.056124
v -4.149614 -4.203152 19.028492
v -3.633917 -3.987438 19.204462
v -3.770051 -4.076383 19.115063
v -4.534448 -4.180857 19.149227
v -3.550536 -3.891469 19.321627
v -4.354536 -4.209713 19.068369
v -3.935942 -2.870062 17.146809
v -4.210616 -2.892948 17.070389
v -4.165285 -2.841824 16.864166
v -3.897358 -2.800397 16.953440
v -4.455593 -2.818355 17.030365
v -4.411441 -2.780984 16.812046
v -4.584095 -2.626677 16.800135
v -4.628175 -2.663801 17.025026
v -4.761319 -2.478836 17.031690
v -4.725504 -2.446645 16.799047
v -4.860517 -2.254627 17.055399
v -4.826650 -2.219771 16.823095
v -3.449863 -1.937924 17.599169
v -3.413603 -2.180720 17.535414
v -3.391190 -2.125534 17.325771
v -3.413468 -1.889186 17.386260
v -3.444381 -2.387587 17.457730
v -3.536410 -2.579057 17.361440
v -3.496893 -2.517737 17.173923
v -3.410410 -2.327988 17.262598
v -3.699486 -2.752094 17.250385
v -3.665535 -2.680798 17.062948
v -3.858564 -2.745531 16.810484
v -4.122199 -2.788735 16.712152
v -4.368623 -2.743830 16.646439
v -4.549283 -2.598491 16.621737
v -4.698023 -2.422902 16.609076
v -4.795233 -2.193631 16.621359
v -3.378794 -1.855012 17.226202
v -3.368689 -2.083060 17.166120
v -3.382109 -2.279028 17.114979
v -3.467642 -2.462860 17.034530
v -3.633853 -2.621074 16.924997
v -3.984040 -2.924303 17.365180
v -4.255969 -2.935799 17.302000
v -4.497704 -2.858393 17.270779
v -4.675148 -2.708894 17.267633
v -4.804116 -2.520864 17.279785
v -4.892730 -2.297122 17.306456
v -3.457128 -2.242729 17.750650
v -3.503446 -2.000693 17.812532
v -3.584894 -2.642608 17.566118
v -3.497989 -2.448507 17.664948
v -3.742556 -2.821718 17.458363
v 3.439920 -2.785602 23.503640
v 3.541804 -2.779895 23.437689
v 3.565357 -2.736026 23.360895
v 3.440049 -2.715781 23.417627
v 3.376909 -1.988222 22.658676
v 3.618992 -2.069085 22.639420
v 3.625225 -1.831182 22.392500
v 3.358481 -1.761345 22.439182
v 2.886791 -2.055428 22.673891
v 2.674907 -2.216273 22.665630
v 2.775693 -2.358267 22.836170
v 2.945788 -2.209072 22.823332
v 3.445761 -2.812319 23.532621
v 3.561509 -2.795788 23.442314
v 3.275954 -2.838773 23.587952
v 3.271562 -2.809132 23.555103
v 3.110985 -2.843174 23.538054
v 3.111793 -2.870680 23.568853
v 2.917085 -2.788490 23.281097
v 2.943846 -2.855348 23.395205
v 2.980151 -2.826279 23.403353
v 2.957121 -2.755183 23.292784
v 2.431307 -2.233215 22.346365
v 2.521888 -2.488633 22.665820
v 2.588176 -2.003980 22.432016
v 3.250285 -1.150365 21.713330
v 3.533600 -1.235785 21.647968
v 3.496157 -1.007641 21.343117
v 3.206088 -0.915287 21.420822
v 2.820184 -1.842532 22.464787
v 2.770599 -1.651835 22.225224
v 2.525215 -1.799914 22.198433
v 2.217773 -1.456425 21.371477
v 2.281967 -1.658125 21.648880
v 2.426661 -1.413307 21.732258
v 2.357266 -1.190101 21.454401
v 3.829959 -1.991763 22.285135
v 3.817480 -1.777272 22.030355
v 3.596928 -1.631042 22.135483
v 3.553760 -3.045541 23.698990
v 3.344061 -3.099349 23.825897
v 3.377552 -3.329090 23.857357
v 3.676518 -3.263869 23.781650
v 3.081124 -3.361847 23.846200
v 3.102125 -3.102901 23.747879
v 2.906223 -3.129210 23.590397
v 2.895068 -3.317253 23.584366
v 2.611491 -2.825830 22.938620
v 2.477680 -2.721918 22.506943
v 2.537248 -2.984769 22.830698
v 3.840596 -2.263701 22.614740
v 3.941586 -2.462070 22.439440
v 3.915370 -2.204634 22.139244
v 3.928765 -2.931533 23.030458
v 3.843620 -2.820306 23.112322
v 3.799215 -2.936078 23.321552
v 3.880917 -3.064751 23.275045
v 2.390139 -2.473225 22.214770
v 2.373456 -2.025691 22.101976
v 2.341579 -2.262948 21.972546
v 3.796219 -1.459763 21.106852
v 3.712593 -1.200154 21.229858
v 3.746765 -1.418428 21.543020
v 3.838553 -1.665276 21.424204
v 3.400527 -2.538262 23.197060
v 3.521010 -2.574003 23.154535
v 3.471467 -2.493882 23.067156
v 3.367335 -2.472698 23.096853
v 3.064955 -2.594826 23.209702
v 2.949356 -2.665290 23.183094
v 3.073275 -2.681757 23.325195
v 3.572976 -2.590234 23.126953
v 3.559780 -2.661899 23.262255
v 3.607061 -2.680492 23.242630
v 3.428032 -2.625113 23.309639
v 3.228176 -2.531412 23.224968
v 3.243749 -2.620697 23.340345
v 3.323571 -1.570162 22.187813
v 3.043298 -1.584482 22.209763
v 3.084895 -1.770440 22.455902
v 2.899100 -0.911258 21.471950
v 2.598819 -0.992764 21.491945
v 2.663054 -1.230246 21.771801
v 2.952326 -1.150656 21.752792
v 3.067962 -2.532571 23.101757
v 3.215684 -2.478568 23.109835
v 3.014500 -2.865760 23.486946
v 2.997940 -2.888780 23.494999
v 3.127029 -1.978508 22.671995
v 3.370176 -2.138723 22.806276
v 3.153323 -2.129862 22.821947
v 3.091253 -2.769468 23.442322
v 3.260220 -2.722983 23.456800
v 3.149452 -0.682605 21.057790
v 3.448037 -0.757305 20.966505
v 2.162668 -1.219267 21.015870
v 2.282058 -0.943343 21.112059
v 2.838300 -0.667228 21.126844
v 2.530654 -0.747307 21.148954
v 2.609420 -3.171778 23.121168
v 2.715366 -3.281371 23.374245
v 2.789521 -3.121345 23.385202
v 2.670453 -3.010457 23.196655
v 3.952910 -2.731887 22.752480
v 3.870322 -2.607374 22.879578
v 3.796741 -3.151142 23.507280
v 3.714623 -2.998505 23.514866
v 2.181558 -1.729121 21.270992
v 2.259373 -1.915785 21.543303
v 3.896508 -1.995235 21.886929
v 3.066461 -2.467588 23.035872
v 3.047777 -2.408501 23.013075
v 2.951049 -2.496237 23.030647
v 2.980168 -2.516851 23.053139
v 3.644368 -2.898393 23.491053
v 3.604063 -2.845191 23.466002
v 3.477177 -2.869665 23.582348
v 3.503608 -2.927846 23.626620
v 3.291274 -2.892329 23.641580
v 3.105494 -2.923239 23.615396
v 3.103809 -2.982303 23.664965
v 3.309496 -2.957346 23.701360
v 2.789900 -2.927974 23.224443
v 2.855504 -2.866163 23.254719
v 2.809580 -2.747512 23.110804
v 2.718340 -2.770028 23.050291
v 3.353333 -2.243066 22.905660
v 3.513293 -2.312743 22.908504
v 3.567276 -2.219949 22.801357
v 3.739757 -2.768764 23.160799
v 3.684751 -2.724446 23.201838
v 3.668061 -2.801023 23.341038
v 3.721105 -2.850210 23.341333
v 2.991195 -2.303901 22.925009
v 3.168996 -2.235270 22.919777
v 2.970286 -2.943721 23.523360
v 2.945016 -3.004747 23.553110
v 3.334623 -2.362582 23.004145
v 3.189928 -2.355543 23.015038
v 3.202031 -2.419121 23.040846
v 3.339992 -2.416983 23.039152
v 3.710055 -2.376184 22.843428
v 3.429723 -2.443895 23.030990
v 3.516762 -2.494768 23.040123
v 3.446122 -2.416044 23.003923
v 3.624105 -2.439420 22.952095
v 3.669515 -2.603590 23.048805
v 3.760027 -2.590920 22.985725
v 2.911363 -2.598704 23.077362
v 2.903649 -2.699677 23.164392
v 2.959402 -2.580747 23.097273
v 2.794170 -2.586631 23.003145
v 2.855178 -2.428704 22.945223
v 2.691356 -2.556560 22.896069
v 2.912277 -2.469068 23.004934
v 3.023922 -2.364581 22.985355
v 2.864139 -2.598630 23.052940
v 2.868099 -2.727320 23.141691
v 2.883786 -2.819622 23.275314
v 2.983402 -2.912916 23.506094
v 3.107242 -2.890270 23.585863
v 3.281293 -2.858601 23.608263
v 3.459530 -2.834120 23.552635
v 3.580465 -2.815066 23.450567
v 3.641755 -2.698781 23.225336
v 3.632251 -2.770221 23.343000
v 3.562622 -2.476042 23.008366
v 3.613323 -2.601933 23.091768
v 3.472022 -2.376059 22.969723
v 3.340657 -2.314043 22.968466
v 3.180349 -2.305323 22.981660
v 1.955672 -1.074989 20.248226
v 2.035316 -1.255124 20.551884
v 2.054095 -0.983472 20.675560
v 1.936134 -0.791110 20.372847
v 2.359761 -0.249763 20.500040
v 2.097646 -0.498381 20.455734
v 2.188479 -0.703442 20.777193
v 2.447733 -0.492931 20.819883
v 3.073636 -0.160754 20.398067
v 2.711780 -0.138377 20.475685
v 2.775629 -0.415636 20.783897
v 3.102924 -0.429540 20.708220
v 3.611657 -0.521473 20.123026
v 3.380254 -0.307563 20.268585
v 3.403015 -0.527500 20.595367
v 3.644922 -0.702932 20.454240
v 3.731425 -0.963401 20.288660
v 3.685376 -0.798140 19.970142
v 3.288193 -1.370034 21.955439
v 3.565680 -1.439773 21.899485
v 2.719560 -1.451630 22.002178
v 2.474643 -1.608545 21.972970
v 2.319871 -1.837796 21.884014
v 3.775714 -1.603578 21.792843
v 3.000209 -1.385067 21.977808
v 2.305314 -2.085118 21.763052
v 3.605253 -2.751895 23.345474
v 2.850043 -2.994823 23.397173
v 2.895439 -2.923744 23.400316
v 2.921488 -2.884511 23.398440
v 1.840856 -0.562847 19.724090
v 1.792896 -0.504792 19.349234
v 1.773216 -0.830473 19.309916
v 1.831081 -0.876996 19.663563
v 1.971974 -0.240025 19.752707
v 1.916404 -0.186283 19.364729
v 2.218989 0.030920 19.752733
v 2.170915 0.047348 19.353230
v 2.571086 0.136211 19.710886
v 2.504563 0.131803 19.311720
v 2.936674 0.101860 19.651508
v 2.847684 0.100495 19.256157
v 3.245118 -0.072335 19.565610
v 3.153389 -0.051232 19.184162
v 3.475225 -0.320586 19.471410
v 3.401585 -0.280077 19.109646
v 3.600689 -0.611966 19.386278
v 3.539994 -0.572142 19.047806
v 1.860442 -0.958133 19.974085
v 1.863633 -0.652918 20.066814
v 2.015299 -0.332953 20.125675
v 2.263263 -0.035502 20.159777
v 2.640513 0.077675 20.125180
v 3.024790 0.040079 20.048090
v 3.337091 -0.142506 19.932503
v 3.556569 -0.393368 19.805780
v 3.641139 -0.685069 19.685913
v 1.498706 -0.675792 18.022390
v 1.528529 -0.367803 17.973341
v 1.672027 -0.086464 17.870846
v 1.917029 0.133766 17.746819
v 2.235887 0.256418 17.632393
v 2.579933 0.216900 17.513477
v 2.900134 0.060962 17.414736
v 3.159956 -0.199133 17.359335
v 3.315921 -0.528695 17.336016
v 3.870834 -1.827816 21.662987
v 1.684433 -0.798978 18.983503
v 1.705923 -0.459711 19.009102
v 1.839104 -0.141122 19.009651
v 2.109819 0.071824 18.985579
v 2.442387 0.152045 18.940296
v 2.781543 0.117670 18.881115
v 3.094139 -0.020117 18.807478
v 3.353771 -0.244604 18.733730
v 3.481699 -0.549799 18.679216
v 1.525263 -0.700925 18.203695
v 1.562756 -0.379962 18.183392
v 1.707208 -0.084904 18.115572
v 1.964422 0.129608 18.025517
v 2.286329 0.248146 17.937172
v 2.633436 0.212541 17.839243
v 2.957176 0.063607 17.742344
v 3.212878 -0.193076 17.672205
v 3.350268 -0.517603 17.633791
v 1.554498 -0.730578 18.420124
v 1.595881 -0.399372 18.419683
v 1.735957 -0.089575 18.381273
v 2.005493 0.121218 18.323307
v 2.335336 0.224155 18.256336
v 2.681590 0.188812 18.178710
v 3.001706 0.042941 18.087376
v 3.264033 -0.195611 18.003763
v 3.398147 -0.514405 17.949749
v 1.609814 -0.764700 18.685330
v 1.644456 -0.427665 18.697634
v 1.781390 -0.111247 18.682750
v 2.053528 0.099686 18.645565
v 2.386319 0.192893 18.591095
v 2.730196 0.156342 18.525719
v 3.048157 0.016826 18.443478
v 3.305662 -0.218053 18.361628
v 3.437737 -0.529431 18.303560
v 3.679307 -0.935647 20.836065
v 2.126170 -1.490603 20.906868
v 3.755347 -1.198475 20.688260
v 3.530402 -3.476499 22.811623
v 3.688990 -3.337191 22.805940
v 3.647267 -3.401337 23.087040
v 3.511579 -3.509906 23.132778
v 3.342979 -3.628964 23.160183
v 3.357070 -3.611987 23.366325
v 3.168316 -3.659129 23.348350
v 3.143400 -3.690500 23.156300
v 3.157593 -3.590190 23.484130
v 2.979291 -3.584973 23.372301
v 3.034660 -3.638084 23.293446
v 3.364519 -3.547258 23.509792
v 3.521487 -3.516661 23.323944
v 3.550041 -3.468279 23.445795
v 2.569509 -3.063037 22.265282
v 2.737719 -3.164527 22.171799
v 2.817440 -3.401181 22.510065
v 2.663989 -3.286951 22.596035
v 3.809679 -3.204665 22.852499
v 3.757691 -3.308266 23.113161
v 3.802974 -2.819107 22.220232
v 3.663403 -2.973140 22.147596
v 3.626654 -2.745065 21.855198
v 3.781041 -2.594865 21.922829
v 2.913903 -2.966860 21.820665
v 2.870698 -2.752264 21.595512
v 3.134062 -2.734334 21.575546
v 3.179015 -2.958734 21.793620
v 3.431187 -2.882950 21.800480
v 3.394311 -2.679988 21.563852
v 3.600722 -2.552383 21.610243
v 2.458320 -2.627310 21.732992
v 2.631110 -2.725075 21.641966
v 2.669190 -2.928497 21.866547
v 2.491588 -2.830293 21.960785
v 3.702270 -2.102547 21.252756
v 3.544666 -2.261465 21.203870
v 3.513895 -2.097730 20.881220
v 3.664270 -1.920589 20.937567
v 3.469980 -3.107360 22.107430
v 3.511290 -3.327700 22.448917
v 3.285222 -3.428031 22.460464
v 3.228216 -3.192370 22.104470
v 2.972071 -3.218649 22.120783
v 3.040847 -3.454361 22.475288
v 2.888914 -3.582996 22.839628
v 2.742903 -3.467700 22.906710
v 3.821806 -3.039725 22.543903
v 3.684951 -3.182767 22.478909
v 2.537248 -2.984769 22.830698
v 2.573380 -3.147950 22.708214
v 2.648633 -3.330328 23.008001
v 2.609420 -3.171778 23.121168
v 3.941586 -2.462070 22.439440
v 3.952910 -2.731887 22.752480
v 3.930134 -2.895034 22.632826
v 3.908831 -2.653738 22.312710
v 2.970277 -3.644839 23.131872
v 3.618981 -3.435077 23.249540
v 3.679708 -3.385385 23.309181
v 3.796741 -3.151142 23.507280
v 3.676518 -3.263869 23.781650
v 3.574086 -3.364110 23.570330
v 3.764934 -3.304154 23.407295
v 3.377552 -3.329090 23.857357
v 3.081124 -3.361847 23.846200
v 3.138181 -3.481024 23.630196
v 3.369420 -3.446554 23.661215
v 3.455260 -1.854264 20.423061
v 3.623263 -1.670100 20.480476
v 3.796219 -1.459763 21.106852
v 3.778259 -1.709867 21.014353
v 3.733488 -1.446374 20.568650
v 3.755347 -1.198475 20.688260
v 2.895068 -3.317253 23.584366
v 2.909356 -3.489287 23.496124
v 2.477680 -2.721918 22.506943
v 2.502107 -2.910271 22.385263
v 3.915370 -2.204634 22.139244
v 3.886519 -2.414258 22.012781
v 3.928765 -2.931533 23.030458
v 3.880917 -3.064751 23.275045
v 3.855281 -3.205473 23.188086
v 3.897256 -3.072985 22.930243
v 2.417024 -2.670815 22.084856
v 2.390139 -2.473225 22.214770
v 2.341579 -2.262948 21.972546
v 2.370907 -2.465914 21.847214
v 3.838553 -1.665276 21.424204
v 3.816853 -1.906042 21.326940
v 2.763070 -1.678755 19.792130
v 2.825837 -1.857999 20.060032
v 2.526632 -1.874608 20.122728
v 2.477759 -1.680282 19.859377
v 2.228513 -1.650582 19.936913
v 2.278137 -1.810339 20.219625
v 2.067201 -1.520275 20.035847
v 2.129257 -1.673471 20.327085
v 1.993996 -1.317670 20.137993
v 2.063431 -1.484644 20.435755
v 2.035316 -1.255124 20.551884
v 1.955672 -1.074989 20.248226
v 3.321892 -1.503138 19.729250
v 3.381777 -1.644367 20.023690
v 3.125553 -1.790086 20.016670
v 3.058327 -1.635379 19.737700
v 3.870834 -1.827816 21.662987
v 3.835768 -2.055582 21.552591
v 2.305314 -2.085118 21.763052
v 2.333044 -2.299568 21.650564
v 3.329934 -3.596592 22.837818
v 3.100437 -3.642617 22.831757
v 2.849579 -3.555632 23.178724
v 2.755490 -3.439662 23.276447
v 2.715366 -3.281371 23.374245
v 2.376121 -1.557918 19.399466
v 2.296074 -1.603740 19.091350
v 2.618873 -1.595952 19.030287
v 2.670169 -1.547780 19.334917
v 2.123447 -1.523881 19.468004
v 2.036366 -1.525916 19.157188
v 1.900345 -1.145160 19.594952
v 1.827197 -1.122797 19.258682
v 1.903474 -1.348067 19.208878
v 1.970476 -1.369571 19.532536
v 1.831081 -0.876996 19.663563
v 1.773216 -0.830473 19.309916
v 3.600689 -0.611966 19.386278
v 3.575027 -0.896534 19.329660
v 3.547093 -0.854399 19.008436
v 3.539994 -0.572142 19.047806
v 3.432960 -1.135876 19.291462
v 3.231015 -1.336103 19.273912
v 3.231041 -1.343001 18.972149
v 3.433116 -1.118084 18.981703
v 2.971360 -1.487986 19.288317
v 2.947166 -1.510658 18.986994
v 2.715004 -1.583962 19.571896
v 2.430235 -1.594100 19.637740
v 2.178626 -1.570684 19.709278
v 1.954883 -1.204587 19.878014
v 2.023424 -1.422522 19.793505
v 1.860442 -0.958133 19.974085
v 3.685376 -0.798140 19.970142
v 3.635457 -1.061011 19.849045
v 3.594151 -0.960186 19.595520
v 3.641139 -0.685069 19.685913
v 3.503756 -1.295858 19.774754
v 3.265966 -1.397947 19.507797
v 3.464698 -1.200492 19.535074
v 3.007020 -1.533448 19.521420
v 2.323200 -1.653487 17.660973
v 1.970640 -1.602641 17.777927
v 1.726629 -1.435691 17.882055
v 1.595741 -1.222779 17.963667
v 1.531826 -0.968931 18.016762
v 1.498706 -0.675792 18.022390
v 3.315921 -0.528695 17.336016
v 3.312402 -0.869917 17.343157
v 3.204302 -1.183304 17.383549
v 3.012327 -1.464526 17.445677
v 2.689804 -1.619420 17.543295
v 2.459932 -2.265710 20.995167
v 2.708654 -2.329756 20.924925
v 2.787997 -2.451829 21.231798
v 2.544687 -2.424805 21.276161
v 3.000250 -2.308092 20.882391
v 3.287392 -2.241687 20.857760
v 3.316437 -2.362150 21.194132
v 3.055239 -2.426142 21.207844
v 2.368884 -2.319985 21.347874
v 2.313453 -2.127789 21.080992
v 3.755692 -2.400097 21.676655
v 2.259373 -1.915785 21.543303
v 2.181558 -1.729121 21.270992
v 2.226179 -1.956127 21.172443
v 2.290641 -2.140834 21.443441
v 3.859313 -2.212889 21.764137
v 3.896508 -1.995235 21.886929
v 3.095454 -2.559924 21.406387
v 2.835862 -2.578417 21.429834
v 3.568103 -2.394769 21.419182
v 3.351882 -2.503429 21.396063
v 2.423660 -2.463824 21.547878
v 3.725221 -2.243784 21.473919
v 2.602030 -2.552828 21.473415
v 2.552547 -1.648270 18.677753
v 2.201825 -1.653690 18.746454
v 1.940493 -1.528206 18.824790
v 1.825379 -1.333239 18.883526
v 1.743240 -1.107467 18.939392
v 1.684433 -0.798978 18.983503
v 3.492069 -0.828685 18.645224
v 3.481699 -0.549799 18.679216
v 3.217326 -1.374241 18.617899
v 3.397904 -1.109498 18.622868
v 2.911792 -1.559386 18.633816
v 2.375375 -1.669910 17.822542
v 2.022134 -1.631180 17.917637
v 1.767042 -1.474177 18.015312
v 1.631614 -1.260286 18.104180
v 1.555972 -1.004618 18.175293
v 1.525263 -0.700925 18.203695
v 3.350268 -0.517603 17.633791
v 3.343326 -0.852064 17.614897
v 3.239644 -1.166043 17.626688
v 3.058033 -1.458169 17.659399
v 2.741771 -1.629995 17.729923
v 2.425454 -1.690323 18.033913
v 2.063245 -1.659658 18.112398
v 1.799649 -1.506952 18.206112
v 1.665561 -1.293387 18.298239
v 1.591250 -1.040085 18.377380
v 1.554498 -0.730578 18.420124
v 3.398147 -0.514405 17.949749
v 3.382394 -0.834277 17.917583
v 3.288624 -1.146011 17.907257
v 3.117736 -1.448445 17.917513
v 2.798122 -1.630815 17.964706
v 2.485298 -1.692207 18.330360
v 2.120718 -1.675680 18.405657
v 1.858333 -1.524835 18.497179
v 1.738898 -1.315141 18.575129
v 1.664801 -1.074157 18.642681
v 1.609814 -0.764700 18.685330
v 3.437737 -0.529431 18.303560
v 3.436766 -0.824028 18.270823
v 3.348148 -1.122812 18.251501
v 3.177541 -1.417692 18.250586
v 2.857606 -1.604367 18.277178
v 3.557634 -1.445491 20.077036
v 3.731425 -0.963401 20.288660
v 3.684908 -1.216504 20.157688
v 2.347480 -2.036041 20.598398
v 2.603235 -2.112152 20.501053
v 2.911033 -2.092584 20.436773
v 3.209478 -2.006295 20.406164
v 2.210985 -1.892565 20.700880
v 2.126170 -1.490603 20.906868
v 2.140023 -1.717995 20.801052
v 0.701272 -3.554789 24.335052
v 0.812575 -3.576008 24.298191
v 0.851155 -3.537691 24.234200
v 0.707666 -3.487017 24.273643
v 0.804401 -2.596065 23.687365
v 1.051852 -2.701058 23.682793
v 1.105048 -2.416157 23.459980
v 0.834237 -2.315885 23.505236
v 0.197835 -0.874359 21.996605
v 0.159582 -0.568900 21.594564
v -0.132169 -0.718218 21.521181
v -0.080239 -1.030520 21.931950
v 0.304556 -2.606989 23.648363
v 0.083449 -2.726222 23.585657
v 0.149892 -2.932388 23.739070
v 0.329590 -2.809856 23.773535
v 0.702668 -3.584716 24.360703
v 0.829291 -3.596723 24.308535
v 0.527453 -3.575127 24.386276
v 0.528640 -3.541862 24.359653
v 0.364642 -3.566339 24.336971
v 0.362446 -3.599327 24.360890
v 0.187195 -3.481035 24.108078
v 0.196223 -3.583316 24.212591
v 0.235479 -3.550539 24.226332
v 0.230397 -3.452656 24.130297
v -0.103760 -2.621128 23.201464
v -0.087417 -2.964938 23.504162
v 0.053671 -2.449872 23.365519
v 1.355033 -0.906959 21.385645
v 1.151603 -0.675474 21.537569
v 1.149998 -1.002527 21.976778
v 1.337470 -1.239995 21.846603
v 0.853728 -1.519068 22.755518
v 1.117038 -1.645693 22.699340
v 1.140198 -1.345300 22.391836
v 0.864129 -1.193617 22.457190
v 0.031537 -2.186950 23.137783
v 0.284513 -2.329258 23.467260
v 0.275312 -2.061425 23.234270
v 0.002112 -1.681981 22.646538
v -0.036616 -1.375837 22.339842
v -0.212270 -1.619835 22.223373
v -0.178228 -1.899519 22.533058
v 1.313345 -2.315074 23.081600
v 1.108775 -2.156588 23.202114
v 1.313990 -2.581811 23.336895
v 0.852035 -3.980653 24.640203
v 0.518367 -4.011042 24.724754
v 0.517719 -4.151607 24.458610
v 0.789309 -4.144846 24.418867
v 0.234194 -4.188154 24.422760
v 0.246986 -3.997639 24.544947
v 0.104997 -3.927123 24.336082
v 0.088237 -4.096452 24.220165
v -0.072073 -3.392197 23.724047
v -0.187278 -3.143171 23.287066
v -0.165953 -3.509470 23.560825
v -0.245237 -1.283575 21.804173
v -0.298886 -0.968947 21.376055
v -0.353816 -1.246114 21.210524
v -0.312003 -1.561889 21.652079
v 1.243682 -2.951044 23.622776
v 1.316747 -3.109112 23.390306
v 1.347860 -2.777302 23.138268
v 1.217970 -3.749713 23.855474
v 1.133702 -3.634492 23.977282
v 1.034138 -3.793781 24.151325
v 1.107773 -3.934660 24.060290
v -0.130796 -2.366304 22.980555
v -0.194260 -2.563831 22.794730
v -0.184202 -2.811182 23.013350
v 1.319189 -1.573549 22.270327
v 1.291887 -1.847673 22.580523
v 1.366670 -2.075925 22.440691
v 1.384686 -1.829275 22.126131
v 0.700339 -3.280521 24.092297
v 0.840513 -3.325702 24.046238
v 0.799477 -3.209055 23.981989
v 0.683086 -3.178873 24.014301
v 0.365165 -3.280871 24.088950
v 0.245191 -3.330965 24.039608
v 0.354464 -3.392430 24.180168
v 0.890784 -3.346251 24.019955
v 0.865263 -3.452864 24.143911
v 0.912549 -3.479822 24.126093
v 0.710107 -3.392334 24.188557
v 0.528293 -3.253313 24.114407
v 0.526717 -3.362655 24.207490
v 0.843603 -2.054710 23.258692
v 0.557443 -2.017955 23.268438
v 0.555054 -2.288595 23.503862
v 0.229075 -1.208567 22.413300
v 0.261546 -1.537942 22.715368
v 0.554910 -1.486587 22.746803
v 0.542280 -1.146723 22.454746
v 0.379691 -3.181217 24.013456
v 0.529454 -3.154854 24.034084
v 0.265251 -3.597773 24.294188
v 0.248421 -3.624992 24.302070
v 0.522190 -0.822365 22.030048
v 0.857467 -0.856651 22.042511
v 0.843087 -0.543631 21.621592
v 0.495669 -0.507715 21.629148
v 0.551590 -2.567633 23.676197
v 0.761028 -2.797241 23.801361
v 0.543601 -2.766917 23.793180
v 0.355207 -3.492336 24.272058
v 0.527236 -3.463521 24.296356
v -0.117328 -3.790725 23.801432
v -0.032844 -3.971367 24.022419
v 0.061656 -3.824693 24.120283
v -0.022840 -3.662515 23.924726
v 1.298515 -3.472140 23.636408
v 1.203739 -3.374017 23.797031
v 0.986357 -4.069722 24.263546
v 0.988804 -3.891412 24.382025
v -0.266820 -1.889991 22.077953
v -0.235592 -2.146954 22.384360
v 1.363216 -2.513602 22.908092
v 1.413421 -1.514216 21.692530
v 1.438659 -1.192458 21.231283
v 0.390367 -3.104735 23.950804
v 0.391326 -3.066607 23.905783
v 0.288524 -3.139286 23.907803
v 0.303272 -3.153003 23.940323
v 0.910753 -3.741354 24.373241
v 0.866172 -3.660963 24.342072
v 0.722988 -3.667219 24.427320
v 0.755651 -3.762957 24.504904
v 0.526156 -3.671846 24.459610
v 0.338063 -3.698450 24.420900
v 0.309730 -3.804862 24.478493
v 0.525618 -3.781867 24.545720
v 0.071151 -3.594310 24.000156
v 0.108574 -3.545295 24.060488
v 0.123859 -3.396116 23.916150
v 0.050030 -3.392350 23.842838
v 0.719634 -2.921712 23.864988
v 0.872602 -3.017912 23.863512
v 0.952018 -2.905269 23.801470
v 1.020838 -3.572541 24.033785
v 0.981910 -3.531044 24.089580
v 0.937317 -3.625693 24.227587
v 0.981336 -3.689120 24.213108
v 0.353471 -2.933767 23.845572
v 0.535027 -2.894028 23.859638
v 0.211201 -3.702280 24.324540
v 0.172394 -3.781491 24.341276
v 0.667884 -3.069089 23.905134
v 0.529296 -3.044400 23.906502
v 0.526712 -3.075613 23.964308
v 0.665808 -3.101595 23.956707
v 1.064531 -3.103979 23.806261
v 0.759218 -3.139200 23.956085
v 0.848460 -3.214723 23.955442
v 0.781828 -3.118808 23.930094
v 0.955657 -3.182007 23.866537
v 0.968754 -3.386483 23.929470
v 1.065870 -3.370927 23.881733
v 0.224202 -3.237276 23.944683
v 0.197383 -3.355249 24.011509
v 0.268496 -3.223432 23.975233
v 0.137872 -3.208288 23.839630
v 0.207184 -3.040761 23.830807
v 0.045057 -3.129027 23.749065
v 0.261234 -3.109134 23.863424
v 0.375603 -3.014768 23.880053
v 0.191435 -3.236237 23.896023
v 0.158850 -3.376143 23.974741
v 0.149061 -3.512520 24.088680
v 0.232436 -3.658165 24.311998
v 0.351560 -3.640134 24.386686
v 0.526624 -3.614553 24.416107
v 0.710109 -3.618113 24.387636
v 0.843993 -3.621122 24.321535
v 0.946161 -3.504647 24.114178
v 0.910718 -3.589362 24.227528
v 0.933178 -3.365124 23.987633
v 0.891448 -3.211511 23.911560
v 0.813988 -3.088550 23.885080
v 0.686599 -3.014282 23.871952
v 0.530918 -2.985656 23.881294
v 0.845208 -1.811126 23.001633
v 1.105968 -1.912788 22.956060
v 0.278135 -1.826371 22.967152
v 0.018658 -1.946336 22.902702
v -0.167768 -2.137679 22.777273
v 1.283036 -2.091204 22.834818
v 0.560701 -1.788780 22.988703
v -0.215735 -2.360533 22.605610
v 0.891727 -3.563113 24.224714
v 0.096433 -3.710079 24.181261
v 0.137266 -3.655212 24.198936
v 0.166544 -3.618775 24.207623
v -0.346179 -0.755550 21.035810
v -0.381974 -1.045600 20.887205
v -0.193390 -0.475459 21.173567
v 0.099184 -0.285507 21.257948
v 0.461087 -0.206347 21.289492
v 0.836171 -0.250525 21.271820
v 1.157266 -0.411906 21.181948
v 1.354421 -0.676935 21.034445
v 1.331390 -0.508426 20.721954
v 1.150877 -0.198468 20.837965
v 1.447869 -0.972126 20.888721
v 1.407364 -0.819224 20.602032
v -0.447357 -0.762339 19.979340
v -0.411688 -0.832611 20.348988
v -0.391455 -0.515019 20.411402
v -0.429390 -0.435749 20.027761
v -0.247243 -0.204850 20.454557
v -0.289560 -0.122636 20.049744
v 0.013454 0.046447 20.478188
v -0.017890 0.102946 20.040710
v 0.371806 0.179542 20.486006
v 0.325495 0.211594 20.020191
v 0.763514 0.136259 20.473944
v 0.688595 0.168681 19.999475
v 1.100074 -0.057202 20.430914
v 1.008209 -0.000799 19.974420
v 1.279607 -0.379634 20.366058
v 1.358725 -0.702316 20.290450
v -0.568041 -0.692351 19.165005
v -0.531146 -0.352395 19.192987
v -0.563638 -0.351430 18.828505
v -0.580397 -0.687347 18.819504
v -0.400870 -0.025433 19.210247
v -0.446273 -0.015811 18.834026
v -0.118931 0.201572 19.208525
v -0.170374 0.230712 18.834000
v 0.231605 0.317731 19.188900
v 0.186455 0.357126 18.816210
v 0.598860 0.288715 19.162537
v 0.562986 0.335016 18.789568
v 0.923687 0.124028 19.138554
v 0.890832 0.167084 18.760770
v 1.141288 -0.160090 19.128567
v 1.095222 -0.127385 18.747612
v 1.238527 -0.483003 19.105982
v 1.220696 -0.446742 18.743637
v 1.367806 -2.293070 22.686216
v -0.601696 -0.705042 18.550638
v -0.593500 -0.372516 18.533497
v -0.618530 -0.416864 18.278630
v -0.614820 -0.746025 18.327068
v -0.485620 -0.028946 18.511978
v -0.521489 -0.065257 18.218231
v -0.218416 0.240865 18.497812
v -0.262133 0.230640 18.185602
v 0.145906 0.378120 18.478025
v 0.110074 0.390164 18.161497
v 0.531547 0.354752 18.454714
v 0.511914 0.369401 18.137005
v 0.863463 0.177930 18.437988
v 0.847929 0.168522 18.125730
v 1.063013 -0.126534 18.451180
v 1.032663 -0.153648 18.159012
v 1.212063 -0.436282 18.463171
v 1.199803 -0.448718 18.201270
v 0.042863 -0.064124 20.895895
v -0.229460 -0.309197 20.825647
v 0.416616 0.058626 20.929491
v 0.822103 0.012766 20.917797
v 1.300570 -0.608952 19.916134
v 1.214520 -0.289463 19.947926
v -0.373066 -0.614678 20.731361
v -0.399475 -0.921812 20.627323
v -0.504963 -0.717902 19.563866
v -0.478539 -0.382105 19.606934
v -0.344931 -0.062117 19.625675
v -0.067382 0.158616 19.613842
v 0.277671 0.264716 19.589025
v 0.636590 0.221240 19.562778
v 0.959947 0.063605 19.540667
v 1.176494 -0.216784 19.529089
v 1.267916 -0.536531 19.505836
v 0.790682 -4.181487 23.357020
v 0.962751 -4.064422 23.441050
v 0.889482 -4.248134 23.685913
v 0.736511 -4.355801 23.652090
v 0.530895 -4.429344 23.627127
v 0.505987 -4.467575 23.923973
v 0.314091 -4.453494 23.861603
v 0.313356 -4.407759 23.603436
v 0.023952 -2.127024 21.323193
v 0.010102 -1.822824 20.916029
v 0.250843 -1.924940 20.867802
v 0.259348 -2.248048 21.245436
v 0.558021 -2.260998 21.237787
v 0.535570 -1.948028 20.860514
v 0.821611 -1.911411 20.880552
v 0.852739 -2.203694 21.277395
v 0.301206 -4.404829 24.045143
v 0.143195 -4.340837 23.918577
v 0.195072 -4.385824 23.809795
v 0.503752 -4.410131 24.118090
v 0.691042 -4.408246 23.918459
v 0.701930 -4.367537 24.088127
v -0.145521 -1.983443 21.414541
v -0.161316 -1.676940 20.987036
v -0.044838 -3.438330 22.986216
v 0.116616 -3.552748 22.882782
v 0.121190 -3.856154 23.138340
v -0.040324 -3.754694 23.244299
v 1.097673 -3.967305 23.551743
v 0.995865 -4.158496 23.778000
v 1.215174 -3.108838 22.817768
v 1.189989 -3.393852 23.057129
v 1.047403 -3.513791 22.930668
v 1.065484 -3.234288 22.694324
v 0.334704 -3.065797 22.406496
v 0.592037 -3.073616 22.405565
v 0.596204 -3.348573 22.581850
v 0.335670 -3.335850 22.587294
v 1.063492 -2.979530 22.496710
v 0.849141 -3.315288 22.616337
v 0.843858 -3.046995 22.433619
v -0.082625 -2.905103 22.516867
v 0.102696 -3.006187 22.446232
v 0.103573 -3.263462 22.637660
v -0.067122 -3.143851 22.730429
v 1.242204 -2.466893 22.188540
v 1.078903 -2.597862 22.095753
v 1.099588 -2.383118 21.778767
v 1.258975 -2.240318 21.876392
v 0.841260 -3.606164 22.844631
v 0.824594 -3.908350 23.091358
v 0.581942 -3.963888 23.048212
v 0.593597 -3.654240 22.802160
v 0.338246 -3.632722 22.821487
v 0.331927 -3.940175 23.068958
v 0.137742 -4.116436 23.399382
v -0.021244 -4.032291 23.494694
v 1.160774 -3.701565 23.305332
v 1.017777 -3.807386 23.183006
v -0.165953 -3.509470 23.560825
v -0.164649 -3.648371 23.381872
v -0.124537 -3.928485 23.637241
v -0.117328 -3.790725 23.801432
v 1.316747 -3.109112 23.390306
v 1.298515 -3.472140 23.636408
v 1.258728 -3.591451 23.456549
v 1.274715 -3.258124 23.209112
v 0.164396 -4.300562 23.641190
v 1.071491 -1.809349 20.925747
v 1.095077 -2.087626 21.350243
v 0.816480 -4.327757 23.868849
v 0.864639 -4.278501 23.964290
v 0.986357 -4.069722 24.263546
v 0.789309 -4.144846 24.418867
v 0.743028 -4.281128 24.239918
v 0.932581 -4.197731 24.103730
v 0.517719 -4.151607 24.458610
v 0.234194 -4.188154 24.422760
v 0.281318 -4.315704 24.213774
v 0.514032 -4.307006 24.273926
v 1.269530 -1.945702 21.436320
v 1.384686 -1.829275 22.126131
v 1.350568 -2.060907 21.991493
v 1.367547 -1.759278 21.548733
v 1.413421 -1.514216 21.692530
v 0.088237 -4.096452 24.220165
v 0.078494 -4.263813 24.076490
v -0.187278 -3.143171 23.287066
v -0.169137 -3.311600 23.112823
v -0.312003 -1.561889 21.652079
v -0.353816 -1.246114 21.210524
v -0.270597 -1.486386 21.079754
v -0.258851 -1.804942 21.519787
v 1.347860 -2.777302 23.138268
v 1.298516 -2.952483 22.966303
v 1.217970 -3.749713 23.855474
v 1.107773 -3.934660 24.060290
v 1.071359 -4.061136 23.912487
v 1.188991 -3.866882 23.694143
v -0.179953 -2.995263 22.849367
v -0.184202 -2.811182 23.013350
v -0.194260 -2.563831 22.794730
v -0.186809 -2.752492 22.633524
v 1.366670 -2.075925 22.440691
v 1.334218 -2.290768 22.306670
v 0.514289 -1.714910 20.580425
v 0.248019 -1.684448 20.595762
v 1.367806 -2.293070 22.686216
v 1.308145 -2.483782 22.542267
v -0.215735 -2.360533 22.605610
v -0.190486 -2.563822 22.452562
v 0.561202 -4.265561 23.303999
v 0.319517 -4.222548 23.325474
v 0.059475 -4.208161 23.735777
v -0.031254 -4.120452 23.873745
v -0.032844 -3.971367 24.022419
v 0.008278 -1.614194 20.627216
v -0.296272 -1.292454 20.767962
v -0.175679 -1.484017 20.683650
v -0.381974 -1.045600 20.887205
v 1.407364 -0.819224 20.602032
v 1.447869 -0.972126 20.888721
v 1.365548 -1.239721 20.769144
v 1.333523 -1.091875 20.502295
v 1.035105 -1.605631 20.611217
v 1.233069 -1.453356 20.675316
v 1.253657 -1.656821 21.003006
v 0.787375 -1.698092 20.580315
v 0.476191 -1.530253 20.105852
v 0.211458 -1.511849 20.129318
v 0.172736 -1.521738 19.801016
v 0.457917 -1.536858 19.780903
v -0.025753 -1.452947 20.164314
v -0.072440 -1.430842 19.839376
v -0.178975 -1.289008 20.219397
v -0.305270 -1.090048 20.283606
v -0.359054 -1.046318 19.933172
v -0.240498 -1.261270 19.887053
v -0.411688 -0.832611 20.348988
v -0.447357 -0.762339 19.979340
v 1.279800 -0.979630 20.225956
v 1.358725 -0.702316 20.290450
v 1.136898 -1.190834 20.174543
v 0.962772 -1.364935 20.133718
v 0.963992 -1.320127 19.809559
v 1.129056 -1.128859 19.841450
v 0.741017 -1.493195 20.106146
v 0.735414 -1.466408 19.786118
v 0.417685 -1.550360 18.949377
v 0.086948 -1.557718 18.968430
v 0.062627 -1.504023 18.619692
v 0.393514 -1.503827 18.598980
v -0.181007 -1.431611 19.010986
v -0.224321 -1.426111 18.667236
v -0.370408 -1.241453 19.073147
v -0.507754 -1.006025 19.130371
v -0.547315 -0.995433 18.794650
v -0.416414 -1.236150 18.737190
v -0.568041 -0.692351 19.165005
v -0.580397 -0.687347 18.819504
v 1.238527 -0.483003 19.105982
v 1.190812 -0.780586 19.070156
v 1.177515 -0.751561 18.718822
v 1.220696 -0.446742 18.743637
v 1.082728 -1.001758 18.679018
v 1.094249 -1.025692 19.031416
v 0.957932 -1.253697 18.992626
v 0.934716 -1.220683 18.638899
v 0.718786 -1.427895 18.963205
v 0.700191 -1.396479 18.606564
v 0.068220 -2.653953 22.044477
v 0.038848 -2.437432 21.729898
v 0.281786 -2.535674 21.657751
v 0.305245 -2.731887 21.989069
v 0.579385 -2.715362 21.999342
v 0.576477 -2.548492 21.645860
v 0.864046 -2.488362 21.696000
v 0.847602 -2.675011 22.033403
v -0.120701 -2.548092 22.123087
v -0.138364 -2.308556 21.823587
v 1.203599 -2.852183 22.615986
v -0.235592 -2.146954 22.384360
v -0.266820 -1.889991 22.077953
v -0.229386 -2.128156 21.943544
v -0.202081 -2.371107 22.244516
v 1.363216 -2.513602 22.908092
v 1.300832 -2.694885 22.750416
v 0.373230 -1.457580 18.376360
v 0.048232 -1.467658 18.405153
v 0.029967 -1.438140 18.208704
v 0.352721 -1.419544 18.164720
v -0.241244 -1.410576 18.452242
v -0.252488 -1.394693 18.271368
v -0.440896 -1.238544 18.509039
v -0.566888 -1.004308 18.546604
v -0.589569 -1.039012 18.352003
v -0.449328 -1.246375 18.325800
v -0.601696 -0.705042 18.550638
v -0.614820 -0.746025 18.327068
v 1.212063 -0.436282 18.463171
v 1.169827 -0.742152 18.450834
v 1.141773 -0.742860 18.215593
v 1.199803 -0.448718 18.201270
v 1.056001 -0.985237 18.420160
v 0.906361 -1.195835 18.390594
v 0.869607 -1.160895 18.168482
v 1.025321 -0.972978 18.192963
v 0.676044 -1.360938 18.369917
v 0.646726 -1.311221 18.151453
v 0.494550 -1.610065 20.342491
v 0.229745 -1.584997 20.364813
v -0.010607 -1.523739 20.397999
v -0.181350 -1.372054 20.458437
v 1.182879 -1.300403 20.429811
v 0.992610 -1.461274 20.377000
v 0.757520 -1.565034 20.348833
v -0.323387 -1.183176 20.532728
v 0.582808 -2.853581 22.248663
v 0.327166 -2.859185 22.241022
v 1.057058 -2.765526 22.322271
v 0.833210 -2.823927 22.274263
v -0.098521 -2.725273 22.332727
v 1.214096 -2.647708 22.417350
v 0.089110 -2.821737 22.263424
v 1.237750 -0.896836 19.879992
v 1.300570 -0.608952 19.916134
v 1.438659 -1.192458 21.231283
v 1.367919 -1.452142 21.103386
v -0.399475 -0.921812 20.627323
v 0.129496 -1.547624 19.393839
v 0.438797 -1.555744 19.375471
v -0.130040 -1.432246 19.431849
v -0.318417 -1.253945 19.480816
v -0.504963 -0.717902 19.563866
v -0.452468 -1.030257 19.525454
v 1.267916 -0.536531 19.505836
v 1.212695 -0.829007 19.475128
v 1.109482 -1.070210 19.441545
v 0.965021 -1.289122 19.408363
v 0.730727 -1.455624 19.384684
vt 0.197600 0.562500
vt 0.189800 0.562500
vt 0.190300 0.573500
vt 0.198300 0.574400
vt 0.190000 0.584600
vt 0.189000 0.595100
vt 0.196700 0.597700
vt 0.198100 0.586400
vt 0.187500 0.604800
vt 0.194900 0.608000
vt 0.202400 0.621800
vt 0.215300 0.629000
vt 0.221600 0.620200
vt 0.205900 0.613000
vt 0.209400 0.637300
vt 0.198000 0.629900
vt 0.237500 0.675200
vt 0.240800 0.679000
vt 0.253000 0.674500
vt 0.249900 0.671300
vt 0.259700 0.663500
vt 0.262800 0.665800
vt 0.272000 0.652400
vt 0.268900 0.649900
vt 0.250000 0.654200
vt 0.241400 0.662300
vt 0.233100 0.640900
vt 0.225200 0.648900
vt 0.257600 0.642000
vt 0.239800 0.630700
vt 0.279900 0.634700
vt 0.276000 0.632800
vt 0.286900 0.611100
vt 0.291700 0.587600
vt 0.285100 0.586400
vt 0.281300 0.609300
vt 0.264300 0.626100
vt 0.286700 0.565600
vt 0.294100 0.565800
vt 0.278800 0.506000
vt 0.272200 0.507500
vt 0.280100 0.527700
vt 0.288200 0.527400
vt 0.340700 0.778100
vt 0.336900 0.770300
vt 0.329300 0.774800
vt 0.336300 0.781500
vt 0.345600 0.776400
vt 0.345200 0.767600
vt 0.352200 0.768100
vt 0.350000 0.776600
vt 0.259700 0.789500
vt 0.263800 0.791500
vt 0.267500 0.785100
vt 0.261300 0.782600
vt 0.254700 0.788900
vt 0.254400 0.781700
vt 0.250400 0.789400
vt 0.248700 0.782000
vt 0.402300 0.718800
vt 0.406000 0.722200
vt 0.411600 0.717200
vt 0.409600 0.712500
vt 0.397000 0.726700
vt 0.402000 0.728200
vt 0.394900 0.733900
vt 0.400600 0.733900
vt 0.390300 0.725800
vt 0.378300 0.725800
vt 0.378100 0.738600
vt 0.388000 0.735100
vt 0.361300 0.738500
vt 0.366300 0.747200
vt 0.346800 0.753300
vt 0.356700 0.758100
vt 0.331900 0.759500
vt 0.317400 0.765900
vt 0.272300 0.778300
vt 0.280100 0.769500
vt 0.264200 0.767700
vt 0.262600 0.775600
vt 0.246600 0.764300
vt 0.252400 0.774200
vt 0.238000 0.767000
vt 0.245100 0.775000
vt 0.230600 0.754100
vt 0.226400 0.758300
vt 0.217700 0.745700
vt 0.214700 0.750800
vt 0.206000 0.738500
vt 0.203700 0.744700
vt 0.193700 0.740400
vt 0.195500 0.733200
vt 0.184700 0.730900
vt 0.184100 0.737800
vt 0.392100 0.710500
vt 0.397600 0.714400
vt 0.408000 0.706300
vt 0.406500 0.697100
vt 0.189900 0.642200
vt 0.198400 0.648900
vt 0.203700 0.644100
vt 0.193900 0.636900
vt 0.202300 0.659400
vt 0.197600 0.661200
vt 0.205300 0.667000
vt 0.210500 0.666700
vt 0.210600 0.671500
vt 0.201500 0.669800
vt 0.209700 0.674300
vt 0.192700 0.664000
vt 0.181600 0.649400
vt 0.175100 0.653600
vt 0.183700 0.658200
vt 0.189300 0.654800
vt 0.215900 0.654400
vt 0.228700 0.666100
vt 0.208200 0.657800
vt 0.245700 0.617100
vt 0.226200 0.608400
vt 0.250800 0.600800
vt 0.252200 0.581500
vt 0.231000 0.578600
vt 0.229400 0.594500
vt 0.270400 0.606300
vt 0.272900 0.584300
vt 0.227500 0.549000
vt 0.248600 0.547800
vt 0.244100 0.532100
vt 0.223400 0.535500
vt 0.265600 0.529300
vt 0.269700 0.546900
vt 0.272200 0.565300
vt 0.237300 0.516300
vt 0.218200 0.521200
vt 0.259100 0.511200
vt 0.293600 0.527000
vt 0.284300 0.505000
vt 0.297900 0.545500
vt 0.293100 0.546100
vt 0.292500 0.614000
vt 0.297400 0.588200
vt 0.274500 0.654700
vt 0.284000 0.637000
vt 0.265200 0.667600
vt 0.254900 0.676700
vt 0.229400 0.683100
vt 0.242500 0.681600
vt 0.228100 0.680000
vt 0.415300 0.621000
vt 0.417100 0.626800
vt 0.424200 0.619700
vt 0.422500 0.614100
vt 0.409700 0.634100
vt 0.407800 0.628200
vt 0.398100 0.637300
vt 0.400500 0.643100
vt 0.411900 0.640200
vt 0.403600 0.649200
vt 0.419100 0.632400
vt 0.386600 0.647700
vt 0.389600 0.653600
vt 0.374000 0.658900
vt 0.377500 0.665000
vt 0.393300 0.660000
vt 0.381700 0.671400
vt 0.361500 0.670100
vt 0.365000 0.676100
vt 0.369300 0.682800
vt 0.348800 0.680700
vt 0.352200 0.686800
vt 0.335800 0.690300
vt 0.339100 0.696700
vt 0.356400 0.693700
vt 0.343300 0.703900
vt 0.323400 0.700000
vt 0.326600 0.706200
vt 0.311300 0.709100
vt 0.313900 0.715000
vt 0.330300 0.713400
vt 0.317200 0.721900
vt 0.298700 0.716500
vt 0.301000 0.722200
vt 0.287800 0.727500
vt 0.286200 0.721500
vt 0.272200 0.722600
vt 0.273900 0.730800
vt 0.290100 0.733900
vt 0.276100 0.737200
vt 0.303800 0.728700
vt 0.257900 0.723400
vt 0.261100 0.731100
vt 0.250400 0.730800
vt 0.246800 0.723800
vt 0.263300 0.737600
vt 0.252900 0.736700
vt 0.218600 0.688300
vt 0.207200 0.687900
vt 0.209100 0.692200
vt 0.220100 0.691700
vt 0.193700 0.687700
vt 0.205900 0.683500
vt 0.187900 0.680700
vt 0.245200 0.687000
vt 0.231700 0.688800
vt 0.233000 0.691800
vt 0.246400 0.690300
vt 0.259500 0.687200
vt 0.258200 0.683400
vt 0.272000 0.682400
vt 0.270300 0.677300
vt 0.284300 0.675200
vt 0.282100 0.668300
vt 0.279200 0.660800
vt 0.294200 0.656500
vt 0.291100 0.645200
vt 0.309100 0.654200
vt 0.306300 0.643900
vt 0.296600 0.665300
vt 0.322900 0.641100
vt 0.318000 0.629100
vt 0.302800 0.624200
vt 0.330500 0.622300
vt 0.327000 0.613300
vt 0.342600 0.615700
vt 0.345100 0.622800
vt 0.356300 0.610400
vt 0.353600 0.598200
vt 0.367900 0.599300
vt 0.365100 0.585500
vt 0.361000 0.569400
vt 0.378600 0.573900
vt 0.373800 0.557900
vt 0.378100 0.520000
vt 0.366400 0.527500
vt 0.369500 0.540800
vt 0.381500 0.531500
vt 0.390900 0.564500
vt 0.396200 0.579100
vt 0.405000 0.572000
vt 0.400700 0.557200
vt 0.432400 0.640400
vt 0.429900 0.635400
vt 0.424000 0.642500
vt 0.427400 0.647300
vt 0.415700 0.665600
vt 0.421300 0.669100
vt 0.426800 0.659300
vt 0.422000 0.655600
vt 0.264400 0.759500
vt 0.264500 0.751500
vt 0.251000 0.748400
vt 0.248900 0.755700
vt 0.280800 0.759800
vt 0.279400 0.751700
vt 0.421200 0.604700
vt 0.420400 0.593400
vt 0.411400 0.599800
vt 0.413300 0.610900
vt 0.405800 0.617800
vt 0.403700 0.606200
vt 0.392100 0.617500
vt 0.395100 0.627400
vt 0.379600 0.629300
vt 0.383000 0.638500
vt 0.366400 0.641400
vt 0.370000 0.650300
vt 0.353500 0.652600
vt 0.357000 0.660800
vt 0.341300 0.663300
vt 0.344400 0.670900
vt 0.329100 0.673200
vt 0.331900 0.681000
vt 0.316900 0.683000
vt 0.319800 0.691100
vt 0.304600 0.692000
vt 0.307500 0.699700
vt 0.295300 0.707400
vt 0.292400 0.699800
vt 0.280000 0.706400
vt 0.283600 0.714900
vt 0.267400 0.711900
vt 0.254400 0.714500
vt 0.264500 0.702900
vt 0.277300 0.698400
vt 0.302200 0.684800
vt 0.300100 0.678600
vt 0.287700 0.686300
vt 0.289800 0.692500
vt 0.314500 0.675600
vt 0.362900 0.632400
vt 0.359700 0.623200
vt 0.348100 0.634900
vt 0.350500 0.644300
vt 0.336900 0.595100
vt 0.333900 0.583600
vt 0.324200 0.596600
vt 0.326700 0.665300
vt 0.324600 0.657700
vt 0.312500 0.668900
vt 0.338600 0.654900
vt 0.336300 0.645900
vt 0.262200 0.695700
vt 0.249300 0.698300
vt 0.251800 0.705700
vt 0.243100 0.715800
vt 0.239700 0.707500
vt 0.375800 0.619400
vt 0.370900 0.609400
vt 0.388500 0.606700
vt 0.383000 0.590500
vt 0.401300 0.594000
vt 0.409100 0.587600
vt 0.296900 0.757400
vt 0.294700 0.748900
vt 0.342300 0.740100
vt 0.338200 0.730000
vt 0.324200 0.738200
vt 0.327800 0.748000
vt 0.356700 0.728700
vt 0.352200 0.719800
vt 0.371500 0.716600
vt 0.366000 0.708500
vt 0.385200 0.703500
vt 0.379400 0.696600
vt 0.397900 0.690900
vt 0.391700 0.684200
vt 0.410800 0.660800
vt 0.402100 0.672100
vt 0.407800 0.677300
vt 0.414600 0.681000
vt 0.313000 0.754000
vt 0.275100 0.691900
vt 0.309800 0.744500
vt 0.209700 0.562600
vt 0.230400 0.563800
vt 0.207700 0.551500
vt 0.285000 0.546500
vt 0.179200 0.641300
vt 0.182700 0.637200
vt 0.176800 0.633700
vt 0.173300 0.638300
vt 0.218100 0.667100
vt 0.225300 0.675500
vt 0.193900 0.652100
vt 0.251300 0.564700
vt 0.299100 0.565400
vt 0.196200 0.674000
vt 0.207800 0.678500
vt 0.186800 0.668600
vt 0.176400 0.662800
vt 0.431300 0.651600
vt 0.418000 0.650900
vt 0.298400 0.766600
vt 0.183200 0.691700
vt 0.176200 0.685300
vt 0.230400 0.686100
vt 0.243900 0.684200
vt 0.178700 0.673900
vt 0.210900 0.589200
vt 0.210800 0.575600
vt 0.189200 0.625000
vt 0.182700 0.621600
vt 0.179800 0.628300
vt 0.185900 0.631900
vt 0.256700 0.679800
vt 0.268100 0.672200
vt 0.300800 0.525100
vt 0.294000 0.504300
vt 0.303900 0.544100
vt 0.305300 0.563900
vt 0.305100 0.587600
vt 0.435500 0.645300
vt 0.440300 0.638400
vt 0.438100 0.633500
vt 0.436200 0.628500
vt 0.434200 0.617700
vt 0.432900 0.611500
vt 0.426200 0.625100
vt 0.431000 0.605200
vt 0.431700 0.599400
vt 0.432600 0.585900
vt 0.419000 0.579900
vt 0.432300 0.573200
vt 0.409200 0.496100
vt 0.399100 0.505900
vt 0.403400 0.516900
vt 0.415700 0.506800
vt 0.396700 0.540700
vt 0.411500 0.550500
vt 0.407700 0.532100
vt 0.430100 0.559300
vt 0.426900 0.541400
vt 0.415400 0.565200
vt 0.308500 0.524000
vt 0.304700 0.503700
vt 0.311100 0.542000
vt 0.314200 0.609300
vt 0.346400 0.573900
vt 0.341700 0.569800
vt 0.355700 0.550100
vt 0.386200 0.548300
vt 0.421400 0.521400
vt 0.392000 0.524400
vt 0.342100 0.558800
vt 0.313800 0.581500
vt 0.312700 0.560400
vt 0.322300 0.574700
vt 0.332000 0.567000
vt 0.316600 0.521200
vt 0.314800 0.501900
vt 0.319100 0.538300
vt 0.321000 0.555500
vt 0.329600 0.549700
vt 0.340000 0.543300
vt 0.353300 0.535700
vt 0.388800 0.513500
vt 0.325500 0.517900
vt 0.324000 0.501200
vt 0.327700 0.533600
vt 0.338600 0.528500
vt 0.337100 0.514000
vt 0.336000 0.498500
vt 0.351600 0.522100
vt 0.350300 0.508600
vt 0.349600 0.494000
vt 0.364400 0.515600
vt 0.363400 0.503500
vt 0.363200 0.489600
vt 0.375900 0.509500
vt 0.374900 0.498500
vt 0.375400 0.486300
vt 0.386100 0.503800
vt 0.384700 0.494700
vt 0.391600 0.492300
vt 0.395400 0.484500
vt 0.386200 0.484400
vt 0.402400 0.488800
vt 0.394800 0.497700
vt 0.422200 0.681800
vt 0.427200 0.671300
vt 0.431900 0.662300
vt 0.435700 0.655200
vt 0.439100 0.649200
vt 0.443300 0.642300
vt 0.416800 0.708600
vt 0.417100 0.701900
vt 0.417900 0.692900
vt 0.333100 0.786000
vt 0.339300 0.791200
vt 0.341200 0.787300
vt 0.271600 0.789200
vt 0.277700 0.784200
vt 0.314400 0.776800
vt 0.325700 0.781400
vt 0.299700 0.776300
vt 0.286100 0.779000
vt 0.190400 0.530500
vt 0.183800 0.532100
vt 0.187000 0.544800
vt 0.194000 0.543300
vt 0.208500 0.602100
vt 0.192400 0.617000
vt 0.185300 0.613700
vt 0.188700 0.553500
vt 0.196200 0.552800
vt 0.174400 0.645400
vt 0.186200 0.646000
vt 0.201800 0.526300
vt 0.205500 0.540300
vt 0.407100 0.623500
vt 0.414300 0.616600
vt 0.396800 0.632800
vt 0.384900 0.643500
vt 0.371900 0.654800
vt 0.359100 0.665600
vt 0.346600 0.676000
vt 0.333800 0.685900
vt 0.321600 0.695700
vt 0.309500 0.704700
vt 0.297700 0.712300
vt 0.421200 0.610600
vt 0.288300 0.717200
vt 0.427900 0.604900
vt 0.335000 0.633400
vt 0.336300 0.624800
vt 0.349700 0.584000
vt 0.339500 0.605500
vt 0.234600 0.695100
vt 0.247600 0.693600
vt 0.260700 0.690900
vt 0.273400 0.687000
vt 0.286000 0.681000
vt 0.298400 0.672700
vt 0.310800 0.662500
vt 0.323300 0.651300
vt 0.346400 0.628700
vt 0.357000 0.617400
vt 0.365500 0.608200
vt 0.335400 0.640000
vt 0.236500 0.699800
vt 0.222400 0.695800
vt 0.211400 0.696100
vt 0.213100 0.699900
vt 0.224500 0.700200
vt 0.202200 0.700200
vt 0.206900 0.710900
vt 0.217600 0.709800
vt 0.200500 0.697100
vt 0.197800 0.693700
vt 0.180500 0.703300
vt 0.182600 0.713500
vt 0.195600 0.711800
vt 0.192700 0.701600
vt 0.194100 0.698000
vt 0.190000 0.696500
vt 0.199400 0.723600
vt 0.185000 0.722600
vt 0.344300 0.784800
vt 0.347400 0.783700
vt 0.350200 0.783900
vt 0.417400 0.714400
vt 0.266500 0.794500
vt 0.209800 0.732100
vt 0.406900 0.655000
vt 0.414700 0.645500
vt 0.421300 0.637600
vt 0.386400 0.677900
vt 0.397400 0.666100
vt 0.374200 0.689600
vt 0.347700 0.711600
vt 0.361100 0.701000
vt 0.320600 0.729600
vt 0.334200 0.721300
vt 0.277900 0.744100
vt 0.292400 0.741000
vt 0.306800 0.736200
vt 0.264200 0.744300
vt 0.427900 0.630300
vt 0.252600 0.742200
vt 0.242700 0.738700
vt 0.238700 0.743300
vt 0.435100 0.623200
vt 0.234700 0.748600
vt 0.221500 0.740400
vt 0.234400 0.733400
vt 0.227200 0.736800
vt 0.227000 0.726600
vt 0.216600 0.729400
vt 0.221600 0.718500
vt 0.210600 0.720500
vt 0.236800 0.724700
vt 0.241700 0.731200
vt 0.228500 0.708700
vt 0.217700 0.681300
vt 0.217900 0.677400
vt 0.217600 0.685100
vt 0.232400 0.717000
vt 0.245700 0.735600
vt 0.172700 0.696600
vt 0.216200 0.673000
vt 0.167900 0.643100
vt 0.621100 0.541100
vt 0.613200 0.533500
vt 0.615100 0.554000
vt 0.621500 0.558400
vt 0.614400 0.571700
vt 0.620900 0.575500
vt 0.612000 0.588000
vt 0.618800 0.592000
vt 0.607800 0.603300
vt 0.615000 0.608000
vt 0.601600 0.617700
vt 0.609100 0.623300
vt 0.594200 0.631000
vt 0.600800 0.637200
vt 0.185300 0.515100
vt 0.178800 0.517800
vt 0.265600 0.482700
vt 0.261300 0.484900
vt 0.683800 0.665600
vt 0.679500 0.691100
vt 0.684300 0.694000
vt 0.690100 0.669400
vt 0.693400 0.648400
vt 0.684900 0.644600
vt 0.695200 0.611600
vt 0.681000 0.604900
vt 0.683200 0.624100
vt 0.694600 0.629500
vt 0.663300 0.560200
vt 0.664300 0.578100
vt 0.679600 0.583700
vt 0.679100 0.561700
vt 0.637600 0.552100
vt 0.637700 0.567900
vt 0.648600 0.572600
vt 0.648600 0.556400
vt 0.220900 0.048400
vt 0.237000 0.051000
vt 0.236800 0.044000
vt 0.220300 0.040900
vt 0.205600 0.045900
vt 0.205000 0.038400
vt 0.810200 0.490200
vt 0.812200 0.506800
vt 0.814800 0.506400
vt 0.814400 0.490900
vt 0.808300 0.456800
vt 0.799900 0.456000
vt 0.801600 0.474400
vt 0.808400 0.474400
vt 0.832600 0.463100
vt 0.822600 0.459700
vt 0.820600 0.475800
vt 0.829200 0.477900
vt 0.808700 0.439300
vt 0.798700 0.438000
vt 0.836200 0.448500
vt 0.825000 0.444000
vt 0.811000 0.423900
vt 0.798300 0.421200
vt 0.840400 0.433300
vt 0.828000 0.429300
vt 0.774800 0.494900
vt 0.780100 0.509600
vt 0.783000 0.508600
vt 0.779700 0.493500
vt 0.769800 0.478800
vt 0.763600 0.459100
vt 0.754200 0.462800
vt 0.761000 0.481600
vt 0.787100 0.455600
vt 0.777700 0.455800
vt 0.781800 0.475400
vt 0.789800 0.474500
vt 0.758800 0.441300
vt 0.748000 0.445000
vt 0.785100 0.437500
vt 0.774500 0.438000
vt 0.782800 0.419100
vt 0.771300 0.421100
vt 0.742400 0.529500
vt 0.734300 0.518000
vt 0.726500 0.523400
vt 0.735000 0.536000
vt 0.725200 0.503800
vt 0.740800 0.513200
vt 0.732000 0.497700
vt 0.749600 0.486200
vt 0.742700 0.468200
vt 0.734400 0.472900
vt 0.741600 0.490500
vt 0.706400 0.474000
vt 0.715900 0.488700
vt 0.723300 0.482300
vt 0.714400 0.467200
vt 0.735700 0.450800
vt 0.726700 0.456900
vt 0.748700 0.465300
vt 0.741700 0.447600
vt 0.755700 0.483700
vt 0.761700 0.500700
vt 0.766700 0.498200
vt 0.677900 0.456500
vt 0.681200 0.454100
vt 0.677600 0.449400
vt 0.674100 0.453100
vt 0.684100 0.450800
vt 0.681600 0.445800
vt 0.691200 0.467800
vt 0.699300 0.480700
vt 0.696200 0.459400
vt 0.701000 0.502200
vt 0.708300 0.495000
vt 0.690700 0.486800
vt 0.717600 0.509000
vt 0.709900 0.515100
vt 0.718600 0.528500
vt 0.727500 0.542500
vt 0.745400 0.550500
vt 0.737300 0.558500
vt 0.754600 0.543200
vt 0.791900 0.437600
vt 0.790500 0.422200
vt 0.793700 0.455800
vt 0.795900 0.474200
vt 0.797900 0.490500
vt 0.803600 0.490200
vt 0.843500 0.450800
vt 0.847300 0.438100
vt 0.856400 0.438600
vt 0.852700 0.453700
vt 0.839400 0.465600
vt 0.847200 0.469200
vt 0.835900 0.479300
vt 0.843600 0.481400
vt 0.833000 0.494000
vt 0.840900 0.495400
vt 0.455100 0.034400
vt 0.472500 0.037500
vt 0.472900 0.028200
vt 0.452900 0.027000
vt 0.349700 0.791000
vt 0.351500 0.791800
vt 0.348400 0.792200
vt 0.347100 0.794800
vt 0.750900 0.335900
vt 0.754900 0.345300
vt 0.759300 0.339600
vt 0.753200 0.333300
vt 0.747800 0.337200
vt 0.749000 0.348300
vt 0.743600 0.337200
vt 0.740200 0.346200
vt 0.251700 0.796800
vt 0.254200 0.796500
vt 0.256600 0.798500
vt 0.259800 0.799000
vt 0.662600 0.384400
vt 0.666600 0.377400
vt 0.657800 0.372500
vt 0.655200 0.376000
vt 0.649400 0.375700
vt 0.653000 0.384400
vt 0.645000 0.374300
vt 0.646300 0.383300
vt 0.411100 0.725600
vt 0.414300 0.721700
vt 0.408900 0.730200
vt 0.173900 0.729700
vt 0.174500 0.736000
vt 0.625400 0.443600
vt 0.618400 0.438000
vt 0.610100 0.445900
vt 0.616200 0.450900
vt 0.633800 0.436800
vt 0.626400 0.430700
vt 0.640600 0.428200
vt 0.633100 0.422400
vt 0.646500 0.418000
vt 0.638900 0.413100
vt 0.652800 0.407800
vt 0.643800 0.403300
vt 0.658000 0.396000
vt 0.646700 0.393100
vt 0.655300 0.425300
vt 0.650100 0.436700
vt 0.669400 0.439700
vt 0.665400 0.435500
vt 0.662900 0.438900
vt 0.665600 0.443200
vt 0.664700 0.416900
vt 0.672800 0.435600
vt 0.668500 0.432700
vt 0.781700 0.379800
vt 0.789400 0.378800
vt 0.790000 0.372200
vt 0.775700 0.371700
vt 0.785500 0.404800
vt 0.789300 0.405500
vt 0.789200 0.400100
vt 0.784300 0.400100
vt 0.804400 0.376300
vt 0.797400 0.381300
vt 0.793200 0.405700
vt 0.794400 0.401100
vt 0.864400 0.395300
vt 0.868600 0.389000
vt 0.858800 0.381800
vt 0.851300 0.391600
vt 0.856900 0.411900
vt 0.858800 0.407300
vt 0.854700 0.405700
vt 0.852200 0.409300
vt 0.847700 0.424400
vt 0.851000 0.426200
vt 0.852700 0.421700
vt 0.848300 0.419900
vt 0.873500 0.404800
vt 0.877800 0.396800
vt 0.861800 0.414100
vt 0.862500 0.409900
vt 0.854800 0.427200
vt 0.857300 0.423700
vt 0.671900 0.393500
vt 0.679400 0.383000
vt 0.670900 0.406900
vt 0.679100 0.401000
vt 0.688400 0.395900
vt 0.761200 0.353400
vt 0.767000 0.346100
vt 0.762300 0.367300
vt 0.776300 0.359300
vt 0.763200 0.381800
vt 0.772000 0.383500
vt 0.774800 0.405200
vt 0.767500 0.407000
vt 0.749600 0.360400
vt 0.736000 0.358900
vt 0.740300 0.372700
vt 0.751300 0.369400
vt 0.840300 0.349200
vt 0.832600 0.356100
vt 0.842000 0.361000
vt 0.846200 0.352600
vt 0.852000 0.361500
vt 0.853100 0.352600
vt 0.805700 0.364800
vt 0.823800 0.365300
vt 0.817700 0.353200
vt 0.804700 0.354900
vt 0.819800 0.378000
vt 0.809000 0.387300
vt 0.818500 0.389800
vt 0.836200 0.372200
vt 0.842000 0.385800
vt 0.850100 0.373900
vt 0.836300 0.396200
vt 0.843400 0.400400
vt 0.814300 0.411000
vt 0.806300 0.408300
vt 0.837500 0.419100
vt 0.830100 0.416400
vt 0.831500 0.382200
vt 0.649300 0.590000
vt 0.636600 0.584100
vt 0.665500 0.597500
vt 0.636000 0.601600
vt 0.648900 0.608700
vt 0.666800 0.617000
vt 0.648600 0.627100
vt 0.634300 0.619600
vt 0.666500 0.635900
vt 0.630900 0.637500
vt 0.646400 0.646600
vt 0.665000 0.655600
vt 0.225700 0.498200
vt 0.209000 0.504500
vt 0.625500 0.656500
vt 0.642600 0.668500
vt 0.662400 0.680200
vt 0.244300 0.489500
vt 0.705800 0.690900
vt 0.707200 0.671100
vt 0.697300 0.672000
vt 0.690900 0.697900
vt 0.270700 0.478700
vt 0.190800 0.036500
vt 0.191000 0.043800
vt 0.287200 0.482200
vt 0.284800 0.465800
vt 0.268800 0.461000
vt 0.166400 0.658400
vt 0.173200 0.722700
vt 0.627100 0.464000
vt 0.637300 0.458700
vt 0.631100 0.450300
vt 0.621800 0.456800
vt 0.640200 0.443700
vt 0.648100 0.452600
vt 0.654600 0.448100
vt 0.165200 0.690000
vt 0.154000 0.694700
vt 0.161300 0.701700
vt 0.652400 0.484700
vt 0.665900 0.480100
vt 0.660000 0.468900
vt 0.647300 0.474800
vt 0.667500 0.464300
vt 0.682400 0.471500
vt 0.637100 0.537300
vt 0.648600 0.541000
vt 0.662500 0.543800
vt 0.167700 0.667300
vt 0.157200 0.662200
vt 0.168500 0.678300
vt 0.157700 0.682200
vt 0.158200 0.671000
vt 0.147600 0.674300
vt 0.145300 0.685100
vt 0.630500 0.497600
vt 0.633600 0.510300
vt 0.646200 0.511900
vt 0.643500 0.498600
vt 0.635800 0.523500
vt 0.648000 0.526200
vt 0.640100 0.488100
vt 0.657100 0.497800
vt 0.660000 0.512600
vt 0.661800 0.528200
vt 0.670900 0.496200
vt 0.673900 0.511200
vt 0.675900 0.527800
vt 0.300500 0.483700
vt 0.678000 0.543600
vt 0.703900 0.633800
vt 0.706100 0.617500
vt 0.701000 0.651200
vt 0.712700 0.637300
vt 0.717500 0.623300
vt 0.709200 0.653100
vt 0.253100 0.045900
vt 0.253100 0.052500
vt 0.268600 0.052900
vt 0.268500 0.046300
vt 0.283000 0.052000
vt 0.282800 0.045200
vt 0.696400 0.591200
vt 0.710400 0.599900
vt 0.723200 0.609300
vt 0.296600 0.049900
vt 0.296400 0.043000
vt 0.698100 0.563300
vt 0.716700 0.583800
vt 0.728800 0.596800
vt 0.309300 0.046600
vt 0.309000 0.039200
vt 0.727100 0.569100
vt 0.716300 0.551400
vt 0.737000 0.584200
vt 0.746400 0.571800
vt 0.754500 0.563300
vt 0.766900 0.553500
vt 0.884000 0.409200
vt 0.885700 0.402000
vt 0.874000 0.415200
vt 0.882200 0.416700
vt 0.873400 0.440100
vt 0.877100 0.431000
vt 0.867600 0.429900
vt 0.870300 0.453700
vt 0.874900 0.512600
vt 0.889300 0.510800
vt 0.887400 0.492000
vt 0.872300 0.494900
vt 0.886200 0.478600
vt 0.885000 0.464900
vt 0.870300 0.467900
vt 0.871100 0.481700
vt 0.885600 0.450100
vt 0.885900 0.438700
vt 0.887300 0.430600
vt 0.890700 0.417300
vt 0.892500 0.410900
vt 0.894300 0.404700
vt 0.901200 0.411700
vt 0.903000 0.405700
vt 0.899600 0.417600
vt 0.897500 0.435300
vt 0.897400 0.428800
vt 0.898900 0.442400
vt 0.906400 0.506000
vt 0.903600 0.488100
vt 0.900800 0.474100
vt 0.899400 0.461800
vt 0.899400 0.448900
vt 0.815800 0.525000
vt 0.817600 0.507100
vt 0.830800 0.509900
vt 0.839300 0.511800
vt 0.877400 0.532700
vt 0.892200 0.530300
vt 0.909000 0.526600
vt 0.298500 0.468100
vt 0.828500 0.529800
vt 0.838400 0.532200
vt 0.816300 0.540400
vt 0.820000 0.526500
vt 0.811200 0.525500
vt 0.881500 0.550000
vt 0.895700 0.546700
vt 0.910900 0.542000
vt 0.887400 0.565300
vt 0.900600 0.560000
vt 0.914000 0.554200
vt 0.787500 0.527900
vt 0.786000 0.508500
vt 0.759900 0.518500
vt 0.763800 0.537300
vt 0.772600 0.533600
vt 0.766600 0.515900
vt 0.791300 0.543000
vt 0.792200 0.527700
vt 0.781800 0.529600
vt 0.778600 0.547600
vt 0.322600 0.042000
vt 0.322400 0.034400
vt 0.389000 0.026600
vt 0.401500 0.025900
vt 0.401300 0.017300
vt 0.388700 0.018200
vt 0.376300 0.027700
vt 0.375900 0.019500
vt 0.362700 0.021400
vt 0.363000 0.029800
vt 0.347400 0.025400
vt 0.347200 0.033800
vt 0.335400 0.029300
vt 0.335200 0.037500
vt 0.323800 0.468000
vt 0.311700 0.468400
vt 0.313100 0.483100
vt 0.323200 0.482900
vt 0.336500 0.480900
vt 0.337100 0.467100
vt 0.351000 0.465700
vt 0.350200 0.478300
vt 0.364900 0.464200
vt 0.363800 0.475600
vt 0.376900 0.473600
vt 0.378500 0.462800
vt 0.388900 0.472700
vt 0.391600 0.461900
vt 0.907100 0.569700
vt 0.896400 0.575700
vt 0.905200 0.584000
vt 0.914300 0.577400
vt 0.176800 0.042100
vt 0.176900 0.035200
vt 0.162700 0.040600
vt 0.163200 0.033900
vt 0.149200 0.032600
vt 0.148400 0.039000
vt 0.135400 0.031200
vt 0.134200 0.037200
vt 0.122000 0.029500
vt 0.120300 0.035100
vt 0.109100 0.027000
vt 0.106900 0.032100
vt 0.096500 0.023700
vt 0.094100 0.028500
vt 0.487300 0.041200
vt 0.499700 0.044500
vt 0.501900 0.039400
vt 0.489600 0.034800
vt 0.918100 0.563400
vt 0.400300 0.473200
vt 0.236900 0.069100
vt 0.221100 0.067100
vt 0.220900 0.077900
vt 0.236600 0.079000
vt 0.205700 0.064900
vt 0.205500 0.076200
vt 0.252700 0.070100
vt 0.252200 0.079400
vt 0.267400 0.079100
vt 0.268000 0.070100
vt 0.281700 0.077800
vt 0.282400 0.068900
vt 0.295300 0.075400
vt 0.295900 0.066500
vt 0.308200 0.073600
vt 0.308800 0.064200
vt 0.190700 0.062700
vt 0.190200 0.074400
vt 0.321300 0.071800
vt 0.321800 0.061900
vt 0.402300 0.049700
vt 0.389400 0.050300
vt 0.389600 0.060600
vt 0.402500 0.059800
vt 0.376300 0.051300
vt 0.376300 0.061900
vt 0.362500 0.053700
vt 0.362400 0.064200
vt 0.347800 0.056800
vt 0.348100 0.067100
vt 0.334800 0.059400
vt 0.334600 0.069600
vt 0.175800 0.060800
vt 0.175100 0.072400
vt 0.160900 0.058900
vt 0.159900 0.070000
vt 0.145900 0.056800
vt 0.144700 0.067200
vt 0.131000 0.054400
vt 0.129700 0.064100
vt 0.116500 0.051500
vt 0.115000 0.060600
vt 0.102600 0.048200
vt 0.101000 0.057200
vt 0.089700 0.044800
vt 0.077600 0.041400
vt 0.075800 0.050500
vt 0.088000 0.053900
vt 0.231900 0.151900
vt 0.216300 0.150300
vt 0.214600 0.169800
vt 0.230300 0.171600
vt 0.463800 0.136200
vt 0.449400 0.135800
vt 0.452200 0.157900
vt 0.466700 0.157400
vt 0.478400 0.136500
vt 0.481400 0.156800
vt 0.200500 0.148100
vt 0.198600 0.167400
vt 0.247100 0.152800
vt 0.245800 0.172600
vt 0.260900 0.173000
vt 0.262100 0.152900
vt 0.275800 0.172800
vt 0.276700 0.152300
vt 0.290400 0.172100
vt 0.291000 0.151000
vt 0.305000 0.171000
vt 0.305100 0.149400
vt 0.184500 0.145400
vt 0.182300 0.164600
vt 0.319500 0.169700
vt 0.319400 0.147600
vt 0.435300 0.135900
vt 0.421300 0.136500
vt 0.423700 0.159400
vt 0.437900 0.158500
vt 0.407300 0.137300
vt 0.393000 0.138500
vt 0.394800 0.161700
vt 0.409400 0.160400
vt 0.378500 0.140000
vt 0.379800 0.163200
vt 0.363600 0.141800
vt 0.364600 0.164800
vt 0.348600 0.143700
vt 0.349300 0.166500
vt 0.333900 0.145600
vt 0.334300 0.168200
vt 0.168400 0.142400
vt 0.165900 0.161400
vt 0.152200 0.139100
vt 0.149400 0.158000
vt 0.136000 0.135500
vt 0.132900 0.154300
vt 0.120100 0.131600
vt 0.116600 0.150300
vt 0.104600 0.127500
vt 0.100700 0.146100
vt 0.089700 0.123200
vt 0.085200 0.141600
vt 0.075200 0.118500
vt 0.061400 0.113500
vt 0.055800 0.131800
vt 0.070300 0.136900
vt 0.496300 0.155900
vt 0.492900 0.136500
vt 0.235900 0.094100
vt 0.220300 0.093500
vt 0.219300 0.111700
vt 0.234800 0.112800
vt 0.472300 0.079500
vt 0.457900 0.075800
vt 0.459100 0.093900
vt 0.473500 0.097000
vt 0.204700 0.092100
vt 0.203600 0.110000
vt 0.251400 0.093900
vt 0.250100 0.113100
vt 0.264900 0.112600
vt 0.266400 0.093100
vt 0.279200 0.111200
vt 0.280700 0.091600
vt 0.292900 0.108700
vt 0.294300 0.089100
vt 0.306300 0.106000
vt 0.307400 0.086800
vt 0.189200 0.090400
vt 0.188000 0.108000
vt 0.319800 0.103600
vt 0.320500 0.084800
vt 0.402900 0.072800
vt 0.389900 0.073800
vt 0.390500 0.092700
vt 0.403800 0.091600
vt 0.376300 0.075100
vt 0.376600 0.094200
vt 0.362300 0.077400
vt 0.362300 0.096400
vt 0.348100 0.080200
vt 0.347900 0.098900
vt 0.334100 0.082700
vt 0.333700 0.101300
vt 0.173800 0.088200
vt 0.172300 0.105500
vt 0.158400 0.085600
vt 0.156700 0.102700
vt 0.143000 0.082500
vt 0.141100 0.099400
vt 0.127900 0.079000
vt 0.125800 0.095700
vt 0.113200 0.075200
vt 0.110900 0.091800
vt 0.099100 0.071200
vt 0.096700 0.087700
vt 0.085900 0.067300
vt 0.073400 0.062900
vt 0.070200 0.078500
vt 0.083100 0.083300
vt 0.217900 0.130900
vt 0.233400 0.132300
vt 0.202100 0.128900
vt 0.248600 0.132900
vt 0.263400 0.132800
vt 0.277800 0.131800
vt 0.291800 0.129900
vt 0.305500 0.127700
vt 0.186300 0.126500
vt 0.319400 0.125500
vt 0.391500 0.115500
vt 0.405300 0.114300
vt 0.377300 0.116900
vt 0.362800 0.118900
vt 0.348100 0.121100
vt 0.333700 0.123300
vt 0.170500 0.123800
vt 0.154600 0.120700
vt 0.138700 0.117200
vt 0.123100 0.113500
vt 0.108000 0.109500
vt 0.093500 0.105200
vt 0.066200 0.095800
vt 0.079500 0.100700
vt 0.677600 0.423200
vt 0.682400 0.417100
vt 0.815300 0.458000
vt 0.814700 0.475100
vt 0.818700 0.491400
vt 0.817000 0.441300
vt 0.819600 0.425900
vt 0.775800 0.477100
vt 0.771000 0.456900
vt 0.784000 0.492200
vt 0.766800 0.439400
vt 0.763100 0.423000
vt 0.754600 0.424700
vt 0.736700 0.493600
vt 0.728400 0.477400
vt 0.744500 0.510100
vt 0.748400 0.507200
vt 0.720000 0.462000
vt 0.710800 0.446500
vt 0.704700 0.450900
vt 0.718100 0.441700
vt 0.703500 0.433600
vt 0.697700 0.437100
vt 0.709700 0.429400
vt 0.688700 0.412200
vt 0.695900 0.408100
vt 0.745400 0.385200
vt 0.754200 0.382900
vt 0.759900 0.408400
vt 0.752300 0.409400
vt 0.827700 0.392900
vt 0.822300 0.413300
vt 0.755500 0.503900
vt 0.716400 0.389800
vt 0.713300 0.383300
vt 0.701400 0.391800
vt 0.710100 0.395300
vt 0.721300 0.399300
vt 0.726800 0.396500
vt 0.723400 0.392200
vt 0.718600 0.394200
vt 0.714500 0.396900
vt 0.716100 0.401800
vt 0.725900 0.418400
vt 0.729500 0.417100
vt 0.727100 0.411400
vt 0.722700 0.414000
vt 0.724800 0.387600
vt 0.731700 0.392700
vt 0.737200 0.388500
vt 0.727700 0.378800
vt 0.737800 0.421300
vt 0.742800 0.428000
vt 0.744500 0.410700
vt 0.737500 0.409700
vt 0.703900 0.404700
vt 0.710700 0.403200
vt 0.719400 0.418400
vt 0.727100 0.426400
vt 0.733200 0.425700
vt 0.732900 0.415000
vt 0.732000 0.409600
vt 0.789900 0.414500
vt 0.784000 0.412400
vt 0.795700 0.413200
vt 0.799800 0.403900
vt 0.790800 0.362600
vt 0.780000 0.402000
vt 0.789100 0.388300
vt 0.789100 0.383300
vt 0.784500 0.383300
vt 0.783600 0.387800
vt 0.793900 0.384000
vt 0.795000 0.388600
vt 0.778500 0.386200
vt 0.848700 0.433500
vt 0.844500 0.428600
vt 0.855600 0.433500
vt 0.866300 0.407900
vt 0.867100 0.414800
vt 0.860900 0.402400
vt 0.853600 0.401000
vt 0.848300 0.405500
vt 0.843600 0.419400
vt 0.692300 0.440800
vt 0.686500 0.461200
vt 0.690400 0.455100
vt 0.661400 0.431300
vt 0.658500 0.438000
vt 0.667400 0.427400
vt 0.661000 0.445500
vt 0.675200 0.430200
vt 0.750600 0.522500
vt 0.753200 0.521100
vt 0.748300 0.524700
vt 0.759200 0.539700
vt 0.772900 0.513100
vt 0.802300 0.527700
vt 0.803600 0.541100
vt 0.799600 0.507600
vt 0.792800 0.508000
vt 0.791600 0.491200
vt 0.806300 0.507200
vt 0.824000 0.508300
vt 0.826500 0.492400
vt 0.722800 0.367400
vt 0.709000 0.374100
vt 0.695100 0.380000
vt 0.715800 0.424400
vt 0.728400 0.434700
vt 0.736500 0.433600
vt 0.686400 0.443400
vt 0.680200 0.463700
vt 0.801300 0.388000
vt 0.443200 0.073400
vt 0.444500 0.091400
vt 0.446900 0.113600
vt 0.461300 0.115000
vt 0.475700 0.116600
vt 0.224900 0.250900
vt 0.208000 0.248600
vt 0.206700 0.268400
vt 0.223500 0.270700
vt 0.228900 0.191300
vt 0.212900 0.189400
vt 0.211200 0.209100
vt 0.227400 0.211000
vt 0.480400 0.265200
vt 0.478600 0.243200
vt 0.463200 0.245600
vt 0.465300 0.267600
vt 0.469800 0.178600
vt 0.455100 0.179800
vt 0.458000 0.201700
vt 0.473000 0.200000
vt 0.499800 0.261800
vt 0.495700 0.240300
vt 0.484800 0.177300
vt 0.488300 0.198100
vt 0.190900 0.246300
vt 0.189200 0.266200
vt 0.196600 0.186900
vt 0.194600 0.206500
vt 0.242000 0.252900
vt 0.241500 0.273200
vt 0.244600 0.192500
vt 0.243500 0.212500
vt 0.258800 0.254600
vt 0.259200 0.275300
vt 0.260000 0.193100
vt 0.259300 0.213400
vt 0.274900 0.255800
vt 0.275600 0.276900
vt 0.274800 0.214000
vt 0.275200 0.193300
vt 0.290300 0.256600
vt 0.290600 0.278000
vt 0.290000 0.214200
vt 0.290100 0.193100
vt 0.305500 0.257100
vt 0.305400 0.278800
vt 0.305100 0.214000
vt 0.305000 0.192500
vt 0.173500 0.243600
vt 0.171700 0.264000
vt 0.180100 0.184000
vt 0.177700 0.203600
vt 0.321700 0.257500
vt 0.322600 0.279600
vt 0.319800 0.191800
vt 0.320300 0.213700
vt 0.433500 0.249900
vt 0.436100 0.271900
vt 0.450500 0.269900
vt 0.448300 0.247800
vt 0.440600 0.181000
vt 0.426100 0.182200
vt 0.428600 0.204900
vt 0.443300 0.203300
vt 0.418100 0.252000
vt 0.402600 0.253800
vt 0.404900 0.275400
vt 0.420000 0.273800
vt 0.413700 0.206600
vt 0.411500 0.183500
vt 0.396600 0.185000
vt 0.398500 0.208200
vt 0.386000 0.255500
vt 0.387500 0.277100
vt 0.381300 0.186500
vt 0.382800 0.209700
vt 0.368800 0.256700
vt 0.369100 0.278800
vt 0.365700 0.188000
vt 0.366900 0.211100
vt 0.353000 0.257400
vt 0.353900 0.279700
vt 0.350200 0.189500
vt 0.351100 0.212300
vt 0.337300 0.257600
vt 0.338200 0.279900
vt 0.334900 0.190700
vt 0.335600 0.213100
vt 0.155600 0.240700
vt 0.153600 0.261500
vt 0.163300 0.180800
vt 0.160600 0.200400
vt 0.136900 0.237200
vt 0.134000 0.258100
vt 0.146400 0.177300
vt 0.143200 0.196900
vt 0.117800 0.233200
vt 0.113900 0.254000
vt 0.129400 0.173500
vt 0.125700 0.193000
vt 0.098300 0.228700
vt 0.092700 0.249100
vt 0.112700 0.169400
vt 0.108300 0.188900
vt 0.079400 0.223900
vt 0.072100 0.243900
vt 0.096200 0.165100
vt 0.091300 0.184400
vt 0.062300 0.219200
vt 0.055300 0.239200
vt 0.080300 0.160500
vt 0.074800 0.179800
vt 0.038800 0.234500
vt 0.045800 0.214400
vt 0.029600 0.209400
vt 0.022200 0.229500
vt 0.058900 0.175000
vt 0.064800 0.155800
vt 0.049800 0.150700
vt 0.043500 0.169900
vt 0.516200 0.258600
vt 0.511900 0.237400
vt 0.503800 0.195900
vt 0.500000 0.175700
vt 0.226100 0.230900
vt 0.209500 0.228800
vt 0.460800 0.223600
vt 0.476100 0.221500
vt 0.491900 0.219100
vt 0.192700 0.226300
vt 0.242600 0.232600
vt 0.258900 0.233900
vt 0.274700 0.234800
vt 0.290100 0.235300
vt 0.305400 0.235500
vt 0.175500 0.223500
vt 0.320900 0.235600
vt 0.445900 0.225600
vt 0.431000 0.227500
vt 0.400500 0.231300
vt 0.415900 0.229500
vt 0.384400 0.232900
vt 0.368000 0.234100
vt 0.352100 0.234900
vt 0.336400 0.235300
vt 0.157900 0.220300
vt 0.140000 0.216800
vt 0.121800 0.212900
vt 0.103600 0.208600
vt 0.085700 0.204100
vt 0.068900 0.199400
vt 0.052600 0.194500
vt 0.036800 0.189500
vt 0.507800 0.216500
vt 0.527600 0.234200
vt 0.523600 0.213500
vt 0.515300 0.173700
vt 0.511300 0.154500
vt 0.708100 0.534900
vt 0.694600 0.506900
vt 0.696400 0.522200
vt 0.697400 0.539400
vt 0.702900 0.519400
vt 0.698300 0.506500
vt 0.443000 0.061400
vt 0.457500 0.063800
vt 0.457200 0.054200
vt 0.442600 0.051500
vt 0.471700 0.067100
vt 0.471600 0.057400
vt 0.428600 0.050300
vt 0.415300 0.049800
vt 0.415600 0.059900
vt 0.428900 0.060300
vt 0.485000 0.069800
vt 0.497600 0.071400
vt 0.497500 0.061900
vt 0.485000 0.060100
vt 0.417000 0.091100
vt 0.430500 0.090800
vt 0.429400 0.072700
vt 0.415900 0.072700
vt 0.485700 0.082600
vt 0.487400 0.099200
vt 0.418900 0.113600
vt 0.432800 0.113300
vt 0.489900 0.117600
vt 0.861700 0.426600
vt 0.671300 0.457900
vt 0.905700 0.399800
vt 0.897100 0.398000
vt 0.888800 0.394800
vt 0.880800 0.389900
vt 0.872900 0.383500
vt 0.865700 0.376300
vt 0.860500 0.368100
vt 0.859500 0.358500
vt 0.858400 0.350000
vt 0.419200 0.720500
vt 0.408700 0.734200
vt 0.791400 0.353900
vt 0.778500 0.350700
vt 0.836400 0.344800
vt 0.828100 0.349200
vt 0.345800 0.797500
vt 0.739600 0.335300
vt 0.734800 0.343700
vt 0.261100 0.801100
vt 0.668400 0.371800
vt 0.659200 0.369100
vt 0.679900 0.373800
vt 0.692900 0.371500
vt 0.728400 0.353000
vt 0.717900 0.360800
vt 0.705700 0.366800
vt 0.850500 0.470700
vt 0.854500 0.470100
vt 0.849500 0.482800
vt 0.848500 0.513000
vt 0.849000 0.496700
vt 0.849700 0.533500
vt 0.857400 0.496800
vt 0.855700 0.483100
vt 0.859600 0.513700
vt 0.862400 0.533600
vt 0.866400 0.552000
vt 0.852400 0.551100
vt 0.439800 0.031100
vt 0.438200 0.023600
vt 0.839300 0.547300
vt 0.827700 0.543200
vt 0.413900 0.017800
vt 0.414100 0.026500
vt 0.425800 0.020300
vt 0.426600 0.028500
vt 0.237100 0.062500
vt 0.221200 0.060400
vt 0.205800 0.058000
vt 0.253000 0.063700
vt 0.268300 0.063800
vt 0.282800 0.062800
vt 0.296300 0.060500
vt 0.309200 0.057500
vt 0.190900 0.055700
vt 0.322200 0.054300
vt 0.402000 0.041300
vt 0.389300 0.041900
vt 0.376300 0.042700
vt 0.362600 0.045000
vt 0.347300 0.048500
vt 0.334900 0.051400
vt 0.176300 0.053700
vt 0.161600 0.051800
vt 0.146800 0.050100
vt 0.132100 0.048000
vt 0.117800 0.045300
vt 0.104000 0.042000
vt 0.091100 0.038300
vt 0.456800 0.046700
vt 0.441900 0.043900
vt 0.471900 0.049700
vt 0.428100 0.042500
vt 0.414900 0.041400
vt 0.485500 0.052600
vt 0.497900 0.054900
vt 0.237100 0.056900
vt 0.221100 0.054600
vt 0.205800 0.052100
vt 0.472200 0.043600
vt 0.456300 0.040300
vt 0.191000 0.049800
vt 0.253100 0.058200
vt 0.268600 0.058500
vt 0.283000 0.057500
vt 0.296400 0.055400
vt 0.309300 0.052200
vt 0.440900 0.037400
vt 0.322500 0.048200
vt 0.427500 0.035400
vt 0.401700 0.033600
vt 0.389200 0.034200
vt 0.376400 0.035100
vt 0.362800 0.037400
vt 0.347100 0.041100
vt 0.335100 0.044500
vt 0.176600 0.047900
vt 0.162100 0.046100
vt 0.147600 0.044500
vt 0.133100 0.042500
vt 0.118900 0.040000
vt 0.105300 0.036800
vt 0.092400 0.033100
vt 0.080100 0.029100
vt 0.078900 0.034500
vt 0.486200 0.046700
vt 0.414500 0.034000
vt 0.715700 0.687700
vt 0.715700 0.670400
vt 0.284400 0.454900
vt 0.269000 0.450000
vt 0.854200 0.564200
vt 0.873300 0.569900
vt 0.298100 0.457700
vt 0.716800 0.654400
vt 0.720300 0.640200
vt 0.725300 0.627500
vt 0.731300 0.615600
vt 0.737000 0.604300
vt 0.744400 0.592600
vt 0.793800 0.553700
vt 0.805200 0.551300
vt 0.782700 0.557500
vt 0.771800 0.563100
vt 0.760300 0.572600
vt 0.752300 0.581500
vt 0.311100 0.458500
vt 0.324100 0.458400
vt 0.337600 0.457800
vt 0.351500 0.457000
vt 0.365600 0.456000
vt 0.379700 0.455000
vt 0.393600 0.454200
vt 0.081600 0.024400
vt 0.887800 0.581200
vt 0.898500 0.589000
vt 0.840200 0.558500
vt 0.816900 0.551400
vt 0.828400 0.554100
vt 0.628600 0.547100
vt 0.629000 0.563200
vt 0.628300 0.579700
vt 0.625900 0.596100
vt 0.623200 0.613000
vt 0.618700 0.630100
vt 0.612000 0.646200
vt 0.195800 0.510000
vt 0.166600 0.650300
vt 0.157900 0.649300
vt 0.155900 0.655900
vt 0.141400 0.656800
vt 0.627400 0.533000
vt 0.619000 0.527800
vt 0.611000 0.520600
vt 0.902600 0.444200
vt 0.167000 0.708400
vt 0.171200 0.715100
vt 0.636100 0.479300
vt 0.146000 0.658800
vt 0.404700 0.462100
vt 0.084000 0.019300
vt 0.407600 0.453900
vt 0.147500 0.664900
vt 0.625300 0.520300
vt 0.615500 0.516800
vt 0.622300 0.508100
vt 0.673600 0.444500
vt 0.669600 0.448400
vt 0.677600 0.440300
vt 0.789100 0.394100
vt 0.783500 0.393900
vt 0.795200 0.394800
vt 0.849800 0.414500
vt 0.854700 0.416800
vt 0.859900 0.419100
vt 0.764900 0.394500
vt 0.772200 0.394200
vt 0.809000 0.397600
vt 0.816900 0.400000
vt 0.832600 0.406100
vt 0.839400 0.409200
vt 0.631700 0.471400
vt 0.642400 0.466700
vt 0.654200 0.460500
vt 0.660400 0.456600
vt 0.872100 0.422900
vt 0.879900 0.424000
vt 0.888900 0.423800
vt 0.898200 0.423200
vt 0.686400 0.431200
vt 0.691300 0.427200
vt 0.696700 0.423100
vt 0.702600 0.418900
vt 0.749500 0.397300
vt 0.757200 0.395700
vt 0.824900 0.402900
vt 0.724200 0.405200
vt 0.729900 0.402800
vt 0.719100 0.408000
vt 0.735700 0.400700
vt 0.742200 0.399000
vt 0.708800 0.414700
vt 0.714300 0.411000
vt 0.801800 0.395900
vt 0.778200 0.394000
vt 0.865500 0.421000
vt 0.845000 0.412000
vt 0.665400 0.452300
vt 0.681700 0.435800
vt 0.923300 0.570300
vt 0.507400 0.135900
vt 0.531500 0.255300
vt 0.519500 0.193400
vt 0.498700 0.084300
vt 0.501100 0.100300
vt 0.504100 0.117900
vt 0.498500 0.049400
vt 0.462500 0.523700
vt 0.461200 0.527500
vt 0.462500 0.529900
vt 0.465500 0.525900
vt 0.492700 0.541200
vt 0.487000 0.547400
vt 0.491600 0.549900
vt 0.496400 0.543100
vt 0.547600 0.546500
vt 0.558600 0.551000
vt 0.562000 0.541100
vt 0.550600 0.536800
vt 0.500000 0.526500
vt 0.501900 0.518100
vt 0.498000 0.517700
vt 0.496600 0.525800
vt 0.462000 0.523500
vt 0.460300 0.527800
vt 0.464300 0.518200
vt 0.465000 0.518400
vt 0.468300 0.514200
vt 0.467700 0.513600
vt 0.479900 0.510400
vt 0.475400 0.510100
vt 0.475200 0.511200
vt 0.479400 0.511800
vt 0.508400 0.510700
vt 0.500900 0.508400
vt 0.506700 0.519500
vt 0.538900 0.586300
vt 0.544500 0.578600
vt 0.534000 0.572600
vt 0.528000 0.579700
vt 0.514400 0.552000
vt 0.510100 0.560000
vt 0.517300 0.563700
vt 0.521900 0.555800
vt 0.528400 0.517700
vt 0.525300 0.526500
vt 0.532600 0.529500
vt 0.535000 0.520400
vt 0.016500 0.548900
vt 0.014000 0.558100
vt 0.020500 0.559700
vt 0.022400 0.552200
vt 0.020600 0.568400
vt 0.014900 0.568200
vt 0.018000 0.577300
vt 0.022900 0.575900
vt 0.036200 0.601400
vt 0.044200 0.611400
vt 0.049800 0.603500
vt 0.041100 0.596900
vt 0.100800 0.632300
vt 0.112300 0.635200
vt 0.117800 0.627100
vt 0.104500 0.624100
vt 0.074400 0.522800
vt 0.064500 0.523300
vt 0.064400 0.530800
vt 0.073700 0.530400
vt 0.043200 0.534400
vt 0.038800 0.529900
vt 0.028800 0.534300
vt 0.033800 0.539000
vt 0.105200 0.535600
vt 0.105900 0.527100
vt 0.098600 0.525600
vt 0.099300 0.534500
vt 0.475100 0.532100
vt 0.471900 0.537000
vt 0.476600 0.538600
vt 0.480100 0.533700
vt 0.482000 0.519900
vt 0.484200 0.514200
vt 0.476700 0.517200
vt 0.470700 0.538800
vt 0.466400 0.533400
vt 0.465100 0.534600
vt 0.469400 0.528800
vt 0.478500 0.526300
vt 0.473200 0.523100
vt 0.529600 0.538600
vt 0.522000 0.535300
vt 0.518400 0.543800
vt 0.526100 0.547400
vt 0.485800 0.522700
vt 0.483000 0.528400
vt 0.471200 0.510900
vt 0.470900 0.510300
vt 0.543600 0.555800
vt 0.539200 0.564600
vt 0.549800 0.570100
vt 0.554500 0.560900
vt 0.503900 0.527900
vt 0.496800 0.534300
vt 0.500400 0.535800
vt 0.489900 0.539500
vt 0.493700 0.533200
vt 0.472500 0.515600
vt 0.469200 0.520600
vt 0.501100 0.545500
vt 0.496700 0.552700
vt 0.503100 0.556200
vt 0.507400 0.548500
vt 0.537800 0.542200
vt 0.540600 0.532900
vt 0.521700 0.515300
vt 0.514800 0.512900
vt 0.512100 0.521500
vt 0.518500 0.523800
vt 0.524900 0.567700
vt 0.519000 0.574700
vt 0.508800 0.529800
vt 0.564800 0.531300
vt 0.552700 0.527200
vt 0.492000 0.559500
vt 0.486300 0.556000
vt 0.505100 0.537800
vt 0.534300 0.551300
vt 0.530000 0.559800
vt 0.515000 0.532300
vt 0.511300 0.540600
vt 0.033000 0.589500
vt 0.026900 0.582500
vt 0.022300 0.584200
vt 0.027700 0.591400
vt 0.053600 0.532500
vt 0.050800 0.526600
vt 0.027000 0.544800
vt 0.022200 0.540300
vt 0.085800 0.619300
vt 0.079600 0.617300
vt 0.074800 0.625100
vt 0.082200 0.627400
vt 0.052500 0.615800
vt 0.057200 0.607900
vt 0.121500 0.530300
vt 0.120500 0.538600
vt 0.132100 0.540200
vt 0.131400 0.531300
vt 0.488600 0.525100
vt 0.490200 0.525400
vt 0.490500 0.520400
vt 0.489200 0.521000
vt 0.454300 0.527600
vt 0.457300 0.527800
vt 0.458200 0.522000
vt 0.454600 0.520500
vt 0.460800 0.516400
vt 0.464200 0.511200
vt 0.460700 0.508100
vt 0.456700 0.514300
vt 0.479400 0.502800
vt 0.479500 0.506700
vt 0.486300 0.508800
vt 0.488300 0.505800
vt 0.487100 0.537900
vt 0.482300 0.542300
vt 0.484500 0.545300
vt 0.460300 0.538700
vt 0.463000 0.536100
vt 0.459100 0.531400
vt 0.456200 0.532700
vt 0.493400 0.525500
vt 0.490800 0.532000
vt 0.469400 0.507400
vt 0.467300 0.503600
vt 0.484500 0.535800
vt 0.487600 0.530800
vt 0.486100 0.530000
vt 0.483400 0.534600
vt 0.477400 0.547200
vt 0.478500 0.552200
vt 0.480100 0.538000
vt 0.475800 0.540500
vt 0.480600 0.539400
vt 0.476000 0.543600
vt 0.469300 0.540900
vt 0.468600 0.544000
vt 0.488400 0.516000
vt 0.484800 0.512300
vt 0.487200 0.517800
vt 0.491400 0.513800
vt 0.493800 0.518600
vt 0.495500 0.510900
vt 0.491300 0.501800
vt 0.491500 0.519800
vt 0.491400 0.525200
vt 0.489400 0.515100
vt 0.485300 0.510800
vt 0.479800 0.508700
vt 0.470400 0.509200
vt 0.466100 0.512600
vt 0.462800 0.517400
vt 0.460500 0.523000
vt 0.459100 0.527800
vt 0.464100 0.535200
vt 0.460200 0.531000
vt 0.470000 0.539900
vt 0.475600 0.541900
vt 0.481300 0.540500
vt 0.485300 0.536800
vt 0.488700 0.531200
vt 0.448900 0.527600
vt 0.449100 0.518600
vt 0.458000 0.503800
vt 0.451800 0.510700
vt 0.480400 0.497800
vt 0.457500 0.542600
vt 0.451600 0.535200
vt 0.465600 0.499300
vt 0.466600 0.548300
vt 0.461600 0.530600
vt 0.473200 0.502100
vt 0.474400 0.506300
vt 0.475100 0.508400
vt 0.472500 0.497400
vt 0.136200 0.635700
vt 0.127800 0.642100
vt 0.131200 0.645400
vt 0.140600 0.639400
vt 0.586700 0.536200
vt 0.584900 0.548000
vt 0.593600 0.550200
vt 0.593800 0.537300
vt 0.580700 0.559300
vt 0.589800 0.562500
vt 0.576800 0.570800
vt 0.585400 0.574800
vt 0.570800 0.581100
vt 0.579700 0.586100
vt 0.564400 0.590800
vt 0.572900 0.596500
vt 0.558500 0.600100
vt 0.566200 0.606500
vt 0.153900 0.526700
vt 0.147500 0.529100
vt 0.151600 0.539300
vt 0.158000 0.537900
vt 0.128400 0.631400
vt 0.121800 0.638300
vt 0.576500 0.534400
vt 0.573600 0.544900
vt 0.569800 0.555300
vt 0.565900 0.565900
vt 0.560800 0.575800
vt 0.555000 0.584800
vt 0.549500 0.593300
vt 0.143100 0.540400
vt 0.140200 0.531100
vt 0.542700 0.523500
vt 0.498700 0.563600
vt 0.059700 0.619100
vt 0.067400 0.622400
vt 0.072600 0.614800
vt 0.064400 0.611500
vt 0.112800 0.528800
vt 0.111300 0.536800
vt 0.512400 0.571200
vt 0.093600 0.621500
vt 0.090600 0.629700
vt 0.082200 0.531000
vt 0.090900 0.532500
vt 0.090400 0.524200
vt 0.081900 0.523300
vt 0.505700 0.567700
vt 0.144800 0.642700
vt 0.133900 0.648500
vt 0.136200 0.651300
vt 0.148900 0.645600
vt 0.605600 0.552000
vt 0.600300 0.551400
vt 0.597300 0.565100
vt 0.603300 0.567100
vt 0.593200 0.578400
vt 0.599800 0.581500
vt 0.587800 0.590800
vt 0.594700 0.594900
vt 0.580900 0.602100
vt 0.588300 0.607500
vt 0.573500 0.612800
vt 0.580900 0.619200
vt 0.166600 0.521900
vt 0.160100 0.524200
vt 0.164400 0.536500
vt 0.171300 0.535100
vt 0.604700 0.536900
vt 0.599900 0.537500
vt 0.138500 0.653900
vt 0.153200 0.647700
vt 0.608900 0.535700
vt 0.610300 0.552600
vt 0.608800 0.569100
vt 0.605800 0.584500
vt 0.601300 0.599000
vt 0.595000 0.612600
vt 0.587900 0.625300
vt 0.172900 0.519900
vt 0.177600 0.533600
vt 0.054100 0.557900
vt 0.053100 0.553600
vt 0.047900 0.555100
vt 0.049300 0.558400
vt 0.044300 0.564700
vt 0.040100 0.563800
vt 0.039600 0.567700
vt 0.043600 0.568000
vt 0.111500 0.601400
vt 0.127700 0.606100
vt 0.129700 0.600200
vt 0.114000 0.595300
vt 0.117800 0.581700
vt 0.133400 0.586800
vt 0.134500 0.579500
vt 0.118600 0.574500
vt 0.035000 0.567700
vt 0.036200 0.572500
vt 0.040300 0.571400
vt 0.037100 0.558300
vt 0.035400 0.562900
vt 0.041500 0.560100
vt 0.125600 0.611200
vt 0.109300 0.607000
vt 0.057200 0.589400
vt 0.060000 0.584600
vt 0.053200 0.581400
vt 0.050000 0.585600
vt 0.051400 0.549200
vt 0.045300 0.551500
vt 0.066300 0.547300
vt 0.066900 0.552800
vt 0.074700 0.553200
vt 0.074400 0.547400
vt 0.099400 0.550700
vt 0.099100 0.556400
vt 0.103900 0.557600
vt 0.104200 0.551900
vt 0.066800 0.563700
vt 0.060000 0.562800
vt 0.059200 0.567600
vt 0.065900 0.569100
vt 0.062500 0.579600
vt 0.055900 0.577000
vt 0.047400 0.578100
vt 0.043800 0.581400
vt 0.058400 0.547700
vt 0.059600 0.552800
vt 0.044800 0.592500
vt 0.037700 0.586600
vt 0.055600 0.538000
vt 0.065000 0.537000
vt 0.045300 0.561400
vt 0.116000 0.588700
vt 0.131900 0.593800
vt 0.134800 0.572200
vt 0.118700 0.567400
vt 0.043900 0.557100
vt 0.040500 0.554500
vt 0.069700 0.582100
vt 0.071600 0.576500
vt 0.064500 0.574400
vt 0.073100 0.570700
vt 0.074100 0.564900
vt 0.028100 0.554600
vt 0.032300 0.548700
vt 0.026200 0.568100
vt 0.026100 0.561200
vt 0.067100 0.558300
vt 0.060200 0.557800
vt 0.057900 0.572400
vt 0.104100 0.592600
vt 0.106200 0.586100
vt 0.107700 0.579100
vt 0.108700 0.572100
vt 0.098800 0.604500
vt 0.101500 0.598800
vt 0.091400 0.549100
vt 0.082600 0.547900
vt 0.082700 0.553800
vt 0.091200 0.554800
vt 0.079200 0.578700
vt 0.080600 0.572400
vt 0.082400 0.560000
vt 0.074600 0.559000
vt 0.072600 0.596000
vt 0.075100 0.590400
vt 0.067400 0.587500
vt 0.064800 0.592800
vt 0.119000 0.555000
vt 0.118700 0.560800
vt 0.134500 0.565100
vt 0.133700 0.558700
vt 0.106400 0.617000
vt 0.095200 0.614100
vt 0.082400 0.537600
vt 0.091300 0.539200
vt 0.067900 0.605300
vt 0.060200 0.601800
vt 0.119500 0.545300
vt 0.132600 0.547700
vt 0.109000 0.558600
vt 0.109000 0.565100
vt 0.077300 0.584600
vt 0.083300 0.593300
vt 0.085200 0.587200
vt 0.089600 0.567500
vt 0.081700 0.566200
vt 0.088500 0.574200
vt 0.028100 0.574700
vt 0.052700 0.597500
vt 0.121400 0.620500
vt 0.073800 0.536900
vt 0.038600 0.543800
vt 0.046600 0.540200
vt 0.104600 0.542400
vt 0.099500 0.541400
vt 0.054100 0.562200
vt 0.053500 0.566400
vt 0.052200 0.570600
vt 0.043000 0.574700
vt 0.039000 0.577000
vt 0.032100 0.580600
vt 0.050300 0.574500
vt 0.163200 0.596300
vt 0.155800 0.594000
vt 0.154400 0.601600
vt 0.161600 0.604100
vt 0.152400 0.608600
vt 0.150200 0.614400
vt 0.157300 0.617400
vt 0.159500 0.611200
vt 0.145300 0.624500
vt 0.141700 0.629900
vt 0.147100 0.633600
vt 0.151500 0.628100
vt 0.154700 0.548300
vt 0.160900 0.547200
vt 0.163500 0.561100
vt 0.157200 0.560900
vt 0.158000 0.569400
vt 0.164500 0.570200
vt 0.164700 0.579300
vt 0.157700 0.577800
vt 0.156900 0.586000
vt 0.164200 0.588000
vt 0.146500 0.591100
vt 0.145200 0.598500
vt 0.141100 0.610700
vt 0.143100 0.605000
vt 0.123400 0.615700
vt 0.133400 0.625400
vt 0.136700 0.620300
vt 0.145800 0.548700
vt 0.148200 0.560800
vt 0.148800 0.568100
vt 0.148300 0.575700
vt 0.147500 0.583500
vt 0.032000 0.573600
vt 0.035400 0.579000
vt 0.048600 0.565500
vt 0.047500 0.569100
vt 0.049300 0.561900
vt 0.045900 0.572200
vt 0.180700 0.545700
vt 0.087100 0.580900
vt 0.090400 0.561000
vt 0.081100 0.599000
vt 0.109500 0.552800
vt 0.098200 0.591000
vt 0.100100 0.584400
vt 0.101600 0.577600
vt 0.102700 0.570700
vt 0.093400 0.602900
vt 0.095900 0.597200
vt 0.088800 0.612200
vt 0.103400 0.564000
vt 0.076500 0.608300
vt 0.110300 0.543400
vt 0.094400 0.582900
vt 0.095900 0.576100
vt 0.097100 0.569300
vt 0.098100 0.562600
vt 0.078900 0.603500
vt 0.083700 0.610500
vt 0.086200 0.605800
vt 0.090600 0.595600
vt 0.092600 0.589400
vt 0.169900 0.598500
vt 0.168200 0.606600
vt 0.174400 0.608900
vt 0.176200 0.600700
vt 0.172000 0.616400
vt 0.166000 0.613900
vt 0.163500 0.620300
vt 0.169400 0.623100
vt 0.157200 0.631100
vt 0.152300 0.636700
vt 0.157700 0.639400
vt 0.162900 0.633800
vt 0.169900 0.561600
vt 0.170900 0.571300
vt 0.178200 0.572400
vt 0.177400 0.562500
vt 0.178200 0.582300
vt 0.171400 0.580900
vt 0.171000 0.590000
vt 0.177400 0.591800
vt 0.088400 0.601300
vt 0.030500 0.567900
vt 0.032100 0.556300
vt 0.030500 0.562000
vt 0.107800 0.611800
vt 0.047400 0.589100
vt 0.054900 0.593500
vt 0.049100 0.544600
vt 0.042100 0.547600
vt 0.065600 0.542000
vt 0.074000 0.542100
vt 0.104400 0.547200
vt 0.099500 0.546100
vt 0.040700 0.584200
vt 0.057100 0.542800
vt 0.036300 0.551500
vt 0.096900 0.609000
vt 0.082500 0.542900
vt 0.091400 0.544400
vt 0.062500 0.597300
vt 0.070500 0.600600
vt 0.133100 0.553300
vt 0.119400 0.550400
vt 0.154800 0.622900
vt 0.147900 0.619400
vt 0.156100 0.554500
vt 0.162200 0.554200
vt 0.138900 0.615700
vt 0.147400 0.554900
vt 0.110000 0.548300
vt 0.091100 0.607400
vt 0.161000 0.625900
vt 0.166700 0.628600
vt 0.176000 0.554300
vt 0.168500 0.554300
vt 0.043200 0.570500
vt 0.046100 0.559000
vt 0.167200 0.547000
vt 0.174300 0.546200
vt 0.183700 0.562500
vt 0.184400 0.573000
vt 0.184300 0.583400
vt 0.183400 0.593400
vt 0.182000 0.602700
vt 0.180100 0.611300
vt 0.174800 0.625600
vt 0.177500 0.619000
vt 0.168300 0.636200
vt 0.171900 0.631200
vt 0.162900 0.641400
vt 0.182400 0.554000
vt 0.809700 0.174800
vt 0.806200 0.174600
vt 0.804200 0.176400
vt 0.808800 0.177100
vt 0.801700 0.204100
vt 0.795400 0.201000
vt 0.793200 0.208900
vt 0.800200 0.211400
vt 0.812000 0.249600
vt 0.810800 0.260900
vt 0.819900 0.261200
vt 0.821000 0.249100
vt 0.815700 0.206400
vt 0.823300 0.205400
vt 0.822500 0.199800
vt 0.815900 0.201100
vt 0.809800 0.174400
vt 0.806100 0.174200
vt 0.814200 0.174900
vt 0.814100 0.175500
vt 0.817900 0.176400
vt 0.818000 0.175800
vt 0.823700 0.182700
vt 0.823400 0.179500
vt 0.822900 0.179700
vt 0.823300 0.182600
vt 0.831800 0.211400
vt 0.831500 0.202000
vt 0.823400 0.213100
vt 0.775500 0.255400
vt 0.784100 0.257600
vt 0.786100 0.245900
vt 0.778300 0.243500
vt 0.795900 0.238100
vt 0.787900 0.236000
vt 0.794500 0.247900
vt 0.814400 0.225800
vt 0.822900 0.226000
vt 0.823200 0.220000
vt 0.814900 0.220100
vt 0.830100 0.248200
vt 0.830600 0.238700
vt 0.821900 0.239300
vt 0.784500 0.213300
vt 0.783100 0.219500
vt 0.790400 0.221700
vt 0.791500 0.215900
vt 0.808700 0.166200
vt 0.815300 0.166500
vt 0.816300 0.160700
vt 0.808000 0.160400
vt 0.824000 0.163400
vt 0.821600 0.168400
vt 0.826400 0.171600
vt 0.829900 0.167800
vt 0.833600 0.191400
vt 0.839900 0.200700
vt 0.839500 0.191400
vt 0.829200 0.261700
vt 0.838000 0.261800
vt 0.838500 0.247800
vt 0.786700 0.204900
vt 0.789800 0.195200
vt 0.783500 0.192900
vt 0.780500 0.202400
vt 0.789000 0.174700
vt 0.794000 0.176500
vt 0.797900 0.171000
vt 0.793800 0.167100
vt 0.839200 0.218800
vt 0.831500 0.219300
vt 0.831200 0.225700
vt 0.838900 0.225500
vt 0.771500 0.240900
vt 0.780500 0.233800
vt 0.774200 0.231000
vt 0.807000 0.184800
vt 0.801500 0.183400
vt 0.802600 0.187400
vt 0.806600 0.188300
vt 0.816800 0.186400
vt 0.822500 0.186700
vt 0.817500 0.182400
vt 0.800800 0.183300
vt 0.802400 0.179400
vt 0.801900 0.179200
vt 0.807700 0.180700
vt 0.812000 0.185900
vt 0.812900 0.181800
vt 0.799000 0.217900
vt 0.798100 0.223700
vt 0.806100 0.225000
vt 0.806800 0.219500
vt 0.813000 0.239800
vt 0.804400 0.239400
vt 0.803100 0.249100
vt 0.816100 0.189600
vt 0.811300 0.189300
vt 0.821400 0.177600
vt 0.821800 0.177100
vt 0.792900 0.259400
vt 0.801800 0.260400
vt 0.815300 0.213700
vt 0.808500 0.206100
vt 0.807600 0.213100
vt 0.803300 0.199400
vt 0.809400 0.201000
vt 0.817800 0.179200
vt 0.813700 0.178300
vt 0.837900 0.181300
vt 0.834500 0.173500
vt 0.830300 0.175600
vt 0.833000 0.182100
vt 0.785800 0.183900
vt 0.791100 0.184200
vt 0.800400 0.162700
vt 0.802800 0.167700
vt 0.838600 0.238300
vt 0.778300 0.210900
vt 0.777000 0.217300
vt 0.839900 0.210400
vt 0.768200 0.253000
vt 0.815400 0.192500
vt 0.815200 0.193800
vt 0.818900 0.192500
vt 0.818200 0.191500
vt 0.804400 0.171100
vt 0.805100 0.172700
vt 0.809400 0.171600
vt 0.809100 0.169900
vt 0.814600 0.172100
vt 0.819300 0.173400
vt 0.820000 0.171600
vt 0.814800 0.170200
vt 0.828900 0.182500
vt 0.826200 0.182700
vt 0.826300 0.187500
vt 0.829200 0.189000
vt 0.804800 0.195900
vt 0.800300 0.193100
vt 0.797800 0.196400
vt 0.796900 0.177300
vt 0.799200 0.178000
vt 0.802000 0.174600
vt 0.800600 0.173200
vt 0.815700 0.197300
vt 0.810100 0.197300
vt 0.822900 0.175400
vt 0.823900 0.174100
vt 0.806300 0.192400
vt 0.810600 0.193600
vt 0.810800 0.192400
vt 0.806500 0.191100
vt 0.794500 0.191200
vt 0.803900 0.189500
vt 0.801500 0.187200
vt 0.803100 0.190100
vt 0.797600 0.188900
vt 0.797300 0.183100
vt 0.794600 0.183700
vt 0.821500 0.190100
vt 0.823000 0.186700
vt 0.820400 0.189900
vt 0.824500 0.192700
vt 0.820800 0.196000
vt 0.827200 0.195900
vt 0.819600 0.193700
vt 0.815500 0.195000
vt 0.822600 0.190800
vt 0.824400 0.186800
vt 0.824800 0.182600
vt 0.822300 0.176300
vt 0.818600 0.174700
vt 0.814400 0.173700
vt 0.809600 0.173100
vt 0.805600 0.173600
vt 0.800700 0.178500
vt 0.803000 0.175600
vt 0.799400 0.183000
vt 0.799900 0.187700
vt 0.802100 0.191200
vt 0.805800 0.193700
vt 0.810400 0.194900
vt 0.835800 0.275600
vt 0.827200 0.275600
vt 0.818200 0.275000
vt 0.809300 0.274100
vt 0.800400 0.273300
vt 0.791500 0.272400
vt 0.782400 0.271200
vt 0.773200 0.269500
vt 0.764800 0.267100
vt 0.797100 0.230100
vt 0.789200 0.228100
vt 0.813900 0.232000
vt 0.822500 0.232000
vt 0.831000 0.231800
vt 0.782000 0.225900
vt 0.805400 0.231400
vt 0.838700 0.231500
vt 0.803700 0.176100
vt 0.826800 0.177600
vt 0.825100 0.178500
vt 0.824100 0.179100
vt 0.833200 0.290600
vt 0.834200 0.284000
vt 0.825800 0.284000
vt 0.824900 0.291200
vt 0.817100 0.283800
vt 0.816300 0.291400
vt 0.808300 0.283200
vt 0.807400 0.291100
vt 0.799400 0.282300
vt 0.798500 0.290300
vt 0.790500 0.281300
vt 0.789500 0.289100
vt 0.781400 0.280000
vt 0.780400 0.287400
vt 0.772300 0.278200
vt 0.771300 0.285000
vt 0.763500 0.275900
vt 0.762400 0.282300
vt 0.832900 0.297600
vt 0.824400 0.298800
vt 0.815600 0.299400
vt 0.806700 0.299200
vt 0.797600 0.298400
vt 0.788500 0.297000
vt 0.779300 0.295000
vt 0.770200 0.292100
vt 0.761200 0.289100
vt 0.833300 0.325200
vt 0.824200 0.326200
vt 0.824400 0.334000
vt 0.833400 0.332700
vt 0.814600 0.326600
vt 0.814600 0.335100
vt 0.804700 0.325700
vt 0.804200 0.334900
vt 0.794800 0.324600
vt 0.793700 0.333700
vt 0.784900 0.323000
vt 0.783500 0.331900
vt 0.775200 0.321200
vt 0.773600 0.329800
vt 0.765700 0.319100
vt 0.764200 0.327600
vt 0.756800 0.316100
vt 0.755800 0.324200
vt 0.775800 0.223500
vt 0.833100 0.306100
vt 0.824300 0.307800
vt 0.815200 0.308400
vt 0.806000 0.307800
vt 0.796700 0.306800
vt 0.787400 0.305300
vt 0.778000 0.303300
vt 0.768700 0.300500
vt 0.759600 0.297200
vt 0.792100 0.346700
vt 0.780500 0.344400
vt 0.804200 0.347300
vt 0.770100 0.340700
vt 0.834700 0.341100
vt 0.826000 0.344100
vt 0.815900 0.346500
vt 0.754500 0.330800
vt 0.761500 0.335800
vt 0.824900 0.339500
vt 0.833800 0.337500
vt 0.815000 0.341000
vt 0.804100 0.341300
vt 0.792900 0.340500
vt 0.782100 0.338600
vt 0.772000 0.335700
vt 0.762900 0.332300
vt 0.755300 0.328300
vt 0.833400 0.315800
vt 0.824300 0.317300
vt 0.814900 0.317500
vt 0.805300 0.316700
vt 0.795700 0.315600
vt 0.786200 0.314000
vt 0.776700 0.312100
vt 0.767200 0.309700
vt 0.758100 0.306700
vt 0.481500 0.871800
vt 0.478600 0.876500
vt 0.484100 0.879600
vt 0.486600 0.875700
vt 0.490000 0.871800
vt 0.494300 0.875700
vt 0.497400 0.872100
vt 0.493700 0.868200
vt 0.449800 0.814700
vt 0.441400 0.804400
vt 0.436400 0.809100
vt 0.445200 0.819100
vt 0.440300 0.823800
vt 0.431100 0.814300
vt 0.426000 0.819500
vt 0.435900 0.829000
vt 0.501500 0.874700
vt 0.502700 0.869700
vt 0.499400 0.869300
vt 0.498300 0.879400
vt 0.490800 0.879200
vt 0.494000 0.883200
vt 0.453700 0.811400
vt 0.445000 0.801000
vt 0.487000 0.845000
vt 0.482500 0.848400
vt 0.488500 0.854400
vt 0.493200 0.851400
vt 0.476300 0.881400
vt 0.483000 0.884100
vt 0.462900 0.871200
vt 0.466100 0.866500
vt 0.459900 0.860600
vt 0.456500 0.865000
vt 0.466300 0.841400
vt 0.461300 0.836500
vt 0.457100 0.841100
vt 0.462100 0.845900
vt 0.458000 0.850500
vt 0.453000 0.845600
vt 0.449300 0.850000
vt 0.454200 0.855000
vt 0.469300 0.828500
vt 0.465400 0.832400
vt 0.470400 0.837100
vt 0.474400 0.833300
vt 0.435600 0.844600
vt 0.439300 0.840400
vt 0.432100 0.833700
vt 0.428200 0.838000
vt 0.469800 0.861700
vt 0.475700 0.867100
vt 0.479800 0.862400
vt 0.473800 0.856800
vt 0.478100 0.852400
vt 0.484000 0.858000
vt 0.493600 0.860300
vt 0.498300 0.858000
vt 0.469600 0.876900
vt 0.472300 0.871900
vt 0.503000 0.846400
vt 0.498100 0.848800
vt 0.503400 0.856400
vt 0.509200 0.855500
vt 0.456800 0.880700
vt 0.464700 0.887200
vt 0.467000 0.881900
vt 0.459800 0.875800
vt 0.497400 0.865600
vt 0.421700 0.824200
vt 0.488000 0.881400
vt 0.488800 0.884900
vt 0.472000 0.846700
vt 0.476300 0.842500
vt 0.467800 0.851200
vt 0.463700 0.856000
vt 0.491200 0.895300
vt 0.499300 0.892500
vt 0.496300 0.887300
vt 0.489800 0.889600
vt 0.506600 0.887000
vt 0.511500 0.879500
vt 0.506000 0.877100
vt 0.502200 0.883000
vt 0.417700 0.828900
vt 0.409100 0.839500
vt 0.419200 0.847000
vt 0.423900 0.842200
vt 0.413700 0.833900
vt 0.513100 0.871700
vt 0.507600 0.870600
vt 0.496500 0.838600
vt 0.491700 0.841800
vt 0.463200 0.803400
vt 0.454300 0.792700
vt 0.448500 0.797700
vt 0.457800 0.808200
vt 0.449400 0.873200
vt 0.453200 0.869100
vt 0.473700 0.892500
vt 0.482800 0.895400
vt 0.482500 0.889300
vt 0.474700 0.886600
vt 0.478400 0.829500
vt 0.482900 0.825200
vt 0.478100 0.820300
vt 0.473300 0.824700
vt 0.427400 0.853000
vt 0.431600 0.848600
vt 0.422500 0.805200
vt 0.427900 0.799800
vt 0.432800 0.795000
vt 0.436800 0.791000
vt 0.440600 0.787100
vt 0.446200 0.781700
vt 0.402500 0.825200
vt 0.397400 0.831100
vt 0.407200 0.820100
vt 0.417000 0.810300
vt 0.411900 0.815100
vt 0.433500 0.857700
vt 0.437500 0.853600
vt 0.473800 0.815800
vt 0.468900 0.820200
vt 0.485200 0.867400
vt 0.489300 0.863400
vt 0.501600 0.864300
vt 0.506600 0.863700
vt 0.512700 0.863900
vt 0.410600 0.793200
vt 0.415900 0.798300
vt 0.421500 0.793000
vt 0.416300 0.787900
vt 0.426600 0.788100
vt 0.421700 0.783200
vt 0.431000 0.784100
vt 0.435300 0.780100
vt 0.431400 0.775200
vt 0.426500 0.779200
vt 0.441400 0.775200
vt 0.437300 0.770200
vt 0.390300 0.826100
vt 0.395200 0.819500
vt 0.390300 0.815500
vt 0.385300 0.822300
vt 0.395000 0.809500
vt 0.400100 0.814000
vt 0.404900 0.808700
vt 0.399800 0.803900
vt 0.410200 0.803500
vt 0.405000 0.798500
vt 0.411000 0.782900
vt 0.405200 0.788000
vt 0.416600 0.778300
vt 0.421800 0.774400
vt 0.427000 0.770500
vt 0.433100 0.765300
vt 0.385500 0.811200
vt 0.380300 0.817800
vt 0.394600 0.799300
vt 0.389900 0.805100
vt 0.399600 0.793600
vt 0.377800 0.762300
vt 0.383800 0.768200
vt 0.390500 0.762700
vt 0.385200 0.756400
vt 0.396900 0.758100
vt 0.392200 0.751700
vt 0.402700 0.754200
vt 0.408600 0.750800
vt 0.404400 0.745100
vt 0.398200 0.748000
vt 0.416400 0.747300
vt 0.412600 0.742500
vt 0.362000 0.799800
vt 0.365100 0.792000
vt 0.358500 0.787700
vt 0.357000 0.795200
vt 0.360700 0.781300
vt 0.368100 0.786000
vt 0.372100 0.780000
vt 0.364600 0.774900
vt 0.377200 0.774000
vt 0.370700 0.768700
vt 0.451500 0.826300
vt 0.455900 0.822200
vt 0.442900 0.835700
vt 0.447200 0.831000
vt 0.459900 0.818600
vt 0.445800 0.854000
vt 0.450800 0.859000
vt 0.469300 0.810700
vt 0.464100 0.815100
vt 0.443300 0.866400
vt 0.447400 0.862800
vt 0.442300 0.857800
vt 0.438400 0.861700
vt 0.452400 0.836300
vt 0.456600 0.831800
vt 0.444600 0.845400
vt 0.448300 0.840900
vt 0.464700 0.823900
vt 0.441100 0.849600
vt 0.460700 0.827600
vt 0.404500 0.776800
vt 0.398600 0.782000
vt 0.410300 0.772200
vt 0.415800 0.768300
vt 0.421200 0.764500
vt 0.427600 0.759500
vt 0.379500 0.805400
vt 0.374600 0.812200
vt 0.388100 0.793500
vt 0.383600 0.799400
vt 0.393000 0.787700
vt 0.480500 0.838800
vt 0.484700 0.835300
vt 0.489100 0.831400
vt 0.401200 0.738000
vt 0.409200 0.737000
vt 0.356900 0.770100
vt 0.362500 0.762000
vt 0.353400 0.777900
vt 0.352600 0.785200
vt 0.353200 0.792800
vt 0.394800 0.739300
vt 0.388100 0.741700
vt 0.379800 0.746300
vt 0.370600 0.753500
vt 0.356500 0.779200
vt 0.354900 0.786100
vt 0.354700 0.793900
vt 0.381900 0.751500
vt 0.373800 0.757800
vt 0.389400 0.746700
vt 0.402400 0.741300
vt 0.395900 0.743500
vt 0.410600 0.739400
vt 0.366300 0.765000
vt 0.360300 0.772100
vt 0.397400 0.769900
vt 0.391100 0.775100
vt 0.403400 0.765200
vt 0.409000 0.761200
vt 0.414700 0.757600
vt 0.421400 0.753300
vt 0.372400 0.798400
vt 0.368100 0.805900
vt 0.376100 0.792500
vt 0.380300 0.786600
vt 0.385300 0.780800
vt 0.964300 0.270600
vt 0.962600 0.268300
vt 0.960900 0.268600
vt 0.962800 0.272100
vt 0.947400 0.286900
vt 0.944300 0.281900
vt 0.938400 0.286900
vt 0.942200 0.291800
vt 0.925700 0.340900
vt 0.932600 0.331600
vt 0.927100 0.327800
vt 0.920700 0.336100
vt 0.955500 0.295000
vt 0.960600 0.297800
vt 0.963000 0.294000
vt 0.958100 0.291800
vt 0.964800 0.270200
vt 0.962700 0.267800
vt 0.968400 0.273400
vt 0.967800 0.274100
vt 0.971800 0.277200
vt 0.972500 0.276600
vt 0.973000 0.283900
vt 0.974500 0.281800
vt 0.973900 0.281500
vt 0.972400 0.283600
vt 0.961700 0.306800
vt 0.967500 0.299300
vt 0.956000 0.303600
vt 0.899100 0.320200
vt 0.904500 0.324300
vt 0.914100 0.313500
vt 0.910000 0.308800
vt 0.928700 0.306400
vt 0.925000 0.301400
vt 0.920700 0.306200
vt 0.924100 0.311500
vt 0.951100 0.300100
vt 0.946500 0.305200
vt 0.951200 0.309200
vt 0.944600 0.327300
vt 0.948700 0.322200
vt 0.943000 0.318800
vt 0.938300 0.324300
vt 0.934900 0.282000
vt 0.927300 0.289800
vt 0.931800 0.293700
vt 0.970000 0.262600
vt 0.975200 0.266300
vt 0.978500 0.263300
vt 0.972500 0.258500
vt 0.982700 0.269400
vt 0.978800 0.271700
vt 0.980400 0.277000
vt 0.984700 0.276100
vt 0.974500 0.293300
vt 0.972700 0.303200
vt 0.978100 0.296200
vt 0.938800 0.335300
vt 0.930700 0.346000
vt 0.936400 0.350500
vt 0.944900 0.339100
vt 0.942400 0.275300
vt 0.937500 0.271000
vt 0.930400 0.278000
vt 0.950700 0.259300
vt 0.953500 0.263100
vt 0.959300 0.261000
vt 0.958100 0.256400
vt 0.967000 0.310500
vt 0.956300 0.313100
vt 0.961600 0.316800
vt 0.914300 0.295800
vt 0.918100 0.300200
vt 0.921600 0.296200
vt 0.918000 0.291700
vt 0.958900 0.277000
vt 0.955800 0.273200
vt 0.955000 0.276300
vt 0.957600 0.279100
vt 0.965600 0.283000
vt 0.969700 0.285800
vt 0.967900 0.280900
vt 0.955600 0.272800
vt 0.958000 0.270400
vt 0.957700 0.269900
vt 0.960600 0.274500
vt 0.962100 0.280200
vt 0.964100 0.278100
vt 0.946500 0.296200
vt 0.937000 0.297200
vt 0.941800 0.301200
vt 0.932900 0.320700
vt 0.937700 0.315100
vt 0.933000 0.311000
vt 0.928100 0.316400
vt 0.963700 0.284600
vt 0.960400 0.282100
vt 0.974100 0.279200
vt 0.974800 0.278800
vt 0.922200 0.323500
vt 0.917800 0.318800
vt 0.910200 0.327900
vt 0.915600 0.331700
vt 0.951100 0.291400
vt 0.950500 0.284700
vt 0.954000 0.288600
vt 0.970000 0.279100
vt 0.966200 0.275800
vt 0.982100 0.289300
vt 0.984200 0.282800
vt 0.980200 0.282300
vt 0.978900 0.286800
vt 0.943800 0.264500
vt 0.947700 0.267900
vt 0.965300 0.256300
vt 0.964100 0.260900
vt 0.951100 0.330500
vt 0.954500 0.325500
vt 0.923600 0.285200
vt 0.906000 0.304200
vt 0.895000 0.314500
vt 0.962000 0.285800
vt 0.961400 0.286900
vt 0.964500 0.287800
vt 0.964400 0.286900
vt 0.963500 0.264300
vt 0.963000 0.266500
vt 0.966300 0.267700
vt 0.967800 0.265600
vt 0.970500 0.271100
vt 0.974900 0.274700
vt 0.976500 0.273400
vt 0.972500 0.269000
vt 0.976400 0.285500
vt 0.975200 0.285000
vt 0.971900 0.287900
vt 0.973100 0.289900
vt 0.953400 0.283000
vt 0.951600 0.279200
vt 0.948000 0.280200
vt 0.955400 0.266100
vt 0.956800 0.268100
vt 0.960200 0.266700
vt 0.959700 0.264400
vt 0.960200 0.288900
vt 0.956400 0.286300
vt 0.977100 0.278100
vt 0.978200 0.277700
vt 0.955900 0.281600
vt 0.958300 0.284400
vt 0.959100 0.283500
vt 0.956700 0.280800
vt 0.947800 0.275100
vt 0.955400 0.278600
vt 0.954600 0.276000
vt 0.954700 0.278700
vt 0.951500 0.275200
vt 0.953400 0.271200
vt 0.951000 0.269900
vt 0.967400 0.287400
vt 0.970300 0.286300
vt 0.967000 0.286900
vt 0.968200 0.289900
vt 0.964300 0.290300
vt 0.968200 0.293600
vt 0.964500 0.288700
vt 0.961000 0.287600
vt 0.967800 0.288200
vt 0.971100 0.287000
vt 0.974100 0.284500
vt 0.976000 0.278400
vt 0.973700 0.275500
vt 0.969300 0.272300
vt 0.965500 0.269000
vt 0.962800 0.266900
vt 0.957300 0.269200
vt 0.960400 0.267400
vt 0.954800 0.272200
vt 0.953400 0.275500
vt 0.953600 0.278800
vt 0.955000 0.282100
vt 0.957600 0.285100
vt 0.932800 0.301900
vt 0.928400 0.297500
vt 0.942100 0.310200
vt 0.947000 0.314100
vt 0.952200 0.317900
vt 0.924500 0.293000
vt 0.937300 0.306100
vt 0.957600 0.321400
vt 0.960700 0.268200
vt 0.977800 0.282400
vt 0.976700 0.282300
vt 0.975700 0.282000
vt 0.921000 0.372000
vt 0.924300 0.366800
vt 0.917800 0.363600
vt 0.914100 0.369200
vt 0.911600 0.359900
vt 0.907700 0.365300
vt 0.905900 0.355500
vt 0.901900 0.360700
vt 0.900300 0.350900
vt 0.896200 0.355800
vt 0.894900 0.345900
vt 0.890800 0.350700
vt 0.889900 0.340700
vt 0.885900 0.345100
vt 0.886000 0.334200
vt 0.881800 0.338500
vt 0.882300 0.326800
vt 0.878000 0.331000
vt 0.927600 0.362000
vt 0.921600 0.358200
vt 0.915900 0.354100
vt 0.910400 0.349700
vt 0.904900 0.345100
vt 0.899600 0.340400
vt 0.894900 0.335100
vt 0.890800 0.329100
vt 0.885900 0.323200
vt 0.931300 0.357100
vt 0.925900 0.352600
vt 0.920600 0.347800
vt 0.915300 0.343200
vt 0.910100 0.338700
vt 0.904800 0.334400
vt 0.899700 0.329700
vt 0.894800 0.324800
vt 0.889800 0.319400
vt 0.907900 0.395100
vt 0.899900 0.392500
vt 0.892000 0.388800
vt 0.884400 0.384000
vt 0.877300 0.378200
vt 0.871200 0.371500
vt 0.866500 0.363900
vt 0.864000 0.355600
vt 0.861600 0.347600
vt 0.920700 0.288600
vt 0.912300 0.387100
vt 0.915100 0.382400
vt 0.907900 0.379000
vt 0.905100 0.383400
vt 0.901100 0.374700
vt 0.898100 0.379100
vt 0.894800 0.369800
vt 0.891500 0.374300
vt 0.888900 0.364600
vt 0.885300 0.368900
vt 0.883500 0.358900
vt 0.879800 0.362900
vt 0.878600 0.352700
vt 0.874900 0.356600
vt 0.874400 0.346000
vt 0.870500 0.349900
vt 0.870400 0.338800
vt 0.866400 0.342700
vt 0.909900 0.391100
vt 0.902500 0.387800
vt 0.895100 0.383700
vt 0.888000 0.378900
vt 0.881500 0.373300
vt 0.875700 0.367000
vt 0.871000 0.360200
vt 0.867300 0.352900
vt 0.863900 0.345400
vt 0.917900 0.377300
vt 0.910800 0.374300
vt 0.904300 0.370200
vt 0.898300 0.365400
vt 0.892500 0.360300
vt 0.887200 0.354900
vt 0.882300 0.349000
vt 0.878100 0.342200
vt 0.874300 0.334800
vt 0.546700 0.721200
vt 0.546700 0.725900
vt 0.551900 0.725800
vt 0.552100 0.722100
vt 0.553000 0.718100
vt 0.557400 0.719300
vt 0.558200 0.715700
vt 0.554200 0.714200
vt 0.496800 0.686300
vt 0.485400 0.682200
vt 0.483000 0.689400
vt 0.494200 0.693300
vt 0.491800 0.700700
vt 0.480800 0.697000
vt 0.478500 0.704200
vt 0.489900 0.707800
vt 0.561900 0.716100
vt 0.561000 0.712100
vt 0.558500 0.713000
vt 0.561400 0.720300
vt 0.556300 0.722900
vt 0.559800 0.724400
vt 0.499300 0.679900
vt 0.487500 0.675600
vt 0.540700 0.697200
vt 0.538100 0.701800
vt 0.545400 0.705200
vt 0.548200 0.701000
vt 0.547300 0.730400
vt 0.552900 0.729400
vt 0.522900 0.727900
vt 0.531900 0.729600
vt 0.531800 0.724200
vt 0.523400 0.722400
vt 0.527800 0.704500
vt 0.520800 0.702400
vt 0.519200 0.708800
vt 0.525800 0.710700
vt 0.524500 0.716700
vt 0.517600 0.715000
vt 0.516400 0.720800
vt 0.525300 0.690600
vt 0.522900 0.696200
vt 0.529800 0.698500
vt 0.532300 0.693500
vt 0.505200 0.723700
vt 0.506200 0.718300
vt 0.499200 0.716700
vt 0.498500 0.722100
vt 0.532400 0.718500
vt 0.540100 0.720100
vt 0.541200 0.714900
vt 0.533700 0.712800
vt 0.535700 0.707200
vt 0.543000 0.709800
vt 0.551300 0.708300
vt 0.554100 0.704900
vt 0.540100 0.730400
vt 0.539800 0.725400
vt 0.555300 0.694100
vt 0.551400 0.697300
vt 0.557500 0.701900
vt 0.561500 0.699300
vt 0.533400 0.740700
vt 0.542500 0.740700
vt 0.541000 0.735500
vt 0.532300 0.734900
vt 0.555800 0.711000
vt 0.488400 0.714000
vt 0.476100 0.710800
vt 0.555200 0.725500
vt 0.557100 0.727500
vt 0.563300 0.734100
vt 0.567900 0.729100
vt 0.563600 0.726500
vt 0.559900 0.730500
vt 0.570600 0.722700
vt 0.570900 0.715900
vt 0.566000 0.716100
vt 0.565800 0.721400
vt 0.504300 0.696800
vt 0.507000 0.690100
vt 0.500400 0.710600
vt 0.502200 0.703900
vt 0.509500 0.684000
vt 0.487300 0.719500
vt 0.502000 0.673800
vt 0.512200 0.678300
vt 0.514600 0.672200
vt 0.504900 0.667200
vt 0.498200 0.727500
vt 0.486600 0.725000
vt 0.485700 0.730600
vt 0.498100 0.732900
vt 0.569200 0.709700
vt 0.564800 0.711000
vt 0.547800 0.688500
vt 0.543900 0.692900
vt 0.491600 0.662000
vt 0.489300 0.669000
vt 0.523100 0.738900
vt 0.522800 0.733100
vt 0.550800 0.739600
vt 0.557700 0.737500
vt 0.555000 0.733300
vt 0.548700 0.734900
vt 0.535500 0.688800
vt 0.539200 0.683800
vt 0.531300 0.680100
vt 0.528000 0.685400
vt 0.503900 0.734100
vt 0.504700 0.729000
vt 0.470500 0.728000
vt 0.472300 0.722300
vt 0.474200 0.716700
vt 0.508200 0.735100
vt 0.509300 0.730100
vt 0.525300 0.677400
vt 0.522600 0.683000
vt 0.547700 0.716600
vt 0.549200 0.712200
vt 0.558400 0.708600
vt 0.561900 0.706300
vt 0.566100 0.704100
vt 0.461200 0.690500
vt 0.463700 0.682900
vt 0.458600 0.681400
vt 0.455800 0.689100
vt 0.466100 0.675700
vt 0.461100 0.674100
vt 0.463300 0.667500
vt 0.468300 0.669200
vt 0.470400 0.662900
vt 0.465200 0.661000
vt 0.472600 0.656200
vt 0.467300 0.654200
vt 0.452700 0.724700
vt 0.454000 0.718200
vt 0.448100 0.716700
vt 0.446500 0.723500
vt 0.455400 0.712000
vt 0.457000 0.705300
vt 0.451400 0.704000
vt 0.449800 0.710500
vt 0.458900 0.698100
vt 0.453300 0.696700
vt 0.466400 0.692100
vt 0.468600 0.684500
vt 0.470800 0.677300
vt 0.473100 0.670800
vt 0.475400 0.664600
vt 0.477900 0.657900
vt 0.457900 0.725600
vt 0.458600 0.719300
vt 0.460200 0.713200
vt 0.462000 0.706700
vt 0.464100 0.699600
vt 0.472500 0.694100
vt 0.474700 0.686500
vt 0.476900 0.679300
vt 0.481000 0.666400
vt 0.478900 0.672800
vt 0.483600 0.659700
vt 0.464200 0.720600
vt 0.463400 0.726700
vt 0.465800 0.714700
vt 0.467900 0.708400
vt 0.470300 0.701500
vt 0.428800 0.682600
vt 0.432600 0.673100
vt 0.436400 0.664800
vt 0.439800 0.657900
vt 0.443000 0.651500
vt 0.446600 0.644600
vt 0.423000 0.720400
vt 0.421700 0.713400
vt 0.422100 0.707200
vt 0.423600 0.700300
vt 0.425500 0.692100
vt 0.513400 0.692600
vt 0.511000 0.699100
vt 0.509100 0.705900
vt 0.507300 0.712300
vt 0.515600 0.686600
vt 0.515500 0.726200
vt 0.520300 0.675000
vt 0.518000 0.680900
vt 0.512900 0.736300
vt 0.514400 0.731300
vt 0.513900 0.707300
vt 0.515800 0.700700
vt 0.511200 0.719500
vt 0.512500 0.713600
vt 0.520100 0.688600
vt 0.510300 0.724900
vt 0.517800 0.694400
vt 0.442900 0.685800
vt 0.446000 0.677400
vt 0.440400 0.675500
vt 0.436900 0.684200
vt 0.449100 0.669900
vt 0.443700 0.667900
vt 0.446800 0.661300
vt 0.451900 0.663400
vt 0.454500 0.657100
vt 0.449700 0.655000
vt 0.457400 0.650100
vt 0.453100 0.648100
vt 0.435200 0.721500
vt 0.436200 0.714300
vt 0.429900 0.713500
vt 0.429400 0.720500
vt 0.437100 0.708000
vt 0.438400 0.701400
vt 0.432100 0.700500
vt 0.430800 0.707300
vt 0.440300 0.693900
vt 0.434100 0.692700
vt 0.432900 0.683300
vt 0.436500 0.674400
vt 0.440000 0.666500
vt 0.443100 0.659700
vt 0.446200 0.653200
vt 0.449700 0.646300
vt 0.425900 0.720300
vt 0.425400 0.713300
vt 0.426300 0.706900
vt 0.427800 0.700000
vt 0.429900 0.692100
vt 0.449600 0.687500
vt 0.452500 0.679600
vt 0.455300 0.672100
vt 0.457600 0.665500
vt 0.459800 0.659100
vt 0.462200 0.652100
vt 0.442400 0.715300
vt 0.441000 0.722600
vt 0.445000 0.702600
vt 0.443600 0.709100
vt 0.447000 0.695300
vt 0.488300 0.321700
vt 0.487200 0.325200
vt 0.488300 0.327800
vt 0.490700 0.324100
vt 0.512000 0.341300
vt 0.506400 0.345800
vt 0.513600 0.352300
vt 0.518600 0.346600
vt 0.520500 0.330100
vt 0.523200 0.323300
vt 0.517400 0.321100
vt 0.515600 0.327500
vt 0.487700 0.321300
vt 0.486600 0.325300
vt 0.489700 0.316400
vt 0.490200 0.316800
vt 0.493200 0.313300
vt 0.492800 0.312800
vt 0.502600 0.312600
vt 0.499300 0.311100
vt 0.499100 0.311900
vt 0.502400 0.313400
vt 0.534400 0.320400
vt 0.525200 0.315300
vt 0.530900 0.327500
vt 0.536500 0.359900
vt 0.531100 0.366300
vt 0.538400 0.371800
vt 0.543700 0.365100
vt 0.527300 0.334200
vt 0.533600 0.338300
vt 0.537600 0.331400
vt 0.560500 0.335400
vt 0.553200 0.331400
vt 0.549900 0.338900
vt 0.557200 0.343200
vt 0.508300 0.358000
vt 0.514400 0.363300
vt 0.519600 0.357300
vt 0.479900 0.318900
vt 0.482600 0.312500
vt 0.477400 0.309300
vt 0.474200 0.317400
vt 0.482900 0.302400
vt 0.487100 0.307000
vt 0.492800 0.303600
vt 0.490300 0.297700
vt 0.514700 0.307400
vt 0.528500 0.308000
vt 0.517700 0.302000
vt 0.500500 0.350800
vt 0.494900 0.356700
vt 0.503000 0.363600
vt 0.479900 0.340800
vt 0.483600 0.337300
vt 0.480300 0.331200
vt 0.475600 0.333100
vt 0.537600 0.313600
vt 0.541200 0.324400
vt 0.544400 0.317800
vt 0.526600 0.384200
vt 0.532600 0.378200
vt 0.525500 0.372400
vt 0.519500 0.377700
vt 0.497000 0.328500
vt 0.494300 0.331700
vt 0.497800 0.332800
vt 0.499900 0.330000
vt 0.503200 0.319900
vt 0.505400 0.315900
vt 0.500000 0.317400
vt 0.493500 0.332900
vt 0.490600 0.329900
vt 0.490000 0.330500
vt 0.493700 0.326500
vt 0.500300 0.324300
vt 0.497300 0.322100
vt 0.524600 0.351200
vt 0.529300 0.344800
vt 0.523200 0.340600
vt 0.548600 0.358100
vt 0.553200 0.350800
vt 0.546000 0.346200
vt 0.541500 0.353200
vt 0.505600 0.322000
vt 0.503000 0.326200
vt 0.496000 0.311400
vt 0.496000 0.310700
vt 0.516800 0.336100
vt 0.508500 0.337800
vt 0.512500 0.333000
vt 0.496700 0.315300
vt 0.493800 0.319500
vt 0.552300 0.371100
vt 0.547500 0.378500
vt 0.570100 0.340900
vt 0.566200 0.348600
vt 0.557100 0.363800
vt 0.561800 0.356300
vt 0.508100 0.297900
vt 0.499000 0.296400
vt 0.499100 0.302300
vt 0.506300 0.303400
vt 0.486300 0.348400
vt 0.489700 0.343500
vt 0.473900 0.325400
vt 0.479200 0.325100
vt 0.563100 0.327900
vt 0.555800 0.324200
vt 0.509400 0.368700
vt 0.507400 0.323800
vt 0.508800 0.324600
vt 0.509500 0.320700
vt 0.508100 0.320500
vt 0.483000 0.325100
vt 0.484900 0.325300
vt 0.485400 0.320400
vt 0.483600 0.319700
vt 0.488000 0.315400
vt 0.491400 0.311400
vt 0.489800 0.310000
vt 0.486100 0.314400
vt 0.504600 0.307200
vt 0.503600 0.309700
vt 0.508300 0.312100
vt 0.510800 0.310000
vt 0.506000 0.334800
vt 0.501900 0.337600
vt 0.503700 0.341500
vt 0.486100 0.334700
vt 0.488000 0.332600
vt 0.485700 0.329300
vt 0.483700 0.329800
vt 0.512200 0.325900
vt 0.509600 0.330800
vt 0.495400 0.309000
vt 0.494600 0.307400
vt 0.503500 0.331800
vt 0.506400 0.328600
vt 0.505100 0.327700
vt 0.502200 0.330800
vt 0.497700 0.342400
vt 0.499500 0.332600
vt 0.497300 0.334000
vt 0.500300 0.333800
vt 0.497100 0.338300
vt 0.492000 0.336200
vt 0.491000 0.339300
vt 0.508400 0.317600
vt 0.506100 0.314800
vt 0.507500 0.318500
vt 0.512100 0.315900
vt 0.513300 0.320700
vt 0.516100 0.315100
vt 0.510800 0.320600
vt 0.510000 0.325000
vt 0.509700 0.316700
vt 0.507000 0.313500
vt 0.503000 0.311200
vt 0.495800 0.309700
vt 0.492400 0.312300
vt 0.489000 0.316000
vt 0.486800 0.321000
vt 0.485900 0.325500
vt 0.489100 0.331500
vt 0.487000 0.328700
vt 0.497000 0.335700
vt 0.492800 0.334300
vt 0.500800 0.335200
vt 0.504500 0.332900
vt 0.507600 0.329300
vt 0.590900 0.344200
vt 0.583300 0.339500
vt 0.579300 0.346500
vt 0.587000 0.351200
vt 0.578100 0.366500
vt 0.582600 0.358700
vt 0.574800 0.353900
vt 0.570200 0.361600
vt 0.568500 0.382100
vt 0.573200 0.374300
vt 0.565400 0.369200
vt 0.560700 0.376900
vt 0.558800 0.397600
vt 0.563600 0.389900
vt 0.556000 0.384600
vt 0.551300 0.392500
vt 0.546700 0.400200
vt 0.554200 0.405200
vt 0.530400 0.355500
vt 0.525200 0.361800
vt 0.539600 0.342100
vt 0.543700 0.335100
vt 0.547100 0.327900
vt 0.519700 0.367600
vt 0.535200 0.349000
vt 0.550000 0.321000
vt 0.487800 0.328200
vt 0.499200 0.306600
vt 0.499200 0.308800
vt 0.499200 0.310100
vt 0.601300 0.359400
vt 0.609700 0.364000
vt 0.613100 0.355200
vt 0.604600 0.351300
vt 0.597700 0.367700
vt 0.605800 0.372500
vt 0.593400 0.375900
vt 0.601400 0.380700
vt 0.588800 0.384000
vt 0.596600 0.388800
vt 0.583700 0.391900
vt 0.591400 0.396600
vt 0.578200 0.399600
vt 0.585700 0.404400
vt 0.572400 0.407000
vt 0.579600 0.411900
vt 0.566400 0.414000
vt 0.573100 0.419100
vt 0.597500 0.347800
vt 0.594000 0.355300
vt 0.590000 0.363200
vt 0.585600 0.371200
vt 0.581000 0.379200
vt 0.576000 0.387100
vt 0.570800 0.394700
vt 0.565600 0.402300
vt 0.560400 0.409500
vt 0.641200 0.372300
vt 0.640900 0.381300
vt 0.639800 0.390600
vt 0.636800 0.400000
vt 0.632300 0.409100
vt 0.626600 0.418000
vt 0.620200 0.426300
vt 0.612800 0.434200
vt 0.605400 0.441700
vt 0.514500 0.373000
vt 0.620500 0.359200
vt 0.617100 0.368300
vt 0.613500 0.376900
vt 0.609100 0.385100
vt 0.604100 0.393200
vt 0.598800 0.401100
vt 0.593000 0.409000
vt 0.586900 0.416900
vt 0.580200 0.424700
vt 0.637400 0.369900
vt 0.635900 0.378900
vt 0.633900 0.387900
vt 0.630400 0.396700
vt 0.625600 0.405400
vt 0.620100 0.413900
vt 0.614000 0.422200
vt 0.607200 0.430300
vt 0.600400 0.437800
vt 0.632900 0.367000
vt 0.630500 0.376000
vt 0.627700 0.384700
vt 0.623600 0.393200
vt 0.618700 0.401500
vt 0.613200 0.409700
vt 0.607400 0.418000
vt 0.601100 0.426200
vt 0.594700 0.434100
vt 0.627100 0.363200
vt 0.624100 0.372300
vt 0.620700 0.381000
vt 0.616400 0.389200
vt 0.611400 0.397400
vt 0.606000 0.405400
vt 0.600300 0.413500
vt 0.594200 0.421700
vt 0.587700 0.429800
vt 0.542400 0.385900
vt 0.573500 0.333500
vt 0.536800 0.392900
vt 0.121600 0.882300
vt 0.116700 0.879900
vt 0.114100 0.886100
vt 0.118000 0.888300
vt 0.122300 0.891200
vt 0.119000 0.895700
vt 0.123200 0.898200
vt 0.126700 0.894100
vt 0.121000 0.902400
vt 0.126300 0.903200
vt 0.126400 0.899700
vt 0.116000 0.899700
vt 0.115300 0.892600
vt 0.112200 0.895800
vt 0.152500 0.884600
vt 0.148200 0.880100
vt 0.141500 0.887200
vt 0.145200 0.891900
vt 0.111500 0.878700
vt 0.109900 0.885600
vt 0.119800 0.861200
vt 0.125400 0.863700
vt 0.130300 0.855600
vt 0.124700 0.852800
vt 0.148800 0.868000
vt 0.153500 0.861800
vt 0.147000 0.857300
vt 0.142700 0.863400
vt 0.136300 0.859200
vt 0.140500 0.852900
vt 0.134400 0.849100
vt 0.163900 0.870500
vt 0.159100 0.866300
vt 0.154500 0.872400
vt 0.159100 0.876700
vt 0.136000 0.835200
vt 0.141200 0.838900
vt 0.146500 0.831100
vt 0.141300 0.827500
vt 0.131300 0.867000
vt 0.126100 0.875000
vt 0.131500 0.878900
vt 0.137300 0.871000
vt 0.143000 0.875500
vt 0.136800 0.882900
vt 0.135300 0.893000
vt 0.138400 0.897600
vt 0.115100 0.870300
vt 0.120600 0.872100
vt 0.150800 0.902600
vt 0.148300 0.897000
vt 0.140600 0.903100
vt 0.142200 0.909300
vt 0.107800 0.856900
vt 0.103300 0.868600
vt 0.109400 0.869200
vt 0.114100 0.859100
vt 0.130000 0.897300
vt 0.113000 0.890100
vt 0.110000 0.891100
vt 0.100300 0.894800
vt 0.103300 0.902300
vt 0.108200 0.898900
vt 0.105500 0.892900
vt 0.108800 0.909100
vt 0.116600 0.913800
vt 0.119000 0.907500
vt 0.112800 0.904100
vt 0.155600 0.817800
vt 0.149700 0.814400
vt 0.129500 0.818800
vt 0.135100 0.823600
vt 0.143100 0.810600
vt 0.136300 0.807200
vt 0.125200 0.915100
vt 0.125900 0.908700
vt 0.160400 0.893700
vt 0.156000 0.889200
vt 0.112900 0.847000
vt 0.119100 0.849900
vt 0.100600 0.878400
vt 0.099500 0.887000
vt 0.105000 0.886100
vt 0.106300 0.878200
vt 0.163400 0.880900
vt 0.168000 0.885500
vt 0.173500 0.879100
vt 0.168600 0.874500
vt 0.124500 0.827400
vt 0.130400 0.831600
vt 0.183400 0.810800
vt 0.177600 0.818100
vt 0.184500 0.823700
vt 0.190400 0.816300
vt 0.196100 0.821800
vt 0.190300 0.829300
vt 0.200700 0.826900
vt 0.194800 0.833900
vt 0.205300 0.831800
vt 0.199200 0.838500
vt 0.204000 0.843900
vt 0.210100 0.837500
vt 0.168800 0.800600
vt 0.163400 0.807700
vt 0.170500 0.812500
vt 0.176100 0.805400
vt 0.120900 0.833600
vt 0.126900 0.837200
vt 0.178000 0.873800
vt 0.172700 0.869600
vt 0.126400 0.885700
vt 0.131300 0.889100
vt 0.132000 0.901400
vt 0.133100 0.907000
vt 0.134000 0.913800
vt 0.199100 0.805700
vt 0.205700 0.798200
vt 0.197900 0.792700
vt 0.192000 0.800000
vt 0.205200 0.811000
vt 0.212100 0.803400
vt 0.215100 0.820400
vt 0.221000 0.812200
vt 0.216500 0.807600
vt 0.210200 0.815500
vt 0.220600 0.826300
vt 0.226900 0.819100
vt 0.154400 0.777500
vt 0.161700 0.781800
vt 0.165600 0.775000
vt 0.158600 0.771000
vt 0.169000 0.785600
vt 0.176500 0.789800
vt 0.181000 0.782700
vt 0.173200 0.778800
vt 0.184200 0.794600
vt 0.189500 0.787400
vt 0.187600 0.805500
vt 0.194500 0.811100
vt 0.200400 0.816500
vt 0.210200 0.826400
vt 0.205400 0.821300
vt 0.215300 0.832100
vt 0.147100 0.789500
vt 0.154900 0.792700
vt 0.158300 0.787200
vt 0.150700 0.783500
vt 0.161900 0.796500
vt 0.172700 0.795300
vt 0.165600 0.791000
vt 0.180200 0.800100
vt 0.223200 0.761600
vt 0.233400 0.769300
vt 0.240300 0.776600
vt 0.244200 0.783100
vt 0.246700 0.790400
vt 0.249000 0.798200
vt 0.172900 0.740900
vt 0.182600 0.743300
vt 0.192000 0.746000
vt 0.201700 0.749800
vt 0.212300 0.755000
vt 0.172800 0.850500
vt 0.166500 0.845800
vt 0.160800 0.852500
vt 0.166800 0.857000
vt 0.159700 0.840600
vt 0.152800 0.835600
vt 0.147400 0.843100
vt 0.154000 0.847900
vt 0.172000 0.860700
vt 0.177700 0.854100
vt 0.128800 0.846000
vt 0.182600 0.868500
vt 0.188100 0.861800
vt 0.182300 0.857800
vt 0.176900 0.864500
vt 0.123400 0.842800
vt 0.117200 0.839600
vt 0.150400 0.852600
vt 0.156900 0.857300
vt 0.137700 0.844100
vt 0.143800 0.848200
vt 0.167800 0.865600
vt 0.132300 0.840600
vt 0.162800 0.861600
vt 0.204800 0.784500
vt 0.213100 0.790300
vt 0.219400 0.796100
vt 0.223100 0.800400
vt 0.226800 0.805400
vt 0.232500 0.812900
vt 0.169900 0.767400
vt 0.163100 0.764200
vt 0.186200 0.774700
vt 0.178000 0.771000
vt 0.195500 0.779200
vt 0.220100 0.765100
vt 0.229900 0.771900
vt 0.236600 0.778800
vt 0.240400 0.785100
vt 0.243300 0.792100
vt 0.246000 0.800100
vt 0.171200 0.745700
vt 0.180600 0.748200
vt 0.189900 0.750900
vt 0.199600 0.754500
vt 0.209700 0.759300
vt 0.216500 0.769800
vt 0.226100 0.775900
vt 0.232300 0.782400
vt 0.235900 0.788400
vt 0.238900 0.795000
vt 0.242500 0.803000
vt 0.169300 0.751000
vt 0.178000 0.753500
vt 0.187000 0.756500
vt 0.196400 0.759900
vt 0.206400 0.764400
vt 0.211200 0.776500
vt 0.220000 0.782500
vt 0.226100 0.788900
vt 0.229700 0.794000
vt 0.233100 0.799800
vt 0.237800 0.807500
vt 0.166700 0.757300
vt 0.174300 0.760100
vt 0.182700 0.763300
vt 0.191700 0.766900
vt 0.201400 0.771400
vt 0.156900 0.803800
vt 0.142700 0.796800
vt 0.150200 0.799900
vt 0.182500 0.840000
vt 0.176200 0.834300
vt 0.169400 0.828200
vt 0.162500 0.822700
vt 0.186700 0.843900
vt 0.196000 0.852500
vt 0.190800 0.847800
vt 0.625500 0.192700
vt 0.622200 0.193800
vt 0.621200 0.196300
vt 0.626500 0.195200
vt 0.634700 0.220900
vt 0.627800 0.222100
vt 0.630000 0.230800
vt 0.637100 0.228600
vt 0.670800 0.267600
vt 0.675800 0.278500
vt 0.684200 0.275000
vt 0.678500 0.263500
vt 0.647400 0.216100
vt 0.653400 0.212300
vt 0.649800 0.206800
vt 0.644800 0.210800
vt 0.625200 0.192000
vt 0.621700 0.193400
vt 0.630100 0.189900
vt 0.630300 0.190500
vt 0.634700 0.188500
vt 0.634500 0.188000
vt 0.642700 0.191200
vt 0.640600 0.187700
vt 0.640200 0.188400
vt 0.642100 0.191600
vt 0.664400 0.217700
vt 0.659500 0.207600
vt 0.657400 0.220500
vt 0.641800 0.293000
vt 0.650100 0.289200
vt 0.645300 0.276200
vt 0.636800 0.278200
vt 0.645700 0.252400
vt 0.637900 0.254400
vt 0.641100 0.263800
vt 0.649300 0.261700
vt 0.660900 0.228100
vt 0.650700 0.223500
vt 0.653900 0.231100
vt 0.667800 0.242500
vt 0.672300 0.251400
vt 0.679300 0.246600
vt 0.674600 0.238000
vt 0.625400 0.241100
vt 0.632600 0.239000
vt 0.622800 0.233000
vt 0.619100 0.182700
vt 0.625300 0.178800
vt 0.622900 0.173200
vt 0.615200 0.178000
vt 0.631800 0.170800
vt 0.632500 0.177000
vt 0.639300 0.177600
vt 0.640700 0.171300
vt 0.655300 0.194100
vt 0.666500 0.203800
vt 0.661100 0.191600
vt 0.686100 0.258900
vt 0.692600 0.271400
vt 0.701100 0.267600
vt 0.693700 0.253900
vt 0.619800 0.222100
vt 0.612300 0.225000
vt 0.615700 0.235100
vt 0.605800 0.202500
vt 0.611600 0.201300
vt 0.612000 0.193900
vt 0.606200 0.192600
vt 0.667900 0.224900
vt 0.674700 0.221500
vt 0.671300 0.214600
vt 0.632900 0.265500
vt 0.630200 0.256100
vt 0.622600 0.257400
vt 0.624800 0.266800
vt 0.629200 0.201800
vt 0.624000 0.203600
vt 0.626900 0.206000
vt 0.630700 0.204600
vt 0.638900 0.197900
vt 0.643200 0.195800
vt 0.637700 0.194300
vt 0.623200 0.203900
vt 0.621500 0.199500
vt 0.620800 0.199600
vt 0.627600 0.198300
vt 0.634200 0.200100
vt 0.632800 0.196700
vt 0.639800 0.236600
vt 0.646900 0.234000
vt 0.643900 0.226200
vt 0.665000 0.255700
vt 0.660800 0.246500
vt 0.653400 0.249700
vt 0.657300 0.259000
vt 0.639700 0.200900
vt 0.635400 0.203000
vt 0.637900 0.187000
vt 0.637900 0.186300
vt 0.662500 0.271100
vt 0.653900 0.273800
vt 0.658600 0.285400
vt 0.667300 0.282000
vt 0.641200 0.218800
vt 0.633400 0.215500
vt 0.639300 0.213700
vt 0.636200 0.191200
vt 0.631500 0.193400
vt 0.655600 0.182200
vt 0.648800 0.175300
vt 0.645600 0.180300
vt 0.650900 0.185600
vt 0.608300 0.212900
vt 0.613900 0.209900
vt 0.609700 0.184700
vt 0.614600 0.187800
vt 0.686100 0.241500
vt 0.681000 0.233200
vt 0.618500 0.243000
vt 0.628000 0.280400
vt 0.632800 0.295500
vt 0.640500 0.203600
vt 0.641000 0.204800
vt 0.643600 0.201900
vt 0.642900 0.201200
vt 0.618300 0.190300
vt 0.620100 0.192100
vt 0.623700 0.189200
vt 0.622200 0.186700
vt 0.628800 0.186900
vt 0.633900 0.184800
vt 0.633200 0.182200
vt 0.627600 0.183900
vt 0.647300 0.187800
vt 0.645300 0.189000
vt 0.648100 0.194000
vt 0.650700 0.193900
vt 0.633100 0.211900
vt 0.627900 0.212000
vt 0.627400 0.215900
vt 0.615700 0.200600
vt 0.617900 0.199900
vt 0.618600 0.195400
vt 0.616200 0.194800
vt 0.643100 0.207800
vt 0.638300 0.210400
vt 0.638100 0.184200
vt 0.638400 0.182200
vt 0.632700 0.208000
vt 0.636900 0.206800
vt 0.636600 0.205700
vt 0.632500 0.206800
vt 0.621700 0.213500
vt 0.629000 0.206800
vt 0.625900 0.206700
vt 0.628900 0.207900
vt 0.623300 0.210100
vt 0.619700 0.205600
vt 0.617600 0.207400
vt 0.644800 0.198600
vt 0.644300 0.195200
vt 0.643600 0.199000
vt 0.648700 0.199400
vt 0.647000 0.204100
vt 0.652100 0.201100
vt 0.645100 0.202700
vt 0.642000 0.206000
vt 0.646500 0.198800
vt 0.646100 0.194500
vt 0.644000 0.190000
vt 0.638000 0.185200
vt 0.634200 0.186300
vt 0.629500 0.188400
vt 0.624500 0.190600
vt 0.621000 0.192900
vt 0.619300 0.199600
vt 0.619700 0.195800
vt 0.621400 0.204600
vt 0.624600 0.208100
vt 0.628400 0.209600
vt 0.632900 0.209700
vt 0.637600 0.208400
vt 0.642600 0.244200
vt 0.635200 0.246400
vt 0.657200 0.238600
vt 0.664200 0.235100
vt 0.671000 0.231200
vt 0.627800 0.248300
vt 0.650000 0.241600
vt 0.677500 0.227000
vt 0.620600 0.196300
vt 0.643100 0.184000
vt 0.642000 0.185400
vt 0.641400 0.186300
vt 0.696900 0.280100
vt 0.705100 0.276100
vt 0.688500 0.283900
vt 0.680000 0.287600
vt 0.671300 0.291200
vt 0.662500 0.294800
vt 0.653600 0.298300
vt 0.644900 0.301800
vt 0.647800 0.309200
vt 0.657000 0.306600
vt 0.636100 0.304500
vt 0.638800 0.311600
vt 0.716400 0.297900
vt 0.711600 0.288700
vt 0.704000 0.294500
vt 0.708500 0.303500
vt 0.696200 0.300200
vt 0.700600 0.309300
vt 0.688000 0.305100
vt 0.692400 0.314500
vt 0.679300 0.309300
vt 0.683600 0.319000
vt 0.670100 0.312800
vt 0.674400 0.322700
vt 0.660600 0.315400
vt 0.664700 0.325300
vt 0.650900 0.317100
vt 0.641400 0.318900
vt 0.725900 0.316900
vt 0.718000 0.322600
vt 0.722400 0.330200
vt 0.729700 0.324200
vt 0.709900 0.328000
vt 0.714400 0.336000
vt 0.701200 0.332900
vt 0.705400 0.341000
vt 0.692000 0.337300
vt 0.695800 0.345600
vt 0.682400 0.340900
vt 0.685900 0.349200
vt 0.672600 0.343400
vt 0.675900 0.351900
vt 0.662400 0.344400
vt 0.666200 0.353500
vt 0.652500 0.346200
vt 0.656000 0.354200
vt 0.620600 0.250000
vt 0.733000 0.329100
vt 0.726300 0.335800
vt 0.730400 0.340200
vt 0.736200 0.332700
vt 0.718600 0.342300
vt 0.723200 0.347900
vt 0.709400 0.348100
vt 0.713500 0.354600
vt 0.699300 0.353100
vt 0.702600 0.360100
vt 0.688700 0.356800
vt 0.691000 0.364200
vt 0.678000 0.359100
vt 0.679400 0.366300
vt 0.667700 0.359400
vt 0.668600 0.366300
vt 0.657900 0.359600
vt 0.658900 0.364800
vt 0.684000 0.296300
vt 0.692300 0.292000
vt 0.675200 0.300100
vt 0.666200 0.303600
vt 0.644500 0.328000
vt 0.654700 0.326800
vt 0.700400 0.287300
vt 0.708300 0.282400
vt 0.721500 0.307700
vt 0.713300 0.313200
vt 0.705200 0.318700
vt 0.696800 0.323800
vt 0.687900 0.328400
vt 0.678500 0.332000
vt 0.668700 0.334600
vt 0.658600 0.335700
vt 0.648600 0.337400
vt 0.299900 0.956100
vt 0.294300 0.957300
vt 0.296300 0.963700
vt 0.300900 0.962800
vt 0.306300 0.962600
vt 0.306400 0.968400
vt 0.311300 0.968100
vt 0.311700 0.962700
vt 0.321300 0.879900
vt 0.321200 0.864500
vt 0.313400 0.865100
vt 0.313400 0.879900
vt 0.305000 0.880100
vt 0.305000 0.865500
vt 0.296700 0.866100
vt 0.296400 0.880700
vt 0.312100 0.972800
vt 0.316800 0.970400
vt 0.314900 0.967500
vt 0.306500 0.973600
vt 0.301500 0.968100
vt 0.300900 0.973000
vt 0.327900 0.880100
vt 0.327800 0.864300
vt 0.326200 0.938800
vt 0.319900 0.938200
vt 0.319200 0.948300
vt 0.325100 0.949600
vt 0.289200 0.959400
vt 0.292400 0.966100
vt 0.284200 0.930500
vt 0.285200 0.940500
vt 0.291400 0.939200
vt 0.290700 0.929500
vt 0.312900 0.919400
vt 0.305100 0.919600
vt 0.305200 0.928200
vt 0.312900 0.928000
vt 0.290200 0.921000
vt 0.297700 0.928800
vt 0.297400 0.920300
vt 0.326900 0.919300
vt 0.320300 0.919300
vt 0.320200 0.928000
vt 0.326700 0.928100
vt 0.282800 0.907100
vt 0.289400 0.906600
vt 0.288800 0.896600
vt 0.282300 0.897100
vt 0.298200 0.938300
vt 0.298900 0.947800
vt 0.305800 0.947400
vt 0.305500 0.937900
vt 0.312900 0.937800
vt 0.312700 0.947500
vt 0.317900 0.956900
vt 0.323100 0.958800
vt 0.286900 0.950700
vt 0.292600 0.948900
vt 0.336300 0.955200
vt 0.330600 0.951900
vt 0.328100 0.961700
vt 0.333200 0.965800
vt 0.272600 0.944000
vt 0.276000 0.956900
vt 0.281500 0.953300
vt 0.279100 0.942000
vt 0.316300 0.963500
vt 0.288800 0.866500
vt 0.288500 0.881200
vt 0.297900 0.967700
vt 0.296100 0.970700
vt 0.290300 0.980700
vt 0.297700 0.984400
vt 0.299600 0.978400
vt 0.293500 0.975200
vt 0.306600 0.986000
vt 0.315500 0.984700
vt 0.313500 0.978200
vt 0.306600 0.979400
vt 0.282000 0.881800
vt 0.268300 0.897600
vt 0.275900 0.897600
vt 0.275800 0.882500
vt 0.267500 0.883500
vt 0.323000 0.980600
vt 0.319700 0.975000
vt 0.339200 0.941300
vt 0.332300 0.939800
vt 0.342300 0.880300
vt 0.342900 0.864900
vt 0.334500 0.864200
vt 0.334300 0.880400
vt 0.271000 0.932700
vt 0.277800 0.931500
vt 0.279600 0.966800
vt 0.284300 0.974900
vt 0.288500 0.970000
vt 0.284500 0.962600
vt 0.333000 0.928000
vt 0.339900 0.928500
vt 0.340100 0.919900
vt 0.333000 0.919300
vt 0.269000 0.907600
vt 0.276300 0.907500
vt 0.305000 0.855100
vt 0.313300 0.854700
vt 0.269700 0.915800
vt 0.276700 0.915100
vt 0.340400 0.913100
vt 0.333200 0.912800
vt 0.306100 0.955700
vt 0.312200 0.955900
vt 0.320300 0.965800
vt 0.324500 0.969500
vt 0.329100 0.974500
vt 0.321000 0.854600
vt 0.334900 0.855100
vt 0.327900 0.854800
vt 0.343300 0.856100
vt 0.265200 0.852300
vt 0.265800 0.859100
vt 0.274200 0.858100
vt 0.273800 0.851100
vt 0.289000 0.856400
vt 0.281700 0.857300
vt 0.281900 0.867200
vt 0.296800 0.855800
vt 0.304900 0.840900
vt 0.313200 0.840900
vt 0.313100 0.831300
vt 0.304500 0.831300
vt 0.320900 0.841200
vt 0.321000 0.831800
vt 0.328000 0.841800
vt 0.335100 0.842600
vt 0.334800 0.833200
vt 0.327900 0.832500
vt 0.343800 0.843200
vt 0.344000 0.833900
vt 0.273600 0.844200
vt 0.264800 0.845200
vt 0.281200 0.843100
vt 0.288700 0.842300
vt 0.288100 0.833400
vt 0.280800 0.834500
vt 0.296600 0.841400
vt 0.296000 0.832200
vt 0.303200 0.807100
vt 0.312800 0.806500
vt 0.312800 0.796300
vt 0.302400 0.796800
vt 0.320900 0.807500
vt 0.321800 0.797500
vt 0.327900 0.809600
vt 0.335100 0.812400
vt 0.336200 0.804700
vt 0.329200 0.800800
vt 0.344400 0.815600
vt 0.344500 0.809000
vt 0.263700 0.819200
vt 0.272200 0.815700
vt 0.271000 0.808100
vt 0.263200 0.812200
vt 0.277600 0.804500
vt 0.278900 0.813200
vt 0.286000 0.810900
vt 0.284400 0.801300
vt 0.294000 0.808800
vt 0.292600 0.798800
vt 0.320600 0.905400
vt 0.321000 0.894900
vt 0.313300 0.894700
vt 0.313100 0.905200
vt 0.305000 0.905500
vt 0.305000 0.894700
vt 0.296500 0.895500
vt 0.296900 0.906000
vt 0.327200 0.905600
vt 0.327600 0.895300
vt 0.283600 0.921900
vt 0.341000 0.905500
vt 0.341700 0.895200
vt 0.334000 0.895600
vt 0.333600 0.905800
vt 0.270300 0.923700
vt 0.277100 0.922700
vt 0.301700 0.791200
vt 0.312900 0.790700
vt 0.313100 0.785900
vt 0.301000 0.785800
vt 0.322600 0.792100
vt 0.323600 0.787700
vt 0.330400 0.795300
vt 0.337200 0.799500
vt 0.338100 0.795300
vt 0.331400 0.790800
vt 0.344800 0.804300
vt 0.345100 0.800600
vt 0.262400 0.808000
vt 0.269900 0.803000
vt 0.268400 0.798700
vt 0.262100 0.803900
vt 0.276300 0.798900
vt 0.283000 0.795300
vt 0.281200 0.790600
vt 0.274500 0.794200
vt 0.291400 0.792900
vt 0.289800 0.787700
vt 0.305000 0.847900
vt 0.313200 0.847800
vt 0.320900 0.847900
vt 0.328000 0.848300
vt 0.281500 0.850100
vt 0.289000 0.849200
vt 0.296800 0.848500
vt 0.335200 0.848900
vt 0.305000 0.912800
vt 0.312900 0.912500
vt 0.289800 0.913800
vt 0.297100 0.913200
vt 0.327000 0.912600
vt 0.283200 0.914500
vt 0.320400 0.912500
vt 0.273400 0.835500
vt 0.264600 0.836500
vt 0.266500 0.868000
vt 0.274900 0.867500
vt 0.343700 0.849600
vt 0.312800 0.819300
vt 0.304000 0.819400
vt 0.320900 0.819800
vt 0.327800 0.820800
vt 0.344300 0.824300
vt 0.334500 0.822000
vt 0.264100 0.827400
vt 0.272800 0.825500
vt 0.280000 0.823800
vt 0.287200 0.822100
vt 0.295300 0.820500
vn 0.213291 -0.882144 0.419916
vn 0.181658 -0.888576 0.421229
vn 0.060517 -0.801730 0.594615
vn 0.122970 -0.790985 0.599351
vn 0.010864 -0.745406 0.666522
vn -0.001686 -0.716668 0.697413
vn 0.118471 -0.693620 0.710532
vn 0.113915 -0.730341 0.673518
vn -0.053123 -0.626137 0.777901
vn 0.110339 -0.602035 0.790809
vn 0.387069 -0.688055 0.613807
vn 0.120398 -0.757229 0.641957
vn 0.003702 -0.774076 0.633081
vn 0.215629 -0.682787 0.698073
vn 0.217381 -0.706858 0.673125
vn 0.533173 -0.678026 0.505971
vn 0.003841 -0.890756 0.454466
vn -0.054806 -0.905805 0.420136
vn -0.189961 -0.867673 0.459411
vn -0.156334 -0.857116 0.490827
vn -0.231070 -0.842863 0.485992
vn -0.227137 -0.846496 0.481511
vn -0.217606 -0.869306 0.443796
vn -0.267920 -0.845306 0.462251
vn -0.167049 -0.836599 0.521726
vn -0.029448 -0.870533 0.491229
vn -0.117058 -0.766365 0.631650
vn 0.034571 -0.770627 0.636348
vn -0.282655 -0.811989 0.510666
vn -0.248276 -0.776071 0.579718
vn -0.240895 -0.853646 0.461798
vn -0.307665 -0.804057 0.508759
vn -0.314025 -0.751216 0.580571
vn -0.364893 -0.655749 0.660944
vn -0.375922 -0.648517 0.661898
vn -0.356793 -0.701615 0.616794
vn -0.333455 -0.762605 0.554293
vn -0.351003 -0.744064 0.568477
vn -0.373331 -0.716579 0.589185
vn -0.042822 -0.946738 -0.319145
vn 0.049843 -0.958504 -0.280687
vn -0.132358 -0.988726 0.070010
vn -0.203841 -0.975533 0.082366
vn 0.013389 -0.672789 0.739713
vn -0.006382 -0.702995 0.711166
vn -0.281616 -0.802075 0.526657
vn -0.462926 -0.724374 0.510865
vn 0.544643 -0.587635 0.598372
vn 0.437589 -0.699244 0.565309
vn 0.784951 -0.601464 0.148637
vn 0.862169 -0.424438 0.276616
vn 0.048695 -0.315350 0.947725
vn 0.911846 -0.300125 0.280110
vn 0.820921 -0.370761 0.434311
vn -0.102869 -0.291906 0.950899
vn -0.843503 -0.148660 0.516142
vn -0.820103 -0.264001 0.507676
vn -0.951855 -0.149024 0.267887
vn -0.885791 -0.363537 0.288471
vn -0.409750 -0.343163 0.845189
vn -0.504880 -0.080635 0.859415
vn 0.203207 -0.045264 0.978089
vn 0.139013 -0.351988 0.925624
vn -0.602615 -0.562374 0.566207
vn -0.807478 -0.367654 0.461314
vn -0.568016 -0.803305 0.179051
vn -0.778408 -0.616353 0.119121
vn -0.352174 -0.728765 0.587261
vn -0.080208 -0.849816 0.520940
vn -0.009492 -0.983716 0.179482
vn -0.278378 -0.940368 0.195482
vn 0.140054 -0.878475 0.456800
vn 0.274390 -0.951361 0.140078
vn 0.270027 -0.794850 0.543414
vn 0.583537 -0.802281 0.125820
vn 0.075971 -0.770504 0.632891
vn 0.043563 -0.865042 0.499805
vn 0.632982 -0.467524 0.617054
vn 0.320601 -0.698905 0.639334
vn -0.080153 -0.502352 0.860940
vn -0.109791 -0.313801 0.943120
vn -0.289788 -0.744430 0.601536
vn -0.662439 -0.466379 0.586230
vn -0.388031 -0.908316 0.156185
vn -0.710244 -0.660023 0.244792
vn 0.042331 -0.930829 0.362995
vn -0.046069 -0.995142 0.087011
vn 0.318284 -0.921987 0.220534
vn 0.260639 -0.964475 0.043081
vn 0.626437 -0.774933 0.083998
vn 0.622027 -0.782575 -0.025680
vn 0.875959 -0.477633 -0.067544
vn 0.866107 -0.499852 -0.002718
vn 0.987659 -0.149754 -0.045861
vn 0.982356 -0.159944 -0.096922
vn -0.127367 -0.724287 0.677633
vn -0.285456 -0.548846 0.785673
vn 0.091236 -0.558246 0.824644
vn 0.035154 -0.755321 0.654412
vn 0.619959 -0.582530 0.525653
vn 0.449029 -0.587308 0.673381
vn 0.322710 -0.653020 0.685145
vn 0.592897 -0.653024 0.471203
vn 0.505658 -0.683866 0.525963
vn 0.600535 -0.678634 0.422862
vn 0.487095 -0.824903 0.286833
vn 0.409230 -0.842026 0.351458
vn 0.402719 -0.866219 0.295774
vn 0.568303 -0.779495 0.263476
vn 0.446652 -0.838057 0.313309
vn 0.663175 -0.685299 0.300940
vn 0.706006 -0.360675 0.609483
vn 0.786778 -0.279612 0.550271
vn 0.737003 -0.500905 0.453784
vn 0.660175 -0.464278 0.590436
vn 0.196625 -0.776408 0.598773
vn 0.130234 -0.886091 0.444839
vn 0.363536 -0.735574 0.571640
vn -0.304388 -0.741681 0.597710
vn -0.094866 -0.754263 0.649682
vn -0.295139 -0.695800 0.654794
vn -0.241891 -0.749628 0.616074
vn -0.058933 -0.808477 0.585569
vn -0.113852 -0.748685 0.653076
vn -0.346599 -0.680787 0.645289
vn -0.336764 -0.681522 0.649706
vn 0.189763 -0.954698 0.229220
vn 0.023482 -0.963580 0.266386
vn 0.193305 -0.979371 0.058866
vn 0.336844 -0.940163 0.051288
vn 0.023228 -0.997054 0.073095
vn -0.139014 -0.936979 0.320540
vn -0.269611 -0.804806 0.528769
vn 0.395722 -0.903457 -0.164832
vn 0.508768 -0.846519 -0.156715
vn 0.228791 -0.951999 -0.203356
vn -0.222734 -0.968630 0.110204
vn -0.053923 -0.954199 -0.294274
vn -0.334118 -0.853979 0.398854
vn -0.320175 -0.867842 0.379919
vn -0.244866 -0.808280 0.535467
vn -0.330177 -0.690462 0.643619
vn -0.200233 -0.870990 0.448647
vn -0.203040 -0.876326 0.436838
vn -0.198255 -0.873126 0.445360
vn -0.159915 -0.920427 0.356710
vn 0.140438 -0.941428 0.306579
vn -0.035771 -0.954179 0.297091
vn 0.144309 -0.902920 0.404857
vn -0.609262 -0.791494 0.048331
vn -0.636645 -0.769657 0.048091
vn -0.871468 -0.489416 0.031874
vn -0.860105 -0.506455 0.061015
vn -0.334023 -0.942007 0.032414
vn -0.300570 -0.953695 0.011125
vn 0.019070 -0.999114 -0.037512
vn -0.018914 -0.999819 0.002045
vn -0.368900 -0.923459 0.105533
vn -0.071862 -0.993318 0.090307
vn -0.656310 -0.749741 0.084532
vn 0.194040 -0.978710 -0.066901
vn 0.176403 -0.984244 -0.012088
vn 0.293191 -0.954733 -0.050236
vn 0.290912 -0.956518 0.021055
vn 0.147422 -0.986557 0.070516
vn 0.285786 -0.955178 0.077205
vn 0.352200 -0.935905 -0.006172
vn 0.344049 -0.937185 0.057581
vn 0.336161 -0.938777 0.075456
vn 0.322393 -0.946569 0.008401
vn 0.301908 -0.952363 0.043086
vn 0.280458 -0.959813 -0.010128
vn 0.262860 -0.964782 0.009982
vn 0.287159 -0.956992 0.041315
vn 0.251644 -0.967769 0.009881
vn 0.262064 -0.964988 -0.010982
vn 0.263711 -0.964438 0.017772
vn 0.129497 -0.991421 0.017769
vn 0.143592 -0.987693 0.062005
vn 0.281093 -0.959448 0.021146
vn 0.187149 -0.978761 0.083680
vn -0.028059 -0.995836 0.086735
vn 0.000732 -0.989712 0.143069
vn -0.072312 -0.967602 0.241903
vn -0.101438 -0.977989 0.182338
vn -0.105944 -0.971699 0.211132
vn -0.122036 -0.952462 0.279147
vn -0.034404 -0.951273 0.306425
vn -0.129244 -0.922434 0.363883
vn 0.050613 -0.979963 0.192640
vn -0.021939 -0.982501 0.184959
vn -0.071577 -0.966383 0.246943
vn 0.049539 -0.977486 0.205105
vn 0.084558 -0.980975 0.174751
vn -0.120719 -0.925991 0.357727
vn 0.000574 -0.952388 0.304886
vn 0.348330 -0.935699 0.055973
vn 0.554610 -0.825785 0.102406
vn 0.553472 -0.832485 0.025261
vn 0.353279 -0.935512 0.003299
vn 0.758899 -0.644137 0.095703
vn 0.541881 -0.817173 0.196454
vn 0.779928 -0.597214 0.187209
vn 0.049796 -0.998713 0.009599
vn 0.165651 -0.985902 0.023592
vn 0.157946 -0.987442 0.003297
vn 0.050480 -0.998648 0.012372
vn 0.003189 -0.999969 -0.007181
vn -0.003897 -0.999992 0.000562
vn -0.001015 -0.999995 -0.003123
vn -0.018950 -0.996326 0.083520
vn -0.010138 -0.997578 0.068819
vn -0.065396 -0.969254 0.237213
vn -0.167202 -0.895929 0.411527
vn -0.103577 -0.930911 0.350252
vn -0.180449 -0.885085 0.429026
vn 0.064255 -0.967348 0.245173
vn -0.048526 -0.918605 0.392186
vn -0.015078 -0.985159 0.170983
vn 0.210637 -0.938532 0.273475
vn 0.080931 -0.915471 0.394162
vn -0.161891 -0.864869 0.475178
vn 0.255541 -0.896238 0.362569
vn 0.214862 -0.892883 0.395719
vn 0.382504 -0.870304 0.310260
vn 0.415012 -0.880831 0.227818
vn 0.370260 -0.883238 0.287747
vn 0.347738 -0.875890 0.334507
vn 0.231374 -0.923701 0.305356
vn 0.164966 -0.931782 0.323371
vn 0.117268 -0.941016 0.317391
vn -0.154004 -0.952471 0.262833
vn -0.184663 -0.955223 0.231191
vn -0.524841 -0.851071 0.014828
vn -0.277775 -0.951116 0.134983
vn -0.216347 -0.959357 0.181183
vn -0.509712 -0.857719 0.067165
vn -0.483323 -0.860124 0.163047
vn -0.463559 -0.872535 0.154256
vn -0.717413 -0.692039 0.080005
vn -0.718311 -0.692623 0.065603
vn -0.827959 -0.553952 0.087303
vn -0.854264 -0.507932 0.110623
vn -0.656468 -0.734059 0.173801
vn -0.635496 -0.754324 0.164743
vn -0.172346 -0.913860 0.367637
vn -0.082260 -0.964917 0.249337
vn -0.339423 -0.935858 0.094669
vn -0.409597 -0.874763 0.258884
vn -0.091539 -0.702020 0.706250
vn -0.125252 -0.810762 0.571819
vn -0.034967 -0.830964 0.555226
vn -0.062848 -0.750592 0.657770
vn 0.065796 -0.776250 0.626982
vn -0.039194 -0.860567 0.507827
vn -0.878970 -0.472300 0.065919
vn -0.907494 -0.415185 0.063853
vn -0.723080 -0.675116 0.146198
vn -0.671424 -0.722945 0.162913
vn -0.390121 -0.883000 0.260991
vn -0.453671 -0.854233 0.253908
vn -0.095472 -0.931066 0.352138
vn -0.052708 -0.949458 0.309437
vn 0.144288 -0.916648 0.372744
vn 0.144319 -0.950028 0.276803
vn 0.253591 -0.912866 0.319950
vn 0.251946 -0.948011 0.194418
vn 0.301679 -0.919891 0.250580
vn 0.315103 -0.940859 0.124479
vn 0.296845 -0.935669 0.190803
vn 0.316312 -0.945876 0.072558
vn 0.240069 -0.957079 0.162376
vn 0.294069 -0.955431 0.025988
vn 0.087318 -0.978188 0.188478
vn 0.200764 -0.978908 0.037851
vn -0.099184 -0.970104 0.221498
vn -0.009422 -0.993230 0.115786
vn -0.146800 -0.973187 0.177081
vn -0.163184 -0.963397 0.212692
vn -0.124449 -0.974689 0.185727
vn -0.146203 -0.969142 0.198464
vn -0.059885 -0.984444 0.165178
vn 0.005953 -0.987706 0.156212
vn -0.032522 -0.991737 0.124096
vn -0.082424 -0.987782 0.132260
vn -0.083778 -0.979073 0.185465
vn -0.038664 -0.991077 0.127556
vn -0.069467 -0.993300 0.092356
vn -0.116840 -0.980624 0.157241
vn 0.060030 -0.977255 0.203395
vn 0.310418 -0.907944 0.281565
vn 0.349079 -0.902119 0.253623
vn 0.367699 -0.903835 0.218816
vn 0.339384 -0.910052 0.237956
vn 0.304187 -0.864321 0.400524
vn 0.257279 -0.866618 0.427528
vn 0.147988 -0.878821 0.453623
vn 0.218236 -0.954316 0.204095
vn 0.231063 -0.955026 0.185838
vn 0.088000 -0.982344 0.165095
vn 0.308741 -0.927785 0.209511
vn 0.324670 -0.924871 0.198000
vn -0.020040 -0.996508 0.081058
vn 0.024668 -0.995596 0.090445
vn 0.015327 -0.991224 0.131302
vn 0.095950 -0.980918 0.169095
vn 0.106289 -0.983987 0.143080
vn 0.197824 -0.932063 0.303521
vn 0.249383 -0.928610 0.274757
vn -0.086812 -0.961383 0.261165
vn -0.037924 -0.966279 0.254691
vn -0.465502 -0.868337 0.171171
vn -0.732022 -0.674004 0.099314
vn 0.159028 -0.850959 0.500579
vn 0.101669 -0.915264 0.389814
vn 0.227160 -0.889005 0.397579
vn 0.286465 -0.946392 0.149262
vn 0.255045 -0.944343 0.207772
vn 0.193309 -0.880296 0.433255
vn 0.165476 -0.930516 0.326739
vn 0.222154 -0.969918 0.099533
vn 0.122836 -0.938825 0.321744
vn 0.246730 -0.964028 0.098869
vn 0.097381 -0.906265 0.411339
vn 0.264259 -0.953280 0.146371
vn 0.022047 -0.881781 0.471144
vn 0.168001 -0.960335 0.222558
vn -0.160685 -0.949339 0.270066
vn 0.029947 -0.959303 0.280788
vn -0.039660 -0.891821 0.450646
vn 0.042567 -0.903493 0.426484
vn 0.159887 -0.879966 0.447322
vn -0.049049 -0.995900 0.076011
vn 0.174277 -0.943861 0.280630
vn 0.183215 -0.889575 0.418436
vn 0.045571 -0.902988 0.427242
vn 0.312839 -0.924868 0.216218
vn -0.267199 -0.895659 0.355527
vn 0.745208 -0.555228 0.369305
vn 0.733524 -0.598609 0.321885
vn 0.494713 -0.422900 0.759220
vn 0.625068 -0.489872 0.607713
vn 0.294619 -0.862210 0.412060
vn 0.200884 -0.895883 0.396282
vn 0.567453 -0.505596 0.649900
vn -0.133476 -0.873568 0.468042
vn -0.379680 -0.708441 0.594941
vn 0.653709 -0.716594 0.243222
vn 0.504183 -0.814064 0.288269
vn 0.743542 -0.627626 0.230719
vn 0.817605 -0.484172 0.311608
vn -0.582413 -0.812882 -0.004338
vn -0.414056 -0.881933 0.225282
vn 0.204877 -0.856068 0.474524
vn 0.952293 -0.297541 0.067876
vn 0.977175 -0.152876 0.147504
vn 0.158443 -0.979103 0.127488
vn 0.016426 -0.993182 0.115411
vn 0.878101 -0.427494 0.214914
vn 0.078331 -0.752948 0.653401
vn 0.098443 -0.807262 0.581925
vn 0.468763 -0.537031 0.701326
vn -0.092402 -0.308484 0.946731
vn 0.181867 -0.349759 0.919017
vn 0.662881 -0.591455 0.459097
vn -0.078121 -0.982732 0.167733
vn -0.119779 -0.943861 0.307864
vn -0.264706 -0.956316 0.124061
vn -0.093744 -0.969164 -0.227888
vn -0.356839 -0.841517 0.405605
vn -0.384285 -0.710188 0.589880
vn -0.305920 -0.730219 0.610896
vn -0.792112 -0.607811 -0.055899
vn -0.966938 -0.244274 -0.073223
vn -0.975543 -0.218016 0.028010
vn -0.983031 -0.178052 0.044130
vn -0.994232 -0.105148 -0.021140
vn -0.995857 -0.089452 -0.016318
vn -0.874477 -0.483415 0.040004
vn -0.991597 -0.127910 0.019364
vn -0.993355 -0.115007 0.004528
vn -0.999156 -0.040575 0.006333
vn -0.913209 -0.405191 0.043244
vn -0.999470 -0.031861 -0.006683
vn -0.951417 -0.251447 -0.177706
vn -0.865573 -0.484342 -0.127266
vn -0.882079 -0.460722 -0.098345
vn -0.969639 -0.186450 -0.158226
vn -0.734048 -0.678396 0.030875
vn -0.894336 -0.446988 -0.019113
vn -0.891633 -0.449320 -0.055692
vn -0.997499 -0.059059 -0.038835
vn -0.991320 -0.099291 -0.086175
vn -0.903262 -0.428745 0.017153
vn -0.302209 -0.944167 0.131222
vn -0.179932 -0.970602 -0.159863
vn -0.355945 -0.842736 0.403855
vn -0.017253 -0.886068 0.463235
vn 0.281462 -0.880673 0.381044
vn 0.282369 -0.876047 0.390909
vn 0.086458 -0.946653 0.310440
vn -0.502287 -0.854653 0.131438
vn -0.982647 -0.137986 -0.123957
vn -0.735690 -0.676790 -0.026745
vn 0.175638 -0.902039 0.394305
vn -0.199202 -0.785389 0.586075
vn -0.329500 -0.746559 0.577997
vn -0.008095 -0.835452 0.549504
vn 0.128624 -0.868522 0.478671
vn -0.271140 -0.953369 0.132557
vn -0.235244 -0.964841 -0.117229
vn -0.262968 -0.880341 0.394776
vn -0.175571 -0.818016 0.547745
vn -0.026437 -0.877029 0.479710
vn 0.030087 -0.922973 0.383687
vn -0.058112 -0.962089 0.266474
vn -0.726279 -0.684116 -0.067115
vn -0.169888 -0.980150 0.102201
vn -0.198331 -0.972167 -0.124724
vn -0.125451 -0.926185 0.355588
vn -0.064043 -0.958563 0.277588
vn -0.097822 -0.994124 0.046351
vn -0.115557 -0.979501 -0.165001
vn -0.142934 -0.974521 0.172856
vn -0.168789 -0.985520 -0.016140
vn -0.164917 -0.962595 -0.214972
vn -0.337782 -0.939407 0.058472
vn -0.369645 -0.925522 -0.082291
vn -0.373588 -0.892985 -0.251017
vn -0.548348 -0.835156 -0.042773
vn -0.567276 -0.811379 -0.140935
vn -0.577489 -0.773547 -0.261019
vn -0.713519 -0.692926 -0.103653
vn -0.705942 -0.685181 -0.179367
vn -0.804911 -0.560866 -0.193771
vn -0.852998 -0.468229 -0.230557
vn -0.727564 -0.634599 -0.260643
vn -0.922092 -0.336629 -0.190858
vn -0.840639 -0.520377 -0.150115
vn 0.275658 -0.953874 0.118896
vn 0.061950 -0.996608 -0.054174
vn -0.258496 -0.952387 -0.161673
vn -0.551083 -0.813849 -0.184276
vn -0.780840 -0.603395 -0.161873
vn -0.963879 -0.230888 -0.132771
vn 0.677906 -0.398391 0.617841
vn 0.573556 -0.651784 0.496197
vn 0.426441 -0.840417 0.334436
vn -0.664521 -0.723736 0.186061
vn -0.907908 -0.390676 0.151907
vn -0.838822 -0.358333 0.409847
vn 0.866842 -0.496355 -0.047070
vn 0.746276 -0.662111 0.068416
vn -0.032772 -0.982336 0.184233
vn -0.398136 -0.898459 0.185093
vn 0.220754 -0.959350 0.175829
vn 0.499816 -0.852298 0.154185
vn 0.584890 -0.800586 -0.130251
vn 0.556589 -0.815558 -0.158349
vn 0.441287 -0.897196 0.017463
vn 0.462086 -0.885857 0.041638
vn 0.107462 -0.718272 0.687413
vn 0.209856 -0.527368 0.823312
vn -0.145794 -0.426123 0.892840
vn 0.335758 -0.923768 0.184174
vn 0.348812 -0.915971 0.198310
vn 0.774742 -0.416175 0.475998
vn 0.656453 -0.469981 0.590074
vn 0.578468 -0.805485 -0.128718
vn 0.436597 -0.897806 0.057692
vn -0.319520 -0.939375 0.124424
vn -0.616978 -0.779956 0.104914
vn 0.006251 -0.995173 0.097935
vn 0.182845 -0.982299 0.040706
vn 0.282590 -0.959215 -0.006987
vn 0.346559 -0.937873 -0.017040
vn 0.333502 -0.942594 -0.017131
vn 0.306976 -0.950645 -0.045171
vn 0.269129 -0.961582 -0.054133
vn 0.097514 -0.995221 0.005219
vn -0.078440 -0.992016 0.098749
vn -0.854674 -0.514518 0.069315
vn -0.127328 -0.977840 0.166180
vn -0.975332 -0.218709 0.029898
vn 0.365476 -0.908357 0.203262
vn 0.342567 -0.895237 0.284955
vn 0.297253 -0.878904 0.373052
vn 0.316234 -0.864342 0.391036
vn 0.141929 -0.989274 0.034549
vn 0.039030 -0.998249 0.044450
vn -0.012387 -0.998882 0.045629
vn -0.032265 -0.998630 0.041183
vn -0.037122 -0.997833 0.054321
vn 0.002255 -0.996159 0.087531
vn 0.128602 -0.983536 0.126961
vn 0.263487 -0.951331 0.159828
vn 0.383164 -0.896389 0.222873
vn 0.362894 -0.893183 0.265578
vn 0.293585 -0.910552 0.291038
vn 0.346572 -0.918953 0.188183
vn 0.123169 -0.987735 0.095959
vn 0.338326 -0.940549 0.030056
vn 0.543597 -0.838933 0.026347
vn 0.524622 -0.845420 0.100179
vn 0.313347 -0.943981 0.103504
vn 0.706866 -0.697752 0.116110
vn 0.693585 -0.709229 0.126226
vn 0.488262 -0.860574 0.144958
vn 0.701065 -0.712464 0.030045
vn 0.719574 -0.694354 0.009226
vn 0.996493 -0.077345 0.031925
vn 0.995024 -0.099254 0.008685
vn 0.876527 -0.472982 0.089380
vn 0.878024 -0.462014 0.124965
vn 0.841293 -0.535604 0.073174
vn 0.902207 -0.430067 0.032636
vn 0.830372 -0.553263 0.066191
vn 0.990912 -0.134259 -0.008225
vn -0.301973 -0.147730 0.941801
vn 0.540763 0.027471 0.840726
vn 0.898081 0.037323 0.438244
vn 0.722629 -0.127140 0.679443
vn 0.940327 -0.323878 -0.104344
vn 0.603337 -0.782003 0.156381
vn -0.115980 -0.980940 0.155901
vn -0.390304 -0.907619 0.154566
vn -0.658837 -0.741814 0.125083
vn 0.259009 -0.959649 0.109491
vn 0.106646 -0.983931 0.143198
vn 0.322838 -0.944230 0.064846
vn 0.241996 -0.970102 0.018454
vn 0.279794 -0.959532 0.031828
vn 0.241058 -0.964808 0.105052
vn 0.295096 -0.954613 0.040409
vn -0.101078 -0.894239 0.436028
vn 0.028769 -0.939162 0.342267
vn 0.123962 -0.968764 0.214779
vn -0.139936 -0.871426 0.470143
vn -0.868962 -0.489621 0.071943
vn -0.030326 -0.900899 0.432967
vn 0.122167 -0.934642 0.333944
vn 0.150008 -0.879230 0.452164
vn -0.989987 -0.141054 0.005497
vn 0.136149 -0.847713 0.512685
vn 0.361786 -0.874489 0.323080
vn 0.248937 -0.941212 0.228366
vn 0.335568 -0.893781 0.297574
vn 0.346039 -0.919275 0.187592
vn 0.503626 -0.844531 0.182013
vn 0.425259 -0.887762 0.176161
vn 0.628614 -0.765712 0.136126
vn 0.201098 -0.962357 0.182835
vn 0.153567 -0.969203 0.192519
vn 0.280448 -0.947714 0.152275
vn 0.317372 -0.895166 0.312974
vn 0.310236 -0.878171 0.364101
vn 0.332705 -0.928101 0.167140
vn 0.239066 -0.953196 0.185106
vn 0.100257 -0.962388 0.252503
vn 0.991806 0.125869 0.021866
vn 0.328536 -0.885328 0.329027
vn 0.750905 -0.326334 0.574149
vn 0.788604 0.568837 0.233513
vn 0.718026 0.514380 0.468883
vn 0.347623 0.928581 0.129988
vn 0.508667 0.860139 0.037675
vn 0.573202 0.762578 -0.299856
vn 0.625156 0.696577 -0.352081
vn 0.722841 0.435493 -0.536513
vn 0.715107 0.387859 -0.581539
vn 0.774418 0.146870 -0.615390
vn 0.749743 0.141553 -0.646412
vn 0.793643 -0.235784 -0.560836
vn 0.785222 -0.234091 -0.573261
vn 0.701930 -0.601657 -0.381186
vn 0.717725 -0.592829 -0.365272
vn 0.717725 -0.592829 -0.365272
vn 0.701930 -0.601657 -0.381186
vn 0.200993 -0.741987 -0.639576
vn 0.326584 -0.726120 -0.605056
vn 0.630222 -0.228793 -0.741939
vn 0.326584 -0.726120 -0.605056
vn 0.200993 -0.741987 -0.639576
vn 0.590850 -0.311255 -0.744323
vn 0.771842 0.126563 -0.623091
vn 0.708524 0.192042 -0.679054
vn 0.739907 0.410671 -0.532810
vn 0.647184 0.471620 -0.598938
vn 0.703585 0.288418 -0.649448
vn 0.787905 0.221087 -0.574740
vn 0.418977 0.830079 -0.368005
vn 0.484258 0.724827 -0.490020
vn 0.479787 0.734238 -0.480311
vn 0.337925 0.860239 -0.381831
vn 0.745905 0.661115 -0.080946
vn 0.654649 0.710895 -0.257028
vn 0.571229 0.709473 -0.412730
vn 0.595530 0.761911 -0.254628
vn 0.444232 -0.768912 -0.459818
vn 0.733293 -0.578828 -0.356708
vn 0.723985 -0.542250 -0.426391
vn 0.410696 -0.754636 -0.511716
vn 0.355942 -0.815655 -0.456083
vn 0.329589 -0.806506 -0.490835
vn -0.324466 0.941239 -0.093756
vn -0.299600 0.951566 -0.069008
vn -0.305672 0.949553 -0.070102
vn -0.326631 0.941351 -0.084677
vn -0.358657 0.930778 -0.070839
vn -0.337643 0.938332 -0.074369
vn -0.323998 0.941400 -0.093765
vn -0.342205 0.935095 -0.092156
vn -0.421699 0.906702 -0.007788
vn -0.422678 0.905365 -0.040716
vn -0.357522 0.931284 -0.069918
vn -0.361532 0.931008 -0.050192
vn -0.384983 0.921250 -0.055550
vn -0.353232 0.933407 -0.063073
vn -0.459009 0.888394 -0.008181
vn -0.474510 0.879675 -0.031819
vn -0.428763 0.902774 -0.034088
vn -0.371916 0.927928 -0.025087
vn -0.414970 0.907219 -0.068944
vn -0.474458 0.879387 -0.039598
vn -0.233980 0.959723 -0.155515
vn -0.211000 0.969139 -0.127470
vn -0.196002 0.971295 -0.134796
vn -0.221110 0.963760 -0.149253
vn -0.241944 0.957898 -0.154581
vn -0.238645 0.961945 -0.133079
vn -0.227682 0.964545 -0.133470
vn -0.239328 0.959200 -0.150525
vn -0.357143 0.928642 -0.100363
vn -0.324149 0.938725 -0.117145
vn -0.285180 0.949208 -0.132955
vn -0.309611 0.943995 -0.114081
vn -0.260483 0.959778 -0.104762
vn -0.241939 0.962262 -0.124569
vn -0.381142 0.922633 -0.058986
vn -0.350281 0.934722 -0.059978
vn -0.335168 0.940641 0.053447
vn -0.365778 0.928094 0.069625
vn 0.137213 0.975042 -0.174545
vn 0.128784 0.973902 -0.186893
vn 0.207897 0.954362 -0.214410
vn 0.228959 0.950088 -0.211919
vn 0.123573 0.977337 -0.171879
vn 0.112344 0.976959 -0.181464
vn 0.115702 0.979967 -0.162103
vn -0.133680 0.979784 -0.148839
vn -0.092748 0.985010 -0.145439
vn 0.078705 0.985204 -0.152248
vn 0.029375 0.986685 -0.159968
vn 0.055720 0.988079 -0.143514
vn 0.096760 0.982270 -0.160572
vn 0.101762 0.984202 -0.144885
vn 0.070286 0.990135 -0.121211
vn -0.039291 0.988182 -0.148165
vn 0.140682 0.978284 -0.152215
vn -0.219381 0.966259 -0.134965
vn -0.209591 0.968721 -0.132859
vn -0.235368 0.961390 -0.142587
vn -0.259623 0.954895 -0.144121
vn -0.256004 0.954671 -0.151870
vn 0.140597 0.971619 -0.190233
vn 0.054221 0.986643 -0.153607
vn 0.062105 0.996375 -0.058145
vn 0.178975 0.976815 -0.117472
vn -0.047447 0.993486 -0.103604
vn -0.072912 0.997331 -0.003840
vn 0.140242 0.968376 -0.206348
vn 0.181877 0.963828 -0.194826
vn -0.023412 0.994949 -0.097611
vn 0.313299 0.921123 -0.231032
vn 0.188911 0.961942 -0.197433
vn 0.339963 0.912321 -0.228245
vn 0.196691 0.959275 -0.202742
vn 0.303884 0.922094 -0.239576
vn 0.318615 0.913115 -0.254372
vn 0.347245 0.900976 -0.260123
vn 0.266551 0.950225 -0.161317
vn 0.402269 0.894473 -0.195189
vn 0.135192 0.981005 -0.139109
vn -0.370690 0.926562 -0.063817
vn -0.350493 0.936270 -0.023507
vn -0.351517 0.932417 -0.083871
vn -0.315982 0.943493 -0.099882
vn -0.289087 0.951005 -0.109623
vn -0.309376 0.945512 -0.101458
vn -0.457790 0.889028 0.007564
vn -0.443950 0.892074 -0.084328
vn -0.644015 0.757749 -0.105174
vn -0.597112 0.802149 -0.003788
vn -0.435665 0.900075 0.007861
vn -0.488485 0.872568 -0.002622
vn -0.386543 0.921495 -0.037831
vn -0.443597 0.895474 -0.036703
vn -0.345437 0.937327 -0.045727
vn -0.412462 0.909754 -0.047144
vn -0.795925 0.598403 0.091746
vn -0.943373 0.331355 0.015833
vn -0.928441 0.368742 -0.045017
vn -0.755333 0.654489 0.033413
vn 0.406926 0.678026 0.612121
vn 0.794005 0.526094 0.304602
vn -0.554986 0.538615 0.633944
vn -0.981224 0.057594 0.184074
vn 0.406926 0.678026 0.612121
vn 0.478592 0.730728 0.486812
vn 0.727827 0.666511 0.161342
vn 0.794005 0.526094 0.304602
vn -0.554986 0.538615 0.633944
vn -0.537386 0.497624 0.680872
vn -0.981224 0.057594 0.184074
vn -0.978307 0.043740 0.202491
vn -0.972038 0.023193 0.233675
vn -0.799548 0.115243 0.589443
vn 0.324937 0.184654 0.927534
vn 0.985395 0.041930 0.165043
vn 0.419226 0.725255 0.546128
vn 0.912007 0.407822 0.043866
vn 0.985395 0.041930 0.165043
vn 0.324937 0.184654 0.927534
vn -0.799548 0.115243 0.589443
vn -0.661224 0.544664 0.515873
vn -0.972038 0.023193 0.233675
vn -0.923826 0.320224 0.209765
vn -0.553840 0.062081 0.830306
vn 0.315769 0.223457 0.922148
vn -0.914777 -0.273314 0.297461
vn 0.961755 0.262392 -0.078602
vn 0.964542 0.231228 -0.127247
vn 0.782244 0.615884 -0.093711
vn 0.794549 0.593249 -0.129414
vn 0.964542 0.231228 -0.127247
vn 0.961755 0.262392 -0.078602
vn 0.576274 0.813957 -0.073369
vn 0.563957 0.819736 -0.099931
vn 0.333941 0.942593 -0.001081
vn 0.287481 0.957081 -0.036757
vn -0.083344 0.990679 0.107747
vn -0.115627 0.992287 0.044688
vn -0.447807 0.870673 0.203466
vn -0.504865 0.857244 0.101216
vn -0.460652 0.801499 0.381313
vn -0.757190 0.635221 0.152178
vn -0.011780 0.977903 0.208730
vn 0.405143 0.909334 0.094711
vn 0.060289 0.981775 0.180229
vn 0.046226 0.967696 0.247846
vn 0.189621 0.961747 0.197701
vn 0.218309 0.968473 0.120007
vn -0.249260 0.905291 0.343973
vn -0.068921 0.965365 0.251634
vn -0.066350 0.955809 0.286402
vn -0.143498 0.930658 0.336576
vn -0.274551 0.901272 0.335157
vn -0.294241 0.911203 0.288324
vn -0.009522 0.938440 0.345311
vn -0.238611 0.956352 0.168689
vn -0.289043 0.946408 0.144103
vn -0.277263 0.922637 0.268079
vn -0.203086 0.940192 0.273487
vn -0.589825 0.738469 0.326756
vn -0.413102 0.844412 0.341051
vn -0.333224 0.933351 0.133484
vn -0.356786 0.904830 0.232351
vn -0.459786 0.866994 0.192141
vn -0.390392 0.908301 0.150276
vn -0.021456 0.950622 0.309610
vn -0.219280 0.905852 0.362421
vn -0.523328 0.839641 0.145365
vn -0.519701 0.834471 0.183216
vn -0.461008 0.863344 0.205202
vn -0.463716 0.867148 0.181722
vn -0.411650 0.908773 -0.068376
vn -0.457044 0.885942 -0.078855
vn -0.496298 0.868104 0.009138
vn -0.432704 0.901467 0.011166
vn -0.707370 0.699061 0.104603
vn -0.679208 0.731975 0.053745
vn -0.610455 0.783603 0.115374
vn -0.592544 0.789788 0.158516
vn -0.531366 0.842379 -0.089715
vn -0.588937 0.807717 -0.027311
vn 0.425231 0.826257 0.369429
vn 0.736628 0.675613 0.030432
vn -0.098520 0.887044 0.451051
vn 0.389133 0.852770 0.348365
vn 0.569677 0.809065 0.144506
vn 0.287196 0.858261 0.425330
vn 0.517284 0.842133 0.152412
vn -0.107066 0.869984 0.481316
vn 0.108245 0.969829 0.218436
vn -0.288864 0.825139 0.485492
vn -0.100367 0.904004 0.415575
vn -0.260505 0.930031 0.259190
vn -0.368300 0.890448 0.267317
vn -0.554236 0.552503 0.622546
vn -0.887142 0.391236 0.244772
vn -0.713000 0.613968 0.338635
vn -0.570419 0.660897 0.487685
vn -0.914777 -0.273314 0.297461
vn -0.972146 -0.087245 0.217530
vn -0.579028 0.220214 0.785005
vn -0.553840 0.062081 0.830306
vn 0.354532 0.484421 0.799777
vn 0.315769 0.223457 0.922148
vn -0.681175 0.701152 0.210681
vn -0.908471 0.329857 0.256662
vn -0.931161 0.352325 0.093846
vn -0.704351 0.695355 0.142731
vn -0.765105 0.506812 0.397185
vn -0.583007 0.715628 0.384682
vn -0.667413 0.613332 0.422355
vn -0.583131 0.478357 0.656607
vn -0.181830 0.805602 0.563864
vn 0.155893 0.791116 0.591467
vn -0.352618 0.805374 0.476480
vn -0.308985 0.879649 0.361589
vn -0.514387 0.852019 0.097312
vn -0.460122 0.880142 0.116776
vn -0.382182 0.923984 0.013796
vn -0.456093 0.888109 0.056947
vn -0.572530 0.602674 0.555872
vn 0.618645 0.519311 -0.589572
vn 0.659251 0.547084 -0.515836
vn 0.598037 0.506716 -0.620960
vn 0.687324 0.328638 -0.647752
vn 0.662740 0.329404 -0.672509
vn 0.655963 0.327200 -0.680186
vn 0.712251 0.158336 -0.683833
vn 0.725110 0.140102 -0.674230
vn 0.697950 0.193067 -0.689631
vn 0.759217 -0.197252 -0.620226
vn 0.751834 -0.189401 -0.631564
vn 0.710878 -0.190124 -0.677131
vn 0.637773 -0.631566 -0.440874
vn 0.687688 -0.588652 -0.424941
vn 0.687688 -0.588652 -0.424941
vn 0.637773 -0.631566 -0.440874
vn 0.515194 -0.690634 -0.507543
vn 0.515194 -0.690634 -0.507543
vn 0.338438 -0.741702 -0.579084
vn 0.688434 -0.488914 -0.535745
vn 0.625230 -0.406890 -0.665979
vn 0.196206 -0.773180 -0.603071
vn 0.196206 -0.773180 -0.603071
vn 0.204696 -0.862991 -0.461895
vn 0.249654 -0.864920 -0.435415
vn 0.114172 -0.878834 -0.463267
vn 0.260761 -0.819881 -0.509704
vn 0.338438 -0.741702 -0.579084
vn 0.882000 -0.248808 0.400214
vn 0.953371 0.297051 -0.053343
vn 0.944558 0.323784 -0.054542
vn 0.784607 0.618760 -0.039099
vn 0.775625 0.628939 -0.053304
vn 0.953371 0.297051 -0.053343
vn 0.608557 0.793450 -0.009796
vn 0.645983 0.763252 0.012340
vn 0.556879 0.828829 0.054103
vn 0.960190 0.269803 0.072396
vn 0.843430 0.535826 -0.038930
vn 0.902250 0.427079 -0.059571
vn 0.652722 0.739546 -0.164392
vn 0.472044 0.841970 -0.261269
vn 0.567443 0.794296 -0.217032
vn 0.744639 0.652145 -0.142194
vn 0.464076 0.847476 -0.257715
vn 0.336839 0.896533 -0.287693
vn 0.812986 0.582271 0.003649
vn 0.632288 0.763703 -0.130265
vn 0.397831 0.883678 -0.246665
vn 0.934062 -0.263184 0.241376
vn 0.962936 -0.061387 0.262651
vn 0.982838 -0.009974 0.184203
vn 0.918374 0.383295 0.098359
vn 0.976271 0.132073 0.171614
vn 0.880695 0.466699 0.081043
vn 0.762245 0.647285 -0.002140
vn 0.918374 0.383295 0.098359
vn 0.880695 0.466699 0.081043
vn 0.698372 0.715704 -0.006664
vn 0.762245 0.647285 -0.002140
vn 0.842862 0.535460 0.053530
vn 0.658466 0.751077 -0.048016
vn 0.843430 0.535826 -0.038930
vn 0.537655 0.835784 -0.111319
vn 0.449141 0.888343 -0.095495
vn 0.406884 0.901268 -0.148867
vn 0.397238 0.896204 -0.197535
vn 0.323145 0.930647 -0.171677
vn 0.274925 0.938311 -0.209736
vn -0.013652 -0.936428 -0.350593
vn 0.273785 0.917210 -0.289426
vn 0.891460 0.141509 -0.430434
vn 0.850515 0.328625 -0.410645
vn 0.873470 0.014033 -0.486675
vn 0.969332 0.070498 -0.235427
vn 0.933053 0.264116 -0.244243
vn 0.943640 -0.100926 -0.315210
vn 0.963037 -0.183444 -0.197250
vn 0.962401 -0.234292 -0.137447
vn 0.999755 0.017789 -0.013190
vn 0.995837 0.031687 -0.085471
vn 0.967539 0.252602 0.007704
vn 0.964954 0.246635 -0.089642
vn 0.554255 0.722286 -0.413648
vn 0.679860 0.669078 -0.300208
vn 0.781604 0.598167 -0.176892
vn 0.850068 0.526335 0.018863
vn 0.833828 0.548153 -0.065255
vn 0.360126 0.875667 -0.321740
vn 0.473143 0.857210 -0.203291
vn 0.569013 0.819098 -0.072821
vn 0.667568 0.742053 0.060922
vn 0.635744 0.771750 0.015196
vn 0.430741 0.880614 -0.197438
vn 0.365515 0.885900 -0.285623
vn 0.496752 0.865962 -0.057859
vn 0.446549 0.890719 -0.084933
vn 0.288301 0.953732 -0.085313
vn 0.005298 0.996916 -0.078300
vn -0.904350 0.425025 0.038798
vn -0.886388 0.462934 0.002704
vn -0.795296 0.603904 0.052957
vn -0.920620 0.390190 0.014521
vn -0.848135 0.522322 -0.088583
vn -0.888259 0.442645 -0.122725
vn -0.776108 0.619388 -0.118385
vn -0.820376 0.571310 -0.024261
vn -0.835212 0.535629 -0.124589
vn -0.956151 0.266816 -0.120766
vn -0.950360 0.303312 -0.069411
vn -0.821917 0.563615 -0.082406
vn -0.947997 0.316167 -0.036607
vn -0.951787 0.306351 -0.015818
vn -0.816388 0.577199 -0.018744
vn -0.818887 0.571331 -0.054815
vn -0.974104 0.225191 -0.020281
vn -0.963190 0.262781 -0.056673
vn -0.972236 0.220113 -0.079424
vn -0.991421 0.130615 0.004841
vn -0.992419 0.122377 0.011366
vn -0.988413 0.145107 -0.044537
vn -0.975543 -0.218016 0.028010
vn -0.966938 -0.244274 -0.073223
vn -0.983031 -0.178052 0.044130
vn -0.995857 -0.089452 -0.016318
vn -0.994232 -0.105148 -0.021140
vn -0.991597 -0.127910 0.019364
vn -0.991320 -0.099291 -0.086175
vn -0.997499 -0.059059 -0.038835
vn -0.999470 -0.031861 -0.006683
vn -0.999156 -0.040575 0.006333
vn -0.993355 -0.115007 0.004528
vn -0.270652 0.962208 -0.030050
vn -0.292868 0.954881 -0.049296
vn -0.325830 0.945100 -0.024905
vn -0.409383 0.911390 -0.042104
vn -0.865502 0.473510 -0.163383
vn -0.962453 0.213303 -0.167886
vn -0.982647 -0.137986 -0.123957
vn 0.124002 -0.889322 -0.440147
vn -0.318350 0.947896 -0.012085
vn -0.433271 0.900611 -0.034303
vn -0.229909 0.973029 -0.018879
vn -0.264678 0.964302 -0.008181
vn -0.252501 0.966919 -0.036218
vn -0.915254 0.369603 -0.160323
vn -0.972877 0.130646 -0.190899
vn -0.969639 -0.186450 -0.158226
vn -0.965978 0.212475 -0.147446
vn -0.981093 0.001693 -0.193532
vn -0.951417 -0.251447 -0.177706
vn -0.190508 0.977254 -0.093170
vn -0.199654 0.972649 -0.118707
vn -0.151394 0.979301 -0.134347
vn -0.106167 0.987042 -0.120316
vn -0.239157 0.966907 -0.088854
vn -0.266036 0.956454 -0.120089
vn -0.200680 0.978265 -0.052193
vn -0.201712 0.976712 -0.073109
vn -0.219000 0.972314 -0.081510
vn -0.206089 0.977404 -0.046991
vn 0.535160 0.839598 0.093161
vn 0.526055 0.849256 0.045061
vn -0.221550 0.974514 0.035173
vn -0.182850 0.982702 0.029363
vn -0.185956 0.982238 -0.025094
vn -0.208310 0.977889 -0.018448
vn -0.204499 0.977446 0.052722
vn -0.199982 0.979800 -0.000243
vn -0.006496 0.999961 -0.006065
vn -0.001877 0.998604 0.052791
vn 0.288087 0.957492 -0.014652
vn 0.285851 0.956653 0.055715
vn 0.456542 0.889635 0.010895
vn 0.453667 0.887543 0.080330
vn -0.214925 -0.908450 -0.358506
vn -0.102329 -0.916740 -0.386157
vn -0.171952 -0.943048 -0.284770
vn -0.214753 -0.937360 -0.274292
vn -0.148532 -0.939114 -0.309842
vn -0.185663 -0.903917 -0.385311
vn -0.198782 -0.881117 -0.429090
vn -0.176731 -0.916410 -0.359109
vn -0.371883 -0.817332 -0.440081
vn -0.369502 -0.849299 -0.377041
vn -0.585878 -0.727619 -0.356816
vn -0.600086 -0.687792 -0.408460
vn -0.766953 -0.558916 -0.315271
vn -0.800674 -0.491450 -0.342634
vn -0.966225 -0.159910 -0.202084
vn -0.984400 -0.000925 -0.175944
vn -0.936717 -0.244341 -0.250716
vn -0.902937 -0.349912 -0.249530
vn 0.010280 -0.918062 -0.396303
vn -0.040055 -0.911439 -0.409480
vn -0.200711 -0.914591 -0.351052
vn -0.209776 -0.908263 -0.362012
vn -0.219940 -0.899067 -0.378555
vn -0.242475 -0.902246 -0.356593
vn -0.224137 -0.879249 -0.420337
vn -0.247477 -0.884729 -0.394982
vn -0.388662 -0.811498 -0.436362
vn -0.409644 -0.814647 -0.410538
vn -0.619032 -0.672538 -0.405576
vn -0.634048 -0.677528 -0.372746
vn -0.828117 -0.460591 -0.319497
vn -0.843073 -0.461390 -0.276309
vn -0.992168 0.096021 -0.079888
vn -0.972505 -0.166690 -0.162630
vn -0.959702 -0.187196 -0.209595
vn -0.989951 0.076826 -0.118718
vn -0.922092 -0.336629 -0.190858
vn -0.902937 -0.349912 -0.249530
vn 0.746502 -0.614197 -0.255924
vn 0.500522 -0.811305 -0.302097
vn 0.528428 -0.796169 -0.294752
vn 0.757147 -0.604870 -0.246700
vn 0.396868 -0.865303 -0.306180
vn 0.413368 -0.864756 -0.285173
vn 0.944487 -0.302830 -0.127430
vn 0.938135 -0.320352 -0.131443
vn 0.999896 -0.013755 0.004436
vn 0.999827 0.001510 0.018531
vn 0.952890 0.281295 0.113460
vn 0.954006 0.281041 0.104352
vn 0.827437 0.534630 0.171809
vn 0.836396 0.532970 0.128003
vn 0.664524 0.722424 0.191080
vn 0.669354 0.730393 0.135979
vn 0.319902 -0.895051 -0.310719
vn 0.339835 -0.899627 -0.274194
vn 0.533209 0.825452 0.185250
vn 0.539463 0.829758 0.143111
vn -0.145743 0.938442 0.313187
vn -0.179128 0.943409 0.279093
vn -0.125850 0.943201 0.307463
vn -0.132765 0.930923 0.340230
vn -0.159240 0.957786 0.239349
vn -0.110377 0.963104 0.245455
vn 0.035695 0.978274 0.204221
vn 0.052245 0.979797 0.193050
vn 0.286971 0.943103 0.167944
vn 0.280332 0.945234 0.167173
vn 0.445921 0.882740 0.148069
vn 0.433630 0.885043 0.169304
vn 0.095092 -0.946153 -0.309438
vn 0.132061 -0.952390 -0.274798
vn -0.132243 -0.954705 -0.266551
vn -0.080892 -0.966892 -0.242024
vn -0.246084 -0.944467 -0.217772
vn -0.219137 -0.955747 -0.196283
vn -0.324709 -0.919905 -0.219860
vn -0.333401 -0.925695 -0.178699
vn -0.456631 -0.855129 -0.245442
vn -0.466575 -0.865548 -0.182028
vn -0.641234 -0.728770 -0.240236
vn -0.642482 -0.745391 -0.177789
vn -0.838388 -0.511805 -0.187514
vn -0.978897 -0.181685 -0.093551
vn -0.975029 -0.213234 -0.062052
vn -0.830411 -0.538723 -0.142107
vn 0.830079 -0.546661 -0.110143
vn 0.667593 -0.732646 -0.132470
vn 0.703251 -0.699091 -0.129265
vn 0.856601 -0.507358 -0.093933
vn -0.879532 0.443017 0.173665
vn -0.755858 0.613627 0.228344
vn -0.773097 0.594408 0.221362
vn -0.901704 0.403377 0.155616
vn -0.972111 0.214752 0.094242
vn -0.980424 0.179255 0.081459
vn 0.531322 -0.835099 -0.142505
vn 0.553448 -0.819709 -0.147557
vn 0.951906 -0.299328 -0.065398
vn 0.962003 -0.270057 -0.040245
vn 0.999242 -0.025379 0.029531
vn 0.999652 -0.026043 0.004267
vn 0.965853 0.230793 0.117742
vn 0.964352 0.248077 0.092101
vn 0.849242 0.484789 0.209207
vn 0.842773 0.505447 0.185084
vn 0.682397 0.675891 0.278400
vn 0.675628 0.691306 0.256168
vn 0.421951 -0.891356 -0.165653
vn 0.415104 -0.893633 -0.170610
vn 0.511698 0.795833 0.323751
vn 0.503262 0.808990 0.303748
vn -0.646194 0.723133 0.243951
vn -0.499167 0.829051 0.252004
vn -0.497193 0.822798 0.275321
vn -0.638162 0.724902 0.259356
vn -0.250878 0.927070 0.278569
vn -0.001155 0.950510 0.310691
vn -0.076170 0.941814 0.327390
vn -0.296713 0.908171 0.295274
vn 0.115988 0.933773 0.338548
vn 0.063087 0.931016 0.359485
vn 0.146574 0.923496 0.354501
vn 0.133782 0.916769 0.376346
vn 0.205668 0.912603 0.353351
vn 0.212217 0.902802 0.374048
vn 0.329745 0.881885 0.336968
vn 0.342611 0.869474 0.355855
vn 0.250409 -0.946310 -0.204434
vn 0.249892 -0.946568 -0.203870
vn 0.025309 -0.974019 -0.225050
vn 0.049281 -0.973709 -0.222399
vn -0.155584 -0.962353 -0.222870
vn -0.128975 -0.968470 -0.213146
vn -0.273447 -0.937630 -0.214655
vn -0.257740 -0.945957 -0.196814
vn -0.396983 -0.894986 -0.203481
vn -0.393534 -0.899114 -0.191637
vn -0.588175 -0.787490 -0.184146
vn -0.581637 -0.793245 -0.180168
vn -0.792809 -0.592181 -0.144136
vn -0.938262 -0.337465 -0.076040
vn -0.926556 -0.367025 -0.082384
vn -0.782692 -0.605926 -0.142292
vn -0.995965 -0.089726 -0.001523
vn -0.998526 -0.053436 0.009505
vn 0.763225 -0.603065 -0.231949
vn 0.557860 -0.778952 -0.286402
vn 0.588147 -0.772957 -0.237950
vn 0.774091 -0.601186 -0.198389
vn -0.944493 0.317137 0.085777
vn -0.836749 0.533118 0.125044
vn -0.846538 0.503717 0.172171
vn -0.951024 0.286822 0.115266
vn 0.447696 -0.849683 -0.278579
vn 0.486033 -0.841644 -0.235387
vn 0.933298 -0.335564 -0.127873
vn 0.933030 -0.339530 -0.119057
vn 0.999019 -0.039571 -0.019868
vn 0.999458 -0.032126 -0.007147
vn 0.958184 0.272737 0.086594
vn 0.955295 0.275648 0.106908
vn 0.825663 0.535546 0.177403
vn 0.822959 0.536278 0.187467
vn 0.658288 0.713789 0.239086
vn 0.657186 0.717751 0.230087
vn 0.372212 -0.892657 -0.254206
vn 0.410692 -0.884147 -0.222747
vn 0.497087 0.824776 0.269534
vn 0.514739 0.823896 0.237147
vn -0.127208 0.921756 0.366311
vn -0.041221 0.944750 0.325188
vn 0.043571 0.940421 0.337209
vn -0.138407 0.922116 0.361311
vn -0.019263 0.969107 0.245889
vn 0.091586 0.954107 0.285118
vn 0.078574 0.979351 0.186273
vn 0.121759 0.961418 0.246679
vn 0.250491 0.951116 0.180643
vn 0.217299 0.944480 0.246452
vn 0.397044 0.892979 0.212003
vn 0.349491 0.898173 0.266723
vn 0.175530 -0.952963 -0.247084
vn 0.216068 -0.949598 -0.227109
vn -0.035629 -0.971684 -0.233583
vn -0.011480 -0.972373 -0.233149
vn -0.194842 -0.956154 -0.218646
vn -0.181239 -0.955187 -0.234029
vn -0.326412 -0.922505 -0.206010
vn -0.309274 -0.924124 -0.224375
vn -0.460722 -0.867385 -0.188091
vn -0.438396 -0.875712 -0.202329
vn -0.636302 -0.754433 -0.161092
vn -0.617213 -0.768767 -0.167466
vn -0.820058 -0.560052 -0.117672
vn -0.968924 -0.243462 -0.043741
vn -0.962154 -0.268012 -0.049284
vn -0.809833 -0.574140 -0.120555
vn 0.626185 -0.760749 -0.170747
vn 0.798522 -0.583461 -0.148106
vn 0.512046 -0.841355 -0.173007
vn 0.940130 -0.327883 -0.092994
vn 0.999300 -0.034742 -0.013852
vn 0.961467 0.262624 0.081300
vn 0.833632 0.523800 0.175191
vn 0.666597 0.704735 0.242894
vn 0.428083 -0.884558 -0.185208
vn 0.494518 0.820380 0.287105
vn 0.056271 0.947700 0.314163
vn -0.186764 0.936063 0.298170
vn 0.141139 0.937874 0.316974
vn 0.148658 0.936362 0.318003
vn 0.203739 0.926184 0.317292
vn 0.325982 0.892749 0.311022
vn 0.241857 -0.946403 -0.214071
vn 0.004659 -0.973112 -0.230288
vn -0.169992 -0.958011 -0.230907
vn -0.289717 -0.930967 -0.222179
vn -0.413882 -0.887127 -0.204221
vn -0.598582 -0.781012 -0.178098
vn -0.951905 -0.298801 -0.067791
vn -0.802348 -0.580672 -0.138047
vn -0.141626 0.924499 0.353897
vn 0.025006 0.933592 0.357465
vn -0.398597 0.914953 -0.063096
vn -0.356465 0.930304 -0.086410
vn -0.319258 0.944958 -0.071614
vn -0.442230 0.895734 -0.045759
vn -0.471475 0.881408 -0.028830
vn -0.255660 0.955328 -0.148279
vn -0.276484 0.952393 -0.128471
vn -0.235591 0.962379 -0.135362
vn -0.307254 0.948548 -0.076500
vn -0.378468 0.924614 0.043033
vn -0.352468 0.935645 -0.018306
vn 0.106471 0.981124 -0.161429
vn 0.127943 0.980805 -0.147148
vn 0.096204 0.979333 -0.177911
vn 0.007504 0.986190 -0.165449
vn 0.148927 0.979860 -0.133025
vn 0.187749 0.978602 -0.084195
vn 0.043401 0.997295 -0.059328
vn 0.226114 0.966785 -0.119161
vn 0.224515 0.974140 0.025369
vn 0.023875 0.998428 0.050708
vn 0.320465 0.947260 -0.000666
vn 0.293373 0.915328 0.275877
vn 0.426537 0.886307 0.180351
vn -0.587058 0.704445 0.398900
vn -0.532002 0.710014 0.461362
vn -0.451673 0.857332 0.246928
vn -0.471442 0.858796 0.200531
vn -0.560123 0.673402 0.482486
vn -0.506418 0.857414 0.091550
vn -0.156975 0.976255 -0.149281
vn -0.204602 0.949917 0.236210
vn -0.197895 0.964789 0.173261
vn 0.289316 0.948089 0.132000
vn 0.102197 0.975804 0.193295
vn -0.196504 0.950832 0.239383
vn -0.337650 0.895484 0.290001
vn -0.368540 0.887577 0.276381
vn -0.212433 0.946502 0.242913
vn -0.009868 0.978393 0.206518
vn 0.014257 0.979961 0.198681
vn -0.072729 0.996719 0.035508
vn -0.148540 0.987583 0.051145
vn -0.152523 0.974308 0.165713
vn -0.018679 0.992573 0.120206
vn -0.423455 0.864002 0.272372
vn -0.419668 0.846493 0.327610
vn -0.512553 0.781171 0.356455
vn -0.536896 0.808298 0.241656
vn -0.244842 0.969560 0.002575
vn -0.288943 0.955138 -0.064996
vn -0.417973 0.893006 0.166852
vn -0.330250 0.927238 0.176536
vn 0.373659 0.914855 0.153035
vn 0.218138 0.961041 0.169751
vn 0.141053 0.988363 0.056946
vn -0.028382 0.998731 -0.041599
vn -0.154671 0.986155 -0.059794
vn -0.199349 0.977031 0.075306
vn -0.237217 0.953583 0.185494
vn -0.312118 0.949273 0.038245
vn -0.254859 0.960664 0.110326
vn -0.351242 0.934744 0.053692
vn -0.410386 0.895364 0.172933
vn -0.317867 0.924783 0.209134
vn -0.183238 0.948515 0.258346
vn -0.252368 0.904070 0.344916
vn -0.256948 0.906155 0.335947
vn -0.191618 0.923080 0.333476
vn -0.184469 0.919211 0.347884
vn -0.341899 0.875968 0.340272
vn -0.349049 0.871134 0.345385
vn -0.123122 0.925402 0.358429
vn -0.433480 0.891061 -0.134556
vn -0.369795 0.924181 -0.095606
vn -0.568816 0.811606 -0.133207
vn -0.633207 0.758102 0.155984
vn -0.697214 0.711697 0.085906
vn -0.507228 0.836746 0.206342
vn -0.404826 0.879664 0.249614
vn -0.393713 0.886792 0.242052
vn -0.362622 0.931925 0.004558
vn -0.120112 0.991656 0.046825
vn 0.079296 0.975740 -0.204069
vn -0.070055 0.991461 -0.109991
vn 0.037451 0.962745 0.267806
vn 0.285604 0.939572 0.188772
vn -0.127444 0.938868 0.319820
vn 0.407409 0.909331 0.084466
vn -0.146268 0.939489 0.309785
vn 0.103660 0.978366 -0.179038
vn 0.026575 0.986883 -0.159236
vn 0.114481 0.978469 -0.171736
vn 0.069954 0.986553 -0.147713
vn -0.248877 0.960899 -0.121380
vn -0.230364 0.971516 -0.055573
vn -0.200359 0.978762 -0.043364
vn -0.263078 0.960697 -0.088604
vn -0.233048 0.966980 -0.103138
vn -0.269084 0.955568 -0.120346
vn -0.286642 0.955062 -0.075454
vn -0.290958 0.956312 -0.028473
vn -0.320516 0.945518 -0.057136
vn -0.607608 0.784287 0.125326
vn -0.197932 0.976719 0.082718
vn 0.326297 0.944680 0.033311
vn 0.257325 0.966266 0.010697
vn 0.038968 0.993246 -0.109290
vn -0.182108 0.976685 -0.113680
vn -0.156982 0.987169 0.029240
vn 0.217688 0.941219 -0.258300
vn -0.447885 0.819059 0.358525
vn -0.713675 0.678786 0.172971
vn -0.745184 0.632952 0.209936
vn -0.752380 0.621885 0.217216
vn -0.858672 0.478727 0.183040
vn -0.961403 0.250950 0.112817
vn 0.895478 -0.441622 -0.055577
vn 0.784981 -0.611635 -0.098531
vn 0.790139 -0.605145 -0.097360
vn 0.897006 -0.439500 -0.047113
vn 0.871309 -0.485662 -0.070378
vn 0.728114 -0.674712 -0.120889
vn 0.746463 -0.657796 -0.100483
vn 0.880550 -0.470985 -0.052962
vn -0.947325 0.309201 0.083483
vn -0.943978 0.318376 0.086851
vn -0.855065 0.493271 0.159839
vn -0.862229 0.483321 0.151533
vn -0.917823 0.368433 0.147843
vn -0.795649 0.566960 0.213307
vn -0.815745 0.544963 0.193845
vn -0.928778 0.348051 0.127401
vn -0.996151 0.086849 0.011818
vn -0.995660 0.091880 0.014782
vn -0.986811 0.143540 0.074833
vn -0.991699 0.114592 0.058325
vn 0.633936 -0.762267 -0.130670
vn 0.643002 -0.753968 -0.134465
vn 0.576149 -0.803259 -0.151086
vn 0.595354 -0.792246 -0.133791
vn 0.966574 -0.256337 -0.005037
vn 0.967041 -0.254620 0.000769
vn 0.965303 -0.261116 -0.002878
vn 0.965116 -0.261621 0.010287
vn 0.997505 -0.022027 0.067074
vn 0.997344 -0.022488 0.069273
vn 0.996748 -0.037583 0.071286
vn 0.995851 -0.038094 0.082638
vn 0.961744 0.229749 0.149209
vn 0.960962 0.230400 0.153190
vn 0.963224 0.215756 0.160156
vn 0.964665 0.211960 0.156504
vn 0.854425 0.467492 0.226735
vn 0.854319 0.465336 0.231520
vn 0.846626 0.473634 0.242684
vn 0.848011 0.472449 0.240145
vn 0.693072 0.658011 0.294403
vn 0.698650 0.649197 0.300719
vn 0.678678 0.667910 0.305439
vn 0.682376 0.667359 0.298318
vn 0.471178 -0.869053 -0.150791
vn 0.480323 -0.863476 -0.153944
vn 0.420536 -0.890101 -0.175699
vn 0.434589 -0.886055 -0.161364
vn 0.521863 0.782631 0.339336
vn 0.522481 0.779457 0.345630
vn 0.517392 0.786609 0.336975
vn 0.519228 0.783804 0.340666
vn -0.551014 0.780477 0.295362
vn -0.564575 0.775105 0.283669
vn -0.734261 0.643079 0.217510
vn -0.722608 0.651226 0.231824
vn -0.646229 0.716913 0.261579
vn -0.494218 0.820006 0.288684
vn -0.503311 0.809956 0.301080
vn -0.665515 0.701372 0.255279
vn -0.373349 0.862559 0.341472
vn -0.207793 0.906485 0.367571
vn -0.213449 0.905043 0.367881
vn -0.384751 0.858814 0.338238
vn -0.339435 0.880505 0.330899
vn -0.322953 0.894121 0.310240
vn -0.139802 0.930066 0.339755
vn -0.178821 0.918021 0.353921
vn -0.045819 0.925652 0.375591
vn -0.044278 0.925745 0.375547
vn 0.010704 0.929274 0.369235
vn -0.027179 0.927267 0.373413
vn 0.103955 0.922104 0.372716
vn 0.108463 0.920694 0.374911
vn 0.117276 0.915595 0.384620
vn 0.102033 0.917663 0.384037
vn 0.227644 0.902284 0.366143
vn 0.228039 0.901214 0.368527
vn 0.217883 0.897780 0.382777
vn 0.222139 0.897561 0.380840
vn 0.358548 0.861819 0.358763
vn 0.355199 0.862394 0.360708
vn 0.353355 0.860766 0.366364
vn 0.360139 0.858296 0.365552
vn 0.305262 -0.937463 -0.167264
vn 0.315275 -0.932901 -0.174060
vn 0.254978 -0.946260 -0.198943
vn 0.267770 -0.945730 -0.184101
vn 0.148227 -0.973064 -0.176566
vn 0.157495 -0.970262 -0.183812
vn 0.076618 -0.974905 -0.209020
vn 0.105064 -0.975357 -0.194011
vn -0.001867 -0.983181 -0.182626
vn 0.001298 -0.981788 -0.189977
vn -0.089525 -0.976424 -0.196424
vn -0.049130 -0.981634 -0.184340
vn -0.183900 -0.965367 -0.185059
vn -0.182763 -0.963624 -0.195006
vn -0.236448 -0.955651 -0.175568
vn -0.211304 -0.963309 -0.165486
vn -0.410179 -0.895070 -0.174938
vn -0.414394 -0.892062 -0.180284
vn -0.397611 -0.902485 -0.165610
vn -0.398146 -0.904882 -0.150563
vn -0.614223 -0.772850 -0.159478
vn -0.620105 -0.767907 -0.160589
vn -0.580070 -0.799412 -0.156398
vn -0.587764 -0.796794 -0.140187
vn -0.783195 -0.605445 -0.141569
vn -0.780024 -0.610129 -0.138944
vn -0.912837 -0.395856 -0.100136
vn -0.911957 -0.396818 -0.104259
vn -0.772052 -0.625068 -0.115009
vn -0.775432 -0.619130 -0.124030
vn -0.920099 -0.384825 -0.072986
vn -0.917497 -0.392022 -0.067226
vn -0.984691 -0.166158 -0.052680
vn -0.985580 -0.162064 -0.048660
vn -0.989439 -0.144568 -0.010498
vn -0.992289 -0.123812 -0.005789
vn 0.889753 -0.452679 -0.058488
vn 0.767775 -0.633443 -0.096287
vn -0.836657 0.519936 0.172255
vn -0.936842 0.335339 0.099369
vn -0.994422 0.100667 0.031484
vn 0.614381 -0.779264 -0.123626
vn 0.965753 -0.259438 -0.003544
vn 0.997272 -0.026481 0.068898
vn 0.962745 0.226863 0.147157
vn 0.851400 0.471708 0.229368
vn 0.682535 0.667175 0.298368
vn 0.452286 -0.879586 -0.147534
vn 0.519943 0.784249 0.338546
vn -0.694682 0.675572 0.247021
vn -0.524790 0.794182 0.306384
vn -0.196477 0.910436 0.364011
vn -0.354086 0.870094 0.342870
vn -0.044201 0.925828 0.375352
vn 0.097657 0.920970 0.377197
vn 0.225873 0.900533 0.371513
vn 0.362419 0.859389 0.360699
vn 0.285002 -0.943849 -0.167100
vn 0.128847 -0.975409 -0.178818
vn -0.017566 -0.983734 -0.178773
vn -0.191877 -0.966530 -0.170303
vn -0.401628 -0.901587 -0.160739
vn -0.601379 -0.784688 -0.150361
vn -0.774354 -0.619514 -0.128760
vn -0.915249 -0.393741 -0.085365
vn -0.987609 -0.153811 -0.031164
vn -0.912837 -0.395856 -0.100136
vn -0.915249 -0.393741 -0.085365
vn -0.920099 -0.384825 -0.072986
vn -0.926556 -0.367025 -0.082384
vn 0.341569 0.898115 -0.276985
vn 0.343656 0.912772 -0.220789
vn 0.302686 0.922929 -0.237871
vn 0.287479 0.913793 -0.286946
vn 0.343786 0.905017 -0.250512
vn 0.359861 0.901290 -0.241198
vn -0.666917 0.736010 0.116240
vn -0.823681 0.564191 0.056909
vn -0.817632 0.574112 0.043288
vn -0.628762 0.767511 0.124842
vn -0.943102 0.331087 0.030672
vn -0.946478 0.322765 -0.001729
vn -0.407336 0.883777 0.230250
vn -0.214535 0.927985 0.304661
vn -0.265878 0.912368 0.311277
vn -0.480056 0.849970 0.217019
vn -0.995950 0.089736 0.005596
vn -0.975029 -0.213234 -0.062052
vn -0.978897 -0.181685 -0.093551
vn -0.995071 0.094911 -0.028745
vn -0.413423 0.849209 0.328519
vn -0.632711 0.729140 0.260829
vn -0.564403 0.785644 0.253403
vn -0.336629 0.878911 0.337929
vn -0.996806 0.072638 0.033200
vn -0.998578 0.037713 0.037670
vn -0.474764 0.840980 0.259522
vn -0.656991 0.718193 0.229264
vn -0.999641 -0.010733 0.024554
vn -0.689374 0.720009 -0.079689
vn 0.332783 0.920563 -0.204499
vn -0.963879 -0.230888 -0.132771
vn -0.979407 0.184444 -0.082108
vn -0.869796 0.492752 -0.025485
vn -0.661813 0.748951 0.032801
vn -0.345505 0.930580 0.121029
vn 0.054817 0.968783 0.241775
vn 0.455758 0.809777 0.369520
vn 0.726508 0.466735 0.504326
vn 0.773247 0.118599 0.622915
vn 0.773247 0.118599 0.622915
vn -0.899806 -0.433846 0.046120
vn -0.346848 0.922151 0.171270
vn 0.095511 0.982001 0.162949
vn -0.899806 -0.433846 0.046120
vn -0.994050 -0.101547 0.039417
vn -0.995400 -0.046929 0.083530
vn -0.995400 -0.046929 0.083530
vn -0.991920 0.082493 0.096380
vn 0.992131 0.064648 -0.107223
vn 0.908132 0.414156 -0.061409
vn 0.992131 0.064648 -0.107223
vn 0.728898 0.683706 -0.035389
vn 0.318857 0.947764 -0.008548
vn -0.899515 0.426761 0.093527
vn -0.616365 0.785094 0.061015
vn -0.188515 0.981337 0.037949
vn -0.537562 0.842943 -0.021802
vn -0.648035 0.761406 -0.017676
vn -0.530797 0.846193 -0.047043
vn -0.548938 0.832548 -0.074369
vn -0.529705 0.845721 -0.064570
vn -0.601115 0.795822 -0.073001
vn -0.676244 0.732245 -0.080695
vn -0.663880 0.745592 -0.057927
vn -0.702862 0.703396 -0.105917
vn -0.758913 0.639976 -0.120338
vn -0.837336 0.538100 -0.096525
vn -0.679664 0.732365 -0.041221
vn -0.540274 0.833744 0.113907
vn -0.507494 0.860031 0.052893
vn -0.469184 0.883082 -0.005745
vn -0.308253 0.951300 -0.002936
vn -0.200788 0.979632 -0.002107
vn -0.184340 0.981093 0.058954
vn -0.300015 0.953331 0.033925
vn -0.302274 0.948090 0.098772
vn 0.735754 -0.615838 -0.281798
vn 0.479585 -0.804536 -0.350314
vn 0.387942 -0.847504 -0.362268
vn 0.951164 -0.284403 -0.120008
vn 0.999652 0.011590 0.023681
vn 0.958425 0.273006 0.083001
vn 0.847013 0.521673 0.102107
vn 0.677155 0.725993 0.119979
vn 0.300426 -0.882689 -0.361393
vn 0.541471 0.830751 0.129085
vn -0.164895 0.958439 0.232821
vn -0.213311 0.955767 0.202504
vn -0.187586 0.965111 0.182680
vn 0.018477 0.985454 0.168936
vn 0.282882 0.947549 0.148756
vn 0.447985 0.883947 0.133968
vn 0.066348 -0.934355 -0.350112
vn -0.168477 -0.936367 -0.307950
vn -0.257734 -0.926304 -0.274833
vn -0.300652 -0.905102 -0.300664
vn -0.440466 -0.833848 -0.332697
vn -0.640023 -0.702860 -0.310417
vn -0.844043 -0.482596 -0.233867
vn -0.815376 0.574723 0.069680
vn -0.594338 0.790889 0.145798
vn -0.950589 0.310424 0.004183
vn -0.352415 0.910341 0.216985
vn -0.186520 0.950815 0.247306
vn -0.994146 0.096359 -0.048881
vn -0.979319 -0.159549 -0.124415
vn 0.732463 -0.603257 -0.315562
vn 0.462999 -0.785675 -0.410300
vn 0.374792 -0.829071 -0.414936
vn -0.948905 0.315314 0.012514
vn -0.809445 0.580081 0.091130
vn 0.278187 -0.872724 -0.401205
vn 0.957416 -0.263786 -0.117351
vn 0.999774 0.014977 0.015112
vn 0.963313 0.262706 0.054890
vn 0.851982 0.518107 0.075442
vn 0.679100 0.727066 0.100989
vn -0.565451 0.812364 0.142582
vn 0.540288 0.833477 0.115780
vn -0.318432 0.933351 0.165703
vn -0.178370 0.976235 0.123086
vn -0.226834 0.967471 0.112014
vn -0.201510 0.972808 0.114189
vn 0.007056 0.993527 0.113376
vn 0.283379 0.952338 0.112907
vn 0.449741 0.885503 0.116690
vn 0.042171 -0.924455 -0.378951
vn -0.188969 -0.922253 -0.337253
vn -0.254694 -0.911577 -0.322737
vn -0.271886 -0.892455 -0.360002
vn -0.425268 -0.819064 -0.385073
vn -0.639220 -0.685949 -0.347667
vn -0.846492 -0.467438 -0.254858
vn -0.977677 -0.155471 -0.141335
vn -0.979319 -0.159549 -0.124415
vn -0.992828 0.100775 -0.064321
vn -0.178175 0.972207 0.151880
vn 0.410696 -0.754636 -0.511716
vn 0.723985 -0.542250 -0.426391
vn 0.329589 -0.806506 -0.490835
vn 0.410696 -0.754636 -0.511716
vn -0.755333 0.654489 0.033413
vn -0.928441 0.368742 -0.045017
vn 0.204696 -0.862991 -0.461895
vn 0.963037 -0.183444 -0.197250
vn 0.995837 0.031687 -0.085471
vn 0.964954 0.246635 -0.089642
vn 0.833828 0.548153 -0.065255
vn 0.635744 0.771750 0.015196
vn 0.526055 0.849256 0.045061
vn -0.208310 0.977889 -0.018448
vn -0.185956 0.982238 -0.025094
vn -0.199982 0.979800 -0.000243
vn -0.006496 0.999961 -0.006065
vn 0.288087 0.957492 -0.014652
vn 0.456542 0.889635 0.010895
vn -0.040055 -0.911439 -0.409480
vn -0.209776 -0.908263 -0.362012
vn -0.219940 -0.899067 -0.378555
vn -0.224137 -0.879249 -0.420337
vn -0.388662 -0.811498 -0.436362
vn -0.619032 -0.672538 -0.405576
vn -0.828117 -0.460591 -0.319497
vn -0.972505 -0.166690 -0.162630
vn -0.989951 0.076826 -0.118718
vn -0.959702 -0.187196 -0.209595
vn -0.507494 0.860031 0.052893
vn -0.200788 0.979632 -0.002107
vn -0.300015 0.953331 0.033925
vn 0.788259 0.611198 0.071301
vn 0.625156 0.774102 -0.099727
vn 0.660381 0.615821 -0.429721
vn 0.702924 0.349102 -0.619698
vn 0.736097 0.140212 -0.662195
vn 0.776646 -0.214614 -0.592251
vn 0.719993 -0.579373 -0.382016
vn 0.719993 -0.579373 -0.382016
vn 0.853542 -0.163696 0.494642
vn 0.832383 0.044317 0.552426
vn 0.926871 -0.036159 0.373635
vn 0.718026 0.514380 0.468883
vn 0.912492 0.392883 0.114023
vn 0.963641 0.134661 0.230786
vn 0.926871 -0.036159 0.373635
vn -0.975332 -0.218709 0.029898
vn 0.932047 0.357123 -0.061245
vn 0.944558 0.323784 -0.054542
vn 0.902250 0.427079 -0.059571
vn 0.963641 0.134661 0.230786
vn -0.936717 -0.244341 -0.250716
vn -0.959702 -0.187196 -0.209595
vn -0.959702 -0.187196 -0.209595
vn 0.950682 0.269906 0.152822
vn 0.950682 0.269906 0.152822
vn 0.962936 -0.061387 0.262651
vn 0.976271 0.132073 0.171614
vn 0.071531 0.995018 0.069442
vn 0.217060 0.976140 0.005901
vn -0.074789 0.986867 0.143177
vn -0.263178 0.904564 0.335413
vn -0.190088 0.918634 0.346378
vn -0.353119 0.878313 0.322294
vn -0.460201 0.880340 0.114962
vn -0.521264 0.848747 0.088956
vn -0.615717 0.786357 0.050358
vn -0.353242 0.836226 0.419460
vn -0.201226 0.895613 0.396718
vn -0.537500 0.785263 0.307338
vn -0.601835 0.738060 0.305060
vn -0.428367 0.862275 0.270156
vn -0.364454 0.909538 0.199786
vn 0.932047 0.357123 -0.061245
vn 0.786454 0.613117 -0.074676
vn 0.643728 0.761632 -0.074371
vn 0.559473 0.824505 -0.084745
vn -0.813737 0.579266 -0.047783
vn -0.917877 0.389611 -0.075536
vn -0.984864 0.164789 -0.053733
vn -0.989987 -0.141054 0.005497
vn -0.132862 0.967817 0.213722
vn 0.021371 0.980342 0.196144
vn 0.237397 0.959069 0.154365
vn 0.370851 0.920216 0.125190
vn -0.528539 0.758575 0.381065
vn -0.487956 0.772961 0.405499
vn -0.540855 0.782819 0.307684
vn -0.167928 0.959278 0.227125
vn -0.280450 0.919576 0.275186
vn 0.010908 0.982160 0.187733
vn -0.370834 0.870305 0.324115
vn -0.475664 0.803123 0.358799
vn 0.358299 0.925065 0.126000
vn 0.220664 0.963625 0.150777
vn -0.431445 0.845648 0.314221
vn -0.156057 0.918399 0.363579
vn -0.718147 0.695891 -0.000438
vn -0.389566 0.909182 0.147058
vn 0.411979 0.909528 -0.055063
vn -0.163982 0.966719 0.196380
vn -0.852998 -0.468229 -0.230557
vn -0.938262 -0.337465 -0.076040
vn -0.911957 -0.396818 -0.104259
vn -0.917497 -0.392022 -0.067226
vn -0.968924 -0.243462 -0.043741
vn -0.962154 -0.268012 -0.049284
vn -0.951905 -0.298801 -0.067791
vn -0.977677 -0.155471 -0.141335
vn 0.736806 0.482167 -0.473954
vn 0.838756 0.265560 -0.475359
vn 0.837217 0.202675 -0.507927
vn 0.722807 0.463239 -0.512797
vn 0.885738 0.311910 -0.343774
vn 0.908559 0.063984 -0.412828
vn 0.951237 0.089263 -0.295263
vn 0.911880 0.308958 -0.270221
vn 0.427629 0.831869 -0.353732
vn 0.441525 0.839553 -0.316553
vn 0.085440 0.985605 -0.145888
vn 0.081120 0.979952 -0.181972
vn 0.607456 0.778901 -0.155919
vn 0.435125 0.894118 -0.105922
vn 0.509127 0.853342 -0.112237
vn 0.581332 0.789498 -0.196840
vn 0.760757 0.476198 -0.441005
vn 0.861422 0.216217 -0.459568
vn 0.540178 0.740280 -0.400242
vn 0.528234 0.735388 -0.424468
vn 0.373700 0.863853 -0.337797
vn 0.365753 0.872931 -0.322824
vn 0.023792 0.983667 -0.178422
vn 0.129049 0.967947 -0.215465
vn 0.250297 0.925548 -0.284098
vn 0.208113 0.940526 -0.268513
vn 0.078511 0.996080 0.040748
vn 0.116944 0.993020 -0.015346
vn 0.393538 0.915851 -0.079653
vn 0.818944 -0.436124 -0.372997
vn 0.884713 -0.144635 -0.443129
vn 0.856321 -0.137541 -0.497792
vn 0.796386 -0.419120 -0.436013
vn 0.914264 0.246105 -0.321798
vn 0.927410 -0.083730 -0.364555
vn 0.884273 -0.125019 -0.449924
vn 0.866851 0.207053 -0.453540
vn -0.101928 0.994632 0.017831
vn 0.214354 0.974887 -0.060390
vn 0.125731 0.982317 -0.138724
vn -0.177875 0.983714 -0.025829
vn 0.788275 0.017834 0.615065
vn 0.449066 0.355432 0.819761
vn 0.125173 -0.036017 0.991481
vn 0.321664 -0.249187 0.913476
vn -0.054181 0.182770 0.981662
vn 0.142128 0.654689 0.742417
vn -0.061946 0.857772 0.510285
vn -0.270651 0.419658 0.866392
vn -0.043505 0.998951 0.014278
vn 0.116944 0.993020 -0.015346
vn -0.350448 0.904111 0.244478
vn -0.433419 0.838476 0.330313
vn -0.262181 0.964975 -0.009181
vn -0.279162 0.958949 0.049852
vn -0.574294 0.789077 0.218045
vn -0.563588 0.813302 0.144597
vn 0.939685 -0.138324 -0.312824
vn 0.898513 -0.168019 -0.405517
vn 0.858105 -0.405301 -0.315257
vn 0.861625 -0.419080 -0.286314
vn 0.813333 -0.536383 -0.225352
vn 0.853579 -0.330488 -0.402716
vn 0.884403 -0.372767 -0.280848
vn 0.776591 -0.624576 0.082531
vn 0.701227 -0.624450 -0.344011
vn 0.824618 -0.395423 -0.404531
vn 0.857545 -0.365741 -0.361733
vn 0.739561 -0.587542 -0.328396
vn 0.770445 0.437264 -0.463912
vn 0.869684 0.157726 -0.467732
vn 0.865715 0.192901 -0.461873
vn 0.769230 0.459875 -0.443622
vn 0.401389 0.851401 -0.337645
vn 0.205944 0.942123 -0.264558
vn 0.382843 0.853963 -0.352390
vn 0.892611 -0.047224 -0.448348
vn 0.850862 0.161089 -0.500084
vn 0.881811 -0.012178 -0.471446
vn 0.743644 0.439184 -0.504094
vn 0.595629 0.689889 -0.411436
vn 0.562271 0.699489 -0.441096
vn 0.456594 0.845215 -0.277731
vn 0.532852 0.832588 -0.151215
vn 0.774692 0.584486 -0.241307
vn 0.716266 0.577572 -0.391630
vn 0.412359 0.842154 -0.347473
vn 0.599179 0.689048 -0.407674
vn 0.300469 0.910979 -0.282552
vn 0.262908 0.930007 -0.256839
vn 0.691262 0.543880 -0.475764
vn 0.833202 0.180230 -0.522772
vn 0.866830 0.168803 -0.469160
vn 0.728514 0.530749 -0.433097
vn 0.596930 0.789679 -0.141712
vn 0.763426 0.602407 -0.232994
vn 0.772965 0.597315 -0.213868
vn 0.756744 0.279906 -0.590755
vn 0.668770 0.625009 -0.402629
vn 0.375256 0.855414 -0.357001
vn 0.533808 0.719028 -0.445025
vn 0.923244 0.306648 -0.231489
vn 0.962568 0.049996 -0.266388
vn 0.956584 -0.013498 -0.291145
vn 0.930044 0.286151 -0.230515
vn 0.404671 0.834047 -0.374977
vn 0.076301 0.977468 -0.196811
vn -0.022803 0.998503 0.049720
vn 0.040764 0.997658 0.054928
vn 0.360141 0.932289 -0.033706
vn 0.302017 0.953165 -0.016192
vn 0.845553 -0.139017 -0.515475
vn 0.793086 -0.409541 -0.450879
vn 0.599350 0.794993 -0.093626
vn -0.279162 0.958949 0.049852
vn -0.262181 0.964975 -0.009181
vn 0.930994 -0.210436 -0.298274
vn 0.939685 -0.138324 -0.312824
vn 0.789811 0.589864 -0.168103
vn 0.660436 0.559062 -0.501273
vn 0.816366 0.186256 -0.546677
vn 0.583568 0.807993 -0.081214
vn 0.796774 0.583843 -0.155820
vn -0.488951 0.716403 0.497688
vn -0.438587 0.586203 0.681181
vn -0.134970 0.941801 0.307888
vn -0.133294 0.981684 0.136123
vn 0.839086 -0.445910 -0.311608
vn 0.866319 -0.280363 -0.413386
vn 0.605692 -0.520270 0.602043
vn 0.948600 -0.300037 0.100675
vn -0.504777 0.856299 0.109323
vn -0.455660 0.877938 0.146963
vn -0.101928 0.994632 0.017831
vn -0.177875 0.983714 -0.025829
vn 0.078511 0.996080 0.040748
vn -0.314252 0.918629 0.239512
vn 0.796386 -0.419120 -0.436013
vn 0.656420 -0.672250 -0.342336
vn 0.667836 -0.696791 -0.261681
vn 0.818944 -0.436124 -0.372997
vn 0.378416 0.831097 -0.407529
vn 0.324903 0.830775 -0.451942
vn 0.177824 0.914973 -0.362220
vn 0.248359 0.902162 -0.352735
vn 0.942187 -0.001398 -0.335084
vn 0.879735 0.129228 -0.457567
vn 0.800453 0.426095 -0.421566
vn 0.935033 0.340591 -0.098549
vn 0.571596 0.735268 -0.364224
vn 0.314489 0.912155 -0.262812
vn 0.277931 0.952914 0.121277
vn 0.667457 0.736110 0.112444
vn 0.214553 0.958406 -0.188214
vn 0.176852 0.958962 -0.221620
vn 0.300279 0.926955 -0.224916
vn 0.303201 0.934073 -0.188618
vn 0.638491 0.278756 -0.717373
vn 0.748484 -0.101450 -0.655347
vn 0.799717 -0.065412 -0.596804
vn 0.855364 -0.281582 -0.434815
vn 0.872002 -0.209235 -0.442530
vn 0.879140 -0.073558 -0.470852
vn 0.877882 -0.193443 -0.438068
vn 0.411430 0.836990 -0.360796
vn 0.508866 0.639857 -0.575881
vn 0.133926 0.975607 -0.173939
vn 0.090219 0.995735 0.019304
vn 0.700390 0.419667 -0.577350
vn 0.524530 0.676676 -0.516699
vn 0.562593 0.684626 -0.463439
vn 0.732043 0.459428 -0.503029
vn 0.835648 -0.256944 -0.485461
vn 0.898513 -0.168019 -0.405517
vn 0.824838 0.245684 -0.509197
vn 0.878233 -0.029690 -0.477310
vn 0.819073 0.132370 -0.558209
vn 0.815689 -0.305375 -0.491323
vn 0.855137 -0.305941 -0.418498
vn 0.853113 -0.307363 -0.421576
vn 0.083337 0.962615 -0.257736
vn 0.017570 0.982723 -0.184245
vn 0.229682 0.926927 -0.296737
vn 0.346505 0.913838 -0.211742
vn 0.371931 0.898222 -0.234234
vn 0.402278 0.904794 -0.139713
vn -0.043505 0.998951 0.014278
vn 0.158239 0.922708 -0.351526
vn 0.288115 0.839868 -0.460013
vn 0.097961 0.966249 -0.238255
vn 0.036992 0.986296 -0.160783
vn -0.035564 0.991374 -0.126146
vn 0.195906 0.955683 -0.219751
vn 0.350019 0.883548 -0.311175
vn 0.552711 0.737484 -0.388108
vn 0.773328 0.455910 -0.440578
vn 0.868264 0.177044 -0.463436
vn 0.884113 -0.118849 -0.451907
vn 0.881143 -0.004804 -0.472826
vn 0.880886 -0.196987 -0.430391
vn 0.853039 -0.192603 -0.485004
vn 0.798021 0.011073 -0.602528
vn 0.678636 0.361806 -0.639179
vn 0.490388 0.666145 -0.561935
vn 0.948600 -0.300037 0.100675
vn 0.788275 0.017834 0.615065
vn 0.142128 0.654689 0.742417
vn 0.449066 0.355432 0.819761
vn -0.133294 0.981684 0.136123
vn 0.853579 -0.330488 -0.402716
vn 0.884403 -0.372767 -0.280848
vn -0.061946 0.857772 0.510285
vn 0.866319 -0.280363 -0.413386
vn 0.873325 0.063075 -0.483038
vn 0.116917 0.987327 -0.107310
vn 0.067656 0.982150 -0.175509
vn 0.017890 0.989768 -0.141562
vn -0.134970 0.941801 0.307888
vn -0.570895 0.750574 0.332743
vn -0.290600 0.942923 0.162629
vn -0.313580 0.926052 0.209987
vn -0.604858 0.717539 0.345375
vn -0.290600 0.942923 0.162629
vn 0.122389 0.990225 -0.066900
vn 0.132997 0.991022 -0.013670
vn -0.313580 0.926052 0.209987
vn 0.485127 0.829427 -0.276952
vn 0.528110 0.813667 -0.242993
vn 0.745804 0.511857 -0.426354
vn 0.774143 0.496394 -0.392806
vn 0.872445 0.153663 -0.463926
vn 0.889667 0.161470 -0.427106
vn 0.897440 -0.144078 -0.416945
vn 0.913020 -0.137381 -0.384084
vn 0.841094 -0.447160 -0.304318
vn 0.843098 -0.457823 -0.282106
vn 0.843098 -0.457823 -0.282106
vn 0.841094 -0.447160 -0.304318
vn 0.687605 -0.713674 -0.133671
vn 0.679985 -0.722560 -0.124608
vn -0.572105 0.768616 0.286228
vn -0.285628 0.952153 0.108722
vn -0.285628 0.952153 0.108722
vn 0.094000 0.988560 -0.117950
vn 0.440205 0.841178 -0.314070
vn 0.725453 0.523023 -0.447399
vn 0.864245 0.155021 -0.478590
vn 0.887306 -0.154048 -0.434692
vn 0.830210 -0.448539 -0.331006
vn 0.680394 -0.711512 -0.175541
vn 0.830210 -0.448539 -0.331006
vn -0.232801 0.971616 -0.042020
vn 0.893856 -0.301199 -0.332115
vn 0.040764 0.997658 0.054928
vn -0.022803 0.998503 0.049720
vn -0.403507 0.897075 0.180106
vn -0.346580 0.912775 0.216160
vn 0.793086 -0.409541 -0.450879
vn 0.664973 -0.651324 -0.365498
vn 0.824618 -0.395423 -0.404531
vn -0.539816 0.835309 0.104199
vn -0.232801 0.971616 -0.042020
vn 0.827346 -0.478236 -0.294600
vn 0.774233 -0.542229 -0.326420
vn 0.893856 -0.301199 -0.332115
vn 0.930994 -0.210436 -0.298274
vn 0.857545 -0.365741 -0.361733
vn -0.615318 0.688763 0.383391
vn -0.357085 0.898418 0.255607
vn -0.305072 0.885283 0.351007
vn -0.322338 0.724785 0.608921
vn 0.082728 0.995592 0.044191
vn 0.114485 0.993176 0.022226
vn 0.539143 0.808863 -0.234661
vn 0.532425 0.809670 -0.246896
vn 0.782140 0.488612 -0.386672
vn 0.762518 0.485756 -0.427326
vn 0.888908 0.165512 -0.427139
vn 0.857259 0.162045 -0.488721
vn 0.906457 -0.153065 -0.393582
vn 0.869908 -0.184205 -0.457525
vn 0.817463 -0.496243 -0.292399
vn 0.767229 -0.546118 -0.336324
vn 0.767229 -0.546118 -0.336324
vn 0.817463 -0.496243 -0.292399
vn 0.640781 -0.754478 -0.141996
vn 0.583284 -0.795107 -0.166090
vn -0.305072 0.885283 0.351007
vn -0.357085 0.898418 0.255607
vn 0.100590 0.846856 0.522223
vn 0.401805 0.505456 0.763589
vn 0.100590 0.846856 0.522223
vn 0.161949 0.981158 0.105364
vn 0.537452 0.799602 -0.267921
vn 0.736686 0.471118 -0.485120
vn 0.812297 0.155270 -0.562197
vn 0.823768 -0.215488 -0.524377
vn 0.717612 -0.585224 -0.377552
vn 0.717612 -0.585224 -0.377552
vn 0.546770 -0.818767 -0.175111
vn -0.305296 -0.689461 0.656839
vn -0.200257 -0.775023 0.599363
vn -0.201360 -0.666373 0.717915
vn -0.310184 -0.608514 0.730408
vn -0.379001 -0.364104 0.850756
vn -0.289741 -0.310873 0.905212
vn -0.353440 -0.247140 0.902221
vn -0.425507 -0.292020 0.856544
vn -0.862509 -0.002437 0.506035
vn -0.832315 0.081388 0.548296
vn -0.780113 -0.147437 0.608019
vn -0.792342 -0.242515 0.559805
vn -0.535080 -0.662249 0.524516
vn -0.506455 -0.660199 0.554655
vn -0.350334 -0.824800 0.443815
vn -0.430512 -0.792042 0.432814
vn -0.305949 -0.231816 0.923394
vn -0.425055 -0.164020 0.890183
vn -0.444539 -0.189797 0.875422
vn -0.144773 -0.372330 0.916739
vn -0.218112 -0.285482 0.933235
vn -0.236670 -0.397041 0.886762
vn -0.832882 0.299906 0.465149
vn -0.867122 0.257558 0.426338
vn -0.722083 0.097452 0.684909
vn -0.689501 -0.137859 0.711044
vn -0.631475 -0.147893 0.761162
vn -0.653300 0.046530 0.755668
vn -0.013379 -0.851545 0.524111
vn -0.041841 -0.706318 0.706657
vn 0.111099 -0.955172 0.274414
vn -0.095797 -0.900506 0.424161
vn -0.068859 -0.935443 0.346705
vn 0.173411 -0.966658 0.188419
vn 0.155764 -0.985415 -0.068512
vn -0.088902 -0.994889 0.047880
vn -0.151830 -0.988389 0.005942
vn 0.124102 -0.986417 -0.107613
vn -0.449367 -0.669802 0.591130
vn -0.400137 -0.637469 0.658425
vn -0.511852 -0.492344 0.703992
vn -0.566413 -0.536267 0.625774
vn -0.660734 -0.271418 0.699831
vn -0.611121 -0.242708 0.753408
vn -0.596874 -0.145881 0.788961
vn -0.609606 -0.005927 0.792682
vn 0.034404 -0.926011 0.375925
vn -0.149258 -0.850289 0.504708
vn -0.620207 0.534156 0.574475
vn -0.617809 0.392368 0.681439
vn 0.666600 -0.741457 -0.076723
vn 0.686320 -0.710868 -0.153722
vn -0.335096 -0.449863 0.827849
vn -0.659634 -0.491940 0.568223
vn -0.656466 -0.438105 0.614098
vn -0.175900 -0.938074 0.298458
vn -0.284468 -0.918392 0.275015
vn -0.201899 -0.526253 0.826012
vn -0.082800 -0.517896 0.851427
vn -0.708252 -0.314348 0.632112
vn -0.667159 -0.449860 0.593738
vn -0.629712 -0.402079 0.664677
vn -0.609045 -0.554132 0.567452
vn -0.494775 -0.681510 0.539204
vn 0.075091 -0.324171 0.943014
vn 0.255692 -0.541773 0.800690
vn -0.178471 -0.087734 0.980026
vn -0.045928 -0.201697 0.978371
vn -0.284470 -0.798892 0.529952
vn -0.282136 -0.751044 0.596935
vn -0.579029 -0.350839 0.735960
vn -0.825425 -0.323775 0.462432
vn -0.706748 -0.539852 0.457238
vn -0.634126 -0.654397 0.411886
vn -0.567444 -0.756007 0.326284
vn -0.888700 0.239937 0.390694
vn -0.897601 -0.049251 0.438050
vn 0.179388 -0.983711 -0.011492
vn 0.194287 -0.977244 0.085131
vn -0.052626 -0.966900 0.249671
vn -0.054952 -0.989933 0.130437
vn -0.682696 -0.476912 0.553608
vn -0.637523 -0.559085 0.530084
vn -0.312938 -0.860557 0.401886
vn -0.300979 -0.831443 0.467028
vn -0.820986 0.202572 0.533804
vn -0.804558 -0.091441 0.586792
vn -0.752649 -0.118694 0.647635
vn -0.781103 0.151671 0.605701
vn 0.110341 -0.992560 -0.051472
vn -0.078752 -0.993292 0.084666
vn -0.004775 -0.985210 0.171284
vn 0.150729 -0.985911 0.072526
vn -0.727930 0.639753 0.246646
vn -0.741902 0.629599 0.230621
vn 0.658238 -0.721266 -0.215634
vn 0.619017 -0.741689 -0.258293
vn -0.644922 0.672060 0.363884
vn -0.608212 0.677794 0.413126
vn 0.450351 -0.864244 -0.224203
vn 0.456674 -0.881196 -0.122237
vn -0.157841 -0.987146 0.025065
vn -0.423932 -0.883510 0.199227
vn -0.738156 -0.339025 0.583256
vn -0.864101 -0.066771 0.498870
vn -0.791429 -0.345133 0.504503
vn -0.588868 -0.704483 0.396156
vn -0.528108 -0.689828 0.495215
vn -0.685806 -0.578760 0.441257
vn -0.373947 0.081059 0.923901
vn -0.608522 0.640761 0.468108
vn -0.705504 0.643042 0.297929
vn 0.685676 -0.705914 -0.177578
vn 0.465648 -0.761066 0.451610
vn 0.601929 -0.791991 0.102133
vn 0.528233 -0.799805 -0.285101
vn 0.581718 -0.766193 -0.273043
vn -0.387602 -0.586277 0.711368
vn -0.479192 -0.448749 0.754321
vn -0.543762 -0.330823 0.771284
vn -0.544035 -0.150558 0.825445
vn -0.547199 -0.076653 0.833485
vn -0.549318 0.252333 0.796604
vn -0.580680 -0.236753 0.778947
vn -0.461563 -0.641681 0.612539
vn -0.494715 -0.648078 0.579010
vn -0.621433 -0.430393 0.654662
vn -0.584784 -0.443009 0.679537
vn -0.719318 -0.107914 0.686248
vn -0.756028 0.163677 0.633744
vn -0.746684 0.190491 0.637320
vn -0.703185 -0.115277 0.701600
vn -0.720077 0.541331 0.434107
vn -0.670333 0.633307 0.386751
vn -0.699252 0.610503 0.371932
vn -0.724522 0.545135 0.421776
vn 0.502611 -0.863569 0.040385
vn 0.498250 -0.866042 0.041453
vn 0.092571 -0.939736 0.329130
vn 0.144970 -0.948630 0.281222
vn -0.018010 -0.936370 0.350553
vn -0.058941 -0.919325 0.389060
vn -0.185471 -0.878189 0.440891
vn -0.158926 -0.898734 0.408681
vn -0.329602 -0.805727 0.492105
vn -0.326916 -0.786176 0.524455
vn -0.511821 -0.655722 0.555039
vn -0.661149 -0.414194 0.625560
vn -0.792900 0.136775 0.593803
vn -0.763712 -0.099327 0.637870
vn -0.772135 0.522013 0.362366
vn -0.678696 0.643163 0.354560
vn -0.734045 0.535865 0.417165
vn 0.483885 -0.875058 -0.011354
vn 0.170700 -0.964999 0.199093
vn 0.008596 -0.960612 0.277759
vn -0.145209 -0.925698 0.349282
vn -0.329958 -0.828740 0.452015
vn -0.407162 -0.083984 0.909486
vn -0.558687 0.062959 0.826986
vn -0.447139 -0.412404 0.793719
vn -0.500509 -0.326340 0.801868
vn -0.383842 -0.518825 0.763862
vn -0.534337 -0.233744 0.812310
vn 0.409673 -0.912233 0.000433
vn -0.720288 -0.506657 0.473797
vn -0.353156 -0.889034 0.291376
vn -0.863971 0.233901 0.445920
vn 0.097227 -0.988478 -0.116006
vn -0.846704 -0.354047 0.397170
vn -0.754494 -0.549212 0.359312
vn -0.719080 -0.621522 0.310861
vn -0.653161 -0.720068 0.234271
vn -0.896752 0.241830 0.370613
vn -0.912991 -0.052397 0.404601
vn -0.744131 0.622978 0.241179
vn -0.473072 -0.870419 0.136286
vn -0.694635 0.650819 0.306459
vn 0.476933 -0.833606 -0.278634
vn -0.759929 -0.533733 0.370996
vn -0.727284 -0.597603 0.337533
vn -0.644714 -0.709278 0.285078
vn -0.420006 -0.888031 0.187070
vn -0.805336 0.458989 0.375184
vn -0.723317 0.633552 0.274637
vn -0.821898 0.462410 0.332658
vn -0.905001 -0.054338 0.421924
vn -0.840356 -0.350736 0.413262
vn -0.426745 -0.638828 0.640146
vn -0.537887 -0.441548 0.718132
vn -0.424352 -0.458627 0.780760
vn -0.349239 -0.643717 0.680927
vn -0.492356 -0.135446 0.859791
vn -0.641353 -0.112518 0.758951
vn -0.675798 0.203086 0.708557
vn -0.493961 0.164637 0.853755
vn -0.649985 0.571610 0.500781
vn -0.654922 0.628751 0.419226
vn -0.237564 0.602778 0.761724
vn -0.343635 0.482974 0.805389
vn 0.059975 -0.929693 0.363421
vn -0.071523 -0.895456 0.439367
vn -0.045554 -0.862279 0.504380
vn 0.083650 -0.915358 0.393857
vn -0.149117 -0.821276 0.550700
vn -0.180555 -0.855485 0.485330
vn -0.305635 -0.772928 0.556031
vn -0.261153 -0.751209 0.606205
vn -0.890374 0.242434 0.385304
vn -0.249486 -0.195554 0.948428
vn -0.059471 -0.356845 0.932269
vn -0.146758 -0.262858 0.953608
vn -0.801685 0.503587 0.322028
vn -0.651082 0.307534 0.693912
vn -0.698913 0.386595 0.601718
vn 0.283778 -0.882605 0.374806
vn 0.180308 -0.749327 0.637180
vn 0.376801 -0.923005 0.077991
vn 0.421105 -0.906987 0.006779
vn 0.314097 -0.928636 -0.197430
vn 0.357963 -0.917753 -0.172022
vn -0.623302 0.195102 0.757251
vn 0.333194 -0.923923 0.188009
vn 0.049159 -0.525735 0.849227
vn -0.819777 0.481648 0.309808
vn 0.429350 -0.900287 -0.071709
vn 0.400591 -0.905986 -0.136806
vn -0.739722 0.425537 0.521277
vn -0.771756 0.446071 0.453226
vn 0.276832 -0.960898 -0.006284
vn 0.252217 -0.959788 -0.123265
vn -0.749387 0.379246 0.542763
vn -0.761062 0.354252 0.543406
vn 0.328276 -0.927730 0.177627
vn 0.298878 -0.932194 0.204173
vn -0.786542 0.331625 0.520939
vn 0.320110 -0.940972 0.110003
vn 0.272202 -0.942451 -0.194144
vn -0.830358 0.463403 0.309456
vn -0.669770 0.390409 0.631656
vn -0.455995 0.337535 0.823492
vn 0.251648 -0.949307 0.188389
vn 0.254732 -0.945913 0.200898
vn -0.467555 -0.229980 0.853523
vn -0.295089 -0.530542 0.794636
vn 0.454440 -0.890602 0.017691
vn 0.408222 -0.912880 -0.002095
vn 0.132353 -0.901140 0.412831
vn -0.010144 -0.831436 0.555528
vn -0.107978 -0.783879 0.611452
vn -0.175104 -0.734601 0.655515
vn -0.213970 -0.652172 0.727248
vn -0.322876 -0.447350 0.834044
vn -0.329551 0.026816 0.943757
vn -0.413585 -0.164541 0.895474
vn 0.139186 0.032568 0.989731
vn -0.136009 0.091736 0.986451
vn 0.419509 0.161290 0.893307
vn 0.296603 -0.937409 0.182458
vn -0.184025 0.425324 0.886134
vn 0.019952 0.449989 0.892811
vn 0.090797 0.523039 0.847459
vn -0.166324 0.472256 0.865627
vn -0.014704 0.337856 0.941083
vn 0.272872 0.363249 0.890837
vn 0.356821 0.395144 0.846487
vn 0.026762 0.389886 0.920474
vn -0.677113 0.430766 0.596623
vn -0.687724 0.476506 0.547703
vn -0.925278 0.212906 0.313897
vn -0.931418 0.164424 0.324693
vn -0.457515 0.235287 0.857509
vn -0.796815 0.114646 0.593248
vn -0.684295 0.184277 0.705536
vn -0.406706 0.281988 0.868949
vn -0.177380 0.414574 0.892561
vn 0.060770 0.458728 0.886497
vn -0.428442 0.362736 0.827562
vn -0.431458 0.375463 0.820287
vn -0.642575 0.271011 0.716694
vn -0.653412 0.240215 0.717879
vn -0.897580 0.067157 0.435706
vn -0.935165 -0.012501 0.353992
vn -0.833305 0.149097 0.532327
vn -0.866364 0.169660 0.469711
vn -0.988850 -0.142883 0.041954
vn -0.980166 -0.129148 0.150320
vn -0.867000 0.098004 0.488576
vn 0.725041 0.444724 0.525867
vn 0.348269 0.613331 0.708896
vn 0.386180 0.570403 0.724918
vn 0.745192 0.409692 0.526157
vn 0.053643 0.529069 0.846882
vn 0.389353 0.509315 0.767465
vn 0.049773 0.613105 0.788432
vn -0.591356 0.382752 0.709788
vn -0.920654 0.128041 0.368785
vn -0.906339 0.120257 0.405078
vn -0.584527 0.350065 0.731972
vn -0.990539 -0.134236 0.028515
vn -0.988561 -0.150781 -0.003507
vn -0.930868 0.133035 0.340273
vn 0.767901 0.366461 0.525389
vn 0.779717 0.379216 0.498234
vn 0.404263 0.527030 0.747537
vn 0.405690 0.475142 0.780804
vn 0.305813 0.039394 0.951276
vn -0.316186 -0.316777 0.894248
vn 0.071456 -0.859801 0.505605
vn 0.601000 -0.545244 0.584386
vn -0.405412 -0.855037 0.323346
vn -0.779032 -0.370682 0.505671
vn -0.889206 -0.347294 0.297825
vn -0.733855 -0.670633 0.108207
vn -0.965119 -0.252244 0.070132
vn -0.863815 -0.371137 -0.340707
vn -0.849618 -0.434144 -0.299446
vn -0.995497 -0.078806 0.052684
vn -0.891635 -0.381196 -0.244290
vn -0.865378 -0.425443 -0.264802
vn 0.708704 0.346138 0.614758
vn 0.602133 0.339013 0.722846
vn 0.843225 0.282778 0.457174
vn 0.904920 0.271569 0.327675
vn 0.829060 0.304399 0.469042
vn 0.738656 0.437339 0.512954
vn 0.744858 0.378947 0.549168
vn 0.885294 0.229700 0.404343
vn -0.834901 -0.329769 -0.440673
vn -0.991995 -0.124799 -0.019254
vn -0.991384 -0.126528 -0.033886
vn -0.821861 -0.360065 -0.441473
vn 0.967245 0.150701 0.204271
vn 0.755643 0.365601 0.543452
vn 0.963157 0.145899 0.225926
vn -0.086365 0.559146 0.824558
vn 0.179921 0.611496 0.770520
vn 0.138121 0.627494 0.766273
vn -0.101097 0.588070 0.802467
vn -0.690561 0.314526 0.651305
vn -0.791995 0.205809 0.574793
vn -0.674446 0.303056 0.673261
vn 0.348677 0.626447 0.697129
vn 0.155636 0.586781 0.794648
vn 0.309917 0.600405 0.737201
vn -0.120387 0.521710 0.844586
vn -0.413018 0.449777 0.791907
vn -0.427532 0.405781 0.807811
vn 0.032727 0.504004 0.863081
vn 0.027624 0.558541 0.829017
vn -0.224685 0.517341 0.825757
vn -0.229297 0.474560 0.849833
vn -0.638576 0.383632 0.667118
vn -0.240940 0.500773 0.831369
vn -0.296770 0.581476 0.757504
vn -0.649530 0.332592 0.683735
vn -0.398692 0.509889 0.762272
vn -0.769143 0.157487 0.619368
vn -0.825084 0.067793 0.560928
vn 0.002125 0.667496 0.744610
vn -0.343446 0.633739 0.693123
vn -0.540041 0.277274 0.794654
vn -0.178010 0.286575 0.941375
vn -0.203432 0.359991 0.910507
vn -0.065540 0.360797 0.930339
vn -0.186803 0.333119 0.924195
vn -0.649486 0.291036 0.702471
vn -0.433317 0.380289 0.817078
vn -0.818689 -0.541769 -0.190353
vn -0.807360 -0.589002 -0.035318
vn -0.875652 -0.396205 0.276145
vn -0.915719 -0.365698 0.166505
vn 0.801677 0.293926 0.520502
vn 0.661976 0.393914 0.637667
vn 0.885351 -0.022108 0.464398
vn 0.622222 0.282090 0.730250
vn -0.841971 -0.427963 -0.328531
vn 0.939376 0.248573 0.236187
vn 0.952689 0.217995 0.211807
vn -0.854299 -0.345247 -0.388559
vn 0.965613 0.162765 0.202730
vn -0.530088 0.343631 0.775193
vn -0.405468 0.322248 0.855425
vn -0.456305 0.145290 0.877882
vn -0.525030 0.168698 0.834197
vn 0.345468 0.427517 0.835393
vn 0.207760 0.442322 0.872460
vn -0.094681 0.402691 0.910426
vn -0.004705 0.420864 0.907112
vn -0.430700 0.312599 0.846629
vn -0.724020 0.143279 0.674734
vn -0.802408 0.066113 0.593102
vn -0.449889 0.299013 0.841541
vn -0.837042 -0.099791 0.537961
vn -0.719292 0.047417 0.693088
vn -0.664637 0.083551 0.742480
vn -0.885108 -0.065581 0.460741
vn -0.084358 0.419508 0.903824
vn 0.124054 0.446411 0.886187
vn 0.179193 0.369374 0.911840
vn 0.582111 0.557785 0.591627
vn 0.488798 0.592511 0.640318
vn 0.403825 0.512962 0.757493
vn 0.536035 0.479249 0.694973
vn -0.395143 0.337721 0.854287
vn -0.197005 0.405367 0.892674
vn -0.894314 0.022150 0.446891
vn -0.906040 -0.076017 0.416309
vn -0.112346 0.704940 0.700313
vn -0.286787 0.555455 0.780527
vn -0.364524 0.579739 0.728715
vn -0.129329 0.677575 0.723993
vn 0.418923 0.390431 0.819797
vn 0.064632 0.684420 0.726217
vn 0.307715 0.663881 0.681596
vn 0.135814 0.727801 0.672205
vn 0.366450 0.506327 0.780607
vn 0.478879 0.587017 0.652753
vn 0.525098 0.508056 0.682752
vn -0.461861 0.164700 0.871527
vn -0.636788 0.181900 0.749276
vn -0.637843 0.194488 0.745205
vn -0.641870 0.154304 0.751128
vn -0.570806 0.222946 0.790238
vn -0.853740 0.050799 0.518216
vn -0.497702 0.187675 0.846800
vn -0.377158 0.329411 0.865587
vn -0.458123 0.181129 0.870239
vn -0.485992 0.173980 0.856471
vn -0.777363 0.064723 0.625714
vn -0.877679 0.031565 0.478209
vn -0.677442 0.211703 0.704453
vn -0.426269 0.330788 0.841947
vn -0.148331 0.410896 0.899534
vn 0.108914 0.465364 0.878393
vn 0.404656 0.600901 0.689327
vn 0.295152 0.535493 0.791286
vn 0.445907 0.621590 0.644044
vn 0.370024 0.628866 0.683820
vn 0.145516 0.633630 0.759828
vn -0.087080 0.570734 0.816504
vn -0.215662 0.464076 0.859141
vn -0.906657 -0.324573 -0.269491
vn -0.998292 -0.030870 0.049607
vn -0.920419 0.234366 0.312891
vn -0.700462 0.465195 0.541245
vn -0.388680 0.601994 0.697518
vn -0.064337 0.638723 0.766742
vn 0.307032 0.604450 0.735100
vn 0.708126 0.450013 0.544101
vn 0.961698 0.168200 0.216441
vn 0.037255 0.538897 0.841547
vn 0.390193 0.516067 0.762512
vn -0.601947 0.379352 0.702675
vn -0.926016 0.123633 0.356664
vn -0.989247 -0.144629 -0.021767
vn 0.768007 0.366271 0.525367
vn -0.215714 0.501592 0.837779
vn -0.825056 -0.408364 -0.390540
vn 0.223149 0.535503 0.814519
vn -0.855639 -0.091803 0.509367
vn -0.868794 0.033390 0.494047
vn -0.935379 -0.038819 0.351509
vn -0.897066 -0.391437 -0.205058
vn -0.904550 -0.333656 -0.265448
vn -0.998505 -0.037530 0.039740
vn -0.998175 -0.050896 0.032515
vn -0.925249 0.240057 0.293746
vn -0.932770 0.272304 0.236203
vn -0.739339 0.455209 0.496147
vn -0.783809 0.482812 0.390559
vn -0.454143 0.593608 0.664367
vn -0.517887 0.660029 0.544201
vn -0.119337 0.647146 0.752968
vn -0.145143 0.772176 0.618609
vn 0.300455 0.628583 0.717363
vn 0.316898 0.754949 0.574132
vn 0.712557 0.472079 0.519042
vn 0.729208 0.554680 0.400732
vn 0.961467 0.177861 0.209634
vn 0.961797 0.221803 0.160468
vn -0.898484 -0.420168 -0.127220
vn -0.998836 -0.040390 0.026360
vn -0.934390 0.310272 0.175061
vn -0.795515 0.543482 0.267925
vn -0.516591 0.784299 0.343526
vn -0.129902 0.919864 0.370103
vn 0.311680 0.883583 0.349479
vn 0.726377 0.641944 0.245530
vn 0.952244 0.291923 0.089513
vn -0.924426 -0.371667 -0.085435
vn -0.999368 -0.033264 0.012556
vn -0.999221 -0.039284 -0.003771
vn -0.918361 -0.379438 -0.112433
vn -0.938350 0.325793 0.115578
vn -0.936256 0.338632 0.093556
vn -0.741680 0.639387 0.202721
vn -0.730099 0.662253 0.168451
vn -0.427947 0.862965 0.268613
vn -0.409297 0.884748 0.222928
vn -0.061761 0.952537 0.298092
vn -0.035512 0.969116 0.244037
vn 0.327838 0.901817 0.281510
vn 0.357323 0.907393 0.221265
vn 0.694080 0.684015 0.224449
vn 0.696919 0.697575 0.166413
vn 0.927012 0.347526 0.140980
vn 0.922209 0.372423 0.104073
vn 0.958285 0.176147 0.225082
vn -0.911181 -0.404211 -0.079763
vn -0.999034 -0.032627 0.029449
vn -0.934879 0.320393 0.152805
vn -0.771043 0.593873 0.229799
vn -0.465532 0.841882 0.272974
vn -0.109662 0.952276 0.284858
vn 0.293042 0.916729 0.271539
vn 0.710058 0.675144 0.199996
vn 0.939941 0.328309 0.093403
vn -0.371657 0.912400 0.171460
vn 0.036599 0.981966 0.185481
vn -0.710729 0.691086 0.131391
vn 0.451045 0.878109 0.159637
vn -0.888728 -0.456061 -0.046594
vn -0.996201 -0.081637 0.030325
vn -0.925056 0.368035 0.093918
vn 0.891542 0.431513 0.137659
vn 0.734571 0.669348 0.111259
vn -0.997731 -0.062453 0.025168
vn -0.903242 -0.420084 -0.087662
vn -0.930458 0.353333 0.096976
vn -0.719489 0.679544 0.143369
vn -0.389684 0.900602 0.192518
vn -0.004094 0.977672 0.210097
vn 0.396265 0.900231 0.180439
vn 0.710324 0.693422 0.120855
vn 0.911975 0.399515 0.093217
vn -0.921214 -0.384394 -0.060058
vn -0.998725 -0.035691 0.035691
vn -0.937508 0.316104 0.145455
vn -0.751901 0.614495 0.238831
vn -0.440918 0.842223 0.310246
vn -0.090004 0.938268 0.333996
vn 0.301308 0.902399 0.308043
vn 0.697918 0.675021 0.239284
vn 0.931646 0.332637 0.146248
vn 0.725787 -0.409244 -0.552949
vn 0.872836 -0.302948 -0.382596
vn 0.877971 -0.395097 -0.270307
vn 0.755409 -0.501440 -0.421800
vn 0.548673 -0.634817 -0.544027
vn 0.548350 -0.772428 -0.320418
vn 0.217679 -0.890751 -0.398971
vn 0.218181 -0.753759 -0.619875
vn -0.226827 -0.767826 -0.599159
vn -0.276827 -0.675616 -0.683308
vn 0.041737 -0.685272 -0.727091
vn 0.084848 -0.773694 -0.627853
vn 0.384887 -0.695170 -0.607125
vn 0.369342 -0.635145 -0.678364
vn 0.657955 -0.515874 -0.548607
vn 0.658926 -0.543040 -0.520503
vn 0.106173 -0.984170 -0.141902
vn -0.245868 -0.922071 -0.298889
vn -0.062199 -0.896213 -0.439243
vn 0.473129 -0.879188 -0.056369
vn 0.768475 -0.600180 -0.221880
vn 0.763510 -0.645759 -0.006967
vn -0.465727 -0.702601 -0.538006
vn -0.485909 -0.637515 -0.597886
vn -0.491674 -0.489767 -0.719990
vn -0.236929 -0.495677 -0.835565
vn -0.273384 -0.523199 -0.807170
vn -0.533191 -0.531785 -0.657961
vn 0.982294 -0.144893 -0.118764
vn 0.964550 -0.262234 -0.029594
vn 0.965888 -0.030239 -0.257190
vn 0.846212 -0.186331 -0.499206
vn 0.838988 -0.170021 -0.516906
vn 0.958091 -0.016060 -0.286015
vn 0.032924 -0.427646 -0.903347
vn 0.007198 -0.424514 -0.905393
vn 0.298403 -0.394945 -0.868892
vn 0.340821 -0.391626 -0.854675
vn 0.650038 -0.287134 -0.703565
vn 0.629188 -0.305311 -0.714778
vn 0.824928 -0.195790 -0.530246
vn 0.832832 -0.167958 -0.527428
vn -0.430328 -0.459883 -0.776741
vn -0.205143 -0.440154 -0.874174
vn -0.224223 -0.425129 -0.876920
vn -0.471327 -0.408544 -0.781628
vn 0.952456 -0.181985 -0.244353
vn 0.840904 -0.342162 -0.419292
vn 0.851681 -0.367056 -0.374044
vn 0.955615 -0.204084 -0.212485
vn 0.649672 -0.320690 -0.689263
vn 0.679168 -0.345996 -0.647315
vn 0.437129 -0.422707 -0.793875
vn 0.395034 -0.419104 -0.817496
vn 0.089561 -0.473494 -0.876232
vn 0.114645 -0.483106 -0.868023
vn -0.273768 -0.630638 -0.726187
vn -0.561905 -0.604635 -0.564517
vn 0.976876 -0.073792 -0.200669
vn 0.860545 -0.229580 -0.454703
vn -0.849618 -0.434144 -0.299446
vn -0.684021 -0.520125 -0.511454
vn -0.698476 -0.588950 -0.406534
vn -0.818689 -0.541769 -0.190353
vn 0.843225 0.282778 0.457174
vn 0.801677 0.293926 0.520502
vn 0.965398 0.145864 0.216174
vn 0.984027 0.151846 0.092920
vn -0.179279 -0.787955 -0.589055
vn 0.850023 -0.360915 -0.383669
vn 0.863068 -0.480047 -0.157060
vn 0.905533 -0.424165 0.009688
vn 0.064188 -0.472401 -0.879043
vn -0.221561 -0.481294 -0.848096
vn 0.373185 -0.422019 -0.826216
vn 0.651778 -0.309249 -0.692496
vn 0.885351 -0.022108 0.464398
vn 0.601000 -0.545244 0.584386
vn 0.716521 -0.660527 0.224281
vn 0.939723 -0.278464 0.198440
vn 0.071456 -0.859801 0.505605
vn -0.405412 -0.855037 0.323346
vn -0.101086 -0.988383 0.113496
vn 0.303843 -0.923776 0.233060
vn 0.955390 -0.205212 -0.212411
vn 0.965613 0.162765 0.202730
vn 0.967245 0.150701 0.204271
vn 0.997545 -0.052534 -0.046313
vn 0.997640 -0.054297 -0.042024
vn -0.733855 -0.670633 0.108207
vn -0.492138 -0.864462 -0.102501
vn -0.863815 -0.371137 -0.340707
vn -0.666409 -0.463903 -0.583690
vn -0.865378 -0.425443 -0.264802
vn -0.891635 -0.381196 -0.244290
vn -0.660432 -0.575310 -0.482543
vn -0.648564 -0.611023 -0.453890
vn 0.904920 0.271569 0.327675
vn 0.990342 0.138566 -0.004802
vn 0.829060 0.304399 0.469042
vn 0.885294 0.229700 0.404343
vn 0.967398 -0.004244 0.253227
vn 0.950991 0.121866 0.284191
vn -0.607784 -0.402377 -0.684610
vn -0.834901 -0.329769 -0.440673
vn -0.821861 -0.360065 -0.441473
vn -0.570399 -0.462923 -0.678489
vn 0.963157 0.145899 0.225926
vn 0.998046 -0.037796 -0.049747
vn 0.295451 -0.630355 -0.717887
vn 0.004920 -0.650296 -0.759665
vn -0.264815 -0.645117 -0.716727
vn -0.460447 -0.619035 -0.636226
vn -0.661809 -0.538746 -0.521307
vn -0.906657 -0.324573 -0.269491
vn 0.997342 -0.062132 -0.038061
vn 0.961698 0.168200 0.216441
vn 0.947202 -0.226355 -0.227097
vn 0.619917 -0.529263 -0.579296
vn 0.835417 -0.374897 -0.401908
vn 0.958285 0.176147 0.225082
vn 0.998150 0.016711 -0.058465
vn -0.825056 -0.408364 -0.390540
vn -0.561276 -0.564570 -0.605170
vn 0.504304 -0.504390 -0.700905
vn 0.160793 -0.595448 -0.787139
vn -0.493817 -0.738302 -0.459408
vn -0.682336 -0.674210 -0.282593
vn -0.807360 -0.589002 -0.035318
vn 0.233528 -0.829170 -0.507879
vn 0.238734 -0.707175 -0.665515
vn -0.011128 -0.723756 -0.689966
vn -0.004574 -0.863284 -0.504697
vn -0.240610 -0.711276 -0.660450
vn -0.231409 -0.849539 -0.474060
vn -0.455659 -0.660297 -0.596978
vn -0.681494 -0.545082 -0.488315
vn -0.706567 -0.610328 -0.358137
vn -0.489015 -0.758942 -0.429967
vn -0.904550 -0.333656 -0.265448
vn -0.897066 -0.391437 -0.205058
vn 0.961467 0.177861 0.209634
vn 0.996656 -0.072785 -0.037126
vn 0.996285 -0.075980 -0.040548
vn 0.961797 0.221803 0.160468
vn 0.931942 -0.298102 -0.206444
vn 0.938007 -0.261507 -0.227502
vn 0.820802 -0.417231 -0.390130
vn 0.819486 -0.468795 -0.329658
vn 0.591969 -0.587321 -0.551930
vn 0.600407 -0.669767 -0.436949
vn 0.019254 -0.969741 -0.243377
vn 0.267930 -0.925453 -0.267863
vn -0.237179 -0.943700 -0.230599
vn -0.526197 -0.821268 -0.220537
vn -0.729282 -0.655021 -0.197726
vn -0.898484 -0.420168 -0.127220
vn 0.997830 -0.048444 -0.044587
vn 0.952244 0.291923 0.089513
vn 0.836765 -0.512381 -0.193107
vn 0.936056 -0.320663 -0.144822
vn 0.626683 -0.741435 -0.239882
vn 0.405562 -0.819694 -0.404502
vn 0.398494 -0.862603 -0.311638
vn 0.070865 -0.941232 -0.330242
vn 0.100888 -0.902813 -0.418031
vn -0.267345 -0.917567 -0.294275
vn -0.216493 -0.902620 -0.372033
vn -0.570952 -0.790135 -0.222934
vn -0.774683 -0.612778 -0.156105
vn -0.762051 -0.614990 -0.202648
vn -0.534334 -0.794650 -0.288130
vn -0.924426 -0.371667 -0.085435
vn -0.918361 -0.379438 -0.112433
vn 0.927012 0.347526 0.140980
vn 0.998424 0.027448 0.048945
vn 0.998634 0.041458 0.031805
vn 0.922209 0.372423 0.104073
vn 0.982908 -0.177387 -0.049251
vn 0.980346 -0.196342 -0.019293
vn 0.900855 -0.421517 -0.103846
vn 0.895640 -0.407726 -0.177731
vn 0.700852 -0.676631 -0.225783
vn 0.688406 -0.651071 -0.319694
vn 0.082235 -0.759140 -0.645712
vn -0.158931 -0.770461 -0.617358
vn 0.626294 -0.524411 -0.576844
vn 0.333789 -0.678732 -0.654146
vn -0.400272 -0.714009 -0.574433
vn 0.948522 -0.060224 -0.310932
vn 0.952517 -0.029323 -0.303069
vn -0.841971 -0.427963 -0.328531
vn -0.600812 -0.613247 -0.512789
vn 0.939376 0.248573 0.236187
vn 0.992210 0.114491 -0.049092
vn 0.995125 0.077745 -0.060686
vn 0.952689 0.217995 0.211807
vn 0.288356 -0.522559 -0.802361
vn 0.030962 -0.582770 -0.812048
vn 0.828263 -0.268564 -0.491787
vn 0.612014 -0.409341 -0.676667
vn -0.381913 -0.612779 -0.691841
vn 0.949691 -0.119884 -0.289334
vn -0.160073 -0.616201 -0.771151
vn 0.035254 -0.991853 -0.122411
vn 0.320961 -0.938804 -0.125022
vn -0.274293 -0.951571 -0.138836
vn -0.565091 -0.812297 -0.144381
vn -0.755768 -0.642551 -0.126264
vn -0.911181 -0.404211 -0.079763
vn 0.999916 -0.012949 -0.000707
vn 0.939941 0.328309 0.093403
vn 0.859255 -0.507601 -0.063424
vn 0.952375 -0.300471 -0.051956
vn 0.654457 -0.749669 -0.098400
vn -0.478268 -0.458284 -0.749157
vn -0.642239 -0.427985 -0.635891
vn -0.854299 -0.345247 -0.388559
vn -0.736995 -0.668337 -0.100820
vn -0.888728 -0.456061 -0.046594
vn 0.863249 -0.490214 -0.120384
vn 0.662203 -0.705319 -0.253006
vn 0.957980 -0.280278 0.060984
vn 0.983926 0.046457 0.172431
vn 0.891542 0.431513 0.137659
vn -0.501028 -0.849588 -0.164835
vn -0.188765 -0.952399 -0.239383
vn 0.098729 -0.951681 -0.290785
vn 0.383180 -0.872524 -0.303108
vn 0.978054 -0.206992 -0.023766
vn 0.996384 0.048554 0.069729
vn 0.911975 0.399515 0.093217
vn 0.119312 -0.892558 -0.434861
vn 0.401828 -0.811290 -0.424668
vn -0.178565 -0.905049 -0.386007
vn -0.743968 -0.640684 -0.189830
vn -0.500930 -0.815077 -0.291065
vn -0.903242 -0.420084 -0.087662
vn 0.673104 -0.656147 -0.341178
vn 0.881834 -0.432531 -0.187846
vn 0.046246 -0.978608 -0.200468
vn 0.371019 -0.911235 -0.178873
vn -0.297371 -0.935269 -0.191943
vn -0.586657 -0.794585 -0.156424
vn -0.772878 -0.623877 -0.115916
vn -0.921214 -0.384394 -0.060058
vn 0.998405 0.008043 0.055888
vn 0.931646 0.332637 0.146248
vn 0.968972 -0.247171 0.000624
vn 0.885420 -0.463124 -0.039346
vn 0.688423 -0.716304 -0.113940
vn -0.041981 0.339512 0.939665
vn 0.074187 0.384746 0.920036
vn 0.101901 0.415809 0.903725
vn -0.028801 0.369729 0.928693
vn 0.010682 0.183153 0.983026
vn 0.335726 0.272318 0.901738
vn 0.438138 0.306172 0.845159
vn 0.097702 0.202900 0.974313
vn -0.801918 0.313905 0.508322
vn -0.752773 0.314198 0.578457
vn -0.555202 0.437532 0.707330
vn -0.592134 0.443961 0.672515
vn -0.393318 -0.001281 0.919402
vn -0.572306 -0.083704 0.815757
vn -0.547327 -0.060462 0.834732
vn -0.384488 0.020143 0.922910
vn -0.047283 0.326859 0.943890
vn 0.090547 0.396476 0.913569
vn -0.336061 0.182238 0.924041
vn -0.332951 0.216554 0.917741
vn -0.647958 0.041692 0.760534
vn -0.646651 -0.010296 0.762716
vn -0.936795 -0.059682 0.344752
vn -0.894387 -0.121199 0.430562
vn -0.828937 -0.038233 0.558033
vn -0.854912 0.019492 0.518407
vn -0.849305 -0.212894 0.483070
vn -0.799599 -0.252044 0.545083
vn -0.618885 -0.060587 0.783142
vn 0.871270 0.276522 0.405492
vn 0.521610 0.498713 0.692249
vn 0.536936 0.462990 0.705224
vn 0.851749 0.283763 0.440457
vn 0.176442 0.542671 0.821204
vn 0.572480 0.505272 0.645730
vn 0.561880 0.469469 0.681094
vn 0.142697 0.544576 0.826483
vn -0.419724 0.020928 0.907411
vn -0.483046 0.162931 0.860302
vn -0.694629 0.045308 0.717940
vn -0.920628 0.083748 0.381353
vn -0.930876 0.041251 0.362998
vn -0.735822 0.277205 0.617838
vn -0.731649 0.305167 0.609560
vn 0.739199 0.348505 0.576307
vn 0.769633 0.447931 0.454997
vn 0.517494 0.449705 0.727988
vn 0.377518 -0.175931 0.909136
vn -0.197161 -0.428113 0.881956
vn 0.223656 -0.861311 0.456204
vn 0.624224 -0.628456 0.464099
vn -0.389239 -0.892586 0.227559
vn -0.671510 -0.499535 0.547301
vn -0.870045 -0.458157 0.181971
vn -0.752008 -0.659124 0.006202
vn -0.835241 -0.339394 0.432648
vn -0.900124 -0.435471 0.011879
vn -0.870145 -0.492679 0.010698
vn -0.932471 0.107131 0.344995
vn -0.961778 0.100929 0.254551
vn -0.991222 -0.131688 -0.011680
vn -0.986082 -0.158767 0.049339
vn 0.633784 0.315493 0.706245
vn 0.886266 0.335298 0.319543
vn 0.915122 0.325815 0.237477
vn 0.850789 0.258553 0.457503
vn 0.629207 0.377691 0.679300
vn 0.728073 0.362501 0.581809
vn 0.879140 0.126764 0.459395
vn -0.922303 -0.385771 0.023182
vn -0.901750 -0.125898 0.413517
vn -0.955527 -0.294537 0.014708
vn 0.938347 0.265356 0.221566
vn 0.831472 0.353357 0.428710
vn 0.798873 0.442188 0.407765
vn 0.919153 0.357367 0.165673
vn -0.035410 0.498828 0.865977
vn 0.150709 0.557604 0.816311
vn 0.098808 0.685723 0.721125
vn -0.095183 0.640066 0.762401
vn -0.685947 0.266040 0.677273
vn -0.856835 0.139425 0.496381
vn -0.668254 0.141910 0.730273
vn 0.290357 0.607757 0.739138
vn 0.133047 0.457711 0.879090
vn 0.249606 0.493596 0.833102
vn -0.017427 0.406179 0.913627
vn -0.356391 0.412827 0.838188
vn -0.326613 0.298481 0.896790
vn -0.204058 0.095769 0.974263
vn 0.149355 0.375954 0.914523
vn -0.233263 0.264474 0.935757
vn -0.545723 0.418376 0.726050
vn -0.533040 0.397828 0.746727
vn -0.265841 0.484876 0.833201
vn -0.278484 0.509360 0.814248
vn -0.672791 0.432030 0.600584
vn -0.405306 0.575975 0.709915
vn -0.791482 -0.061046 0.608137
vn -0.813271 -0.112578 0.570892
vn -0.304756 0.523890 0.795401
vn 0.089672 0.553610 0.827934
vn 0.060709 0.573011 0.817296
vn -0.343280 0.523763 0.779635
vn -0.228611 0.076009 0.970546
vn -0.051305 0.078060 0.995628
vn -0.240922 0.051772 0.969163
vn -0.658333 0.092546 0.747016
vn -0.326887 0.251060 0.911106
vn -0.844529 -0.535019 0.022925
vn -0.834356 -0.551119 0.010824
vn -0.909148 -0.395074 0.131780
vn -0.875876 -0.367866 0.312276
vn 0.861008 0.328218 0.388508
vn 0.607507 0.342968 0.716456
vn 0.861498 -0.238752 0.448128
vn 0.707048 0.175696 0.684992
vn -0.977024 -0.202872 0.065328
vn -0.973589 -0.226032 0.032155
vn 0.916138 0.372768 0.147426
vn 0.959113 0.168346 0.227514
vn 0.980050 0.108112 0.166777
vn -0.635412 0.549468 0.542528
vn -0.510053 0.377926 0.772669
vn -0.709958 0.298651 0.637783
vn -0.744108 0.428885 0.512212
vn 0.392958 0.395131 0.830335
vn 0.208622 0.390488 0.896658
vn -0.033737 0.300008 0.953340
vn 0.004097 0.285362 0.958411
vn -0.361166 0.128662 0.923583
vn -0.681820 -0.077184 0.727436
vn -0.718236 -0.157444 0.677753
vn -0.391840 0.069928 0.917372
vn -0.912390 -0.255361 0.319900
vn -0.963007 -0.182434 0.198331
vn -0.837461 -0.128795 0.531104
vn -0.754652 -0.222032 0.617416
vn -0.067420 -0.121461 0.990304
vn 0.048920 0.036668 0.998129
vn 0.182113 0.107339 0.977401
vn 0.595856 0.471233 0.650304
vn 0.563016 0.535458 0.629522
vn 0.436361 0.468778 0.768008
vn 0.636478 0.442645 0.631634
vn -0.258678 -0.082961 0.962395
vn -0.150943 -0.115147 0.981813
vn -0.864460 -0.207460 0.457896
vn -0.893211 -0.284689 0.348034
vn -0.157698 0.718308 0.677617
vn -0.375588 0.555509 0.741852
vn -0.432448 0.679850 0.592278
vn -0.154849 0.736328 0.658667
vn 0.300248 0.193277 0.934075
vn 0.030110 0.748481 0.662473
vn 0.209488 0.723135 0.658172
vn 0.063996 0.767480 0.637871
vn 0.225021 0.329574 0.916922
vn 0.466387 0.529238 0.708795
vn 0.412471 0.368692 0.833027
vn -0.886830 0.209277 0.411991
vn -0.948451 0.063438 0.310509
vn -0.808002 0.301510 0.506186
vn -0.579555 -0.119507 0.806123
vn -0.396747 -0.106605 0.911717
vn -0.652917 -0.164886 0.739264
vn -0.457938 -0.006920 0.888957
vn -0.246770 -0.029225 0.968633
vn -0.781741 0.037670 0.622464
vn -0.951783 -0.015429 0.306385
vn -0.970564 -0.115612 0.211280
vn -0.838610 -0.160958 0.520409
vn -0.658900 -0.047183 0.750749
vn -0.341209 0.149108 0.928086
vn -0.043386 0.314734 0.948188
vn 0.126033 0.398654 0.908400
vn 0.421017 0.530875 0.735470
vn 0.273536 0.449409 0.850418
vn 0.457027 0.625531 0.632327
vn 0.292103 0.642478 0.708448
vn 0.060603 0.499658 0.864100
vn -0.114855 0.268419 0.956431
vn -0.191048 0.071960 0.978940
vn 0.171988 0.515659 0.839355
vn 0.554591 0.538732 0.634190
vn -0.515111 0.316627 0.796498
vn -0.732162 0.177254 0.657662
vn -0.929759 -0.034745 0.366525
vn 0.771501 0.503189 0.389342
vn -0.257336 0.419986 0.870281
vn -0.972091 -0.234599 0.001631
vn 0.173964 0.433911 0.884001
vn -0.947271 -0.290972 0.134214
vn -0.950944 -0.234637 0.201620
vn -0.929786 -0.179158 0.321559
vn -0.980944 -0.107974 -0.161527
vn -0.986025 -0.073470 -0.149523
vn -0.972177 0.230637 -0.040980
vn -0.971199 0.236385 -0.029911
vn -0.836727 0.546953 0.027036
vn -0.819306 0.566842 0.086185
vn -0.621713 0.779772 0.073684
vn -0.622472 0.766738 0.156974
vn -0.349704 0.922162 0.165301
vn -0.395639 0.892645 0.215999
vn 0.043497 0.956527 0.288383
vn -0.031715 0.951924 0.304687
vn 0.514279 0.784625 0.346238
vn 0.460366 0.807970 0.367760
vn 0.849055 0.436497 0.297617
vn 0.822430 0.460699 0.333716
vn 0.966547 0.114682 0.229424
vn 0.944372 0.152166 0.291560
vn -0.989716 -0.097135 -0.105007
vn -0.984860 0.173135 0.008621
vn -0.884292 0.446951 0.135138
vn -0.676401 0.687936 0.263108
vn -0.351457 0.857028 0.376803
vn 0.097366 0.889181 0.447076
vn 0.557495 0.718651 0.415619
vn 0.875626 0.391797 0.282444
vn 0.982228 0.101292 0.158010
vn -0.989749 -0.126399 -0.066481
vn -0.985280 0.110347 0.130564
vn -0.866674 0.341066 0.364075
vn -0.659233 0.508303 0.554112
vn -0.368798 0.639476 0.674581
vn 0.082872 0.707098 0.702243
vn 0.547445 0.607697 0.575334
vn 0.885343 0.336980 0.320331
vn 0.987550 0.101059 0.120552
vn -0.969938 -0.203666 -0.133195
vn -0.974229 0.206647 -0.090411
vn -0.859161 0.510164 -0.039679
vn -0.653329 0.756508 0.029254
vn -0.336659 0.934104 0.118788
vn 0.059042 0.975068 0.213905
vn 0.479371 0.819868 0.313081
vn 0.801662 0.445111 0.399016
vn 0.904127 0.070725 0.421371
vn 0.908095 0.400879 0.121077
vn -0.965939 -0.190891 -0.174706
vn -0.968460 -0.187970 -0.163560
vn -0.975565 0.205103 -0.078782
vn -0.969634 0.213073 -0.120044
vn -0.841861 0.538479 0.036210
vn -0.843929 0.535770 -0.027094
vn -0.637578 0.753926 0.158400
vn -0.644151 0.759255 0.092749
vn -0.380038 0.890382 0.250582
vn -0.362598 0.909601 0.202853
vn -0.035200 0.949451 0.311936
vn -0.004645 0.960606 0.277876
vn 0.446922 0.821384 0.354385
vn 0.463675 0.822573 0.329209
vn 0.817158 0.477143 0.323399
vn 0.828806 0.466496 0.308969
vn 0.949568 0.194201 0.246185
vn 0.961936 0.159402 0.221969
vn -0.968881 -0.189628 -0.159093
vn -0.969988 0.214303 -0.114877
vn -0.851124 0.522981 -0.045598
vn -0.650088 0.758296 0.048718
vn -0.347549 0.925306 0.151721
vn 0.030765 0.971086 0.236737
vn 0.479242 0.821057 0.310150
vn 0.827804 0.447897 0.337831
vn 0.952138 0.104205 0.287358
vn -0.975075 -0.159101 -0.154650
vn -0.976184 0.213989 -0.035699
vn -0.832300 0.544788 0.102385
vn -0.633203 0.744023 0.213271
vn -0.402288 0.872080 0.278642
vn -0.055997 0.940571 0.334950
vn 0.438475 0.814430 0.380057
vn 0.810255 0.470769 0.349090
vn 0.934876 0.187649 0.301321
vn 0.647031 -0.412244 -0.641410
vn 0.851820 -0.254635 -0.457781
vn 0.827779 -0.442346 -0.345126
vn 0.639760 -0.609821 -0.467789
vn 0.357764 -0.753801 -0.551171
vn 0.389315 -0.846975 -0.362033
vn 0.120340 -0.896556 -0.426270
vn 0.051899 -0.803708 -0.592757
vn -0.398928 -0.724071 -0.562652
vn -0.410886 -0.680358 -0.606866
vn 0.050883 -0.690545 -0.721498
vn 0.050425 -0.770448 -0.635506
vn 0.437642 -0.671524 -0.597934
vn 0.437109 -0.581019 -0.686552
vn 0.661783 -0.476676 -0.578639
vn 0.677535 -0.527142 -0.512901
vn 0.084149 -0.957624 -0.275456
vn -0.249181 -0.887967 -0.386553
vn -0.112958 -0.880895 -0.459636
vn 0.399170 -0.905189 -0.145934
vn 0.629250 -0.714847 -0.305022
vn 0.648922 -0.757900 -0.066990
vn -0.697135 -0.585200 -0.414178
vn -0.713000 -0.550086 -0.434783
vn -0.648616 -0.524968 -0.551095
vn -0.382938 -0.479453 -0.789609
vn -0.394905 -0.553468 -0.733296
vn -0.628890 -0.573615 -0.524846
vn 0.954266 -0.128947 -0.269721
vn 0.924335 -0.329558 -0.192343
vn 0.887312 0.158269 -0.433162
vn 0.908995 0.149753 -0.388976
vn 0.747388 0.029403 -0.663737
vn 0.717099 0.033640 -0.696159
vn -0.025248 -0.289791 -0.956757
vn 0.002219 -0.300979 -0.953628
vn 0.259891 -0.199958 -0.944708
vn 0.244691 -0.174955 -0.953686
vn 0.490276 -0.076341 -0.868218
vn 0.475917 -0.097957 -0.874018
vn 0.702928 0.021717 -0.710929
vn -0.622127 -0.431762 -0.653101
vn -0.306605 -0.384461 -0.870737
vn -0.341794 -0.412939 -0.844191
vn -0.640928 -0.492438 -0.588826
vn 0.928548 -0.043222 -0.368688
vn 0.771085 -0.240351 -0.589626
vn 0.822414 -0.377799 -0.425328
vn 0.963647 -0.135913 -0.230024
vn 0.525376 -0.074712 -0.847584
vn 0.586452 -0.174705 -0.790919
vn 0.237465 -0.341972 -0.909212
vn 0.235214 -0.206208 -0.949817
vn -0.073871 -0.356235 -0.931472
vn -0.107005 -0.475208 -0.873343
vn -0.351042 -0.665496 -0.658699
vn -0.584788 -0.654338 -0.479443
vn 0.938243 0.071057 -0.338601
vn 0.805705 -0.049989 -0.590204
vn -0.870145 -0.492679 0.010698
vn -0.763064 -0.558456 -0.325362
vn -0.730653 -0.620791 -0.284191
vn -0.844529 -0.535019 0.022925
vn 0.886266 0.335298 0.319543
vn 0.861008 0.328218 0.388508
vn 0.976100 0.217188 -0.007672
vn 0.962698 0.267304 -0.041957
vn -0.237956 -0.793995 -0.559418
vn 0.856189 -0.350270 -0.379805
vn 0.852082 -0.333375 -0.403506
vn 0.785387 -0.555322 -0.273469
vn 0.836603 -0.537205 -0.107264
vn 0.861498 -0.238752 0.448128
vn 0.624224 -0.628456 0.464099
vn 0.657674 -0.722465 0.213328
vn 0.865742 -0.471901 0.166736
vn 0.223656 -0.861311 0.456204
vn -0.389239 -0.892586 0.227559
vn -0.077745 -0.993190 -0.086774
vn 0.383971 -0.915094 0.123164
vn 0.101963 -0.777563 -0.620483
vn -0.312266 -0.746557 -0.587488
vn 0.642060 -0.558627 -0.525066
vn 0.414826 -0.696459 -0.585546
vn -0.660413 -0.607982 -0.440696
vn 0.978753 -0.120444 -0.165939
vn -0.890103 -0.402237 -0.214294
vn -0.876332 -0.430742 -0.215645
vn -0.977024 -0.202872 0.065328
vn -0.986082 -0.158767 0.049339
vn 0.991157 0.127758 0.035851
vn 0.993559 0.086347 0.073381
vn 0.959113 0.168346 0.227514
vn 0.938347 0.265356 0.221566
vn -0.752008 -0.659124 0.006202
vn -0.513534 -0.830148 -0.217112
vn -0.900124 -0.435471 0.011879
vn -0.794305 -0.504325 -0.338727
vn -0.991222 -0.131688 -0.011680
vn -0.899340 -0.360595 -0.247304
vn 0.915122 0.325815 0.237477
vn 0.959084 0.263952 -0.102406
vn 0.850789 0.258553 0.457503
vn 0.879140 0.126764 0.459395
vn 0.978850 -0.189283 0.077618
vn 0.998555 0.047565 0.025025
vn -0.819604 -0.479686 -0.313291
vn -0.922303 -0.385771 0.023182
vn -0.955527 -0.294537 0.014708
vn -0.856314 -0.400149 -0.326507
vn 0.919153 0.357367 0.165673
vn 0.977728 0.193783 -0.080595
vn 0.980050 0.108112 0.166777
vn 0.998234 0.041991 0.042014
vn 0.978793 -0.122298 -0.164342
vn 0.908095 0.400879 0.121077
vn 0.952981 0.253251 -0.166406
vn -0.972091 -0.234599 0.001631
vn -0.871358 -0.371924 -0.320011
vn 0.291909 -0.573961 -0.765087
vn -0.061305 -0.645378 -0.761399
vn -0.483967 -0.752578 -0.446546
vn -0.686877 -0.682680 -0.249295
vn -0.834356 -0.551119 0.010824
vn 0.249895 -0.949251 -0.190985
vn -0.018301 -0.953587 -0.300561
vn -0.082425 -0.984698 -0.153545
vn 0.216109 -0.972940 -0.081757
vn -0.343696 -0.864547 -0.366650
vn -0.402495 -0.883447 -0.239831
vn -0.682504 -0.668224 -0.296082
vn -0.647626 -0.673609 -0.356135
vn -0.879736 -0.387700 -0.275234
vn -0.875157 -0.402398 -0.268658
vn -0.986025 -0.073470 -0.149523
vn -0.980944 -0.107974 -0.161527
vn 0.966547 0.114682 0.229424
vn 0.978772 -0.088728 0.184749
vn 0.961151 -0.099503 0.257463
vn 0.944372 0.152166 0.291560
vn 0.951859 -0.284324 0.114562
vn 0.805360 -0.592783 0.001988
vn 0.812638 -0.579864 0.058112
vn 0.931140 -0.323472 0.168357
vn 0.519407 -0.848786 -0.098888
vn 0.537397 -0.842989 -0.023976
vn 0.347535 -0.820328 -0.454182
vn 0.065193 -0.826401 -0.559295
vn -0.324517 -0.770263 -0.548985
vn -0.658847 -0.628827 -0.412914
vn -0.886277 -0.391585 -0.247336
vn -0.989716 -0.097135 -0.105007
vn 0.982228 0.101292 0.158010
vn 0.994643 -0.050643 0.090114
vn 0.970905 -0.239421 -0.004555
vn 0.822752 -0.543490 -0.166427
vn 0.567687 -0.756476 -0.324768
vn 0.414597 -0.632055 -0.654688
vn 0.086819 -0.694095 -0.714629
vn -0.362866 -0.682552 -0.634390
vn -0.894889 -0.364908 -0.256934
vn -0.698794 -0.556473 -0.449472
vn -0.989749 -0.126399 -0.066481
vn 0.999538 -0.001364 0.030370
vn 0.987550 0.101059 0.120552
vn 0.976719 -0.175320 -0.123621
vn 0.837796 -0.423160 -0.345012
vn 0.620435 -0.575467 -0.532821
vn 0.412426 -0.895837 -0.165473
vn 0.117523 -0.958606 -0.259350
vn -0.269586 -0.918543 -0.289139
vn -0.598395 -0.764525 -0.239637
vn -0.810020 -0.559648 -0.175106
vn -0.969938 -0.203666 -0.133195
vn 0.904127 0.070725 0.421371
vn 0.907962 -0.119583 0.401628
vn 0.890529 -0.350840 0.289604
vn 0.777358 -0.620691 0.102261
vn 0.620754 -0.782831 -0.042888
vn -0.263418 -0.654341 -0.708837
vn 0.097525 -0.608923 -0.787212
vn 0.368866 -0.506864 -0.779119
vn 0.578556 -0.389495 -0.716636
vn -0.626977 -0.581106 -0.518861
vn 0.873660 0.147896 -0.463514
vn -0.973589 -0.226032 0.032155
vn -0.870056 -0.422840 -0.253394
vn 0.916138 0.372768 0.147426
vn 0.949743 0.268241 -0.161356
vn 0.298930 -0.278520 -0.912725
vn 0.036143 -0.393663 -0.918544
vn 0.713081 -0.045348 -0.699614
vn 0.499513 -0.171096 -0.849243
vn -0.615536 -0.470231 -0.632455
vn 0.882533 0.094574 -0.460641
vn -0.281741 -0.476121 -0.833025
vn 0.325634 -0.923326 -0.203550
vn -0.045773 -0.972580 -0.228019
vn 0.022776 -0.961797 -0.272816
vn 0.376897 -0.895627 -0.236224
vn -0.448617 -0.859628 -0.244506
vn -0.409499 -0.868935 -0.277959
vn -0.697441 -0.673968 -0.243606
vn -0.717267 -0.653182 -0.242657
vn -0.854828 -0.471916 -0.215787
vn -0.843430 -0.496286 -0.205732
vn -0.968460 -0.187970 -0.163560
vn -0.965939 -0.190891 -0.174706
vn 0.949568 0.194201 0.246185
vn 0.984923 -0.050647 0.165416
vn 0.989080 -0.042279 0.141183
vn 0.961936 0.159402 0.221969
vn 0.942519 -0.320954 0.092987
vn 0.828264 -0.560317 -0.004890
vn 0.827799 -0.559732 -0.038075
vn 0.955138 -0.287199 0.072303
vn 0.627464 -0.768249 -0.126818
vn 0.635768 -0.755819 -0.156644
vn 0.412409 -0.878624 -0.240702
vn 0.085108 -0.950316 -0.299428
vn -0.340433 -0.888439 -0.307867
vn -0.657368 -0.711507 -0.248245
vn -0.831658 -0.521007 -0.192083
vn -0.968881 -0.189628 -0.159093
vn 0.952138 0.104205 0.287358
vn 0.972008 -0.070627 0.224082
vn 0.947514 -0.293596 0.126564
vn 0.820753 -0.570059 -0.037395
vn 0.645056 -0.746973 -0.161040
vn 0.259034 -0.957390 -0.127697
vn -0.088264 -0.980803 -0.173883
vn -0.445867 -0.865136 -0.229658
vn -0.712991 -0.651088 -0.260245
vn -0.867403 -0.438721 -0.234811
vn -0.975075 -0.159101 -0.154650
vn 0.966871 -0.080807 0.242138
vn 0.934876 0.187649 0.301321
vn 0.824949 -0.563922 0.038092
vn 0.927858 -0.343243 0.145823
vn 0.593151 -0.802514 -0.064364
vn 0.232910 0.742486 0.628066
vn 0.399010 0.713587 0.575834
vn 0.424551 0.725291 0.541949
vn 0.241166 0.758465 0.605451
vn 0.172626 0.693396 0.699574
vn 0.437797 0.633669 0.637806
vn 0.478488 0.676611 0.559684
vn 0.159373 0.750009 0.641939
vn -0.329086 0.611173 0.719840
vn -0.578320 0.475815 0.662681
vn -0.521581 0.498472 0.692444
vn -0.332950 0.606759 0.721795
vn 0.242832 0.722509 0.647313
vn 0.429291 0.699168 0.571728
vn -0.055761 0.722008 0.689634
vn -0.066587 0.748995 0.659221
vn -0.361211 0.690344 0.626858
vn -0.358573 0.660352 0.659818
vn -0.645342 0.577509 0.500018
vn -0.622283 0.590421 0.513972
vn -0.560823 0.631908 0.534949
vn -0.583922 0.616708 0.527927
vn -0.894860 0.189787 0.403989
vn -0.830825 0.244033 0.500178
vn -0.633608 0.480457 0.606384
vn 0.215241 0.756580 0.617461
vn 0.538048 0.694035 0.478351
vn 0.548418 0.713261 0.436460
vn 0.242613 0.799895 0.548914
vn -0.329035 0.661202 0.674202
vn -0.313168 0.692199 0.650220
vn -0.651162 0.492662 0.577298
vn -0.931126 0.173822 0.320609
vn -0.925343 0.175210 0.336216
vn -0.695827 0.471489 0.541777
vn -0.728375 0.460721 0.507155
vn 0.827492 0.449487 0.336479
vn 0.834357 0.473611 0.282031
vn 0.486397 0.711408 0.507264
vn 0.441451 0.511971 0.736890
vn 0.030021 0.471837 0.881175
vn 0.190469 -0.373595 0.907826
vn 0.679999 -0.235049 0.694517
vn -0.426743 -0.351151 0.833417
vn -0.443813 0.371807 0.815347
vn -0.729979 0.283506 0.621897
vn -0.758995 -0.204264 0.618226
vn -0.836092 0.268941 0.478143
vn -0.977474 -0.081926 0.194507
vn -0.977863 -0.052890 0.202450
vn 0.757114 0.471464 0.452217
vn 0.992297 0.114399 0.047531
vn 0.994373 0.104835 0.015214
vn 0.975301 0.080901 0.205529
vn 0.757295 0.478844 0.444087
vn 0.751635 0.489204 0.442407
vn 0.952587 0.055926 0.299083
vn -0.981410 -0.088311 0.170399
vn -0.914360 0.180131 0.362628
vn -0.988129 -0.079607 0.131389
vn 0.991794 0.125254 -0.025615
vn 0.860419 0.459112 0.221123
vn 0.849322 0.470124 0.240075
vn 0.990472 0.135304 -0.025656
vn 0.235828 0.823320 0.516265
vn 0.411912 0.773331 0.481963
vn 0.334835 0.741984 0.580815
vn 0.182162 0.800870 0.570460
vn -0.416451 0.737100 0.532215
vn -0.548630 0.635529 0.543239
vn -0.425781 0.692031 0.582927
vn 0.475776 0.730396 0.490060
vn 0.437799 0.746530 0.501024
vn 0.521497 0.720315 0.457369
vn 0.258720 0.775563 0.575818
vn -0.126365 0.831214 0.541401
vn -0.095675 0.771832 0.628587
vn 0.152854 0.779711 0.607195
vn -0.070006 0.765744 0.639325
vn -0.076564 0.742176 0.665818
vn -0.024596 0.791639 0.610494
vn -0.371660 0.692722 0.618065
vn -0.342130 0.660727 0.668122
vn -0.032140 0.734729 0.677599
vn -0.334694 0.727143 0.599369
vn -0.141951 0.802682 0.579268
vn -0.523351 0.632207 0.571330
vn -0.552823 0.604255 0.573815
vn -0.073696 0.690747 0.719331
vn 0.179457 0.676344 0.714391
vn -0.076798 0.679111 0.730007
vn -0.390887 0.699400 0.598370
vn -0.078984 0.757693 0.647814
vn 0.264061 0.814194 0.517069
vn 0.543781 0.730483 0.413154
vn -0.936264 0.147868 0.318662
vn -0.741946 0.446412 0.500233
vn -0.002443 0.811403 0.584483
vn -0.368815 0.707753 0.602545
vn -0.949483 -0.063027 0.307425
vn -0.867322 -0.106746 0.486168
vn -0.782388 0.303837 0.543647
vn -0.788662 0.337811 0.513708
vn 0.987199 0.099211 0.124885
vn 0.775395 0.433624 0.459056
vn 0.898154 -0.043121 0.437562
vn 0.675264 0.490148 0.551156
vn -0.983960 -0.078083 0.160390
vn -0.983292 -0.095134 0.155197
vn 0.993696 0.111063 -0.015274
vn -0.213221 0.531447 0.819818
vn -0.181900 0.422175 0.888077
vn -0.266309 0.474136 0.839211
vn -0.252103 0.546954 0.798302
vn 0.557871 0.606184 0.566851
vn 0.497372 0.657735 0.565690
vn 0.293425 0.680675 0.671255
vn 0.347938 0.639353 0.685687
vn -0.031698 0.674242 0.737830
vn -0.371668 0.612440 0.697696
vn -0.395767 0.559335 0.728363
vn -0.011041 0.644447 0.764569
vn -0.681835 0.479453 0.552473
vn -0.713199 0.481195 0.509706
vn -0.597548 0.466800 0.651947
vn -0.651675 0.419913 0.631659
vn 0.178344 0.648833 0.739736
vn 0.320437 0.600016 0.733008
vn 0.377263 0.621096 0.686958
vn 0.619058 0.609540 0.495204
vn 0.586783 0.659416 0.469954
vn 0.602850 0.646804 0.467137
vn 0.644722 0.614094 0.455215
vn -0.319706 0.600197 0.733180
vn -0.071436 0.662403 0.745734
vn -0.613026 0.540985 0.575790
vn -0.662557 0.466400 0.586080
vn 0.164283 0.537845 0.826882
vn -0.046336 0.470580 0.881140
vn -0.094085 0.573558 0.813744
vn 0.156065 0.636037 0.755712
vn 0.502643 0.561640 0.657199
vn 0.274350 0.652621 0.706271
vn 0.347666 0.670903 0.654994
vn 0.260479 0.582433 0.770015
vn 0.402377 0.571286 0.715350
vn 0.482702 0.622668 0.615860
vn 0.551972 0.561698 0.616298
vn -0.446179 0.540818 0.713050
vn -0.606611 0.563630 0.560664
vn -0.406533 0.636250 0.655681
vn -0.527062 0.450965 0.720303
vn -0.463328 0.508793 0.725573
vn -0.633300 0.402802 0.660819
vn -0.356148 0.477195 0.803395
vn -0.258979 0.527505 0.809116
vn -0.455785 0.479757 0.749729
vn -0.603600 0.515521 0.608198
vn -0.704392 0.516720 0.486654
vn -0.581224 0.578101 0.572693
vn -0.364720 0.637959 0.678224
vn -0.045369 0.694991 0.717585
vn 0.263207 0.706939 0.656475
vn 0.461474 0.682971 0.566209
vn 0.562171 0.696380 0.446115
vn 0.553002 0.671673 0.492995
vn 0.360660 0.599362 0.714625
vn 0.487907 0.680008 0.547299
vn 0.274808 0.567008 0.776520
vn 0.175421 0.594701 0.784575
vn -0.054323 0.595289 0.801673
vn -0.967025 -0.181780 0.178377
vn -0.973972 -0.119697 0.192486
vn -0.927979 0.102259 0.358327
vn -0.934689 0.106644 0.339091
vn -0.418905 0.693555 0.586089
vn -0.753293 0.448008 0.481496
vn -0.734402 0.432096 0.523398
vn -0.370668 0.689447 0.622309
vn 0.352995 0.789851 0.501527
vn -0.000352 0.805594 0.592468
vn 0.015758 0.780313 0.625191
vn 0.309441 0.773880 0.552591
vn 0.874282 0.469637 0.122769
vn 0.633881 0.695297 0.338758
vn 0.574893 0.705056 0.415203
vn 0.861038 0.468844 0.196971
vn 0.994075 0.093530 -0.055380
vn 0.990085 0.095093 -0.103386
vn 0.174466 0.751226 0.636570
vn 0.505497 0.702408 0.501094
vn -0.308802 0.667999 0.677067
vn -0.665272 0.490769 0.562636
vn -0.925888 0.178314 0.333069
vn 0.835846 0.486557 0.254212
vn -0.046566 0.727408 0.684624
vn -0.988519 -0.086367 0.123977
vn 0.500399 0.698028 0.512209
vn -0.738821 0.459781 0.492692
vn -0.733054 0.492362 0.469266
vn -0.688420 0.531077 0.493999
vn -0.970293 0.191207 0.148226
vn -0.957436 0.194360 0.213403
vn -0.974077 -0.101582 0.202128
vn -0.984258 -0.136123 0.112726
vn -0.831363 0.524394 0.183973
vn -0.807219 0.555084 0.200694
vn -0.511404 0.845009 0.156288
vn -0.468095 0.874412 0.127632
vn -0.081517 0.993085 0.084480
vn -0.075543 0.996358 0.039544
vn 0.296759 0.954872 0.012366
vn 0.269812 0.962668 -0.021721
vn 0.600772 0.798055 -0.046691
vn 0.560971 0.826085 -0.053809
vn 0.823348 0.560727 -0.087649
vn 0.800611 0.593026 -0.085689
vn 0.976216 0.180366 -0.120299
vn 0.964888 0.229625 -0.127530
vn -0.975275 -0.184891 0.121056
vn -0.961619 0.158913 0.223688
vn -0.810917 0.488662 0.321905
vn -0.497618 0.779076 0.381335
vn -0.047679 0.936078 0.348547
vn 0.346632 0.903249 0.252958
vn 0.647617 0.751452 0.126145
vn 0.863646 0.504097 -0.001401
vn 0.986148 0.118670 -0.115885
vn -0.984492 0.008228 0.175235
vn -0.932780 0.314699 0.175743
vn -0.757592 0.638551 0.135301
vn -0.490946 0.866443 0.090821
vn -0.115805 0.992705 0.033552
vn 0.267286 0.962813 -0.039355
vn 0.559212 0.822743 -0.101862
vn 0.802556 0.579691 -0.140934
vn 0.966647 0.212611 -0.142793
vn 0.991213 0.129294 -0.027945
vn -0.967963 -0.080487 0.237841
vn -0.946725 0.214448 0.240259
vn -0.779255 0.589209 0.213526
vn -0.430430 0.889749 0.151911
vn -0.060184 0.994094 0.090305
vn 0.266835 0.962953 0.038985
vn 0.544567 0.838703 -0.004925
vn 0.802332 0.593956 -0.058993
vn 0.966001 0.230163 -0.117755
vn -0.989571 0.002560 0.144026
vn -0.943290 0.296178 0.149940
vn -0.764159 0.633611 0.120823
vn -0.474303 0.875536 0.092049
vn -0.104361 0.992865 0.057687
vn 0.266419 0.963855 -0.001885
vn 0.555857 0.828584 -0.066877
vn 0.807396 0.577336 -0.121633
vn 0.970417 0.199800 -0.135537
vn -0.984479 -0.016127 0.174761
vn -0.946733 0.274916 0.167681
vn -0.767015 0.625814 0.141579
vn -0.448900 0.886365 0.113339
vn -0.084119 0.992686 0.086596
vn 0.269267 0.962289 0.038678
vn 0.550642 0.834493 -0.020388
vn 0.808591 0.582466 -0.083149
vn 0.972510 0.196066 -0.125631
vn -0.974950 -0.051081 0.216480
vn -0.947006 0.246935 0.205434
vn -0.768720 0.613518 0.180735
vn -0.428196 0.892212 0.143550
vn -0.064867 0.992206 0.106394
vn 0.268599 0.961508 0.057937
vn 0.544264 0.838911 0.002266
vn 0.807164 0.587591 -0.056770
vn 0.971626 0.209386 -0.109998
vn 0.859546 0.463543 0.215193
vn -0.983458 -0.068978 0.167489
vn 0.994355 0.103687 -0.022528
vn 0.557261 -0.800647 -0.220054
vn 0.686674 -0.700044 -0.196005
vn 0.651652 -0.755807 -0.064080
vn 0.580243 -0.812628 -0.054348
vn 0.401294 -0.915274 -0.035171
vn 0.374024 -0.905279 0.201433
vn -0.031902 -0.958292 0.284004
vn 0.001273 -0.999999 0.000089
vn -0.094403 -0.866409 0.490329
vn -0.431251 -0.829001 0.356062
vn -0.352021 -0.896946 0.267522
vn 0.312678 -0.834357 0.453962
vn 0.578276 -0.812927 0.068899
vn 0.571508 -0.767961 0.289162
vn -0.794717 -0.568558 -0.212523
vn -0.461188 -0.763650 -0.451823
vn -0.477163 -0.793407 -0.377916
vn -0.781503 -0.596575 -0.182622
vn 0.787396 -0.590977 -0.175370
vn 0.723630 -0.687281 -0.063275
vn 0.809284 -0.445435 -0.382945
vn 0.667167 -0.579149 -0.468482
vn 0.644157 -0.564996 -0.515598
vn 0.805314 -0.427279 -0.410977
vn -0.129553 -0.758242 -0.638972
vn -0.117634 -0.713909 -0.690287
vn 0.062076 -0.698592 -0.712823
vn 0.102153 -0.745556 -0.658568
vn 0.393724 -0.685833 -0.612058
vn 0.326083 -0.660905 -0.675925
vn 0.604723 -0.564498 -0.561829
vn -0.782861 -0.523621 -0.336079
vn -0.413335 -0.693530 -0.590060
vn -0.436183 -0.726723 -0.530677
vn -0.797198 -0.536663 -0.276531
vn 0.800564 -0.471314 -0.370082
vn 0.582446 -0.680185 -0.445090
vn 0.620975 -0.669198 -0.408122
vn 0.818906 -0.458550 -0.345145
vn 0.434982 -0.713837 -0.548841
vn 0.485460 -0.753830 -0.442797
vn 0.222019 -0.841325 -0.492827
vn 0.154053 -0.794195 -0.587811
vn -0.126040 -0.812356 -0.569379
vn -0.094416 -0.866652 -0.489897
vn -0.464586 -0.861587 -0.204516
vn -0.738020 -0.671502 -0.066421
vn 0.810034 -0.499576 -0.307033
vn 0.687221 -0.623132 -0.373410
vn -0.977863 -0.052890 0.202450
vn -0.934166 -0.356625 -0.012390
vn -0.888269 -0.454124 0.068920
vn -0.949483 -0.063027 0.307425
vn 0.992297 0.114399 0.047531
vn 0.987199 0.099211 0.124885
vn 0.942865 -0.286006 -0.170899
vn 0.944962 -0.227072 -0.235555
vn -0.414096 -0.907693 0.067961
vn 0.636983 -0.770821 -0.009385
vn 0.663769 -0.743214 0.083931
vn 0.898154 -0.043121 0.437562
vn 0.679999 -0.235049 0.694517
vn 0.563419 -0.745377 0.356330
vn 0.763217 -0.615478 0.196690
vn 0.190469 -0.373595 0.907826
vn -0.426743 -0.351151 0.833417
vn -0.186857 -0.816901 0.545671
vn 0.260892 -0.828824 0.494960
vn 0.620367 -0.647500 -0.442593
vn 0.821817 -0.448320 -0.351605
vn 0.991794 0.125254 -0.025615
vn 0.954727 -0.197446 -0.222509
vn 0.955246 -0.202698 -0.215449
vn 0.994355 0.103687 -0.022528
vn -0.758995 -0.204264 0.618226
vn -0.571469 -0.678016 0.462295
vn -0.977474 -0.081926 0.194507
vn -0.951929 -0.306195 0.008717
vn 0.994373 0.104835 0.015214
vn 0.946395 -0.207156 -0.247836
vn 0.975301 0.080901 0.205529
vn 0.952587 0.055926 0.299083
vn 0.880723 -0.471924 0.040180
vn 0.925727 -0.371437 -0.071167
vn -0.960127 -0.279401 -0.009534
vn -0.981410 -0.088311 0.170399
vn -0.988129 -0.079607 0.131389
vn -0.961093 -0.270439 -0.056242
vn 0.990472 0.135304 -0.025656
vn 0.947513 -0.210624 -0.240535
vn -0.006725 -0.881147 -0.472794
vn 0.015897 -0.843671 -0.536625
vn -0.219162 -0.838074 -0.499600
vn -0.170359 -0.886607 -0.430006
vn -0.500603 -0.814348 -0.293656
vn -0.563726 -0.751424 -0.342893
vn -0.847363 -0.525073 -0.079209
vn -0.857388 -0.503208 -0.108015
vn -0.953220 -0.294433 0.068422
vn -0.962766 -0.261972 0.066731
vn -0.973972 -0.119697 0.192486
vn -0.967025 -0.181780 0.178377
vn 0.569043 -0.688026 -0.450344
vn 0.595023 -0.659740 -0.459011
vn 0.277419 -0.809728 -0.517087
vn 0.237803 -0.841008 -0.485959
vn 0.991213 0.129294 -0.027945
vn 0.942958 -0.213609 -0.255347
vn -0.988519 -0.086367 0.123977
vn -0.958663 -0.282803 -0.031425
vn 0.335989 -0.902182 -0.270517
vn -0.037756 -0.955398 -0.292899
vn -0.629274 -0.763894 0.143111
vn -0.782462 -0.558894 0.274574
vn -0.867322 -0.106746 0.486168
vn -0.068584 -0.997626 -0.006273
vn -0.099531 -0.985119 0.140120
vn 0.149188 -0.982057 0.115360
vn 0.111843 -0.993258 -0.030498
vn -0.462675 -0.885636 0.039768
vn -0.527214 -0.833382 0.165890
vn -0.942196 -0.310046 0.127032
vn -0.935805 -0.293540 0.195200
vn -0.846201 -0.499226 0.186326
vn -0.840298 -0.529539 0.116136
vn -0.984258 -0.136123 0.112726
vn -0.974077 -0.101582 0.202128
vn 0.976216 0.180366 -0.120299
vn 0.957211 -0.254400 -0.137938
vn 0.973423 -0.190660 -0.126871
vn 0.964888 0.229625 -0.127530
vn 0.807961 -0.571276 -0.144374
vn 0.607692 -0.782664 -0.134714
vn 0.642663 -0.766098 0.008831
vn 0.845285 -0.530182 -0.066331
vn 0.344760 -0.934390 -0.089751
vn 0.382420 -0.921496 0.067827
vn 0.038322 -0.957396 -0.286226
vn -0.101936 -0.965180 -0.240907
vn -0.455600 -0.877955 -0.147046
vn -0.944178 -0.320707 0.075338
vn -0.843592 -0.536968 0.004222
vn -0.975275 -0.184891 0.121056
vn 0.990085 0.095093 -0.103386
vn 0.935277 -0.241714 -0.258517
vn 0.941897 -0.263489 -0.208336
vn 0.986148 0.118670 -0.115885
vn 0.799265 -0.479276 -0.362588
vn 0.570242 -0.738866 -0.359027
vn 0.793338 -0.531256 -0.297290
vn 0.270941 -0.898618 -0.345074
vn -0.052614 -0.996539 -0.064360
vn -0.377598 -0.925614 -0.025666
vn -0.711977 -0.698525 0.071776
vn -0.900125 -0.410922 0.144632
vn -0.967806 -0.192110 0.162618
vn -0.984492 0.008228 0.175235
vn 0.966647 0.212611 -0.142793
vn 0.978704 -0.169734 -0.115455
vn 0.883165 -0.457520 -0.103417
vn 0.633929 -0.766755 -0.101100
vn 0.248118 -0.965787 -0.075447
vn -0.520524 -0.797266 -0.305650
vn -0.149009 -0.908787 -0.389748
vn -0.095166 -0.888884 -0.448139
vn -0.424231 -0.820671 -0.382788
vn 0.099178 -0.907019 -0.409243
vn 0.337314 -0.840425 -0.424152
vn 0.304198 -0.826667 -0.473377
vn 0.103447 -0.878450 -0.466502
vn -0.788455 -0.580473 -0.203444
vn -0.826883 -0.544497 -0.140668
vn 0.795032 -0.424542 -0.433230
vn -0.983292 -0.095134 0.155197
vn -0.983960 -0.078083 0.160390
vn -0.954818 -0.296242 0.023737
vn -0.954960 -0.296624 0.008082
vn 0.943398 -0.203270 -0.262073
vn 0.993696 0.111063 -0.015274
vn 0.070946 -0.756408 -0.650241
vn -0.097257 -0.778076 -0.620596
vn 0.567035 -0.616237 -0.546556
vn 0.281659 -0.716841 -0.637815
vn -0.770755 -0.568569 -0.287518
vn 0.790613 -0.451001 -0.414161
vn -0.393102 -0.755204 -0.524536
vn 0.138559 -0.985007 0.102772
vn -0.177987 -0.975167 0.131797
vn -0.612846 -0.769929 0.177845
vn -0.860098 -0.466297 0.206880
vn -0.931263 -0.288580 0.222421
vn -0.967963 -0.080487 0.237841
vn 0.980476 -0.140184 -0.137896
vn 0.966001 0.230163 -0.117755
vn 0.681099 -0.732192 0.000258
vn 0.888133 -0.450409 -0.091390
vn 0.386102 -0.919753 0.070569
vn -0.020384 -0.995478 -0.092779
vn -0.343741 -0.936919 -0.063445
vn -0.700922 -0.712993 0.018722
vn -0.898676 -0.428992 0.091361
vn -0.969832 -0.210179 0.123495
vn -0.989571 0.002560 0.144026
vn 0.970417 0.199800 -0.135537
vn 0.978563 -0.167343 -0.120047
vn 0.896052 -0.426644 -0.122744
vn 0.665649 -0.735977 -0.123487
vn 0.277466 -0.955566 -0.099525
vn 0.031308 -0.998394 -0.047207
vn -0.306567 -0.951505 -0.025585
vn -0.685160 -0.726331 0.054761
vn -0.887333 -0.441523 0.133032
vn -0.956726 -0.237424 0.168241
vn -0.984479 -0.016127 0.174761
vn 0.972510 0.196066 -0.125631
vn 0.978750 -0.154269 -0.135094
vn 0.907857 -0.398090 -0.131607
vn 0.694639 -0.713012 -0.095350
vn 0.325493 -0.944331 -0.047885
vn 0.094163 -0.994768 0.039618
vn -0.251848 -0.965584 0.064961
vn -0.660006 -0.738834 0.136075
vn -0.870700 -0.450919 0.196353
vn -0.938030 -0.270510 0.216619
vn -0.974950 -0.051081 0.216480
vn 0.971626 0.209386 -0.109998
vn 0.981167 -0.138339 -0.134811
vn 0.908942 -0.401383 -0.112762
vn 0.702485 -0.710608 -0.039379
vn 0.366835 -0.929923 0.025987
vn 0.810138 -0.453862 -0.371059
vn 0.994075 0.093530 -0.055380
vn 0.943263 -0.222285 -0.246667
vn -0.582152 -0.753838 -0.304676
vn -0.209689 -0.869531 -0.447154
vn 0.064545 -0.867986 -0.492376
vn 0.328012 -0.805271 -0.493910
vn -0.853892 -0.509203 -0.107611
vn -0.983458 -0.068978 0.167489
vn -0.962065 -0.269308 0.043642
vn 0.262814 0.635487 0.726006
vn 0.403482 0.625980 0.667346
vn 0.453376 0.612773 0.647271
vn 0.287457 0.639744 0.712809
vn 0.141318 0.499769 0.854553
vn 0.438339 0.408326 0.800705
vn 0.519579 0.523766 0.675061
vn 0.195874 0.600983 0.774889
vn -0.359471 0.718124 0.595884
vn -0.358517 0.707714 0.608775
vn -0.708098 0.514490 0.483630
vn -0.696677 0.525213 0.488664
vn -0.334239 0.488717 0.805878
vn -0.620718 0.403592 0.672178
vn -0.532168 0.375908 0.758611
vn -0.306989 0.460658 0.832798
vn 0.249962 0.626216 0.738493
vn 0.437528 0.607898 0.662593
vn -0.031408 0.616103 0.787039
vn -0.022810 0.633198 0.773653
vn -0.347326 0.585116 0.732806
vn -0.349706 0.556852 0.753406
vn -0.662827 0.501033 0.556441
vn -0.641565 0.503119 0.579021
vn -0.564591 0.549157 0.616168
vn -0.576608 0.544763 0.608898
vn -0.895810 0.253785 0.364853
vn -0.835365 0.265472 0.481341
vn -0.681773 0.427948 0.593335
vn 0.906175 0.335995 0.256815
vn 0.660376 0.599960 0.451610
vn 0.660610 0.588287 0.466384
vn 0.907965 0.315638 0.275630
vn 0.243955 0.639275 0.729255
vn 0.624651 0.526345 0.576865
vn 0.655730 0.545937 0.521508
vn 0.280503 0.698870 0.657950
vn -0.677692 0.472678 0.563302
vn -0.364669 0.552375 0.749599
vn -0.358238 0.649938 0.670258
vn -0.651015 0.499298 0.571735
vn -0.682446 0.503201 0.530148
vn -0.915668 0.251743 0.313333
vn -0.906809 0.261319 0.330771
vn 0.883204 0.342232 0.320667
vn 0.557506 0.593365 0.580608
vn 0.880106 0.260840 0.396706
vn 0.579674 -0.090224 0.809838
vn -0.132695 -0.166258 0.977113
vn 0.001575 -0.803496 0.595309
vn 0.430946 -0.752513 0.498007
vn -0.489951 -0.646937 0.584312
vn -0.644901 -0.024781 0.763864
vn -0.859584 0.110704 0.498859
vn -0.861872 -0.277749 0.424301
vn -0.819085 0.251552 0.515579
vn -0.987520 0.070869 0.140648
vn -0.974503 0.057232 0.216955
vn -0.925561 0.245204 0.288466
vn -0.936234 0.221176 0.273034
vn -0.995843 -0.082848 0.037850
vn -0.997457 -0.040440 0.058678
vn 0.775991 0.221008 0.590757
vn 0.995583 -0.037268 0.086177
vn 0.998315 -0.053040 0.023520
vn 0.945810 -0.128950 0.298019
vn 0.769694 0.238978 0.591997
vn 0.864592 0.189275 0.465462
vn 0.923834 -0.219063 0.313916
vn -0.904609 0.229516 0.359173
vn -0.993359 0.024919 0.112322
vn -0.991277 0.064844 0.114740
vn 0.904321 0.297276 0.306318
vn 0.890026 0.308543 0.335641
vn 0.997026 0.022487 0.073707
vn 0.997100 0.015217 0.074565
vn 0.300230 0.613807 0.730139
vn 0.468376 0.571105 0.674139
vn 0.399846 0.536227 0.743360
vn 0.258130 0.589692 0.765266
vn -0.362857 0.595546 0.716700
vn -0.556573 0.530975 0.638977
vn -0.376450 0.613854 0.693879
vn 0.581841 0.534516 0.612987
vn 0.482880 0.595314 0.642205
vn 0.584536 0.557642 0.589367
vn 0.304492 0.634615 0.710316
vn -0.014798 0.640341 0.767948
vn -0.019374 0.658498 0.752333
vn 0.230520 0.689051 0.687073
vn -0.051574 0.710362 0.701944
vn -0.064598 0.598370 0.798611
vn -0.368158 0.662034 0.652818
vn -0.342408 0.612511 0.712451
vn -0.068808 0.646209 0.760052
vn -0.066521 0.723138 0.687493
vn -0.335854 0.600356 0.725793
vn -0.014673 0.638904 0.769146
vn -0.523643 0.537584 0.660910
vn -0.556533 0.506910 0.658265
vn -0.061272 0.785605 0.615686
vn 0.282175 0.758673 0.587190
vn 0.284804 0.754187 0.591683
vn -0.055502 0.769810 0.635855
vn -0.075162 0.516519 0.852971
vn 0.126025 0.437493 0.890347
vn -0.071832 0.482535 0.872926
vn -0.365100 0.614042 0.699754
vn -0.020020 0.653469 0.756689
vn -0.949428 0.020975 0.313285
vn -0.928942 -0.063563 0.364728
vn -0.882457 0.187933 0.431220
vn -0.826999 0.254602 0.501249
vn 0.982739 -0.044941 0.179456
vn 0.752511 0.234392 0.615457
vn 0.819666 -0.457052 0.345327
vn 0.872758 0.092186 0.479369
vn -0.996562 -0.021614 0.079981
vn -0.996942 -0.011437 0.077299
vn 0.999844 -0.014062 -0.010687
vn 0.998570 0.006816 0.053025
vn 0.999668 0.000242 0.025773
vn -0.326327 0.693398 0.642425
vn -0.290749 0.617661 0.730726
vn -0.522147 0.576500 0.628499
vn -0.502394 0.623241 0.599309
vn 0.667106 0.488115 0.562772
vn 0.537697 0.562738 0.627860
vn 0.259650 0.623221 0.737684
vn 0.324587 0.601452 0.730000
vn -0.071654 0.602359 0.795002
vn -0.402508 0.524074 0.750556
vn -0.482250 0.484630 0.729773
vn -0.115317 0.588082 0.800539
vn -0.793624 0.357274 0.492459
vn -0.782825 0.421526 0.457713
vn -0.715255 0.397032 0.575132
vn -0.692872 0.344584 0.633396
vn 0.086853 0.282589 0.955301
vn 0.236949 0.256318 0.937100
vn 0.339031 0.322646 0.883718
vn 0.684493 0.407755 0.604321
vn 0.726062 0.455833 0.514831
vn 0.710192 0.460311 0.532674
vn 0.790744 0.371747 0.486341
vn -0.252842 0.366398 0.895446
vn -0.050651 0.346226 0.936783
vn -0.623410 0.459424 0.632684
vn -0.719280 0.383995 0.578951
vn 0.182103 0.681764 0.708546
vn 0.006807 0.660687 0.750630
vn -0.011181 0.755176 0.655427
vn 0.218252 0.701703 0.678217
vn 0.451973 0.254870 0.854846
vn 0.318488 0.606199 0.728758
vn 0.532044 0.513061 0.673570
vn 0.358908 0.612212 0.704544
vn 0.431742 0.289239 0.854365
vn 0.619406 0.420801 0.662769
vn 0.510198 0.366665 0.777982
vn -0.636438 0.521567 0.568256
vn -0.668908 0.485572 0.562833
vn -0.530048 0.554797 0.641288
vn -0.565235 0.332698 0.754865
vn -0.422766 0.326807 0.845261
vn -0.643871 0.299890 0.703915
vn -0.432413 0.400400 0.807898
vn -0.222752 0.359262 0.906263
vn -0.620422 0.436960 0.651263
vn -0.735726 0.443155 0.512173
vn -0.728091 0.468845 0.500068
vn -0.588303 0.483341 0.648291
vn -0.369506 0.539266 0.756741
vn -0.045356 0.603714 0.795910
vn 0.249035 0.621601 0.742694
vn 0.477847 0.586760 0.653739
vn 0.682250 0.508868 0.524964
vn 0.620428 0.524772 0.582824
vn 0.685825 0.474085 0.552167
vn 0.554693 0.421979 0.717112
vn 0.284082 0.410333 0.866559
vn 0.098599 0.347808 0.932367
vn -0.007591 0.327118 0.944953
vn 0.224501 0.674515 0.703298
vn 0.588811 0.569450 0.573610
vn -0.330422 0.657586 0.677054
vn -0.645402 0.511061 0.567691
vn -0.904364 0.249956 0.345901
vn 0.879930 0.349795 0.321506
vn -0.058930 0.697360 0.714295
vn -0.996223 -0.002089 0.086805
vn 0.548561 0.572435 0.609425
vn -0.835111 0.322254 0.445805
vn -0.747179 0.422921 0.512700
vn -0.682902 0.470742 0.558611
vn -0.952725 0.207877 0.221590
vn -0.993298 -0.111458 0.030594
vn -0.751405 0.509989 0.418691
vn -0.410099 0.713311 0.568337
vn -0.063427 0.780041 0.622505
vn 0.312464 0.756888 0.574010
vn 0.691331 0.598651 0.404572
vn 0.916445 0.353317 0.187874
vn 0.928058 0.366619 0.065572
vn 0.726513 0.642644 0.243285
vn 0.998863 0.017004 -0.044533
vn 0.991472 0.033242 -0.126008
vn -0.984716 -0.129771 0.116160
vn -0.989563 -0.140961 0.029920
vn -0.966153 0.223250 0.129262
vn -0.964623 0.219620 0.145844
vn -0.804637 0.562586 0.189888
vn -0.792079 0.583623 0.178870
vn -0.510104 0.835414 0.204639
vn -0.479357 0.862684 0.161226
vn -0.108660 0.977808 0.179124
vn -0.093721 0.989467 0.110327
vn 0.320696 0.938727 0.126278
vn 0.300263 0.952162 0.056831
vn 0.706919 0.705690 0.047613
vn 0.664531 0.747237 0.005983
vn 0.920326 0.389451 -0.036454
vn 0.988845 0.029449 -0.146008
vn -0.993345 -0.048371 0.104526
vn -0.968835 0.218574 0.116553
vn -0.976906 0.195576 0.086056
vn -0.996267 -0.038859 0.077078
vn -0.803349 0.579573 0.136839
vn -0.827145 0.552444 0.103133
vn -0.474451 0.869000 0.140482
vn -0.505159 0.856233 0.108069
vn -0.108136 0.985338 0.131966
vn -0.131408 0.986723 0.095440
vn 0.277553 0.955126 0.103436
vn 0.270528 0.961033 0.056842
vn 0.643817 0.764111 0.040430
vn 0.658096 0.752890 -0.008101
vn 0.887757 0.459688 -0.023974
vn 0.879834 0.472598 -0.050436
vn 0.995145 0.079190 -0.058439
vn 0.991981 0.115788 -0.050666
vn 0.999455 0.017901 0.027733
vn -0.995354 -0.039349 0.087872
vn -0.982937 0.166170 0.078881
vn -0.988308 0.135583 0.069746
vn -0.995659 -0.044155 0.081939
vn -0.852638 0.517568 0.071642
vn -0.877579 0.476476 0.053159
vn -0.542972 0.837004 0.067866
vn -0.584698 0.809990 0.045217
vn -0.150123 0.986963 0.058035
vn -0.170154 0.984657 0.038710
vn 0.275517 0.961129 0.017950
vn 0.293494 0.955961 -0.000507
vn 0.680315 0.731332 -0.048220
vn 0.707870 0.704664 -0.048672
vn 0.872000 0.482875 -0.080301
vn 0.879458 0.467252 -0.090710
vn 0.987122 0.144015 -0.069646
vn 0.983593 0.131437 -0.123565
vn -0.488853 0.782358 0.385926
vn -0.797730 0.535757 0.276750
vn -0.094436 0.896225 0.433432
vn 0.336373 0.857841 0.388539
vn 0.993834 0.035563 -0.105020
vn 0.904643 0.424123 -0.041713
vn -0.964410 0.217956 0.149694
vn -0.992843 -0.119399 0.002525
vn -0.986348 -0.080002 0.143934
vn -0.963649 0.221145 0.149918
vn -0.789377 0.590552 0.167729
vn -0.460143 0.872948 0.161957
vn -0.087899 0.986438 0.138611
vn 0.289114 0.951629 0.103994
vn 0.641876 0.765084 0.051393
vn 0.894246 0.447461 -0.010101
vn 0.996424 0.052594 -0.066134
vn 0.491929 -0.717313 -0.493424
vn 0.673755 -0.635916 -0.376383
vn 0.646304 -0.740645 -0.183671
vn 0.468356 -0.847772 -0.248848
vn 0.137606 -0.941804 -0.306707
vn 0.106305 -0.992444 0.061277
vn -0.320581 -0.947166 0.010222
vn -0.335506 -0.875674 -0.347318
vn -0.589832 -0.652161 -0.476219
vn -0.549152 -0.673508 -0.494791
vn -0.251541 -0.748959 -0.613015
vn -0.274756 -0.767860 -0.578705
vn 0.079295 -0.794458 -0.602120
vn 0.029491 -0.774272 -0.632166
vn 0.279059 -0.763308 -0.582655
vn 0.346367 -0.756178 -0.555180
vn -0.327967 -0.893540 0.306632
vn -0.654906 -0.753449 0.058415
vn -0.615988 -0.784233 -0.074414
vn 0.051067 -0.922186 0.383360
vn 0.433909 -0.900137 0.038431
vn 0.414221 -0.864151 0.285769
vn -0.803254 -0.489083 -0.339972
vn -0.787299 -0.521730 -0.328570
vn -0.758121 -0.434148 -0.486588
vn -0.547053 -0.543733 -0.636465
vn -0.573006 -0.551966 -0.605803
vn -0.750946 -0.455676 -0.477953
vn 0.793156 -0.555880 -0.248799
vn 0.746624 -0.661018 -0.074888
vn 0.855109 -0.341548 -0.390043
vn 0.849600 -0.374295 -0.371595
vn 0.650726 -0.514297 -0.558618
vn 0.624018 -0.491418 -0.607544
vn -0.141620 -0.595050 -0.791113
vn 0.073479 -0.567992 -0.819747
vn 0.068548 -0.574739 -0.815461
vn -0.200421 -0.579612 -0.789862
vn 0.582912 -0.495340 -0.644090
vn 0.326215 -0.562735 -0.759548
vn 0.272555 -0.554800 -0.786073
vn -0.747515 -0.470259 -0.469124
vn -0.426783 -0.595236 -0.680845
vn -0.497260 -0.550168 -0.670856
vn -0.756846 -0.444416 -0.479248
vn 0.825353 -0.483668 -0.291302
vn 0.563018 -0.701916 -0.436262
vn 0.598622 -0.674040 -0.432807
vn 0.829581 -0.472960 -0.296824
vn 0.383192 -0.589457 -0.711129
vn 0.444503 -0.617625 -0.648812
vn 0.083112 -0.648402 -0.756748
vn 0.071129 -0.614190 -0.785946
vn -0.253020 -0.604054 -0.755711
vn -0.308962 -0.619007 -0.722062
vn -0.615253 -0.619434 -0.487611
vn -0.753594 -0.555536 -0.351391
vn 0.825057 -0.439175 -0.355537
vn 0.669370 -0.548752 -0.500814
vn -0.974503 0.057232 0.216955
vn -0.951766 -0.239144 -0.192229
vn -0.939641 -0.336808 -0.060299
vn -0.949428 0.020975 0.313285
vn 0.995583 -0.037268 0.086177
vn 0.982739 -0.044941 0.179456
vn 0.942068 -0.287648 -0.172531
vn 0.955550 -0.220798 -0.195378
vn -0.651171 -0.700548 -0.291905
vn 0.547330 -0.675884 -0.493570
vn 0.590177 -0.659436 -0.465656
vn 0.603096 -0.797667 0.001774
vn 0.644403 -0.756988 0.108229
vn 0.819666 -0.457052 0.345327
vn 0.430946 -0.752513 0.498007
vn 0.387715 -0.807217 0.445060
vn 0.690259 -0.688339 0.223007
vn 0.001575 -0.803496 0.595309
vn -0.489951 -0.646937 0.584312
vn -0.352792 -0.808720 0.470649
vn 0.041733 -0.834256 0.549796
vn 0.817393 -0.476269 -0.324093
vn 0.997100 0.015217 0.074565
vn 0.962769 -0.240174 -0.124066
vn 0.955051 -0.254979 -0.151209
vn 0.998570 0.006816 0.053025
vn -0.861872 -0.277749 0.424301
vn -0.746766 -0.611496 0.261557
vn -0.987520 0.070869 0.140648
vn -0.949581 -0.215730 -0.227501
vn -0.997457 -0.040440 0.058678
vn -0.995843 -0.082848 0.037850
vn -0.927736 -0.333873 -0.166837
vn -0.944142 -0.287746 -0.160616
vn 0.998315 -0.053040 0.023520
vn 0.954983 -0.213176 -0.206311
vn 0.945810 -0.128950 0.298019
vn 0.923834 -0.219063 0.313916
vn 0.832173 -0.549727 0.072724
vn 0.903633 -0.424764 -0.054984
vn -0.958166 -0.206520 -0.198160
vn -0.991277 0.064844 0.114740
vn -0.993359 0.024919 0.112322
vn -0.964531 -0.204211 -0.167266
vn 0.997026 0.022487 0.073707
vn 0.959365 -0.250635 -0.129615
vn -0.005341 -0.846085 -0.533022
vn -0.221803 -0.837932 -0.498672
vn 0.999455 0.017901 0.027733
vn 0.948992 -0.258841 -0.180041
vn -0.996223 -0.002089 0.086805
vn -0.966610 -0.214906 -0.139577
vn 0.114443 -0.782311 -0.612284
vn -0.355264 -0.716597 -0.600230
vn -0.763122 -0.621851 -0.175915
vn -0.894138 -0.439963 0.083366
vn -0.928942 -0.063563 0.364728
vn -0.498446 -0.760695 -0.415806
vn -0.915620 -0.378563 -0.135389
vn -0.766461 -0.579373 -0.277243
vn -0.993298 -0.111458 0.030594
vn 0.991472 0.033242 -0.126008
vn 0.998863 0.017004 -0.044533
vn 0.918125 -0.303904 -0.254340
vn 0.899224 -0.317374 -0.301115
vn 0.516073 -0.689864 -0.507696
vn 0.760488 -0.509129 -0.403045
vn 0.793477 -0.493827 -0.355710
vn 0.241426 -0.805695 -0.540897
vn 0.046103 -0.986576 -0.156658
vn -0.184534 -0.974049 -0.131059
vn -0.190298 -0.980643 0.046110
vn 0.097122 -0.995187 0.013035
vn -0.519817 -0.848499 -0.099195
vn -0.524719 -0.848563 0.067909
vn -0.790712 -0.608605 -0.066139
vn -0.904031 -0.424947 -0.046347
vn -0.902423 -0.414203 0.118614
vn -0.775300 -0.622606 0.106167
vn -0.989563 -0.140961 0.029920
vn -0.984716 -0.129771 0.116160
vn 0.911559 -0.336307 -0.236552
vn 0.988845 0.029449 -0.146008
vn 0.786937 -0.564008 -0.250251
vn 0.612521 -0.756046 -0.230680
vn 0.665668 -0.741135 -0.087201
vn 0.838674 -0.531392 -0.119366
vn 0.340394 -0.919325 -0.197415
vn 0.397613 -0.916410 -0.045786
vn 0.180279 -0.980456 -0.078769
vn -0.194113 -0.980456 -0.032022
vn -0.149662 -0.981501 -0.119400
vn 0.170193 -0.971616 -0.164307
vn -0.543892 -0.838121 0.041641
vn -0.503026 -0.864249 -0.006176
vn -0.777009 -0.623631 0.085686
vn -0.931780 -0.349035 0.099799
vn -0.942725 -0.321723 0.088115
vn -0.780309 -0.620505 0.078047
vn -0.993345 -0.048371 0.104526
vn -0.996267 -0.038859 0.077078
vn 0.995145 0.079190 -0.058439
vn 0.963563 -0.257835 -0.071184
vn 0.965443 -0.254137 -0.057746
vn 0.991981 0.115788 -0.050666
vn 0.886825 -0.453304 -0.089759
vn 0.893101 -0.443458 -0.075600
vn 0.734302 -0.673315 -0.086300
vn 0.728276 -0.673978 -0.123964
vn 0.478406 -0.873551 -0.089643
vn 0.471153 -0.869344 -0.149187
vn -0.471597 -0.742154 -0.476239
vn -0.556509 -0.689141 -0.464094
vn -0.242263 -0.822017 -0.515360
vn -0.160937 -0.860433 -0.483482
vn 0.113498 -0.875255 -0.470156
vn 0.106302 -0.850753 -0.514703
vn 0.354038 -0.795943 -0.491052
vn 0.299627 -0.826728 -0.476177
vn -0.787018 -0.511976 -0.344213
vn -0.804892 -0.490825 -0.333526
vn 0.841920 -0.352124 -0.408876
vn -0.996942 -0.011437 0.077299
vn -0.996562 -0.021614 0.079981
vn -0.960605 -0.248984 -0.123472
vn -0.967349 -0.226132 -0.114457
vn 0.999844 -0.014062 -0.010687
vn 0.946431 -0.227509 -0.229148
vn 0.163970 -0.967008 -0.194959
vn -0.102609 -0.984990 -0.138805
vn -0.068281 -0.995295 -0.068742
vn 0.188543 -0.975421 -0.114042
vn -0.446621 -0.893971 -0.036680
vn -0.409690 -0.912194 -0.007517
vn -0.762520 -0.643096 0.070653
vn -0.943977 -0.313051 0.104437
vn -0.932932 -0.343457 0.108057
vn -0.721903 -0.687704 0.076943
vn -0.995354 -0.039349 0.087872
vn -0.995659 -0.044155 0.081939
vn 0.987122 0.144015 -0.069646
vn 0.957059 -0.278653 -0.079945
vn 0.941701 -0.311165 -0.127969
vn 0.983593 0.131437 -0.123565
vn 0.863925 -0.486324 -0.130854
vn 0.704440 -0.686279 -0.181065
vn 0.693558 -0.701883 -0.162289
vn 0.842401 -0.518292 -0.147422
vn 0.451717 -0.867765 -0.207207
vn 0.463282 -0.873400 -0.150143
vn 0.007634 -0.930160 -0.367076
vn -0.198023 -0.924505 -0.325695
vn -0.497380 -0.821347 -0.279288
vn -0.769203 -0.599833 -0.220289
vn 0.746426 -0.532773 -0.398749
vn 0.545171 -0.718280 -0.432277
vn 0.277986 -0.868767 -0.409839
vn -0.904735 -0.401657 -0.141869
vn 0.097899 -0.745242 -0.659569
vn -0.115356 -0.762059 -0.637150
vn 0.552263 -0.622032 -0.555051
vn 0.261987 -0.708231 -0.655569
vn -0.758556 -0.508911 -0.406944
vn 0.827811 -0.442276 -0.345140
vn -0.408598 -0.706420 -0.577944
vn 0.938847 -0.314294 -0.140662
vn 0.993834 0.035563 -0.105020
vn 0.999668 0.000242 0.025773
vn 0.939217 -0.285843 -0.190170
vn -0.992843 -0.119399 0.002525
vn -0.206825 -0.977116 0.049671
vn 0.152428 -0.988308 0.003674
vn -0.543619 -0.835582 0.079253
vn -0.770596 -0.627912 0.109128
vn -0.986348 -0.080002 0.143934
vn -0.916748 -0.375019 0.137597
vn 0.996424 0.052594 -0.066134
vn 0.955515 -0.278938 -0.095837
vn 0.877453 -0.471256 -0.089411
vn 0.712243 -0.698328 -0.071054
vn 0.451846 -0.891059 -0.042992
usemtl HandMaterial
s 1
f 1/1/1 2/2/2 3/3/3
f 1/1/1 3/3/3 4/4/4
f 5/5/5 6/6/6 7/7/7
f 5/5/5 7/7/7 8/8/8
f 7/7/7 6/6/6 9/9/9
f 7/7/7 9/9/9 10/10/10
f 11/11/11 12/12/12 13/13/13
f 11/11/11 13/13/13 14/14/14
f 15/15/15 12/12/12 11/11/11
f 15/15/15 11/11/11 16/16/16
f 17/17/17 18/18/18 19/19/19
f 17/17/17 19/19/19 20/20/20
f 21/21/21 22/22/22 23/23/23
f 21/21/21 23/23/23 24/24/24
f 20/20/20 21/21/21 25/25/25
f 20/20/20 25/25/25 26/26/26
f 27/27/27 12/12/12 15/15/15
f 27/27/27 15/15/15 28/28/28
f 21/21/21 24/24/24 29/29/29
f 21/21/21 29/29/29 25/25/25
f 30/30/30 13/13/13 12/12/12
f 30/30/30 12/12/12 27/27/27
f 24/24/24 23/23/23 31/31/31
f 24/24/24 31/31/31 32/32/32
f 33/33/33 34/34/34 35/35/35
f 33/33/33 35/35/35 36/36/36
f 37/37/37 29/29/29 24/24/24
f 37/37/37 24/24/24 32/32/32
f 38/38/38 35/35/35 34/34/34
f 38/38/38 34/34/34 39/39/39
f 40/40/40 41/41/41 42/42/42
f 40/40/40 42/42/42 43/43/43
f 44/44/44 45/45/45 46/46/46
f 44/44/44 46/46/46 47/47/47
f 48/48/48 49/49/49 45/45/45
f 48/48/48 45/45/45 44/44/44
f 50/50/50 49/49/49 48/48/48
f 50/50/50 48/48/48 51/51/51
f 52/52/52 53/53/53 54/54/54
f 52/52/52 54/54/54 55/55/55
f 56/56/56 52/52/52 55/55/55
f 56/56/56 55/55/55 57/57/57
f 58/58/58 56/56/56 57/57/57
f 58/58/58 57/57/57 59/59/59
f 60/60/60 61/61/61 62/62/62
f 60/60/60 62/62/62 63/63/63
f 64/64/64 65/65/65 61/61/61
f 64/64/64 61/61/61 60/60/60
f 66/66/66 67/67/67 65/65/65
f 66/66/66 65/65/65 64/64/64
f 68/68/68 69/69/69 70/70/70
f 68/68/68 70/70/70 71/71/71
f 70/70/70 69/69/69 72/72/72
f 70/70/70 72/72/72 73/73/73
f 73/73/73 72/72/72 74/74/74
f 73/73/73 74/74/74 75/75/75
f 76/76/76 45/45/45 49/49/49
f 76/76/76 49/49/49 74/74/74
f 76/76/76 77/77/77 46/46/46
f 76/76/76 46/46/46 45/45/45
f 78/78/78 79/79/79 80/80/80
f 78/78/78 80/80/80 81/81/81
f 82/82/82 83/83/83 81/81/81
f 82/82/82 81/81/81 80/80/80
f 82/82/82 84/84/84 85/85/85
f 82/82/82 85/85/85 83/83/83
f 86/86/86 87/87/87 84/84/84
f 86/86/86 84/84/84 82/82/82
f 88/88/88 89/89/89 87/87/87
f 88/88/88 87/87/87 86/86/86
f 90/90/90 91/91/91 89/89/89
f 90/90/90 89/89/89 88/88/88
f 92/92/92 93/93/93 94/94/94
f 92/92/92 94/94/94 95/95/95
f 96/96/96 69/69/69 68/68/68
f 96/96/96 68/68/68 97/97/97
f 97/97/97 98/98/98 99/99/99
f 97/97/97 99/99/99 96/96/96
f 100/100/100 101/101/101 102/102/102
f 100/100/100 102/102/102 103/103/103
f 104/104/104 105/105/105 106/106/106
f 104/104/104 106/106/106 107/107/107
f 108/108/108 106/106/106 109/109/109
f 108/108/108 109/109/109 110/110/110
f 111/111/111 109/109/109 106/106/106
f 111/111/111 106/106/106 105/105/105
f 112/112/112 113/113/113 114/114/114
f 112/112/112 114/114/114 115/115/115
f 28/28/28 116/116/116 117/117/117
f 28/28/28 117/117/117 26/26/26
f 29/29/29 30/30/30 27/27/27
f 29/29/29 27/27/27 25/25/25
f 101/101/101 118/118/118 116/116/116
f 101/101/101 116/116/116 102/102/102
f 114/114/114 111/111/111 105/105/105
f 114/114/114 105/105/105 115/115/115
f 119/119/119 30/30/30 29/29/29
f 119/119/119 29/29/29 37/37/37
f 13/13/13 30/30/30 119/119/119
f 13/13/13 119/119/119 120/120/120
f 121/121/121 122/122/122 123/123/123
f 121/121/121 123/123/123 124/124/124
f 125/125/125 126/126/126 122/122/122
f 125/125/125 122/122/122 121/121/121
f 36/36/36 35/35/35 126/126/126
f 36/36/36 126/126/126 125/125/125
f 127/127/127 128/128/128 129/129/129
f 127/127/127 129/129/129 130/130/130
f 131/131/131 129/129/129 128/128/128
f 131/131/131 128/128/128 132/132/132
f 126/126/126 35/35/35 38/38/38
f 126/126/126 38/38/38 133/133/133
f 134/134/134 135/135/135 130/130/130
f 134/134/134 130/130/130 129/129/129
f 129/129/129 131/131/131 136/136/136
f 129/129/129 136/136/136 134/134/134
f 131/131/131 42/42/42 41/41/41
f 131/131/131 41/41/41 136/136/136
f 43/43/43 137/137/137 138/138/138
f 43/43/43 138/138/138 40/40/40
f 139/139/139 137/137/137 43/43/43
f 139/139/139 43/43/43 140/140/140
f 141/141/141 142/142/142 34/34/34
f 141/141/141 34/34/34 33/33/33
f 31/31/31 23/23/23 143/143/143
f 31/31/31 143/143/143 144/144/144
f 23/23/23 22/22/22 145/145/145
f 23/23/23 145/145/145 143/143/143
f 19/19/19 146/146/146 145/145/145
f 19/19/19 145/145/145 22/22/22
f 147/147/147 148/148/148 18/18/18
f 147/147/147 18/18/18 149/149/149
f 150/150/150 151/151/151 152/152/152
f 150/150/150 152/152/152 153/153/153
f 154/154/154 155/155/155 156/156/156
f 154/154/154 156/156/156 157/157/157
f 158/158/158 154/154/154 157/157/157
f 158/158/158 157/157/157 159/159/159
f 154/154/154 158/158/158 160/160/160
f 154/154/154 160/160/160 151/151/151
f 161/161/161 162/162/162 157/157/157
f 161/161/161 157/157/157 156/156/156
f 162/162/162 161/161/161 163/163/163
f 162/162/162 163/163/163 164/164/164
f 165/165/165 162/162/162 164/164/164
f 165/165/165 164/164/164 166/166/166
f 162/162/162 165/165/165 159/159/159
f 162/162/162 159/159/159 157/157/157
f 164/164/164 163/163/163 167/167/167
f 164/164/164 167/167/167 168/168/168
f 166/166/166 164/164/164 168/168/168
f 166/166/166 168/168/168 169/169/169
f 170/170/170 171/171/171 168/168/168
f 170/170/170 168/168/168 167/167/167
f 171/171/171 170/170/170 172/172/172
f 171/171/171 172/172/172 173/173/173
f 174/174/174 171/171/171 173/173/173
f 174/174/174 173/173/173 175/175/175
f 171/171/171 174/174/174 169/169/169
f 171/171/171 169/169/169 168/168/168
f 176/176/176 177/177/177 173/173/173
f 176/176/176 173/173/173 172/172/172
f 177/177/177 176/176/176 178/178/178
f 177/177/177 178/178/178 179/179/179
f 180/180/180 177/177/177 179/179/179
f 180/180/180 179/179/179 181/181/181
f 177/177/177 180/180/180 175/175/175
f 177/177/177 175/175/175 173/173/173
f 182/182/182 183/183/183 179/179/179
f 182/182/182 179/179/179 178/178/178
f 184/184/184 185/185/185 186/186/186
f 184/184/184 186/186/186 187/187/187
f 188/188/188 184/184/184 187/187/187
f 188/188/188 187/187/187 189/189/189
f 184/184/184 188/188/188 190/190/190
f 184/184/184 190/190/190 183/183/183
f 191/191/191 192/192/192 187/187/187
f 191/191/191 187/187/187 186/186/186
f 193/193/193 192/192/192 191/191/191
f 193/193/193 191/191/191 194/194/194
f 195/195/195 192/192/192 193/193/193
f 195/195/195 193/193/193 196/196/196
f 192/192/192 195/195/195 189/189/189
f 192/192/192 189/189/189 187/187/187
f 197/197/197 198/198/198 199/199/199
f 197/197/197 199/199/199 200/200/200
f 201/201/201 198/198/198 202/202/202
f 201/201/201 202/202/202 203/203/203
f 204/204/204 205/205/205 206/206/206
f 204/204/204 206/206/206 207/207/207
f 204/204/204 207/207/207 208/208/208
f 204/204/204 208/208/208 209/209/209
f 209/209/209 208/208/208 210/210/210
f 209/209/209 210/210/210 211/211/211
f 211/211/211 210/210/210 212/212/212
f 211/211/211 212/212/212 213/213/213
f 214/214/214 213/213/213 215/215/215
f 214/214/214 215/215/215 216/216/216
f 217/217/217 218/218/218 215/215/215
f 217/217/217 215/215/215 219/219/219
f 218/218/218 217/217/217 220/220/220
f 218/218/218 220/220/220 221/221/221
f 215/215/215 218/218/218 222/222/222
f 215/215/215 222/222/222 216/216/216
f 223/223/223 224/224/224 221/221/221
f 223/223/223 221/221/221 220/220/220
f 225/225/225 226/226/226 227/227/227
f 225/225/225 227/227/227 228/228/228
f 228/228/228 227/227/227 229/229/229
f 228/228/228 229/229/229 230/230/230
f 231/231/231 230/230/230 232/232/232
f 231/231/231 232/232/232 233/233/233
f 234/234/234 235/235/235 236/236/236
f 234/234/234 236/236/236 237/237/237
f 238/238/238 239/239/239 240/240/240
f 238/238/238 240/240/240 241/241/241
f 242/242/242 243/243/243 244/244/244
f 242/242/242 244/244/244 245/245/245
f 246/246/246 247/247/247 248/248/248
f 246/246/246 248/248/248 249/249/249
f 250/250/250 251/251/251 252/252/252
f 250/250/250 252/252/252 253/253/253
f 254/254/254 255/255/255 251/251/251
f 254/254/254 251/251/251 250/250/250
f 256/256/256 257/257/257 258/258/258
f 256/256/256 258/258/258 259/259/259
f 260/260/260 261/261/261 262/262/262
f 260/260/260 262/262/262 263/263/263
f 263/263/263 262/262/262 264/264/264
f 263/263/263 264/264/264 265/265/265
f 265/265/265 264/264/264 266/266/266
f 265/265/265 266/266/266 267/267/267
f 267/267/267 266/266/266 268/268/268
f 267/267/267 268/268/268 269/269/269
f 269/269/269 268/268/268 270/270/270
f 269/269/269 270/270/270 271/271/271
f 271/271/271 270/270/270 272/272/272
f 271/271/271 272/272/272 273/273/273
f 273/273/273 272/272/272 274/274/274
f 273/273/273 274/274/274 275/275/275
f 275/275/275 274/274/274 276/276/276
f 275/275/275 276/276/276 277/277/277
f 278/278/278 279/279/279 280/280/280
f 278/278/278 280/280/280 281/281/281
f 280/280/280 282/282/282 186/186/186
f 280/280/280 186/186/186 281/281/281
f 282/282/282 283/283/283 191/191/191
f 282/282/282 191/191/191 186/186/186
f 284/284/284 282/282/282 280/280/280
f 284/284/284 280/280/280 285/285/285
f 286/286/286 287/287/287 288/288/288
f 286/286/286 288/288/288 289/289/289
f 286/286/286 276/276/276 274/274/274
f 286/286/286 274/274/274 290/290/290
f 291/291/291 292/292/292 293/293/293
f 291/291/291 293/293/293 294/294/294
f 224/224/224 295/295/295 296/296/296
f 224/224/224 296/296/296 297/297/297
f 298/298/298 299/299/299 300/300/300
f 298/298/298 300/300/300 290/290/290
f 301/301/301 302/302/302 299/299/299
f 301/301/301 299/299/299 298/298/298
f 294/294/294 293/293/293 302/302/302
f 294/294/294 302/302/302 301/301/301
f 284/284/284 303/303/303 304/304/304
f 284/284/284 304/304/304 305/305/305
f 191/191/191 283/283/283 306/306/306
f 191/191/191 306/306/306 194/194/194
f 307/307/307 306/306/306 283/283/283
f 307/307/307 283/283/283 305/305/305
f 308/308/308 309/309/309 292/292/292
f 308/308/308 292/292/292 291/291/291
f 310/310/310 311/311/311 309/309/309
f 310/310/310 309/309/309 308/308/308
f 312/312/312 239/239/239 311/311/311
f 312/312/312 311/311/311 310/310/310
f 313/313/313 240/240/240 239/239/239
f 313/313/313 239/239/239 312/312/312
f 314/314/314 315/315/315 255/255/255
f 314/314/314 255/255/255 254/254/254
f 316/316/316 317/317/317 318/318/318
f 316/316/316 318/318/318 319/319/319
f 320/320/320 321/321/321 317/317/317
f 320/320/320 317/317/317 316/316/316
f 322/322/322 323/323/323 321/321/321
f 322/322/322 321/321/321 320/320/320
f 324/324/324 325/325/325 323/323/323
f 324/324/324 323/323/323 322/322/322
f 326/326/326 327/327/327 325/325/325
f 326/326/326 325/325/325 324/324/324
f 246/246/246 328/328/328 329/329/329
f 246/246/246 329/329/329 330/330/330
f 326/326/326 99/99/99 331/331/331
f 326/326/326 331/331/331 330/330/330
f 332/332/332 77/77/77 76/76/76
f 332/332/332 76/76/76 319/319/319
f 183/183/183 182/182/182 185/185/185
f 183/183/183 185/185/185 184/184/184
f 183/183/183 190/190/190 181/181/181
f 183/183/183 181/181/181 179/179/179
f 213/213/213 212/212/212 219/219/219
f 213/213/213 219/219/219 215/215/215
f 279/279/279 278/278/278 277/277/277
f 279/279/279 277/277/277 276/276/276
f 289/289/289 288/288/288 333/333/333
f 289/289/289 333/333/333 285/285/285
f 332/332/332 334/334/334 315/315/315
f 332/332/332 315/315/315 314/314/314
f 335/335/335 336/336/336 127/127/127
f 335/335/335 127/127/127 337/337/337
f 38/38/38 39/39/39 140/140/140
f 38/38/38 140/140/140 338/338/338
f 339/339/339 340/340/340 341/341/341
f 339/339/339 341/341/341 342/342/342
f 116/116/116 118/118/118 343/343/343
f 116/116/116 343/343/343 117/117/117
f 117/117/117 343/343/343 344/344/344
f 117/117/117 344/344/344 17/17/17
f 17/17/17 344/344/344 149/149/149
f 17/17/17 149/149/149 18/18/18
f 104/104/104 118/118/118 101/101/101
f 104/104/104 101/101/101 345/345/345
f 346/346/346 336/336/336 123/123/123
f 346/346/346 123/123/123 122/122/122
f 133/133/133 346/346/346 122/122/122
f 133/133/133 122/122/122 126/126/126
f 133/133/133 38/38/38 338/338/338
f 133/133/133 338/338/338 132/132/132
f 347/347/347 39/39/39 34/34/34
f 347/347/347 34/34/34 142/142/142
f 348/348/348 349/349/349 110/110/110
f 348/348/348 110/110/110 109/109/109
f 109/109/109 111/111/111 350/350/350
f 109/109/109 350/350/350 348/348/348
f 111/111/111 114/114/114 351/351/351
f 111/111/111 351/351/351 350/350/350
f 352/352/352 245/245/245 249/249/249
f 352/352/352 249/249/249 248/248/248
f 328/328/328 246/246/246 249/249/249
f 328/328/328 249/249/249 353/353/353
f 80/80/80 250/250/250 253/253/253
f 80/80/80 253/253/253 82/82/82
f 254/254/254 250/250/250 80/80/80
f 254/254/254 80/80/80 79/79/79
f 314/314/314 254/254/254 79/79/79
f 314/314/314 79/79/79 354/354/354
f 74/74/74 316/316/316 319/319/319
f 74/74/74 319/319/319 76/76/76
f 72/72/72 320/320/320 316/316/316
f 72/72/72 316/316/316 74/74/74
f 69/69/69 322/322/322 320/320/320
f 69/69/69 320/320/320 72/72/72
f 96/96/96 324/324/324 322/322/322
f 96/96/96 322/322/322 69/69/69
f 99/99/99 326/326/326 324/324/324
f 99/99/99 324/324/324 96/96/96
f 247/247/247 246/246/246 330/330/330
f 247/247/247 330/330/330 331/331/331
f 327/327/327 326/326/326 330/330/330
f 327/327/327 330/330/330 329/329/329
f 334/334/334 332/332/332 319/319/319
f 334/334/334 319/319/319 318/318/318
f 77/77/77 332/332/332 314/314/314
f 77/77/77 314/314/314 354/354/354
f 355/355/355 201/201/201 203/203/203
f 355/355/355 203/203/203 356/356/356
f 148/148/148 147/147/147 357/357/357
f 148/148/148 357/357/357 358/358/358
f 349/349/349 348/348/348 203/203/203
f 349/349/349 203/203/203 202/202/202
f 348/348/348 350/350/350 359/359/359
f 348/348/348 359/359/359 203/203/203
f 360/360/360 124/124/124 123/123/123
f 360/360/360 123/123/123 361/361/361
f 362/362/362 363/363/363 364/364/364
f 362/362/362 364/364/364 365/365/365
f 20/20/20 19/19/19 22/22/22
f 20/20/20 22/22/22 21/21/21
f 17/17/17 20/20/20 26/26/26
f 17/17/17 26/26/26 117/117/117
f 28/28/28 15/15/15 102/102/102
f 28/28/28 102/102/102 116/116/116
f 31/31/31 33/33/33 36/36/36
f 31/31/31 36/36/36 32/32/32
f 27/27/27 28/28/28 26/26/26
f 27/27/27 26/26/26 25/25/25
f 121/121/121 124/124/124 120/120/120
f 121/121/121 120/120/120 119/119/119
f 125/125/125 121/121/121 119/119/119
f 125/125/125 119/119/119 37/37/37
f 32/32/32 36/36/36 125/125/125
f 32/32/32 125/125/125 37/37/37
f 144/144/144 141/141/141 33/33/33
f 144/144/144 33/33/33 31/31/31
f 146/146/146 19/19/19 18/18/18
f 146/146/146 18/18/18 148/148/148
f 366/366/366 146/146/146 148/148/148
f 366/366/366 148/148/148 358/358/358
f 366/366/366 367/367/367 145/145/145
f 366/366/366 145/145/145 146/146/146
f 145/145/145 367/367/367 214/214/214
f 145/145/145 214/214/214 143/143/143
f 216/216/216 144/144/144 143/143/143
f 216/216/216 143/143/143 214/214/214
f 138/138/138 137/137/137 368/368/368
f 138/138/138 368/368/368 369/369/369
f 139/139/139 370/370/370 368/368/368
f 139/139/139 368/368/368 137/137/137
f 371/371/371 347/347/347 142/142/142
f 371/371/371 142/142/142 372/372/372
f 142/142/142 141/141/141 222/222/222
f 142/142/142 222/222/222 372/372/372
f 141/141/141 144/144/144 216/216/216
f 141/141/141 216/216/216 222/222/222
f 242/242/242 373/373/373 374/374/374
f 242/242/242 374/374/374 375/375/375
f 375/375/375 376/376/376 243/243/243
f 375/375/375 243/243/243 242/242/242
f 377/377/377 378/378/378 152/152/152
f 377/377/377 152/152/152 379/379/379
f 378/378/378 380/380/380 153/153/153
f 378/378/378 153/153/153 152/152/152
f 257/257/257 256/256/256 381/381/381
f 257/257/257 381/381/381 382/382/382
f 383/383/383 257/257/257 382/382/382
f 383/383/383 382/382/382 384/384/384
f 385/385/385 386/386/386 387/387/387
f 385/385/385 387/387/387 388/388/388
f 238/238/238 232/232/232 311/311/311
f 238/238/238 311/311/311 239/239/239
f 389/389/389 241/241/241 390/390/390
f 389/389/389 390/390/390 391/391/391
f 392/392/392 393/393/393 390/390/390
f 392/392/392 390/390/390 394/394/394
f 311/311/311 232/232/232 230/230/230
f 311/311/311 230/230/230 229/229/229
f 368/368/368 395/395/395 396/396/396
f 368/368/368 396/396/396 369/369/369
f 370/370/370 397/397/397 395/395/395
f 370/370/370 395/395/395 368/368/368
f 218/218/218 221/221/221 398/398/398
f 218/218/218 398/398/398 222/222/222
f 221/221/221 224/224/224 297/297/297
f 221/221/221 297/297/297 398/398/398
f 399/399/399 400/400/400 296/296/296
f 399/399/399 296/296/296 295/295/295
f 231/231/231 233/233/233 236/236/236
f 231/231/231 236/236/236 401/401/401
f 238/238/238 402/402/402 233/233/233
f 238/238/238 233/233/233 232/232/232
f 403/403/403 391/391/391 390/390/390
f 403/403/403 390/390/390 393/393/393
f 404/404/404 389/389/389 391/391/391
f 404/404/404 391/391/391 387/387/387
f 400/400/400 399/399/399 401/401/401
f 400/400/400 401/401/401 405/405/405
f 406/406/406 372/372/372 222/222/222
f 406/406/406 222/222/222 398/398/398
f 406/406/406 407/407/407 371/371/371
f 406/406/406 371/371/371 372/372/372
f 398/398/398 297/297/297 408/408/408
f 398/398/398 408/408/408 406/406/406
f 297/297/297 296/296/296 409/409/409
f 297/297/297 409/409/409 408/408/408
f 400/400/400 405/405/405 409/409/409
f 400/400/400 409/409/409 296/296/296
f 395/395/395 410/410/410 411/411/411
f 395/395/395 411/411/411 396/396/396
f 412/412/412 410/410/410 395/395/395
f 412/412/412 395/395/395 397/397/397
f 408/408/408 413/413/413 407/407/407
f 408/408/408 407/407/407 406/406/406
f 409/409/409 414/414/414 413/413/413
f 409/409/409 413/413/413 408/408/408
f 405/405/405 415/415/415 414/414/414
f 405/405/405 414/414/414 409/409/409
f 402/402/402 237/237/237 236/236/236
f 402/402/402 236/236/236 233/233/233
f 388/388/388 387/387/387 391/391/391
f 388/388/388 391/391/391 403/403/403
f 401/401/401 236/236/236 235/235/235
f 401/401/401 235/235/235 416/416/416
f 417/417/417 404/404/404 387/387/387
f 417/417/417 387/387/387 386/386/386
f 401/401/401 416/416/416 415/415/415
f 401/401/401 415/415/415 405/405/405
f 410/410/410 418/418/418 419/419/419
f 410/410/410 419/419/419 411/411/411
f 420/420/420 418/418/418 410/410/410
f 420/420/420 410/410/410 412/412/412
f 421/421/421 422/422/422 418/418/418
f 421/421/421 418/418/418 420/420/420
f 423/423/423 419/419/419 418/418/418
f 423/423/423 418/418/418 422/422/422
f 424/424/424 425/425/425 422/422/422
f 424/424/424 422/422/422 421/421/421
f 423/423/423 422/422/422 425/425/425
f 423/423/423 425/425/425 426/426/426
f 427/427/427 428/428/428 425/425/425
f 427/427/427 425/425/425 424/424/424
f 428/428/428 429/429/429 426/426/426
f 428/428/428 426/426/426 425/425/425
f 430/430/430 431/431/431 428/428/428
f 430/430/430 428/428/428 427/427/427
f 431/431/431 432/432/432 429/429/429
f 431/431/431 429/429/429 428/428/428
f 433/433/433 434/434/434 431/431/431
f 433/433/433 431/431/431 430/430/430
f 435/435/435 436/436/436 437/437/437
f 435/435/435 437/437/437 434/434/434
f 438/438/438 436/436/436 435/435/435
f 438/438/438 435/435/435 439/439/439
f 331/331/331 440/440/440 441/441/441
f 331/331/331 441/441/441 247/247/247
f 247/247/247 441/441/441 442/442/442
f 247/247/247 442/442/442 248/248/248
f 352/352/352 443/443/443 444/444/444
f 352/352/352 444/444/444 373/373/373
f 373/373/373 444/444/444 445/445/445
f 373/373/373 445/445/445 374/374/374
f 446/446/446 447/447/447 98/98/98
f 446/446/446 98/98/98 63/63/63
f 98/98/98 447/447/447 448/448/448
f 98/98/98 448/448/448 99/99/99
f 448/448/448 440/440/440 331/331/331
f 448/448/448 331/331/331 99/99/99
f 49/49/49 50/50/50 75/75/75
f 49/49/49 75/75/75 74/74/74
f 449/449/449 450/450/450 451/451/451
f 449/449/449 451/451/451 47/47/47
f 54/54/54 452/452/452 453/453/453
f 54/54/54 453/453/453 78/78/78
f 454/454/454 455/455/455 46/46/46
f 454/454/454 46/46/46 77/77/77
f 354/354/354 456/456/456 454/454/454
f 354/354/354 454/454/454 77/77/77
f 457/457/457 456/456/456 354/354/354
f 457/457/457 354/354/354 79/79/79
f 78/78/78 453/453/453 457/457/457
f 78/78/78 457/457/457 79/79/79
f 458/458/458 459/459/459 460/460/460
f 458/458/458 460/460/460 461/461/461
f 1/1/1 4/4/4 361/361/361
f 1/1/1 361/361/361 335/335/335
f 360/360/360 8/8/8 7/7/7
f 360/360/360 7/7/7 462/462/462
f 462/462/462 7/7/7 10/10/10
f 462/462/462 10/10/10 14/14/14
f 463/463/463 10/10/10 9/9/9
f 463/463/463 9/9/9 464/464/464
f 363/363/363 362/362/362 463/463/463
f 363/363/363 463/463/463 464/464/464
f 341/341/341 340/340/340 365/365/365
f 341/341/341 365/365/365 364/364/364
f 465/465/465 466/466/466 461/461/461
f 465/465/465 461/461/461 460/460/460
f 339/339/339 467/467/467 112/112/112
f 339/339/339 112/112/112 468/468/468
f 8/8/8 4/4/4 3/3/3
f 8/8/8 3/3/3 5/5/5
f 16/16/16 362/362/362 365/365/365
f 16/16/16 365/365/365 103/103/103
f 469/469/469 458/458/458 461/461/461
f 469/469/469 461/461/461 470/470/470
f 471/471/471 155/155/155 150/150/150
f 471/471/471 150/150/150 472/472/472
f 471/471/471 473/473/473 156/156/156
f 471/471/471 156/156/156 155/155/155
f 473/473/473 474/474/474 161/161/161
f 473/473/473 161/161/161 156/156/156
f 474/474/474 475/475/475 163/163/163
f 474/474/474 163/163/163 161/161/161
f 475/475/475 476/476/476 167/167/167
f 475/475/475 167/167/167 163/163/163
f 476/476/476 477/477/477 170/170/170
f 476/476/476 170/170/170 167/167/167
f 477/477/477 478/478/478 172/172/172
f 477/477/477 172/172/172 170/170/170
f 478/478/478 479/479/479 176/176/176
f 478/478/478 176/176/176 172/172/172
f 479/479/479 480/480/480 178/178/178
f 479/479/479 178/178/178 176/176/176
f 480/480/480 481/481/481 182/182/182
f 480/480/480 182/182/182 178/178/178
f 482/482/482 256/256/256 259/259/259
f 482/482/482 259/259/259 472/472/472
f 473/473/473 471/471/471 260/260/260
f 473/473/473 260/260/260 263/263/263
f 474/474/474 473/473/473 263/263/263
f 474/474/474 263/263/263 265/265/265
f 475/475/475 474/474/474 265/265/265
f 475/475/475 265/265/265 267/267/267
f 476/476/476 475/475/475 267/267/267
f 476/476/476 267/267/267 269/269/269
f 477/477/477 476/476/476 269/269/269
f 477/477/477 269/269/269 271/271/271
f 478/478/478 477/477/477 271/271/271
f 478/478/478 271/271/271 273/273/273
f 479/479/479 478/478/478 273/273/273
f 479/479/479 273/273/273 275/275/275
f 480/480/480 479/479/479 275/275/275
f 480/480/480 275/275/275 277/277/277
f 483/483/483 481/481/481 278/278/278
f 483/483/483 278/278/278 281/281/281
f 481/481/481 483/483/483 185/185/185
f 481/481/481 185/185/185 182/182/182
f 481/481/481 480/480/480 277/277/277
f 481/481/481 277/277/277 278/278/278
f 484/484/484 482/482/482 153/153/153
f 484/484/484 153/153/153 380/380/380
f 482/482/482 484/484/484 381/381/381
f 482/482/482 381/381/381 256/256/256
f 223/223/223 220/220/220 485/485/485
f 223/223/223 485/485/485 486/486/486
f 226/226/226 225/225/225 486/486/486
f 226/226/226 486/486/486 485/485/485
f 230/230/230 231/231/231 487/487/487
f 230/230/230 487/487/487 228/228/228
f 186/186/186 185/185/185 483/483/483
f 186/186/186 483/483/483 281/281/281
f 488/488/488 225/225/225 228/228/228
f 488/488/488 228/228/228 487/487/487
f 223/223/223 486/486/486 225/225/225
f 223/223/223 225/225/225 488/488/488
f 488/488/488 295/295/295 224/224/224
f 488/488/488 224/224/224 223/223/223
f 487/487/487 399/399/399 295/295/295
f 487/487/487 295/295/295 488/488/488
f 489/489/489 490/490/490 207/207/207
f 489/489/489 207/207/207 206/206/206
f 490/490/490 491/491/491 208/208/208
f 490/490/490 208/208/208 207/207/207
f 491/491/491 492/492/492 210/210/210
f 491/491/491 210/210/210 208/208/208
f 492/492/492 493/493/493 212/212/212
f 492/492/492 212/212/212 210/210/210
f 494/494/494 495/495/495 217/217/217
f 494/494/494 217/217/217 219/219/219
f 495/495/495 496/496/496 220/220/220
f 495/495/495 220/220/220 217/217/217
f 497/497/497 498/498/498 227/227/227
f 497/497/497 227/227/227 226/226/226
f 498/498/498 499/499/499 229/229/229
f 498/498/498 229/229/229 227/227/227
f 492/492/492 491/491/491 303/303/303
f 492/492/492 303/303/303 333/333/333
f 494/494/494 493/493/493 288/288/288
f 494/494/494 288/288/288 287/287/287
f 495/495/495 494/494/494 287/287/287
f 495/495/495 287/287/287 300/300/300
f 498/498/498 497/497/497 293/293/293
f 498/498/498 293/293/293 292/292/292
f 496/496/496 495/495/495 300/300/300
f 496/496/496 300/300/300 299/299/299
f 500/500/500 496/496/496 299/299/299
f 500/500/500 299/299/299 302/302/302
f 497/497/497 500/500/500 302/302/302
f 497/497/497 302/302/302 293/293/293
f 491/491/491 490/490/490 304/304/304
f 491/491/491 304/304/304 303/303/303
f 490/490/490 489/489/489 501/501/501
f 490/490/490 501/501/501 304/304/304
f 499/499/499 498/498/498 292/292/292
f 499/499/499 292/292/292 309/309/309
f 499/499/499 309/309/309 311/311/311
f 499/499/499 311/311/311 229/229/229
f 493/493/493 494/494/494 219/219/219
f 493/493/493 219/219/219 212/212/212
f 493/493/493 492/492/492 333/333/333
f 493/493/493 333/333/333 288/288/288
f 502/502/502 503/503/503 504/504/504
f 502/502/502 504/504/504 505/505/505
f 506/506/506 507/507/507 508/508/508
f 506/506/506 508/508/508 504/504/504
f 509/509/509 503/503/503 199/199/199
f 509/509/509 199/199/199 510/510/510
f 511/511/511 512/512/512 513/513/513
f 511/511/511 513/513/513 514/514/514
f 515/515/515 509/509/509 510/510/510
f 515/515/515 510/510/510 516/516/516
f 496/496/496 500/500/500 485/485/485
f 496/496/496 485/485/485 220/220/220
f 500/500/500 497/497/497 226/226/226
f 500/500/500 226/226/226 485/485/485
f 303/303/303 284/284/284 285/285/285
f 303/303/303 285/285/285 333/333/333
f 276/276/276 286/286/286 289/289/289
f 276/276/276 289/289/289 279/279/279
f 287/287/287 286/286/286 290/290/290
f 287/287/287 290/290/290 300/300/300
f 266/266/266 291/291/291 294/294/294
f 266/266/266 294/294/294 268/268/268
f 272/272/272 298/298/298 290/290/290
f 272/272/272 290/290/290 274/274/274
f 270/270/270 301/301/301 298/298/298
f 270/270/270 298/298/298 272/272/272
f 268/268/268 294/294/294 301/301/301
f 268/268/268 301/301/301 270/270/270
f 282/282/282 284/284/284 305/305/305
f 282/282/282 305/305/305 283/283/283
f 501/501/501 307/307/307 305/305/305
f 501/501/501 305/305/305 304/304/304
f 264/264/264 308/308/308 291/291/291
f 264/264/264 291/291/291 266/266/266
f 262/262/262 310/310/310 308/308/308
f 262/262/262 308/308/308 264/264/264
f 261/261/261 312/312/312 310/310/310
f 261/261/261 310/310/310 262/262/262
f 258/258/258 313/313/313 312/312/312
f 258/258/258 312/312/312 261/261/261
f 279/279/279 289/289/289 285/285/285
f 279/279/279 285/285/285 280/280/280
f 517/517/517 518/518/518 94/94/94
f 517/517/517 94/94/94 93/93/93
f 394/394/394 383/383/383 384/384/384
f 394/394/394 384/384/384 392/392/392
f 463/463/463 11/11/11 14/14/14
f 463/463/463 14/14/14 10/10/10
f 362/362/362 16/16/16 11/11/11
f 362/362/362 11/11/11 463/463/463
f 519/519/519 44/44/44 47/47/47
f 519/519/519 47/47/47 451/451/451
f 520/520/520 48/48/48 44/44/44
f 520/520/520 44/44/44 519/519/519
f 51/51/51 48/48/48 520/520/520
f 51/51/51 520/520/520 521/521/521
f 55/55/55 54/54/54 78/78/78
f 55/55/55 78/78/78 81/81/81
f 57/57/57 55/55/55 81/81/81
f 57/57/57 81/81/81 83/83/83
f 59/59/59 57/57/57 83/83/83
f 59/59/59 83/83/83 85/85/85
f 97/97/97 60/60/60 63/63/63
f 97/97/97 63/63/63 98/98/98
f 68/68/68 64/64/64 60/60/60
f 68/68/68 60/60/60 97/97/97
f 71/71/71 66/66/66 64/64/64
f 71/71/71 64/64/64 68/68/68
f 93/93/93 92/92/92 91/91/91
f 93/93/93 91/91/91 90/90/90
f 340/340/340 100/100/100 103/103/103
f 340/340/340 103/103/103 365/365/365
f 151/151/151 150/150/150 155/155/155
f 151/151/151 155/155/155 154/154/154
f 151/151/151 160/160/160 379/379/379
f 151/151/151 379/379/379 152/152/152
f 241/241/241 240/240/240 394/394/394
f 241/241/241 394/394/394 390/390/390
f 245/245/245 244/244/244 353/353/353
f 245/245/245 353/353/353 249/249/249
f 259/259/259 258/258/258 261/261/261
f 259/259/259 261/261/261 260/260/260
f 240/240/240 313/313/313 383/383/383
f 240/240/240 383/383/383 394/394/394
f 466/466/466 337/337/337 470/470/470
f 466/466/466 470/470/470 461/461/461
f 245/245/245 352/352/352 373/373/373
f 245/245/245 373/373/373 242/242/242
f 517/517/517 513/513/513 512/512/512
f 517/517/517 512/512/512 518/518/518
f 8/8/8 360/360/360 361/361/361
f 8/8/8 361/361/361 4/4/4
f 241/241/241 389/389/389 402/402/402
f 241/241/241 402/402/402 238/238/238
f 389/389/389 404/404/404 237/237/237
f 389/389/389 237/237/237 402/402/402
f 404/404/404 417/417/417 234/234/234
f 404/404/404 234/234/234 237/237/237
f 433/433/433 417/417/417 386/386/386
f 433/433/433 386/386/386 439/439/439
f 434/434/434 437/437/437 432/432/432
f 434/434/434 432/432/432 431/431/431
f 443/443/443 352/352/352 248/248/248
f 443/443/443 248/248/248 442/442/442
f 522/522/522 446/446/446 63/63/63
f 522/522/522 63/63/63 62/62/62
f 455/455/455 449/449/449 47/47/47
f 455/455/455 47/47/47 46/46/46
f 452/452/452 54/54/54 53/53/53
f 452/452/452 53/53/53 523/523/523
f 335/335/335 361/361/361 123/123/123
f 335/335/335 123/123/123 336/336/336
f 124/124/124 360/360/360 462/462/462
f 124/124/124 462/462/462 120/120/120
f 120/120/120 462/462/462 14/14/14
f 120/120/120 14/14/14 13/13/13
f 468/468/468 112/112/112 115/115/115
f 468/468/468 115/115/115 345/345/345
f 16/16/16 103/103/103 102/102/102
f 16/16/16 102/102/102 15/15/15
f 135/135/135 469/469/469 470/470/470
f 135/135/135 470/470/470 130/130/130
f 472/472/472 150/150/150 153/153/153
f 472/472/472 153/153/153 482/482/482
f 472/472/472 259/259/259 260/260/260
f 472/472/472 260/260/260 471/471/471
f 313/313/313 258/258/258 257/257/257
f 313/313/313 257/257/257 383/383/383
f 524/524/524 517/517/517 93/93/93
f 524/524/524 93/93/93 90/90/90
f 525/525/525 526/526/526 158/158/158
f 525/525/525 158/158/158 159/159/159
f 526/526/526 527/527/527 160/160/160
f 526/526/526 160/160/160 158/158/158
f 528/528/528 529/529/529 165/165/165
f 528/528/528 165/165/165 166/166/166
f 529/529/529 525/525/525 159/159/159
f 529/529/529 159/159/159 165/165/165
f 530/530/530 528/528/528 166/166/166
f 530/530/530 166/166/166 169/169/169
f 531/531/531 532/532/532 174/174/174
f 531/531/531 174/174/174 175/175/175
f 532/532/532 530/530/530 169/169/169
f 532/532/532 169/169/169 174/174/174
f 533/533/533 534/534/534 180/180/180
f 533/533/533 180/180/180 181/181/181
f 534/534/534 531/531/531 175/175/175
f 534/534/534 175/175/175 180/180/180
f 535/535/535 536/536/536 188/188/188
f 535/535/535 188/188/188 189/189/189
f 536/536/536 537/537/537 190/190/190
f 536/536/536 190/190/190 188/188/188
f 538/538/538 535/535/535 189/189/189
f 538/538/538 189/189/189 195/195/195
f 539/539/539 527/527/527 244/244/244
f 539/539/539 244/244/244 243/243/243
f 252/252/252 540/540/540 541/541/541
f 252/252/252 541/541/541 542/542/542
f 535/535/535 538/538/538 251/251/251
f 535/535/535 251/251/251 255/255/255
f 536/536/536 535/535/535 255/255/255
f 536/536/536 255/255/255 315/315/315
f 534/534/534 533/533/533 318/318/318
f 534/534/534 318/318/318 317/317/317
f 531/531/531 534/534/534 317/317/317
f 531/531/531 317/317/317 321/321/321
f 532/532/532 531/531/531 321/321/321
f 532/532/532 321/321/321 323/323/323
f 530/530/530 532/532/532 323/323/323
f 530/530/530 323/323/323 325/325/325
f 528/528/528 530/530/530 325/325/325
f 528/528/528 325/325/325 327/327/327
f 525/525/525 529/529/529 329/329/329
f 525/525/525 329/329/329 328/328/328
f 537/537/537 533/533/533 181/181/181
f 537/537/537 181/181/181 190/190/190
f 537/537/537 536/536/536 315/315/315
f 537/537/537 315/315/315 334/334/334
f 526/526/526 525/525/525 328/328/328
f 526/526/526 328/328/328 353/353/353
f 529/529/529 528/528/528 327/327/327
f 529/529/529 327/327/327 329/329/329
f 533/533/533 537/537/537 334/334/334
f 533/533/533 334/334/334 318/318/318
f 543/543/543 539/539/539 243/243/243
f 543/543/543 243/243/243 376/376/376
f 539/539/539 543/543/543 377/377/377
f 539/539/539 377/377/377 379/379/379
f 527/527/527 539/539/539 379/379/379
f 527/527/527 379/379/379 160/160/160
f 527/527/527 526/526/526 353/353/353
f 527/527/527 353/353/353 244/244/244
f 86/86/86 544/544/544 545/545/545
f 86/86/86 545/545/545 88/88/88
f 90/90/90 88/88/88 545/545/545
f 90/90/90 545/545/545 524/524/524
f 86/86/86 82/82/82 253/253/253
f 86/86/86 253/253/253 544/544/544
f 542/542/542 544/544/544 253/253/253
f 542/542/542 253/253/253 252/252/252
f 542/542/542 541/541/541 546/546/546
f 542/542/542 546/546/546 547/547/547
f 547/547/547 546/546/546 548/548/548
f 547/547/547 548/548/548 549/549/549
f 549/549/549 548/548/548 550/550/550
f 549/549/549 550/550/550 551/551/551
f 550/550/550 508/508/508 507/507/507
f 550/550/550 507/507/507 551/551/551
f 552/552/552 548/548/548 546/546/546
f 552/552/552 546/546/546 553/553/553
f 505/505/505 504/504/504 508/508/508
f 505/505/505 508/508/508 554/554/554
f 506/506/506 504/504/504 503/503/503
f 506/506/506 503/503/503 509/509/509
f 514/514/514 506/506/506 509/509/509
f 514/514/514 509/509/509 515/515/515
f 544/544/544 542/542/542 547/547/547
f 544/544/544 547/547/547 545/545/545
f 545/545/545 547/547/547 549/549/549
f 545/545/545 549/549/549 524/524/524
f 524/524/524 549/549/549 551/551/551
f 524/524/524 551/551/551 517/517/517
f 551/551/551 507/507/507 513/513/513
f 551/551/551 513/513/513 517/517/517
f 538/538/538 540/540/540 252/252/252
f 538/538/538 252/252/252 251/251/251
f 195/195/195 196/196/196 540/540/540
f 195/195/195 540/540/540 538/538/538
f 513/513/513 507/507/507 506/506/506
f 513/513/513 506/506/506 514/514/514
f 555/555/555 147/147/147 149/149/149
f 555/555/555 149/149/149 556/556/556
f 357/357/357 147/147/147 555/555/555
f 357/357/357 555/555/555 557/557/557
f 502/502/502 489/489/489 206/206/206
f 502/502/502 206/206/206 200/200/200
f 552/552/552 194/194/194 306/306/306
f 552/552/552 306/306/306 558/558/558
f 558/558/558 306/306/306 307/307/307
f 558/558/558 307/307/307 554/554/554
f 559/559/559 196/196/196 193/193/193
f 559/559/559 193/193/193 553/553/553
f 559/559/559 541/541/541 540/540/540
f 559/559/559 540/540/540 196/196/196
f 197/197/197 205/205/205 357/357/357
f 197/197/197 357/357/357 557/557/557
f 198/198/198 201/201/201 510/510/510
f 198/198/198 510/510/510 199/199/199
f 205/205/205 204/204/204 358/358/358
f 205/205/205 358/358/358 357/357/357
f 358/358/358 204/204/204 209/209/209
f 358/358/358 209/209/209 366/366/366
f 366/366/366 209/209/209 211/211/211
f 366/366/366 211/211/211 367/367/367
f 201/201/201 355/355/355 516/516/516
f 201/201/201 516/516/516 510/510/510
f 516/516/516 355/355/355 560/560/560
f 516/516/516 560/560/560 511/511/511
f 516/516/516 511/511/511 514/514/514
f 516/516/516 514/514/514 515/515/515
f 367/367/367 211/211/211 213/213/213
f 367/367/367 213/213/213 214/214/214
f 205/205/205 197/197/197 200/200/200
f 205/205/205 200/200/200 206/206/206
f 489/489/489 502/502/502 505/505/505
f 489/489/489 505/505/505 501/501/501
f 194/194/194 552/552/552 553/553/553
f 194/194/194 553/553/553 193/193/193
f 501/501/501 505/505/505 554/554/554
f 501/501/501 554/554/554 307/307/307
f 555/555/555 556/556/556 110/110/110
f 555/555/555 110/110/110 349/349/349
f 557/557/557 555/555/555 349/349/349
f 557/557/557 349/349/349 202/202/202
f 503/503/503 502/502/502 200/200/200
f 503/503/503 200/200/200 199/199/199
f 548/548/548 552/552/552 558/558/558
f 548/548/548 558/558/558 550/550/550
f 550/550/550 558/558/558 554/554/554
f 550/550/550 554/554/554 508/508/508
f 541/541/541 559/559/559 553/553/553
f 541/541/541 553/553/553 546/546/546
f 198/198/198 197/197/197 557/557/557
f 198/198/198 557/557/557 202/202/202
f 110/110/110 556/556/556 561/561/561
f 110/110/110 561/561/561 108/108/108
f 344/344/344 561/561/561 556/556/556
f 344/344/344 556/556/556 149/149/149
f 107/107/107 106/106/106 108/108/108
f 107/107/107 108/108/108 561/561/561
f 118/118/118 104/104/104 107/107/107
f 118/118/118 107/107/107 343/343/343
f 128/128/128 127/127/127 336/336/336
f 128/128/128 336/336/336 346/346/346
f 132/132/132 128/128/128 346/346/346
f 132/132/132 346/346/346 133/133/133
f 347/347/347 139/139/139 140/140/140
f 347/347/347 140/140/140 39/39/39
f 337/337/337 127/127/127 130/130/130
f 337/337/337 130/130/130 470/470/470
f 338/338/338 140/140/140 43/43/43
f 338/338/338 43/43/43 42/42/42
f 467/467/467 339/339/339 342/342/342
f 467/467/467 342/342/342 562/562/562
f 105/105/105 104/104/104 345/345/345
f 105/105/105 345/345/345 115/115/115
f 132/132/132 338/338/338 42/42/42
f 132/132/132 42/42/42 131/131/131
f 370/370/370 139/139/139 347/347/347
f 370/370/370 347/347/347 371/371/371
f 407/407/407 397/397/397 370/370/370
f 407/407/407 370/370/370 371/371/371
f 413/413/413 412/412/412 397/397/397
f 413/413/413 397/397/397 407/407/407
f 414/414/414 420/420/420 412/412/412
f 414/414/414 412/412/412 413/413/413
f 415/415/415 421/421/421 420/420/420
f 415/415/415 420/420/420 414/414/414
f 416/416/416 424/424/424 421/421/421
f 416/416/416 421/421/421 415/415/415
f 235/235/235 427/427/427 424/424/424
f 235/235/235 424/424/424 416/416/416
f 234/234/234 430/430/430 427/427/427
f 234/234/234 427/427/427 235/235/235
f 417/417/417 433/433/433 430/430/430
f 417/417/417 430/430/430 234/234/234
f 385/385/385 438/438/438 439/439/439
f 385/385/385 439/439/439 386/386/386
f 466/466/466 465/465/465 2/2/2
f 466/466/466 2/2/2 1/1/1
f 340/340/340 339/339/339 468/468/468
f 340/340/340 468/468/468 100/100/100
f 337/337/337 466/466/466 1/1/1
f 337/337/337 1/1/1 335/335/335
f 434/434/434 433/433/433 439/439/439
f 434/434/434 439/439/439 435/435/435
f 100/100/100 468/468/468 345/345/345
f 100/100/100 345/345/345 101/101/101
f 343/343/343 107/107/107 561/561/561
f 343/343/343 561/561/561 344/344/344
f 231/231/231 401/401/401 399/399/399
f 231/231/231 399/399/399 487/487/487
f 563/563/563 564/564/564 565/565/565
f 563/563/563 565/565/565 566/566/566
f 566/566/566 565/565/565 567/567/567
f 566/566/566 567/567/567 568/568/568
f 568/568/568 567/567/567 569/569/569
f 568/568/568 569/569/569 570/570/570
f 570/570/570 569/569/569 571/571/571
f 570/570/570 571/571/571 572/572/572
f 572/572/572 571/571/571 573/573/573
f 572/572/572 573/573/573 574/574/574
f 574/574/574 573/573/573 575/575/575
f 574/574/574 575/575/575 576/576/576
f 577/577/577 578/578/578 459/459/459
f 577/577/577 459/459/459 458/458/458
f 579/579/579 580/580/580 41/41/41
f 579/579/579 41/41/41 40/40/40
f 581/581/581 582/582/582 583/583/583
f 581/581/581 583/583/583 584/584/584
f 585/585/585 586/586/586 581/581/581
f 585/585/585 581/581/581 584/584/584
f 587/587/587 588/588/588 589/589/589
f 587/587/587 589/589/589 590/590/590
f 591/591/591 592/592/592 593/593/593
f 591/591/591 593/593/593 594/594/594
f 595/595/595 596/596/596 597/597/597
f 595/595/595 597/597/597 598/598/598
f 599/599/599 600/600/600 601/601/601
f 599/599/599 601/601/601 602/602/602
f 603/603/603 599/599/599 602/602/602
f 603/603/603 602/602/602 604/604/604
f 605/605/605 606/606/606 607/607/607
f 605/605/605 607/607/607 608/608/608
f 609/609/609 610/610/610 611/611/611
f 609/609/609 611/611/611 612/612/612
f 613/613/613 614/614/614 615/615/615
f 613/613/613 615/615/615 616/616/616
f 617/617/617 618/618/618 610/610/610
f 617/617/617 610/610/610 609/609/609
f 619/619/619 620/620/620 614/614/614
f 619/619/619 614/614/614 613/613/613
f 621/621/621 622/622/622 618/618/618
f 621/621/621 618/618/618 617/617/617
f 623/623/623 624/624/624 620/620/620
f 623/623/623 620/620/620 619/619/619
f 625/625/625 626/626/626 627/627/627
f 625/625/625 627/627/627 628/628/628
f 629/629/629 630/630/630 631/631/631
f 629/629/629 631/631/631 632/632/632
f 633/633/633 634/634/634 635/635/635
f 633/633/633 635/635/635 636/636/636
f 630/630/630 637/637/637 638/638/638
f 630/630/630 638/638/638 631/631/631
f 639/639/639 640/640/640 634/634/634
f 639/639/639 634/634/634 633/633/633
f 641/641/641 642/642/642 640/640/640
f 641/641/641 640/640/640 639/639/639
f 643/643/643 644/644/644 645/645/645
f 643/643/643 645/645/645 646/646/646
f 647/647/647 644/644/644 648/648/648
f 647/647/647 648/648/648 649/649/649
f 650/650/650 651/651/651 652/652/652
f 650/650/650 652/652/652 653/653/653
f 654/654/654 655/655/655 656/656/656
f 654/654/654 656/656/656 657/657/657
f 658/658/658 659/659/659 652/652/652
f 658/658/658 652/652/652 651/651/651
f 660/660/660 661/661/661 658/658/658
f 660/660/660 658/658/658 651/651/651
f 661/661/661 660/660/660 631/631/631
f 661/661/661 631/631/631 638/638/638
f 662/662/662 660/660/660 651/651/651
f 662/662/662 651/651/651 650/650/650
f 662/662/662 663/663/663 664/664/664
f 662/662/662 664/664/664 632/632/632
f 665/665/665 666/666/666 667/667/667
f 665/665/665 667/667/667 668/668/668
f 667/667/667 666/666/666 669/669/669
f 667/667/667 669/669/669 670/670/670
f 671/671/671 672/672/672 654/654/654
f 671/671/671 654/654/654 673/673/673
f 674/674/674 675/675/675 672/672/672
f 674/674/674 672/672/672 676/676/676
f 654/654/654 672/672/672 675/675/675
f 654/654/654 675/675/675 655/655/655
f 677/677/677 675/675/675 674/674/674
f 677/677/677 674/674/674 678/678/678
f 677/677/677 645/645/645 644/644/644
f 677/677/677 644/644/644 647/647/647
f 646/646/646 645/645/645 679/679/679
f 646/646/646 679/679/679 680/680/680
f 681/681/681 646/646/646 680/680/680
f 681/681/681 680/680/680 682/682/682
f 646/646/646 681/681/681 683/683/683
f 646/646/646 683/683/683 643/643/643
f 639/639/639 684/684/684 685/685/685
f 639/639/639 685/685/685 641/641/641
f 622/622/622 685/685/685 684/684/684
f 622/622/622 684/684/684 618/618/618
f 633/633/633 686/686/686 684/684/684
f 633/633/633 684/684/684 639/639/639
f 684/684/684 686/686/686 610/610/610
f 684/684/684 610/610/610 618/618/618
f 636/636/636 687/687/687 686/686/686
f 636/636/636 686/686/686 633/633/633
f 611/611/611 687/687/687 688/688/688
f 611/611/611 688/688/688 689/689/689
f 619/619/619 690/690/690 691/691/691
f 619/619/619 691/691/691 623/623/623
f 692/692/692 691/691/691 690/690/690
f 692/692/692 690/690/690 693/693/693
f 613/613/613 694/694/694 690/690/690
f 613/613/613 690/690/690 619/619/619
f 693/693/693 690/690/690 694/694/694
f 693/693/693 694/694/694 695/695/695
f 616/616/616 696/696/696 694/694/694
f 616/616/616 694/694/694 613/613/613
f 697/697/697 696/696/696 698/698/698
f 697/697/697 698/698/698 699/699/699
f 700/700/700 701/701/701 702/702/702
f 700/700/700 702/702/702 703/703/703
f 520/520/520 704/704/704 705/705/705
f 520/520/520 705/705/705 521/521/521
f 520/520/520 519/519/519 706/706/706
f 520/520/520 706/706/706 704/704/704
f 707/707/707 706/706/706 519/519/519
f 707/707/707 519/519/519 451/451/451
f 708/708/708 709/709/709 710/710/710
f 708/708/708 710/710/710 711/711/711
f 712/712/712 713/713/713 709/709/709
f 712/712/712 709/709/709 708/708/708
f 712/712/712 714/714/714 715/715/715
f 712/712/712 715/715/715 713/713/713
f 58/58/58 716/716/716 717/717/717
f 58/58/58 717/717/717 56/56/56
f 718/718/718 52/52/52 56/56/56
f 718/718/718 56/56/56 717/717/717
f 718/718/718 719/719/719 53/53/53
f 718/718/718 53/53/53 52/52/52
f 720/720/720 721/721/721 722/722/722
f 720/720/720 722/722/722 723/723/723
f 723/723/723 724/724/724 725/725/725
f 723/723/723 725/725/725 720/720/720
f 724/724/724 726/726/726 727/727/727
f 724/724/724 727/727/727 725/725/725
f 62/62/62 61/61/61 728/728/728
f 62/62/62 728/728/728 729/729/729
f 61/61/61 65/65/65 730/730/730
f 61/61/61 730/730/730 728/728/728
f 731/731/731 732/732/732 95/95/95
f 731/731/731 95/95/95 94/94/94
f 733/733/733 734/734/734 735/735/735
f 733/733/733 735/735/735 736/736/736
f 737/737/737 738/738/738 734/734/734
f 737/737/737 734/734/734 733/733/733
f 739/739/739 740/740/740 738/738/738
f 739/739/739 738/738/738 737/737/737
f 741/741/741 742/742/742 740/740/740
f 741/741/741 740/740/740 739/739/739
f 743/743/743 744/744/744 742/742/742
f 743/743/743 742/742/742 741/741/741
f 745/745/745 746/746/746 744/744/744
f 745/745/745 744/744/744 743/743/743
f 725/725/725 727/727/727 746/746/746
f 725/725/725 746/746/746 745/745/745
f 747/747/747 741/741/741 739/739/739
f 747/747/747 739/739/739 748/748/748
f 749/749/749 750/750/750 751/751/751
f 749/749/749 751/751/751 752/752/752
f 747/747/747 753/753/753 743/743/743
f 747/747/747 743/743/743 741/741/741
f 749/749/749 754/754/754 755/755/755
f 749/749/749 755/755/755 750/750/750
f 756/756/756 757/757/757 758/758/758
f 756/756/756 758/758/758 759/759/759
f 760/760/760 761/761/761 762/762/762
f 760/760/760 762/762/762 763/763/763
f 764/764/764 758/758/758 757/757/757
f 764/764/764 757/757/757 765/765/765
f 766/766/766 767/767/767 762/762/762
f 766/766/766 762/762/762 761/761/761
f 768/768/768 769/769/769 770/770/770
f 768/768/768 770/770/770 771/771/771
f 772/772/772 773/773/773 774/774/774
f 772/772/772 774/774/774 775/775/775
f 776/776/776 777/777/777 778/778/778
f 776/776/776 778/778/778 779/779/779
f 768/768/768 780/780/780 781/781/781
f 768/768/768 781/781/781 769/769/769
f 772/772/772 782/782/782 783/783/783
f 772/772/772 783/783/783 773/773/773
f 784/784/784 785/785/785 778/778/778
f 784/784/784 778/778/778 777/777/777
f 721/721/721 720/720/720 786/786/786
f 721/721/721 786/786/786 787/787/787
f 745/745/745 786/786/786 720/720/720
f 745/745/745 720/720/720 725/725/725
f 743/743/743 753/753/753 788/788/788
f 743/743/743 788/788/788 745/745/745
f 789/789/789 786/786/786 745/745/745
f 789/789/789 745/745/745 788/788/788
f 790/790/790 787/787/787 786/786/786
f 790/790/790 786/786/786 789/789/789
f 709/709/709 791/791/791 792/792/792
f 709/709/709 792/792/792 710/710/710
f 793/793/793 759/759/759 794/794/794
f 793/793/793 794/794/794 791/791/791
f 759/759/759 793/793/793 795/795/795
f 759/759/759 795/795/795 796/796/796
f 642/642/642 641/641/641 797/797/797
f 642/642/642 797/797/797 798/798/798
f 799/799/799 713/713/713 715/715/715
f 799/799/799 715/715/715 800/800/800
f 791/791/791 709/709/709 713/713/713
f 791/791/791 713/713/713 799/799/799
f 800/800/800 801/801/801 802/802/802
f 800/800/800 802/802/802 799/799/799
f 793/793/793 791/791/791 799/799/799
f 793/793/793 799/799/799 802/802/802
f 803/803/803 804/804/804 805/805/805
f 803/803/803 805/805/805 806/806/806
f 807/807/807 808/808/808 806/806/806
f 807/807/807 806/806/806 805/805/805
f 809/809/809 810/810/810 811/811/811
f 809/809/809 811/811/811 812/812/812
f 809/809/809 764/764/764 813/813/813
f 809/809/809 813/813/813 810/810/810
f 813/813/813 764/764/764 814/814/814
f 813/813/813 814/814/814 815/815/815
f 804/804/804 810/810/810 816/816/816
f 804/804/804 816/816/816 805/805/805
f 817/817/817 771/771/771 770/770/770
f 817/817/817 770/770/770 818/818/818
f 771/771/771 817/817/817 819/819/819
f 771/771/771 819/819/819 820/820/820
f 622/622/622 621/621/621 821/821/821
f 622/622/622 821/821/821 822/822/822
f 823/823/823 824/824/824 624/624/624
f 823/823/823 624/624/624 623/623/623
f 807/807/807 805/805/805 816/816/816
f 807/807/807 816/816/816 818/818/818
f 816/816/816 810/810/810 813/813/813
f 816/816/816 813/813/813 825/825/825
f 818/818/818 816/816/816 825/825/825
f 818/818/818 825/825/825 817/817/817
f 826/826/826 597/597/597 596/596/596
f 826/826/826 596/596/596 827/827/827
f 828/828/828 588/588/588 593/593/593
f 828/828/828 593/593/593 592/592/592
f 826/826/826 827/827/827 829/829/829
f 826/826/826 829/829/829 830/830/830
f 831/831/831 589/589/589 588/588/588
f 831/831/831 588/588/588 828/828/828
f 586/586/586 585/585/585 590/590/590
f 586/586/586 590/590/590 589/589/589
f 832/832/832 830/830/830 829/829/829
f 832/832/832 829/829/829 833/833/833
f 834/834/834 586/586/586 589/589/589
f 834/834/834 589/589/589 831/831/831
f 832/832/832 833/833/833 835/835/835
f 832/832/832 835/835/835 836/836/836
f 837/837/837 581/581/581 586/586/586
f 837/837/837 586/586/586 834/834/834
f 597/597/597 592/592/592 591/591/591
f 597/597/597 591/591/591 598/598/598
f 826/826/826 828/828/828 592/592/592
f 826/826/826 592/592/592 597/597/597
f 830/830/830 831/831/831 828/828/828
f 830/830/830 828/828/828 826/826/826
f 832/832/832 834/834/834 831/831/831
f 832/832/832 831/831/831 830/830/830
f 836/836/836 837/837/837 834/834/834
f 836/836/836 834/834/834 832/832/832
f 838/838/838 839/839/839 135/135/135
f 838/838/838 135/135/135 134/134/134
f 836/836/836 835/835/835 840/840/840
f 836/836/836 840/840/840 841/841/841
f 842/842/842 837/837/837 836/836/836
f 842/842/842 836/836/836 841/841/841
f 842/842/842 582/582/582 581/581/581
f 842/842/842 581/581/581 837/837/837
f 843/843/843 838/838/838 134/134/134
f 843/843/843 134/134/134 136/136/136
f 136/136/136 41/41/41 580/580/580
f 136/136/136 580/580/580 843/843/843
f 844/844/844 845/845/845 846/846/846
f 844/844/844 846/846/846 847/847/847
f 583/583/583 847/847/847 846/846/846
f 583/583/583 846/846/846 584/584/584
f 579/579/579 40/40/40 138/138/138
f 579/579/579 138/138/138 848/848/848
f 604/604/604 849/849/849 850/850/850
f 604/604/604 850/850/850 603/603/603
f 848/848/848 851/851/851 852/852/852
f 848/848/848 852/852/852 853/853/853
f 113/113/113 854/854/854 351/351/351
f 113/113/113 351/351/351 114/114/114
f 518/518/518 855/855/855 731/731/731
f 518/518/518 731/731/731 94/94/94
f 856/856/856 857/857/857 858/858/858
f 856/856/856 858/858/858 859/859/859
f 860/860/860 737/737/737 733/733/733
f 860/860/860 733/733/733 858/858/858
f 737/737/737 860/860/860 748/748/748
f 737/737/737 748/748/748 739/739/739
f 860/860/860 861/861/861 862/862/862
f 860/860/860 862/862/862 748/748/748
f 858/858/858 857/857/857 861/861/861
f 858/858/858 861/861/861 860/860/860
f 863/863/863 864/864/864 865/865/865
f 863/863/863 865/865/865 560/560/560
f 866/866/866 867/867/867 868/868/868
f 866/866/866 868/868/868 869/869/869
f 870/870/870 868/868/868 867/867/867
f 870/870/870 867/867/867 871/871/871
f 872/872/872 595/595/595 598/598/598
f 872/872/872 598/598/598 873/873/873
f 598/598/598 591/591/591 874/874/874
f 598/598/598 874/874/874 873/873/873
f 350/350/350 351/351/351 875/875/875
f 350/350/350 875/875/875 359/359/359
f 854/854/854 876/876/876 875/875/875
f 854/854/854 875/875/875 351/351/351
f 877/877/877 878/878/878 863/863/863
f 877/877/877 863/863/863 356/356/356
f 879/879/879 880/880/880 878/878/878
f 879/879/879 878/878/878 877/877/877
f 881/881/881 864/864/864 863/863/863
f 881/881/881 863/863/863 878/878/878
f 882/882/882 883/883/883 884/884/884
f 882/882/882 884/884/884 885/885/885
f 886/886/886 887/887/887 884/884/884
f 886/886/886 884/884/884 883/883/883
f 888/888/888 885/885/885 889/889/889
f 888/888/888 889/889/889 866/866/866
f 885/885/885 884/884/884 890/890/890
f 885/885/885 890/890/890 889/889/889
f 887/887/887 891/891/891 890/890/890
f 887/887/887 890/890/890 884/884/884
f 892/892/892 867/867/867 866/866/866
f 892/892/892 866/866/866 889/889/889
f 889/889/889 890/890/890 893/893/893
f 889/889/889 893/893/893 892/892/892
f 891/891/891 894/894/894 893/893/893
f 891/891/891 893/893/893 890/890/890
f 895/895/895 851/851/851 369/369/369
f 895/895/895 369/369/369 396/396/396
f 851/851/851 848/848/848 138/138/138
f 851/851/851 138/138/138 369/369/369
f 594/594/594 896/896/896 874/874/874
f 594/594/594 874/874/874 591/591/591
f 587/587/587 590/590/590 897/897/897
f 587/587/587 897/897/897 898/898/898
f 899/899/899 585/585/585 584/584/584
f 899/899/899 584/584/584 846/846/846
f 897/897/897 590/590/590 585/585/585
f 897/897/897 585/585/585 899/899/899
f 897/897/897 900/900/900 901/901/901
f 897/897/897 901/901/901 898/898/898
f 900/900/900 897/897/897 899/899/899
f 900/900/900 899/899/899 902/902/902
f 846/846/846 845/845/845 902/902/902
f 846/846/846 902/902/902 899/899/899
f 903/903/903 601/601/601 600/600/600
f 903/903/903 600/600/600 904/904/904
f 903/903/903 904/904/904 905/905/905
f 903/903/903 905/905/905 906/906/906
f 906/906/906 905/905/905 907/907/907
f 906/906/906 907/907/907 908/908/908
f 588/588/588 587/587/587 909/909/909
f 588/588/588 909/909/909 593/593/593
f 587/587/587 898/898/898 910/910/910
f 587/587/587 910/910/910 909/909/909
f 898/898/898 901/901/901 911/911/911
f 898/898/898 911/911/911 910/910/910
f 912/912/912 913/913/913 908/908/908
f 912/912/912 908/908/908 907/907/907
f 914/914/914 594/594/594 593/593/593
f 914/914/914 593/593/593 909/909/909
f 909/909/909 910/910/910 915/915/915
f 909/909/909 915/915/915 914/914/914
f 915/915/915 910/910/910 911/911/911
f 915/915/915 911/911/911 916/916/916
f 917/917/917 918/918/918 913/913/913
f 917/917/917 913/913/913 912/912/912
f 919/919/919 920/920/920 914/914/914
f 919/919/919 914/914/914 915/915/915
f 680/680/680 920/920/920 919/919/919
f 680/680/680 919/919/919 682/682/682
f 915/915/915 916/916/916 921/921/921
f 915/915/915 921/921/921 919/919/919
f 922/922/922 682/682/682 919/919/919
f 922/922/922 919/919/919 921/921/921
f 923/923/923 681/681/681 682/682/682
f 923/923/923 682/682/682 922/922/922
f 924/924/924 683/683/683 681/681/681
f 924/924/924 681/681/681 923/923/923
f 781/781/781 780/780/780 925/925/925
f 781/781/781 925/925/925 926/926/926
f 925/925/925 780/780/780 927/927/927
f 925/925/925 927/927/927 928/928/928
f 929/929/929 930/930/930 931/931/931
f 929/929/929 931/931/931 692/692/692
f 692/692/692 693/693/693 932/932/932
f 692/692/692 932/932/932 929/929/929
f 933/933/933 934/934/934 935/935/935
f 933/933/933 935/935/935 936/936/936
f 937/937/937 938/938/938 939/939/939
f 937/937/937 939/939/939 940/940/940
f 941/941/941 932/932/932 939/939/939
f 941/941/941 939/939/939 938/938/938
f 929/929/929 932/932/932 941/941/941
f 929/929/929 941/941/941 942/942/942
f 942/942/942 943/943/943 930/930/930
f 942/942/942 930/930/930 929/929/929
f 944/944/944 945/945/945 925/925/925
f 944/944/944 925/925/925 928/928/928
f 925/925/925 945/945/945 946/946/946
f 925/925/925 946/946/946 926/926/926
f 947/947/947 948/948/948 946/946/946
f 947/947/947 946/946/946 945/945/945
f 949/949/949 947/947/947 945/945/945
f 949/949/949 945/945/945 944/944/944
f 943/943/943 942/942/942 950/950/950
f 943/943/943 950/950/950 951/951/951
f 942/942/942 941/941/941 952/952/952
f 942/942/942 952/952/952 950/950/950
f 934/934/934 953/953/953 954/954/954
f 934/934/934 954/954/954 935/935/935
f 955/955/955 956/956/956 938/938/938
f 955/955/955 938/938/938 937/937/937
f 938/938/938 956/956/956 957/957/957
f 938/938/938 957/957/957 941/941/941
f 958/958/958 959/959/959 607/607/607
f 958/958/958 607/607/607 606/606/606
f 960/960/960 961/961/961 699/699/699
f 960/960/960 699/699/699 698/698/698
f 934/934/934 933/933/933 962/962/962
f 934/934/934 962/962/962 963/963/963
f 953/953/953 934/934/934 963/963/963
f 953/953/953 963/963/963 964/964/964
f 895/895/895 965/965/965 852/852/852
f 895/895/895 852/852/852 851/851/851
f 966/966/966 967/967/967 961/961/961
f 966/966/966 961/961/961 960/960/960
f 968/968/968 969/969/969 958/958/958
f 968/968/968 958/958/958 970/970/970
f 963/963/963 962/962/962 971/971/971
f 963/963/963 971/971/971 972/972/972
f 964/964/964 963/963/963 972/972/972
f 964/964/964 972/972/972 973/973/973
f 972/972/972 971/971/971 974/974/974
f 972/972/972 974/974/974 975/975/975
f 973/973/973 972/972/972 975/975/975
f 973/973/973 975/975/975 976/976/976
f 977/977/977 978/978/978 627/627/627
f 977/977/977 627/627/627 626/626/626
f 979/979/979 980/980/980 981/981/981
f 979/979/979 981/981/981 982/982/982
f 983/983/983 984/984/984 977/977/977
f 983/983/983 977/977/977 985/985/985
f 981/981/981 980/980/980 924/924/924
f 981/981/981 924/924/924 986/986/986
f 918/918/918 917/917/917 987/987/987
f 918/918/918 987/987/987 988/988/988
f 989/989/989 990/990/990 991/991/991
f 989/989/989 991/991/991 992/992/992
f 993/993/993 989/989/989 992/992/992
f 993/993/993 992/992/992 994/994/994
f 995/995/995 996/996/996 993/993/993
f 995/995/995 993/993/993 994/994/994
f 997/997/997 998/998/998 996/996/996
f 997/997/997 996/996/996 995/995/995
f 999/999/999 1000/1000/1000 998/998/998
f 999/999/999 998/998/998 997/997/997
f 988/988/988 987/987/987 1000/1000/1000
f 988/988/988 1000/1000/1000 999/999/999
f 1001/1001/1001 1002/1002/1002 1003/1003/1003
f 1001/1001/1001 1003/1003/1003 1004/1004/1004
f 1005/1005/1005 1006/1006/1006 1001/1001/1001
f 1005/1005/1005 1001/1001/1001 1004/1004/1004
f 1007/1007/1007 1006/1006/1006 1005/1005/1005
f 1007/1007/1007 1005/1005/1005 1008/1008/1008
f 1009/1009/1009 1007/1007/1007 1008/1008/1008
f 1009/1009/1009 1008/1008/1008 1010/1010/1010
f 1011/1011/1011 1012/1012/1012 1009/1009/1009
f 1011/1011/1011 1009/1009/1009 1010/1010/1010
f 1013/1013/1013 1014/1014/1014 1012/1012/1012
f 1013/1013/1013 1012/1012/1012 1011/1011/1011
f 1015/1015/1015 1016/1016/1016 1017/1017/1017
f 1015/1015/1015 1017/1017/1017 1018/1018/1018
f 411/411/411 419/419/419 1004/1004/1004
f 411/411/411 1004/1004/1004 1003/1003/1003
f 1003/1003/1003 895/895/895 396/396/396
f 1003/1003/1003 396/396/396 411/411/411
f 1002/1002/1002 965/965/965 895/895/895
f 1002/1002/1002 895/895/895 1003/1003/1003
f 1019/1019/1019 850/850/850 849/849/849
f 1019/1019/1019 849/849/849 1020/1020/1020
f 1021/1021/1021 1019/1019/1019 1020/1020/1020
f 1021/1021/1021 1020/1020/1020 1022/1022/1022
f 1023/1023/1023 1024/1024/1024 1021/1021/1021
f 1023/1023/1023 1021/1021/1021 1022/1022/1022
f 1025/1025/1025 1026/1026/1026 1024/1024/1024
f 1025/1025/1025 1024/1024/1024 1023/1023/1023
f 1027/1027/1027 1028/1028/1028 1026/1026/1026
f 1027/1027/1027 1026/1026/1026 1025/1025/1025
f 1029/1029/1029 1030/1030/1030 1028/1028/1028
f 1029/1029/1029 1028/1028/1028 1027/1027/1027
f 1031/1031/1031 1032/1032/1032 1030/1030/1030
f 1031/1031/1031 1030/1030/1030 1029/1029/1029
f 1033/1033/1033 1034/1034/1034 1035/1035/1035
f 1033/1033/1033 1035/1035/1035 1036/1036/1036
f 1004/1004/1004 419/419/419 423/423/423
f 1004/1004/1004 423/423/423 1005/1005/1005
f 1015/1015/1015 1037/1037/1037 976/976/976
f 1015/1015/1015 976/976/976 975/975/975
f 1013/1013/1013 437/437/437 436/436/436
f 1013/1013/1013 436/436/436 1038/1038/1038
f 1011/1011/1011 1010/1010/1010 429/429/429
f 1011/1011/1011 429/429/429 432/432/432
f 1008/1008/1008 426/426/426 429/429/429
f 1008/1008/1008 429/429/429 1010/1010/1010
f 1005/1005/1005 423/423/423 426/426/426
f 1005/1005/1005 426/426/426 1008/1008/1008
f 1039/1039/1039 1040/1040/1040 1041/1041/1041
f 1039/1039/1039 1041/1041/1041 1042/1042/1042
f 1040/1040/1040 1043/1043/1043 1044/1044/1044
f 1040/1040/1040 1044/1044/1044 1041/1041/1041
f 1045/1045/1045 1039/1039/1039 1042/1042/1042
f 1045/1045/1045 1042/1042/1042 1046/1046/1046
f 1047/1047/1047 1048/1048/1048 1045/1045/1045
f 1047/1047/1047 1045/1045/1045 1046/1046/1046
f 1049/1049/1049 1050/1050/1050 1048/1048/1048
f 1049/1049/1049 1048/1048/1048 1047/1047/1047
f 1051/1051/1051 1052/1052/1052 1050/1050/1050
f 1051/1051/1051 1050/1050/1050 1049/1049/1049
f 1053/1053/1053 1054/1054/1054 1052/1052/1052
f 1053/1053/1053 1052/1052/1052 1051/1051/1051
f 1043/1043/1043 1055/1055/1055 1056/1056/1056
f 1043/1043/1043 1056/1056/1056 1044/1044/1044
f 1057/1057/1057 1058/1058/1058 1054/1054/1054
f 1057/1057/1057 1054/1054/1054 1053/1053/1053
f 1059/1059/1059 1060/1060/1060 1061/1061/1061
f 1059/1059/1059 1061/1061/1061 1062/1062/1062
f 1061/1061/1061 1060/1060/1060 1063/1063/1063
f 1061/1061/1061 1063/1063/1063 1064/1064/1064
f 1064/1064/1064 1063/1063/1063 1065/1065/1065
f 1064/1064/1064 1065/1065/1065 1066/1066/1066
f 1066/1066/1066 1065/1065/1065 1067/1067/1067
f 1066/1066/1066 1067/1067/1067 1068/1068/1068
f 1068/1068/1068 1067/1067/1067 1069/1069/1069
f 1068/1068/1068 1069/1069/1069 1070/1070/1070
f 1070/1070/1070 1069/1069/1069 1058/1058/1058
f 1070/1070/1070 1058/1058/1058 1057/1057/1057
f 1055/1055/1055 1071/1071/1071 1072/1072/1072
f 1055/1055/1055 1072/1072/1072 1056/1056/1056
f 1071/1071/1071 1073/1073/1073 1074/1074/1074
f 1071/1071/1071 1074/1074/1074 1072/1072/1072
f 1073/1073/1073 1075/1075/1075 1076/1076/1076
f 1073/1073/1073 1076/1076/1076 1074/1074/1074
f 1076/1076/1076 1075/1075/1075 1077/1077/1077
f 1076/1076/1076 1077/1077/1077 1078/1078/1078
f 1078/1078/1078 1077/1077/1077 1079/1079/1079
f 1078/1078/1078 1079/1079/1079 1080/1080/1080
f 1080/1080/1080 1079/1079/1079 1081/1081/1081
f 1080/1080/1080 1081/1081/1081 1082/1082/1082
f 1083/1083/1083 1084/1084/1084 1085/1085/1085
f 1083/1083/1083 1085/1085/1085 1086/1086/1086
f 1087/1087/1087 1088/1088/1088 1089/1089/1089
f 1087/1087/1087 1089/1089/1089 1090/1090/1090
f 1091/1091/1091 1092/1092/1092 1093/1093/1093
f 1091/1091/1091 1093/1093/1093 1094/1094/1094
f 1095/1095/1095 1091/1091/1091 1094/1094/1094
f 1095/1095/1095 1094/1094/1094 1096/1096/1096
f 1088/1088/1088 1097/1097/1097 1098/1098/1098
f 1088/1088/1088 1098/1098/1098 1089/1089/1089
f 1099/1099/1099 1087/1087/1087 1090/1090/1090
f 1099/1099/1099 1090/1090/1090 1100/1100/1100
f 1101/1101/1101 1102/1102/1102 1099/1099/1099
f 1101/1101/1101 1099/1099/1099 1100/1100/1100
f 1103/1103/1103 1104/1104/1104 1102/1102/1102
f 1103/1103/1103 1102/1102/1102 1101/1101/1101
f 1105/1105/1105 1106/1106/1106 1104/1104/1104
f 1105/1105/1105 1104/1104/1104 1103/1103/1103
f 1107/1107/1107 1108/1108/1108 1106/1106/1106
f 1107/1107/1107 1106/1106/1106 1105/1105/1105
f 1097/1097/1097 1109/1109/1109 1110/1110/1110
f 1097/1097/1097 1110/1110/1110 1098/1098/1098
f 1111/1111/1111 1112/1112/1112 1108/1108/1108
f 1111/1111/1111 1108/1108/1108 1107/1107/1107
f 1113/1113/1113 1114/1114/1114 1115/1115/1115
f 1113/1113/1113 1115/1115/1115 1116/1116/1116
f 1117/1117/1117 1118/1118/1118 1119/1119/1119
f 1117/1117/1117 1119/1119/1119 1120/1120/1120
f 1119/1119/1119 1118/1118/1118 1121/1121/1121
f 1119/1119/1119 1121/1121/1121 1122/1122/1122
f 1122/1122/1122 1121/1121/1121 1123/1123/1123
f 1122/1122/1122 1123/1123/1123 1124/1124/1124
f 1124/1124/1124 1123/1123/1123 1125/1125/1125
f 1124/1124/1124 1125/1125/1125 1126/1126/1126
f 1126/1126/1126 1125/1125/1125 1127/1127/1127
f 1126/1126/1126 1127/1127/1127 1128/1128/1128
f 1128/1128/1128 1127/1127/1127 1112/1112/1112
f 1128/1128/1128 1112/1112/1112 1111/1111/1111
f 1109/1109/1109 1129/1129/1129 1130/1130/1130
f 1109/1109/1109 1130/1130/1130 1110/1110/1110
f 1129/1129/1129 1131/1131/1131 1132/1132/1132
f 1129/1129/1129 1132/1132/1132 1130/1130/1130
f 1132/1132/1132 1131/1131/1131 1133/1133/1133
f 1132/1132/1132 1133/1133/1133 1134/1134/1134
f 1134/1134/1134 1133/1133/1133 1135/1135/1135
f 1134/1134/1134 1135/1135/1135 1136/1136/1136
f 1136/1136/1136 1135/1135/1135 1137/1137/1137
f 1136/1136/1136 1137/1137/1137 1138/1138/1138
f 1138/1138/1138 1137/1137/1137 1139/1139/1139
f 1138/1138/1138 1139/1139/1139 1140/1140/1140
f 1141/1141/1141 1142/1142/1142 1143/1143/1143
f 1141/1141/1141 1143/1143/1143 1144/1144/1144
f 1145/1145/1145 1146/1146/1146 1095/1095/1095
f 1145/1145/1145 1095/1095/1095 1096/1096/1096
f 1147/1147/1147 1148/1148/1148 1149/1149/1149
f 1147/1147/1147 1149/1149/1149 1150/1150/1150
f 1151/1151/1151 1152/1152/1152 1153/1153/1153
f 1151/1151/1151 1153/1153/1153 1154/1154/1154
f 1148/1148/1148 1155/1155/1155 1156/1156/1156
f 1148/1148/1148 1156/1156/1156 1149/1149/1149
f 1157/1157/1157 1147/1147/1147 1150/1150/1150
f 1157/1157/1157 1150/1150/1150 1158/1158/1158
f 1159/1159/1159 1160/1160/1160 1157/1157/1157
f 1159/1159/1159 1157/1157/1157 1158/1158/1158
f 1161/1161/1161 1162/1162/1162 1160/1160/1160
f 1161/1161/1161 1160/1160/1160 1159/1159/1159
f 1163/1163/1163 1164/1164/1164 1162/1162/1162
f 1163/1163/1163 1162/1162/1162 1161/1161/1161
f 1165/1165/1165 1166/1166/1166 1164/1164/1164
f 1165/1165/1165 1164/1164/1164 1163/1163/1163
f 1155/1155/1155 1167/1167/1167 1168/1168/1168
f 1155/1155/1155 1168/1168/1168 1156/1156/1156
f 1169/1169/1169 1170/1170/1170 1166/1166/1166
f 1169/1169/1169 1166/1166/1166 1165/1165/1165
f 1171/1171/1171 1172/1172/1172 1173/1173/1173
f 1171/1171/1171 1173/1173/1173 1174/1174/1174
f 1173/1173/1173 1172/1172/1172 1175/1175/1175
f 1173/1173/1173 1175/1175/1175 1176/1176/1176
f 1176/1176/1176 1175/1175/1175 1177/1177/1177
f 1176/1176/1176 1177/1177/1177 1178/1178/1178
f 1178/1178/1178 1177/1177/1177 1179/1179/1179
f 1178/1178/1178 1179/1179/1179 1180/1180/1180
f 1180/1180/1180 1179/1179/1179 1181/1181/1181
f 1180/1180/1180 1181/1181/1181 1182/1182/1182
f 1182/1182/1182 1181/1181/1181 1170/1170/1170
f 1182/1182/1182 1170/1170/1170 1169/1169/1169
f 1167/1167/1167 1183/1183/1183 1184/1184/1184
f 1167/1167/1167 1184/1184/1184 1168/1168/1168
f 1183/1183/1183 1185/1185/1185 1186/1186/1186
f 1183/1183/1183 1186/1186/1186 1184/1184/1184
f 1186/1186/1186 1185/1185/1185 1187/1187/1187
f 1186/1186/1186 1187/1187/1187 1188/1188/1188
f 1188/1188/1188 1187/1187/1187 1189/1189/1189
f 1188/1188/1188 1189/1189/1189 1190/1190/1190
f 1190/1190/1190 1189/1189/1189 1191/1191/1191
f 1190/1190/1190 1191/1191/1191 1192/1192/1192
f 1192/1192/1192 1191/1191/1191 1193/1193/1193
f 1192/1192/1192 1193/1193/1193 1194/1194/1194
f 1195/1195/1195 1196/1196/1196 1197/1197/1197
f 1195/1195/1195 1197/1197/1197 1198/1198/1198
f 1150/1150/1150 1149/1149/1149 1199/1199/1199
f 1150/1150/1150 1199/1199/1199 1200/1200/1200
f 1149/1149/1149 1156/1156/1156 1201/1201/1201
f 1149/1149/1149 1201/1201/1201 1199/1199/1199
f 1158/1158/1158 1150/1150/1150 1200/1200/1200
f 1158/1158/1158 1200/1200/1200 1202/1202/1202
f 1203/1203/1203 1159/1159/1159 1158/1158/1158
f 1203/1203/1203 1158/1158/1158 1202/1202/1202
f 1204/1204/1204 1161/1161/1161 1159/1159/1159
f 1204/1204/1204 1159/1159/1159 1203/1203/1203
f 1205/1205/1205 1163/1163/1163 1161/1161/1161
f 1205/1205/1205 1161/1161/1161 1204/1204/1204
f 1206/1206/1206 1165/1165/1165 1163/1163/1163
f 1206/1206/1206 1163/1163/1163 1205/1205/1205
f 1156/1156/1156 1168/1168/1168 1207/1207/1207
f 1156/1156/1156 1207/1207/1207 1201/1201/1201
f 1208/1208/1208 1169/1169/1169 1165/1165/1165
f 1208/1208/1208 1165/1165/1165 1206/1206/1206
f 1174/1174/1174 1173/1173/1173 1209/1209/1209
f 1174/1174/1174 1209/1209/1209 1210/1210/1210
f 1173/1173/1173 1176/1176/1176 1211/1211/1211
f 1173/1173/1173 1211/1211/1211 1209/1209/1209
f 1211/1211/1211 1176/1176/1176 1178/1178/1178
f 1211/1211/1211 1178/1178/1178 1212/1212/1212
f 1212/1212/1212 1178/1178/1178 1180/1180/1180
f 1212/1212/1212 1180/1180/1180 1213/1213/1213
f 1213/1213/1213 1180/1180/1180 1182/1182/1182
f 1213/1213/1213 1182/1182/1182 1214/1214/1214
f 1214/1214/1214 1182/1182/1182 1169/1169/1169
f 1214/1214/1214 1169/1169/1169 1208/1208/1208
f 1168/1168/1168 1184/1184/1184 1215/1215/1215
f 1168/1168/1168 1215/1215/1215 1207/1207/1207
f 1184/1184/1184 1186/1186/1186 1216/1216/1216
f 1184/1184/1184 1216/1216/1216 1215/1215/1215
f 1216/1216/1216 1186/1186/1186 1188/1188/1188
f 1216/1216/1216 1188/1188/1188 1217/1217/1217
f 1217/1217/1217 1188/1188/1188 1190/1190/1190
f 1217/1217/1217 1190/1190/1190 1218/1218/1218
f 1218/1218/1218 1190/1190/1190 1192/1192/1192
f 1218/1218/1218 1192/1192/1192 1219/1219/1219
f 1219/1219/1219 1192/1192/1192 1194/1194/1194
f 1219/1219/1219 1194/1194/1194 1220/1220/1220
f 1198/1198/1198 1197/1197/1197 1221/1221/1221
f 1198/1198/1198 1221/1221/1221 1222/1222/1222
f 1223/1223/1223 1224/1224/1224 788/788/788
f 1223/1223/1223 788/788/788 753/753/753
f 1225/1225/1225 609/609/609 612/612/612
f 1225/1225/1225 612/612/612 1226/1226/1226
f 608/608/608 1227/1227/1227 615/615/615
f 608/608/608 615/615/615 1226/1226/1226
f 1225/1225/1225 1228/1228/1228 617/617/617
f 1225/1225/1225 617/617/617 609/609/609
f 1228/1228/1228 1225/1225/1225 614/614/614
f 1228/1228/1228 614/614/614 620/620/620
f 1228/1228/1228 1229/1229/1229 621/621/621
f 1228/1228/1228 621/621/621 617/617/617
f 1229/1229/1229 1228/1228/1228 620/620/620
f 1229/1229/1229 620/620/620 624/624/624
f 1230/1230/1230 1231/1231/1231 630/630/630
f 1230/1230/1230 630/630/630 629/629/629
f 628/628/628 1232/1232/1232 635/635/635
f 628/628/628 635/635/635 1230/1230/1230
f 1231/1231/1231 1233/1233/1233 637/637/637
f 1231/1231/1231 637/637/637 630/630/630
f 1233/1233/1233 1231/1231/1231 634/634/634
f 1233/1233/1233 634/634/634 640/640/640
f 1233/1233/1233 1234/1234/1234 1235/1235/1235
f 1233/1233/1233 1235/1235/1235 637/637/637
f 1234/1234/1234 1233/1233/1233 640/640/640
f 1234/1234/1234 640/640/640 642/642/642
f 1236/1236/1236 1237/1237/1237 656/656/656
f 1236/1236/1236 656/656/656 649/649/649
f 1236/1236/1236 1238/1238/1238 1239/1239/1239
f 1236/1236/1236 1239/1239/1239 653/653/653
f 1237/1237/1237 1240/1240/1240 657/657/657
f 1237/1237/1237 657/657/657 656/656/656
f 1240/1240/1240 1237/1237/1237 652/652/652
f 1240/1240/1240 652/652/652 659/659/659
f 1240/1240/1240 1241/1241/1241 1242/1242/1242
f 1240/1240/1240 1242/1242/1242 657/657/657
f 1241/1241/1241 1240/1240/1240 659/659/659
f 1241/1241/1241 659/659/659 1243/1243/1243
f 1241/1241/1241 1244/1244/1244 1245/1245/1245
f 1241/1241/1241 1245/1245/1245 1242/1242/1242
f 1244/1244/1244 1241/1241/1241 1243/1243/1243
f 1244/1244/1244 1243/1243/1243 1246/1246/1246
f 789/789/789 1247/1247/1247 1248/1248/1248
f 789/789/789 1248/1248/1248 790/790/790
f 802/802/802 801/801/801 1249/1249/1249
f 802/802/802 1249/1249/1249 1250/1250/1250
f 802/802/802 1250/1250/1250 795/795/795
f 802/802/802 795/795/795 793/793/793
f 1234/1234/1234 1251/1251/1251 1252/1252/1252
f 1234/1234/1234 1252/1252/1252 1235/1235/1235
f 1234/1234/1234 642/642/642 798/798/798
f 1234/1234/1234 798/798/798 1251/1251/1251
f 825/825/825 813/813/813 815/815/815
f 825/825/825 815/815/815 1253/1253/1253
f 825/825/825 1253/1253/1253 819/819/819
f 825/825/825 819/819/819 817/817/817
f 1229/1229/1229 1254/1254/1254 821/821/821
f 1229/1229/1229 821/821/821 621/621/621
f 1229/1229/1229 624/624/624 824/824/824
f 1229/1229/1229 824/824/824 1254/1254/1254
f 789/789/789 788/788/788 1224/1224/1224
f 789/789/789 1224/1224/1224 1247/1247/1247
f 1255/1255/1255 979/979/979 982/982/982
f 1255/1255/1255 982/982/982 663/663/663
f 1232/1232/1232 628/628/628 627/627/627
f 1232/1232/1232 627/627/627 978/978/978
f 608/608/608 607/607/607 959/959/959
f 608/608/608 959/959/959 1227/1227/1227
f 1256/1256/1256 1257/1257/1257 1258/1258/1258
f 1256/1256/1256 1258/1258/1258 1259/1259/1259
f 1260/1260/1260 1261/1261/1261 1262/1262/1262
f 1260/1260/1260 1262/1262/1262 1263/1263/1263
f 1264/1264/1264 1265/1265/1265 1260/1260/1260
f 1264/1264/1264 1260/1260/1260 1263/1263/1263
f 1266/1266/1266 1267/1267/1267 1268/1268/1268
f 1266/1266/1266 1268/1268/1268 1269/1269/1269
f 1270/1270/1270 1271/1271/1271 1272/1272/1272
f 1270/1270/1270 1272/1272/1272 1273/1273/1273
f 1274/1274/1274 1275/1275/1275 1276/1276/1276
f 1274/1274/1274 1276/1276/1276 1277/1277/1277
f 1259/1259/1259 1258/1258/1258 1278/1278/1278
f 1259/1259/1259 1278/1278/1278 1279/1279/1279
f 1280/1280/1280 1281/1281/1281 1266/1266/1266
f 1280/1280/1280 1266/1266/1266 1269/1269/1269
f 1267/1267/1267 1266/1266/1266 1281/1281/1281
f 1267/1267/1267 1281/1281/1281 1282/1282/1282
f 1274/1274/1274 1283/1283/1283 1267/1267/1267
f 1274/1274/1274 1267/1267/1267 1282/1282/1282
f 1268/1268/1268 1267/1267/1267 1283/1283/1283
f 1268/1268/1268 1283/1283/1283 1284/1284/1284
f 1270/1270/1270 1256/1256/1256 1263/1263/1263
f 1270/1270/1270 1263/1263/1263 1262/1262/1262
f 1285/1285/1285 1286/1286/1286 641/641/641
f 1285/1285/1285 641/641/641 685/685/685
f 1285/1285/1285 685/685/685 622/622/622
f 1285/1285/1285 622/622/622 1287/1287/1287
f 1287/1287/1287 622/622/622 822/822/822
f 1287/1287/1287 822/822/822 1288/1288/1288
f 764/764/764 809/809/809 1289/1289/1289
f 764/764/764 1289/1289/1289 758/758/758
f 1289/1289/1289 794/794/794 759/759/759
f 1289/1289/1289 759/759/759 758/758/758
f 1286/1286/1286 1290/1290/1290 797/797/797
f 1286/1286/1286 797/797/797 641/641/641
f 1291/1291/1291 1292/1292/1292 1293/1293/1293
f 1291/1291/1291 1293/1293/1293 1294/1294/1294
f 1295/1295/1295 1292/1292/1292 1291/1291/1291
f 1295/1295/1295 1291/1291/1291 1296/1296/1296
f 756/756/756 759/759/759 796/796/796
f 756/756/756 796/796/796 1297/1297/1297
f 1298/1298/1298 1299/1299/1299 623/623/623
f 1298/1298/1298 623/623/623 691/691/691
f 1298/1298/1298 691/691/691 692/692/692
f 1298/1298/1298 692/692/692 1300/1300/1300
f 1301/1301/1301 1302/1302/1302 927/927/927
f 1301/1301/1301 927/927/927 780/780/780
f 1303/1303/1303 1301/1301/1301 780/780/780
f 1303/1303/1303 780/780/780 768/768/768
f 1303/1303/1303 768/768/768 771/771/771
f 1303/1303/1303 771/771/771 1304/1304/1304
f 1304/1304/1304 771/771/771 820/820/820
f 1304/1304/1304 820/820/820 1305/1305/1305
f 1299/1299/1299 1306/1306/1306 823/823/823
f 1299/1299/1299 823/823/823 623/623/623
f 673/673/673 654/654/654 657/657/657
f 673/673/673 657/657/657 1242/1242/1242
f 1307/1307/1307 673/673/673 1242/1242/1242
f 1307/1307/1307 1242/1242/1242 1245/1245/1245
f 671/671/671 871/871/871 676/676/676
f 671/671/671 676/676/676 672/672/672
f 1308/1308/1308 671/671/671 673/673/673
f 1308/1308/1308 673/673/673 1309/1309/1309
f 1310/1310/1310 747/747/747 748/748/748
f 1310/1310/1310 748/748/748 1311/1311/1311
f 753/753/753 747/747/747 1310/1310/1310
f 753/753/753 1310/1310/1310 1312/1312/1312
f 1311/1311/1311 748/748/748 862/862/862
f 1311/1311/1311 862/862/862 1313/1313/1313
f 1223/1223/1223 753/753/753 1312/1312/1312
f 1223/1223/1223 1312/1312/1312 1314/1314/1314
f 1315/1315/1315 1316/1316/1316 1239/1239/1239
f 1315/1315/1315 1239/1239/1239 1238/1238/1238
f 1315/1315/1315 1317/1317/1317 1318/1318/1318
f 1315/1315/1315 1318/1318/1318 1316/1316/1316
f 648/648/648 1317/1317/1317 1315/1315/1315
f 648/648/648 1315/1315/1315 1238/1238/1238
f 979/979/979 1255/1255/1255 1239/1239/1239
f 979/979/979 1239/1239/1239 1316/1316/1316
f 980/980/980 979/979/979 1316/1316/1316
f 980/980/980 1316/1316/1316 1318/1318/1318
f 643/643/643 683/683/683 1318/1318/1318
f 643/643/643 1318/1318/1318 1317/1317/1317
f 644/644/644 643/643/643 1317/1317/1317
f 644/644/644 1317/1317/1317 648/648/648
f 1319/1319/1319 664/664/664 663/663/663
f 1319/1319/1319 663/663/663 982/982/982
f 985/985/985 1319/1319/1319 982/982/982
f 985/985/985 982/982/982 981/981/981
f 983/983/983 985/985/985 981/981/981
f 983/983/983 981/981/981 986/986/986
f 1320/1320/1320 984/984/984 983/983/983
f 1320/1320/1320 983/983/983 1321/1321/1321
f 1322/1322/1322 1323/1323/1323 984/984/984
f 1322/1322/1322 984/984/984 1320/1320/1320
f 1324/1324/1324 1323/1323/1323 1322/1322/1322
f 1324/1324/1324 1322/1322/1322 688/688/688
f 626/626/626 625/625/625 664/664/664
f 626/626/626 664/664/664 1319/1319/1319
f 1319/1319/1319 985/985/985 977/977/977
f 1319/1319/1319 977/977/977 626/626/626
f 977/977/977 984/984/984 1323/1323/1323
f 977/977/977 1323/1323/1323 978/978/978
f 1324/1324/1324 1232/1232/1232 978/978/978
f 1324/1324/1324 978/978/978 1323/1323/1323
f 1322/1322/1322 1325/1325/1325 689/689/689
f 1322/1322/1322 689/689/689 688/688/688
f 1320/1320/1320 970/970/970 1325/1325/1325
f 1320/1320/1320 1325/1325/1325 1322/1322/1322
f 968/968/968 970/970/970 1320/1320/1320
f 968/968/968 1320/1320/1320 1321/1321/1321
f 960/960/960 1326/1326/1326 969/969/969
f 960/960/960 969/969/969 966/966/966
f 698/698/698 1327/1327/1327 1326/1326/1326
f 698/698/698 1326/1326/1326 960/960/960
f 606/606/606 605/605/605 689/689/689
f 606/606/606 689/689/689 1325/1325/1325
f 1325/1325/1325 970/970/970 958/958/958
f 1325/1325/1325 958/958/958 606/606/606
f 1326/1326/1326 959/959/959 958/958/958
f 1326/1326/1326 958/958/958 969/969/969
f 1327/1327/1327 1227/1227/1227 959/959/959
f 1327/1327/1327 959/959/959 1326/1326/1326
f 1276/1276/1276 1275/1275/1275 1235/1235/1235
f 1276/1276/1276 1235/1235/1235 1252/1252/1252
f 1272/1272/1272 1249/1249/1249 801/801/801
f 1272/1272/1272 801/801/801 1273/1273/1273
f 1273/1273/1273 801/801/801 800/800/800
f 1273/1273/1273 800/800/800 1328/1328/1328
f 1257/1257/1257 1273/1273/1273 1328/1328/1328
f 1257/1257/1257 1328/1328/1328 1329/1329/1329
f 1258/1258/1258 1257/1257/1257 1329/1329/1329
f 1258/1258/1258 1329/1329/1329 1330/1330/1330
f 1258/1258/1258 1330/1330/1330 787/787/787
f 1258/1258/1258 787/787/787 790/790/790
f 1278/1278/1278 1258/1258/1258 790/790/790
f 1278/1278/1278 790/790/790 1248/1248/1248
f 1331/1331/1331 1246/1246/1246 1243/1243/1243
f 1331/1331/1331 1243/1243/1243 1332/1332/1332
f 1332/1332/1332 1243/1243/1243 659/659/659
f 1332/1332/1332 659/659/659 658/658/658
f 1333/1333/1333 1332/1332/1332 658/658/658
f 1333/1333/1333 658/658/658 661/661/661
f 1275/1275/1275 1333/1333/1333 661/661/661
f 1275/1275/1275 661/661/661 638/638/638
f 1275/1275/1275 638/638/638 637/637/637
f 1275/1275/1275 637/637/637 1235/1235/1235
f 1334/1334/1334 670/670/670 669/669/669
f 1334/1334/1334 669/669/669 1309/1309/1309
f 666/666/666 665/665/665 1335/1335/1335
f 666/666/666 1335/1335/1335 1308/1308/1308
f 1295/1295/1295 1296/1296/1296 1336/1336/1336
f 1295/1295/1295 1336/1336/1336 765/765/765
f 1153/1153/1153 1152/1152/1152 1337/1337/1337
f 1153/1153/1153 1337/1337/1337 1338/1338/1338
f 1153/1153/1153 1338/1338/1338 1339/1339/1339
f 1153/1153/1153 1339/1339/1339 1340/1340/1340
f 1153/1153/1153 1340/1340/1340 1341/1341/1341
f 1153/1153/1153 1341/1341/1341 1154/1154/1154
f 1342/1342/1342 1343/1343/1343 1344/1344/1344
f 1342/1342/1342 1344/1344/1344 1345/1345/1345
f 1346/1346/1346 1347/1347/1347 1348/1348/1348
f 1346/1346/1346 1348/1348/1348 1349/1349/1349
f 1088/1088/1088 1087/1087/1087 1200/1200/1200
f 1088/1088/1088 1200/1200/1200 1199/1199/1199
f 1350/1350/1350 1351/1351/1351 1352/1352/1352
f 1350/1350/1350 1352/1352/1352 1353/1353/1353
f 1354/1354/1354 1355/1355/1355 1356/1356/1356
f 1354/1354/1354 1356/1356/1356 1357/1357/1357
f 1358/1358/1358 1359/1359/1359 1351/1351/1351
f 1358/1358/1358 1351/1351/1351 1350/1350/1350
f 1360/1360/1360 1354/1354/1354 1357/1357/1357
f 1360/1360/1360 1357/1357/1357 1361/1361/1361
f 1343/1343/1343 1362/1362/1362 1363/1363/1363
f 1343/1343/1343 1363/1363/1363 1344/1344/1344
f 1347/1347/1347 1364/1364/1364 1365/1365/1365
f 1347/1347/1347 1365/1365/1365 1348/1348/1348
f 1097/1097/1097 1088/1088/1088 1199/1199/1199
f 1097/1097/1097 1199/1199/1199 1201/1201/1201
f 1366/1366/1366 1342/1342/1342 1345/1345/1345
f 1366/1366/1366 1345/1345/1345 1367/1367/1367
f 1368/1368/1368 1346/1346/1346 1349/1349/1349
f 1368/1368/1368 1349/1349/1349 1369/1369/1369
f 1087/1087/1087 1099/1099/1099 1202/1202/1202
f 1087/1087/1087 1202/1202/1202 1200/1200/1200
f 1370/1370/1370 1366/1366/1366 1367/1367/1367
f 1370/1370/1370 1367/1367/1367 1371/1371/1371
f 1372/1372/1372 1368/1368/1368 1369/1369/1369
f 1372/1372/1372 1369/1369/1369 1373/1373/1373
f 1202/1202/1202 1099/1099/1099 1102/1102/1102
f 1202/1202/1202 1102/1102/1102 1203/1203/1203
f 1374/1374/1374 1370/1370/1370 1371/1371/1371
f 1374/1374/1374 1371/1371/1371 1375/1375/1375
f 1376/1376/1376 1377/1377/1377 1372/1372/1372
f 1376/1376/1376 1372/1372/1372 1373/1373/1373
f 1203/1203/1203 1102/1102/1102 1104/1104/1104
f 1203/1203/1203 1104/1104/1104 1204/1204/1204
f 1378/1378/1378 1374/1374/1374 1375/1375/1375
f 1378/1378/1378 1375/1375/1375 1379/1379/1379
f 1380/1380/1380 1381/1381/1381 1377/1377/1377
f 1380/1380/1380 1377/1377/1377 1376/1376/1376
f 1204/1204/1204 1104/1104/1104 1106/1106/1106
f 1204/1204/1204 1106/1106/1106 1205/1205/1205
f 1382/1382/1382 1378/1378/1378 1379/1379/1379
f 1382/1382/1382 1379/1379/1379 1383/1383/1383
f 1384/1384/1384 1385/1385/1385 1381/1381/1381
f 1384/1384/1384 1381/1381/1381 1380/1380/1380
f 1205/1205/1205 1106/1106/1106 1108/1108/1108
f 1205/1205/1205 1108/1108/1108 1206/1206/1206
f 1362/1362/1362 1386/1386/1386 1387/1387/1387
f 1362/1362/1362 1387/1387/1387 1363/1363/1363
f 1365/1365/1365 1364/1364/1364 1388/1388/1388
f 1365/1365/1365 1388/1388/1388 1389/1389/1389
f 1109/1109/1109 1097/1097/1097 1201/1201/1201
f 1109/1109/1109 1201/1201/1201 1207/1207/1207
f 1390/1390/1390 1382/1382/1382 1383/1383/1383
f 1390/1390/1390 1383/1383/1383 1391/1391/1391
f 1392/1392/1392 1385/1385/1385 1384/1384/1384
f 1392/1392/1392 1384/1384/1384 1393/1393/1393
f 1206/1206/1206 1108/1108/1108 1112/1112/1112
f 1206/1206/1206 1112/1112/1112 1208/1208/1208
f 1394/1394/1394 1395/1395/1395 1396/1396/1396
f 1394/1394/1394 1396/1396/1396 1397/1397/1397
f 1398/1398/1398 1399/1399/1399 1400/1400/1400
f 1398/1398/1398 1400/1400/1400 1401/1401/1401
f 1402/1402/1402 1403/1403/1403 1404/1404/1404
f 1402/1402/1402 1404/1404/1404 1405/1405/1405
f 1406/1406/1406 1407/1407/1407 1408/1408/1408
f 1406/1406/1406 1408/1408/1408 1409/1409/1409
f 1209/1209/1209 1118/1118/1118 1117/1117/1117
f 1209/1209/1209 1117/1117/1117 1210/1210/1210
f 1404/1404/1404 1403/1403/1403 1410/1410/1410
f 1404/1404/1404 1410/1410/1410 1411/1411/1411
f 1409/1409/1409 1408/1408/1408 1412/1412/1412
f 1409/1409/1409 1412/1412/1412 1413/1413/1413
f 1211/1211/1211 1121/1121/1121 1118/1118/1118
f 1211/1211/1211 1118/1118/1118 1209/1209/1209
f 1410/1410/1410 1414/1414/1414 1415/1415/1415
f 1410/1410/1410 1415/1415/1415 1411/1411/1411
f 1413/1413/1413 1412/1412/1412 1416/1416/1416
f 1413/1413/1413 1416/1416/1416 1417/1417/1417
f 1212/1212/1212 1123/1123/1123 1121/1121/1121
f 1212/1212/1212 1121/1121/1121 1211/1211/1211
f 1415/1415/1415 1414/1414/1414 1418/1418/1418
f 1415/1415/1415 1418/1418/1418 1419/1419/1419
f 1417/1417/1417 1416/1416/1416 1420/1420/1420
f 1417/1417/1417 1420/1420/1420 1421/1421/1421
f 1213/1213/1213 1125/1125/1125 1123/1123/1123
f 1213/1213/1213 1123/1123/1123 1212/1212/1212
f 1419/1419/1419 1418/1418/1418 1422/1422/1422
f 1419/1419/1419 1422/1422/1422 1423/1423/1423
f 1421/1421/1421 1420/1420/1420 1424/1424/1424
f 1421/1421/1421 1424/1424/1424 1425/1425/1425
f 1214/1214/1214 1127/1127/1127 1125/1125/1125
f 1214/1214/1214 1125/1125/1125 1213/1213/1213
f 1422/1422/1422 1390/1390/1390 1391/1391/1391
f 1422/1422/1422 1391/1391/1391 1423/1423/1423
f 1425/1425/1425 1424/1424/1424 1392/1392/1392
f 1425/1425/1425 1392/1392/1392 1393/1393/1393
f 1208/1208/1208 1112/1112/1112 1127/1127/1127
f 1208/1208/1208 1127/1127/1127 1214/1214/1214
f 1386/1386/1386 1426/1426/1426 1427/1427/1427
f 1386/1386/1386 1427/1427/1427 1387/1387/1387
f 1388/1388/1388 1428/1428/1428 1429/1429/1429
f 1388/1388/1388 1429/1429/1429 1389/1389/1389
f 1129/1129/1129 1109/1109/1109 1207/1207/1207
f 1129/1129/1129 1207/1207/1207 1215/1215/1215
f 1426/1426/1426 1430/1430/1430 1431/1431/1431
f 1426/1426/1426 1431/1431/1431 1427/1427/1427
f 1428/1428/1428 1432/1432/1432 1433/1433/1433
f 1428/1428/1428 1433/1433/1433 1429/1429/1429
f 1131/1131/1131 1129/1129/1129 1215/1215/1215
f 1131/1131/1131 1215/1215/1215 1216/1216/1216
f 1430/1430/1430 1434/1434/1434 1435/1435/1435
f 1430/1430/1430 1435/1435/1435 1431/1431/1431
f 1432/1432/1432 1436/1436/1436 1437/1437/1437
f 1432/1432/1432 1437/1437/1437 1433/1433/1433
f 1217/1217/1217 1133/1133/1133 1131/1131/1131
f 1217/1217/1217 1131/1131/1131 1216/1216/1216
f 1434/1434/1434 1438/1438/1438 1439/1439/1439
f 1434/1434/1434 1439/1439/1439 1435/1435/1435
f 1436/1436/1436 1440/1440/1440 1441/1441/1441
f 1436/1436/1436 1441/1441/1441 1437/1437/1437
f 1218/1218/1218 1135/1135/1135 1133/1133/1133
f 1218/1218/1218 1133/1133/1133 1217/1217/1217
f 1438/1438/1438 1442/1442/1442 1443/1443/1443
f 1438/1438/1438 1443/1443/1443 1439/1439/1439
f 1441/1441/1441 1440/1440/1440 1444/1444/1444
f 1441/1441/1441 1444/1444/1444 1445/1445/1445
f 1219/1219/1219 1137/1137/1137 1135/1135/1135
f 1219/1219/1219 1135/1135/1135 1218/1218/1218
f 1443/1443/1443 1442/1442/1442 1446/1446/1446
f 1443/1443/1443 1446/1446/1446 1447/1447/1447
f 1445/1445/1445 1444/1444/1444 1448/1448/1448
f 1445/1445/1445 1448/1448/1448 1449/1449/1449
f 1220/1220/1220 1139/1139/1139 1137/1137/1137
f 1220/1220/1220 1137/1137/1137 1219/1219/1219
f 1450/1450/1450 1451/1451/1451 1452/1452/1452
f 1450/1450/1450 1452/1452/1452 1453/1453/1453
f 1454/1454/1454 1455/1455/1455 1456/1456/1456
f 1454/1454/1454 1456/1456/1456 1457/1457/1457
f 1141/1141/1141 1139/1139/1139 1220/1220/1220
f 1141/1141/1141 1220/1220/1220 1222/1222/1222
f 1458/1458/1458 1459/1459/1459 1359/1359/1359
f 1458/1458/1458 1359/1359/1359 1358/1358/1358
f 1460/1460/1460 1461/1461/1461 1360/1360/1360
f 1460/1460/1460 1360/1360/1360 1361/1361/1361
f 1343/1343/1343 1342/1342/1342 1462/1462/1462
f 1343/1343/1343 1462/1462/1462 1463/1463/1463
f 1349/1349/1349 1348/1348/1348 1463/1463/1463
f 1349/1349/1349 1463/1463/1463 1462/1462/1462
f 1347/1347/1347 1346/1346/1346 1090/1090/1090
f 1347/1347/1347 1090/1090/1090 1089/1089/1089
f 1464/1464/1464 1352/1352/1352 1351/1351/1351
f 1464/1464/1464 1351/1351/1351 1465/1465/1465
f 1357/1357/1357 1356/1356/1356 1464/1464/1464
f 1357/1357/1357 1464/1464/1464 1465/1465/1465
f 1355/1355/1355 1354/1354/1354 1094/1094/1094
f 1355/1355/1355 1094/1094/1094 1093/1093/1093
f 1465/1465/1465 1351/1351/1351 1359/1359/1359
f 1465/1465/1465 1359/1359/1359 1466/1466/1466
f 1361/1361/1361 1357/1357/1357 1465/1465/1465
f 1361/1361/1361 1465/1465/1465 1466/1466/1466
f 1354/1354/1354 1360/1360/1360 1096/1096/1096
f 1354/1354/1354 1096/1096/1096 1094/1094/1094
f 1362/1362/1362 1343/1343/1343 1463/1463/1463
f 1362/1362/1362 1463/1463/1463 1467/1467/1467
f 1348/1348/1348 1365/1365/1365 1467/1467/1467
f 1348/1348/1348 1467/1467/1467 1463/1463/1463
f 1364/1364/1364 1347/1347/1347 1089/1089/1089
f 1364/1364/1364 1089/1089/1089 1098/1098/1098
f 1342/1342/1342 1366/1366/1366 1468/1468/1468
f 1342/1342/1342 1468/1468/1468 1462/1462/1462
f 1369/1369/1369 1349/1349/1349 1462/1462/1462
f 1369/1369/1369 1462/1462/1462 1468/1468/1468
f 1346/1346/1346 1368/1368/1368 1100/1100/1100
f 1346/1346/1346 1100/1100/1100 1090/1090/1090
f 1366/1366/1366 1370/1370/1370 1469/1469/1469
f 1366/1366/1366 1469/1469/1469 1468/1468/1468
f 1373/1373/1373 1369/1369/1369 1468/1468/1468
f 1373/1373/1373 1468/1468/1468 1469/1469/1469
f 1368/1368/1368 1372/1372/1372 1101/1101/1101
f 1368/1368/1368 1101/1101/1101 1100/1100/1100
f 1370/1370/1370 1374/1374/1374 1470/1470/1470
f 1370/1370/1370 1470/1470/1470 1469/1469/1469
f 1376/1376/1376 1373/1373/1373 1469/1469/1469
f 1376/1376/1376 1469/1469/1469 1470/1470/1470
f 1101/1101/1101 1372/1372/1372 1377/1377/1377
f 1101/1101/1101 1377/1377/1377 1103/1103/1103
f 1374/1374/1374 1378/1378/1378 1471/1471/1471
f 1374/1374/1374 1471/1471/1471 1470/1470/1470
f 1471/1471/1471 1380/1380/1380 1376/1376/1376
f 1471/1471/1471 1376/1376/1376 1470/1470/1470
f 1103/1103/1103 1377/1377/1377 1381/1381/1381
f 1103/1103/1103 1381/1381/1381 1105/1105/1105
f 1471/1471/1471 1378/1378/1378 1382/1382/1382
f 1471/1471/1471 1382/1382/1382 1472/1472/1472
f 1472/1472/1472 1384/1384/1384 1380/1380/1380
f 1472/1472/1472 1380/1380/1380 1471/1471/1471
f 1105/1105/1105 1381/1381/1381 1385/1385/1385
f 1105/1105/1105 1385/1385/1385 1107/1107/1107
f 1473/1473/1473 1386/1386/1386 1362/1362/1362
f 1473/1473/1473 1362/1362/1362 1467/1467/1467
f 1467/1467/1467 1365/1365/1365 1389/1389/1389
f 1467/1467/1467 1389/1389/1389 1473/1473/1473
f 1110/1110/1110 1388/1388/1388 1364/1364/1364
f 1110/1110/1110 1364/1364/1364 1098/1098/1098
f 1382/1382/1382 1390/1390/1390 1474/1474/1474
f 1382/1382/1382 1474/1474/1474 1472/1472/1472
f 1393/1393/1393 1384/1384/1384 1472/1472/1472
f 1393/1393/1393 1472/1472/1472 1474/1474/1474
f 1107/1107/1107 1385/1385/1385 1392/1392/1392
f 1107/1107/1107 1392/1392/1392 1111/1111/1111
f 1397/1397/1397 1475/1475/1475 1476/1476/1476
f 1397/1397/1397 1476/1476/1476 1394/1394/1394
f 1400/1400/1400 1476/1476/1476 1475/1475/1475
f 1400/1400/1400 1475/1475/1475 1401/1401/1401
f 1399/1399/1399 1398/1398/1398 1116/1116/1116
f 1399/1399/1399 1116/1116/1116 1115/1115/1115
f 1477/1477/1477 1403/1403/1403 1402/1402/1402
f 1477/1477/1477 1402/1402/1402 1478/1478/1478
f 1478/1478/1478 1406/1406/1406 1409/1409/1409
f 1478/1478/1478 1409/1409/1409 1477/1477/1477
f 1408/1408/1408 1407/1407/1407 1120/1120/1120
f 1408/1408/1408 1120/1120/1120 1119/1119/1119
f 1479/1479/1479 1410/1410/1410 1403/1403/1403
f 1479/1479/1479 1403/1403/1403 1477/1477/1477
f 1477/1477/1477 1409/1409/1409 1413/1413/1413
f 1477/1477/1477 1413/1413/1413 1479/1479/1479
f 1122/1122/1122 1412/1412/1412 1408/1408/1408
f 1122/1122/1122 1408/1408/1408 1119/1119/1119
f 1480/1480/1480 1414/1414/1414 1410/1410/1410
f 1480/1480/1480 1410/1410/1410 1479/1479/1479
f 1479/1479/1479 1413/1413/1413 1417/1417/1417
f 1479/1479/1479 1417/1417/1417 1480/1480/1480
f 1124/1124/1124 1416/1416/1416 1412/1412/1412
f 1124/1124/1124 1412/1412/1412 1122/1122/1122
f 1481/1481/1481 1418/1418/1418 1414/1414/1414
f 1481/1481/1481 1414/1414/1414 1480/1480/1480
f 1480/1480/1480 1417/1417/1417 1421/1421/1421
f 1480/1480/1480 1421/1421/1421 1481/1481/1481
f 1126/1126/1126 1420/1420/1420 1416/1416/1416
f 1126/1126/1126 1416/1416/1416 1124/1124/1124
f 1482/1482/1482 1422/1422/1422 1418/1418/1418
f 1482/1482/1482 1418/1418/1418 1481/1481/1481
f 1481/1481/1481 1421/1421/1421 1425/1425/1425
f 1481/1481/1481 1425/1425/1425 1482/1482/1482
f 1128/1128/1128 1424/1424/1424 1420/1420/1420
f 1128/1128/1128 1420/1420/1420 1126/1126/1126
f 1474/1474/1474 1390/1390/1390 1422/1422/1422
f 1474/1474/1474 1422/1422/1422 1482/1482/1482
f 1482/1482/1482 1425/1425/1425 1393/1393/1393
f 1482/1482/1482 1393/1393/1393 1474/1474/1474
f 1111/1111/1111 1392/1392/1392 1424/1424/1424
f 1111/1111/1111 1424/1424/1424 1128/1128/1128
f 1483/1483/1483 1426/1426/1426 1386/1386/1386
f 1483/1483/1483 1386/1386/1386 1473/1473/1473
f 1473/1473/1473 1389/1389/1389 1429/1429/1429
f 1473/1473/1473 1429/1429/1429 1483/1483/1483
f 1428/1428/1428 1388/1388/1388 1110/1110/1110
f 1428/1428/1428 1110/1110/1110 1130/1130/1130
f 1430/1430/1430 1426/1426/1426 1483/1483/1483
f 1430/1430/1430 1483/1483/1483 1484/1484/1484
f 1483/1483/1483 1429/1429/1429 1433/1433/1433
f 1483/1483/1483 1433/1433/1433 1484/1484/1484
f 1432/1432/1432 1428/1428/1428 1130/1130/1130
f 1432/1432/1432 1130/1130/1130 1132/1132/1132
f 1434/1434/1434 1430/1430/1430 1484/1484/1484
f 1434/1434/1434 1484/1484/1484 1485/1485/1485
f 1433/1433/1433 1437/1437/1437 1485/1485/1485
f 1433/1433/1433 1485/1485/1485 1484/1484/1484
f 1436/1436/1436 1432/1432/1432 1132/1132/1132
f 1436/1436/1436 1132/1132/1132 1134/1134/1134
f 1438/1438/1438 1434/1434/1434 1485/1485/1485
f 1438/1438/1438 1485/1485/1485 1486/1486/1486
f 1437/1437/1437 1441/1441/1441 1486/1486/1486
f 1437/1437/1437 1486/1486/1486 1485/1485/1485
f 1440/1440/1440 1436/1436/1436 1134/1134/1134
f 1440/1440/1440 1134/1134/1134 1136/1136/1136
f 1487/1487/1487 1442/1442/1442 1438/1438/1438
f 1487/1487/1487 1438/1438/1438 1486/1486/1486
f 1486/1486/1486 1441/1441/1441 1445/1445/1445
f 1486/1486/1486 1445/1445/1445 1487/1487/1487
f 1138/1138/1138 1444/1444/1444 1440/1440/1440
f 1138/1138/1138 1440/1440/1440 1136/1136/1136
f 1488/1488/1488 1446/1446/1446 1442/1442/1442
f 1488/1488/1488 1442/1442/1442 1487/1487/1487
f 1487/1487/1487 1445/1445/1445 1449/1449/1449
f 1487/1487/1487 1449/1449/1449 1488/1488/1488
f 1140/1140/1140 1448/1448/1448 1444/1444/1444
f 1140/1140/1140 1444/1444/1444 1138/1138/1138
f 1451/1451/1451 1446/1446/1446 1488/1488/1488
f 1451/1451/1451 1488/1488/1488 1489/1489/1489
f 1489/1489/1489 1454/1454/1454 1457/1457/1457
f 1489/1489/1489 1457/1457/1457 1490/1490/1490
f 1144/1144/1144 1455/1455/1455 1448/1448/1448
f 1144/1144/1144 1448/1448/1448 1140/1140/1140
f 1491/1491/1491 1459/1459/1459 1492/1492/1492
f 1491/1491/1491 1492/1492/1492 1493/1493/1493
f 1491/1491/1491 1460/1460/1460 1361/1361/1361
f 1491/1491/1491 1361/1361/1361 1466/1466/1466
f 1145/1145/1145 1461/1461/1461 1494/1494/1494
f 1145/1145/1145 1494/1494/1494 1495/1495/1495
f 892/892/892 676/676/676 871/871/871
f 892/892/892 871/871/871 867/867/867
f 680/680/680 679/679/679 1496/1496/1496
f 680/680/680 1496/1496/1496 920/920/920
f 1497/1497/1497 676/676/676 892/892/892
f 1497/1497/1497 892/892/892 893/893/893
f 894/894/894 1498/1498/1498 1497/1497/1497
f 894/894/894 1497/1497/1497 893/893/893
f 594/594/594 914/914/914 1499/1499/1499
f 594/594/594 1499/1499/1499 896/896/896
f 920/920/920 1496/1496/1496 1499/1499/1499
f 920/920/920 1499/1499/1499 914/914/914
f 1498/1498/1498 1500/1500/1500 1501/1501/1501
f 1498/1498/1498 1501/1501/1501 1497/1497/1497
f 678/678/678 674/674/674 1501/1501/1501
f 678/678/678 1501/1501/1501 1500/1500/1500
f 1501/1501/1501 674/674/674 676/676/676
f 1501/1501/1501 676/676/676 1497/1497/1497
f 1502/1502/1502 1503/1503/1503 1504/1504/1504
f 1502/1502/1502 1504/1504/1504 1505/1505/1505
f 1503/1503/1503 1506/1506/1506 1507/1507/1507
f 1503/1503/1503 1507/1507/1507 1504/1504/1504
f 1508/1508/1508 1509/1509/1509 1510/1510/1510
f 1508/1508/1508 1510/1510/1510 1511/1511/1511
f 1512/1512/1512 1513/1513/1513 1514/1514/1514
f 1512/1512/1512 1514/1514/1514 1515/1515/1515
f 1516/1516/1516 1517/1517/1517 1518/1518/1518
f 1516/1516/1516 1518/1518/1518 1519/1519/1519
f 1520/1520/1520 1151/1151/1151 1154/1154/1154
f 1520/1520/1520 1154/1154/1154 1521/1521/1521
f 1522/1522/1522 1523/1523/1523 1517/1517/1517
f 1522/1522/1522 1517/1517/1517 1516/1516/1516
f 1521/1521/1521 1154/1154/1154 1341/1341/1341
f 1521/1521/1521 1341/1341/1341 1524/1524/1524
f 1340/1340/1340 1339/1339/1339 1092/1092/1092
f 1340/1340/1340 1092/1092/1092 1091/1091/1091
f 1341/1341/1341 1340/1340/1340 1091/1091/1091
f 1341/1341/1341 1091/1091/1091 1095/1095/1095
f 1114/1114/1114 1113/1113/1113 1523/1523/1523
f 1114/1114/1114 1523/1523/1523 1522/1522/1522
f 1341/1341/1341 1095/1095/1095 1146/1146/1146
f 1341/1341/1341 1146/1146/1146 1524/1524/1524
f 757/757/757 756/756/756 1293/1293/1293
f 757/757/757 1293/1293/1293 1292/1292/1292
f 765/765/765 757/757/757 1292/1292/1292
f 765/765/765 1292/1292/1292 1295/1295/1295
f 1263/1263/1263 1256/1256/1256 1259/1259/1259
f 1263/1263/1263 1259/1259/1259 1264/1264/1264
f 1271/1271/1271 1270/1270/1270 1262/1262/1262
f 1271/1271/1271 1262/1262/1262 1261/1261/1261
f 1283/1283/1283 1274/1274/1274 1277/1277/1277
f 1283/1283/1283 1277/1277/1277 1284/1284/1284
f 1264/1264/1264 1259/1259/1259 1279/1279/1279
f 1264/1264/1264 1279/1279/1279 1265/1265/1265
f 1281/1281/1281 1280/1280/1280 1331/1331/1331
f 1281/1281/1281 1331/1331/1331 1332/1332/1332
f 1282/1282/1282 1281/1281/1281 1332/1332/1332
f 1282/1282/1282 1332/1332/1332 1333/1333/1333
f 1275/1275/1275 1274/1274/1274 1282/1282/1282
f 1275/1275/1275 1282/1282/1282 1333/1333/1333
f 1256/1256/1256 1270/1270/1270 1273/1273/1273
f 1256/1256/1256 1273/1273/1273 1257/1257/1257
f 1286/1286/1286 1285/1285/1285 761/761/761
f 1286/1286/1286 761/761/761 760/760/760
f 761/761/761 1285/1285/1285 1287/1287/1287
f 761/761/761 1287/1287/1287 766/766/766
f 766/766/766 1287/1287/1287 1288/1288/1288
f 766/766/766 1288/1288/1288 767/767/767
f 1290/1290/1290 1286/1286/1286 760/760/760
f 1290/1290/1290 760/760/760 763/763/763
f 1293/1293/1293 756/756/756 1297/1297/1297
f 1293/1293/1293 1297/1297/1297 1294/1294/1294
f 1299/1299/1299 1298/1298/1298 777/777/777
f 1299/1299/1299 777/777/777 776/776/776
f 777/777/777 1298/1298/1298 1300/1300/1300
f 777/777/777 1300/1300/1300 784/784/784
f 784/784/784 1300/1300/1300 1525/1525/1525
f 784/784/784 1525/1525/1525 785/785/785
f 1302/1302/1302 1301/1301/1301 783/783/783
f 1302/1302/1302 783/783/783 782/782/782
f 1301/1301/1301 1303/1303/1303 773/773/773
f 1301/1301/1301 773/773/773 783/783/783
f 773/773/773 1303/1303/1303 1304/1304/1304
f 773/773/773 1304/1304/1304 774/774/774
f 774/774/774 1304/1304/1304 1305/1305/1305
f 774/774/774 1305/1305/1305 775/775/775
f 1306/1306/1306 1299/1299/1299 776/776/776
f 1306/1306/1306 776/776/776 779/779/779
f 666/666/666 1308/1308/1308 1309/1309/1309
f 666/666/666 1309/1309/1309 669/669/669
f 750/750/750 1310/1310/1310 1311/1311/1311
f 750/750/750 1311/1311/1311 751/751/751
f 1312/1312/1312 1310/1310/1310 750/750/750
f 1312/1312/1312 750/750/750 755/755/755
f 751/751/751 1311/1311/1311 1313/1313/1313
f 751/751/751 1313/1313/1313 752/752/752
f 1526/1526/1526 1335/1335/1335 665/665/665
f 1526/1526/1526 665/665/665 668/668/668
f 1314/1314/1314 1312/1312/1312 755/755/755
f 1314/1314/1314 755/755/755 754/754/754
f 1307/1307/1307 1334/1334/1334 1309/1309/1309
f 1307/1307/1307 1309/1309/1309 673/673/673
f 1308/1308/1308 1335/1335/1335 871/871/871
f 1308/1308/1308 871/871/871 671/671/671
f 765/765/765 1336/1336/1336 814/814/814
f 765/765/765 814/814/814 764/764/764
f 948/948/948 1527/1527/1527 1528/1528/1528
f 948/948/948 1528/1528/1528 946/946/946
f 1528/1528/1528 1529/1529/1529 926/926/926
f 1528/1528/1528 926/926/926 946/946/946
f 1529/1529/1529 1530/1530/1530 781/781/781
f 1529/1529/1529 781/781/781 926/926/926
f 1530/1530/1530 1531/1531/1531 769/769/769
f 1530/1530/1530 769/769/769 781/781/781
f 769/769/769 1531/1531/1531 1532/1532/1532
f 769/769/769 1532/1532/1532 770/770/770
f 770/770/770 1532/1532/1532 1533/1533/1533
f 770/770/770 1533/1533/1533 818/818/818
f 1533/1533/1533 1534/1534/1534 807/807/807
f 1533/1533/1533 807/807/807 818/818/818
f 1534/1534/1534 1535/1535/1535 808/808/808
f 1534/1534/1534 808/808/808 807/807/807
f 1536/1536/1536 522/522/522 62/62/62
f 1536/1536/1536 62/62/62 729/729/729
f 65/65/65 67/67/67 1537/1537/1537
f 65/65/65 1537/1537/1537 730/730/730
f 1289/1289/1289 1538/1538/1538 1539/1539/1539
f 1289/1289/1289 1539/1539/1539 794/794/794
f 812/812/812 1538/1538/1538 1289/1289/1289
f 812/812/812 1289/1289/1289 809/809/809
f 794/794/794 1539/1539/1539 792/792/792
f 794/794/794 792/792/792 791/791/791
f 803/803/803 1540/1540/1540 1541/1541/1541
f 803/803/803 1541/1541/1541 804/804/804
f 804/804/804 1541/1541/1541 811/811/811
f 804/804/804 811/811/811 810/810/810
f 450/450/450 1542/1542/1542 707/707/707
f 450/450/450 707/707/707 451/451/451
f 1543/1543/1543 1544/1544/1544 715/715/715
f 1543/1543/1543 715/715/715 714/714/714
f 719/719/719 1545/1545/1545 523/523/523
f 719/719/719 523/523/523 53/53/53
f 1546/1546/1546 1547/1547/1547 722/722/722
f 1546/1546/1546 722/722/722 721/721/721
f 1548/1548/1548 1546/1546/1546 721/721/721
f 1548/1548/1548 721/721/721 787/787/787
f 1330/1330/1330 1549/1549/1549 1548/1548/1548
f 1330/1330/1330 1548/1548/1548 787/787/787
f 1550/1550/1550 1551/1551/1551 1328/1328/1328
f 1550/1550/1550 1328/1328/1328 800/800/800
f 715/715/715 1544/1544/1544 1550/1550/1550
f 715/715/715 1550/1550/1550 800/800/800
f 1551/1551/1551 1552/1552/1552 1329/1329/1329
f 1551/1551/1551 1329/1329/1329 1328/1328/1328
f 1329/1329/1329 1552/1552/1552 1549/1549/1549
f 1329/1329/1329 1549/1549/1549 1330/1330/1330
f 693/693/693 695/695/695 1553/1553/1553
f 693/693/693 1553/1553/1553 1554/1554/1554
f 697/697/697 1555/1555/1555 1553/1553/1553
f 697/697/697 1553/1553/1553 695/695/695
f 961/961/961 1556/1556/1556 1557/1557/1557
f 961/961/961 1557/1557/1557 699/699/699
f 967/967/967 1558/1558/1558 1556/1556/1556
f 967/967/967 1556/1556/1556 961/961/961
f 693/693/693 1554/1554/1554 939/939/939
f 693/693/693 939/939/939 932/932/932
f 1555/1555/1555 1557/1557/1557 1559/1559/1559
f 1555/1555/1555 1559/1559/1559 1560/1560/1560
f 940/940/940 939/939/939 1554/1554/1554
f 940/940/940 1554/1554/1554 1560/1560/1560
f 1561/1561/1561 933/933/933 936/936/936
f 1561/1561/1561 936/936/936 1559/1559/1559
f 1562/1562/1562 962/962/962 933/933/933
f 1562/1562/1562 933/933/933 1561/1561/1561
f 971/971/971 962/962/962 1562/1562/1562
f 971/971/971 1562/1562/1562 1563/1563/1563
f 1559/1559/1559 1557/1557/1557 1556/1556/1556
f 1559/1559/1559 1556/1556/1556 1561/1561/1561
f 1561/1561/1561 1556/1556/1556 1558/1558/1558
f 1561/1561/1561 1558/1558/1558 1562/1562/1562
f 1564/1564/1564 1563/1563/1563 1562/1562/1562
f 1564/1564/1564 1562/1562/1562 1558/1558/1558
f 1565/1565/1565 700/700/700 703/703/703
f 1565/1565/1565 703/703/703 1566/1566/1566
f 1558/1558/1558 967/967/967 1567/1567/1567
f 1558/1558/1558 1567/1567/1567 1564/1564/1564
f 1567/1567/1567 967/967/967 966/966/966
f 1567/1567/1567 966/966/966 1568/1568/1568
f 1568/1568/1568 966/966/966 969/969/969
f 1568/1568/1568 969/969/969 968/968/968
f 1092/1092/1092 1113/1113/1113 1116/1116/1116
f 1092/1092/1092 1116/1116/1116 1093/1093/1093
f 1120/1120/1120 1115/1115/1115 1114/1114/1114
f 1120/1120/1120 1114/1114/1114 1117/1117/1117
f 1352/1352/1352 1397/1397/1397 1396/1396/1396
f 1352/1352/1352 1396/1396/1396 1353/1353/1353
f 1395/1395/1395 1394/1394/1394 1402/1402/1402
f 1395/1395/1395 1402/1402/1402 1405/1405/1405
f 1355/1355/1355 1398/1398/1398 1401/1401/1401
f 1355/1355/1355 1401/1401/1401 1356/1356/1356
f 1406/1406/1406 1400/1400/1400 1399/1399/1399
f 1406/1406/1406 1399/1399/1399 1407/1407/1407
f 1394/1394/1394 1476/1476/1476 1478/1478/1478
f 1394/1394/1394 1478/1478/1478 1402/1402/1402
f 1475/1475/1475 1397/1397/1397 1352/1352/1352
f 1475/1475/1475 1352/1352/1352 1464/1464/1464
f 1401/1401/1401 1475/1475/1475 1464/1464/1464
f 1401/1401/1401 1464/1464/1464 1356/1356/1356
f 1476/1476/1476 1400/1400/1400 1406/1406/1406
f 1476/1476/1476 1406/1406/1406 1478/1478/1478
f 1407/1407/1407 1399/1399/1399 1115/1115/1115
f 1407/1407/1407 1115/1115/1115 1120/1120/1120
f 1093/1093/1093 1116/1116/1116 1398/1398/1398
f 1093/1093/1093 1398/1398/1398 1355/1355/1355
f 1509/1509/1509 1059/1059/1059 1062/1062/1062
f 1509/1509/1509 1062/1062/1062 1510/1510/1510
f 1511/1511/1511 1502/1502/1502 1505/1505/1505
f 1511/1511/1511 1505/1505/1505 1508/1508/1508
f 1174/1174/1174 1516/1516/1516 1519/1519/1519
f 1174/1174/1174 1519/1519/1519 1171/1171/1171
f 1518/1518/1518 1517/1517/1517 1338/1338/1338
f 1518/1518/1518 1338/1338/1338 1337/1337/1337
f 1210/1210/1210 1522/1522/1522 1516/1516/1516
f 1210/1210/1210 1516/1516/1516 1174/1174/1174
f 1338/1338/1338 1517/1517/1517 1523/1523/1523
f 1338/1338/1338 1523/1523/1523 1339/1339/1339
f 1117/1117/1117 1114/1114/1114 1522/1522/1522
f 1117/1117/1117 1522/1522/1522 1210/1210/1210
f 1339/1339/1339 1523/1523/1523 1113/1113/1113
f 1339/1339/1339 1113/1113/1113 1092/1092/1092
f 1569/1569/1569 991/991/991 990/990/990
f 1569/1569/1569 990/990/990 1570/1570/1570
f 1571/1571/1571 1569/1569/1569 1570/1570/1570
f 1571/1571/1571 1570/1570/1570 1572/1572/1572
f 1566/1566/1566 1571/1571/1571 1572/1572/1572
f 1566/1566/1566 1572/1572/1572 1565/1565/1565
f 870/870/870 871/871/871 1335/1335/1335
f 870/870/870 1335/1335/1335 1526/1526/1526
f 1300/1300/1300 692/692/692 931/931/931
f 1300/1300/1300 931/931/931 1525/1525/1525
f 1042/1042/1042 1041/1041/1041 1148/1148/1148
f 1042/1042/1042 1148/1148/1148 1147/1147/1147
f 1040/1040/1040 1039/1039/1039 1573/1573/1573
f 1040/1040/1040 1573/1573/1573 1574/1574/1574
f 1041/1041/1041 1044/1044/1044 1155/1155/1155
f 1041/1041/1041 1155/1155/1155 1148/1148/1148
f 1043/1043/1043 1040/1040/1040 1574/1574/1574
f 1043/1043/1043 1574/1574/1574 1575/1575/1575
f 1046/1046/1046 1042/1042/1042 1147/1147/1147
f 1046/1046/1046 1147/1147/1147 1157/1157/1157
f 1039/1039/1039 1045/1045/1045 1576/1576/1576
f 1039/1039/1039 1576/1576/1576 1573/1573/1573
f 1160/1160/1160 1047/1047/1047 1046/1046/1046
f 1160/1160/1160 1046/1046/1046 1157/1157/1157
f 1576/1576/1576 1045/1045/1045 1048/1048/1048
f 1576/1576/1576 1048/1048/1048 1577/1577/1577
f 1162/1162/1162 1049/1049/1049 1047/1047/1047
f 1162/1162/1162 1047/1047/1047 1160/1160/1160
f 1577/1577/1577 1048/1048/1048 1050/1050/1050
f 1577/1577/1577 1050/1050/1050 1578/1578/1578
f 1164/1164/1164 1051/1051/1051 1049/1049/1049
f 1164/1164/1164 1049/1049/1049 1162/1162/1162
f 1578/1578/1578 1050/1050/1050 1052/1052/1052
f 1578/1578/1578 1052/1052/1052 1579/1579/1579
f 1166/1166/1166 1053/1053/1053 1051/1051/1051
f 1166/1166/1166 1051/1051/1051 1164/1164/1164
f 1579/1579/1579 1052/1052/1052 1054/1054/1054
f 1579/1579/1579 1054/1054/1054 1580/1580/1580
f 1044/1044/1044 1056/1056/1056 1167/1167/1167
f 1044/1044/1044 1167/1167/1167 1155/1155/1155
f 1055/1055/1055 1043/1043/1043 1575/1575/1575
f 1055/1055/1055 1575/1575/1575 1581/1581/1581
f 1170/1170/1170 1057/1057/1057 1053/1053/1053
f 1170/1170/1170 1053/1053/1053 1166/1166/1166
f 1580/1580/1580 1054/1054/1054 1058/1058/1058
f 1580/1580/1580 1058/1058/1058 1582/1582/1582
f 1062/1062/1062 1061/1061/1061 1172/1172/1172
f 1062/1062/1062 1172/1172/1172 1171/1171/1171
f 1060/1060/1060 1059/1059/1059 1583/1583/1583
f 1060/1060/1060 1583/1583/1583 1584/1584/1584
f 1172/1172/1172 1061/1061/1061 1064/1064/1064
f 1172/1172/1172 1064/1064/1064 1175/1175/1175
f 1585/1585/1585 1063/1063/1063 1060/1060/1060
f 1585/1585/1585 1060/1060/1060 1584/1584/1584
f 1175/1175/1175 1064/1064/1064 1066/1066/1066
f 1175/1175/1175 1066/1066/1066 1177/1177/1177
f 1586/1586/1586 1065/1065/1065 1063/1063/1063
f 1586/1586/1586 1063/1063/1063 1585/1585/1585
f 1177/1177/1177 1066/1066/1066 1068/1068/1068
f 1177/1177/1177 1068/1068/1068 1179/1179/1179
f 1587/1587/1587 1067/1067/1067 1065/1065/1065
f 1587/1587/1587 1065/1065/1065 1586/1586/1586
f 1179/1179/1179 1068/1068/1068 1070/1070/1070
f 1179/1179/1179 1070/1070/1070 1181/1181/1181
f 1588/1588/1588 1069/1069/1069 1067/1067/1067
f 1588/1588/1588 1067/1067/1067 1587/1587/1587
f 1181/1181/1181 1070/1070/1070 1057/1057/1057
f 1181/1181/1181 1057/1057/1057 1170/1170/1170
f 1582/1582/1582 1058/1058/1058 1069/1069/1069
f 1582/1582/1582 1069/1069/1069 1588/1588/1588
f 1056/1056/1056 1072/1072/1072 1183/1183/1183
f 1056/1056/1056 1183/1183/1183 1167/1167/1167
f 1071/1071/1071 1055/1055/1055 1581/1581/1581
f 1071/1071/1071 1581/1581/1581 1589/1589/1589
f 1072/1072/1072 1074/1074/1074 1185/1185/1185
f 1072/1072/1072 1185/1185/1185 1183/1183/1183
f 1073/1073/1073 1071/1071/1071 1589/1589/1589
f 1073/1073/1073 1589/1589/1589 1590/1590/1590
f 1074/1074/1074 1076/1076/1076 1187/1187/1187
f 1074/1074/1074 1187/1187/1187 1185/1185/1185
f 1591/1591/1591 1075/1075/1075 1073/1073/1073
f 1591/1591/1591 1073/1073/1073 1590/1590/1590
f 1076/1076/1076 1078/1078/1078 1189/1189/1189
f 1076/1076/1076 1189/1189/1189 1187/1187/1187
f 1592/1592/1592 1077/1077/1077 1075/1075/1075
f 1592/1592/1592 1075/1075/1075 1591/1591/1591
f 1189/1189/1189 1078/1078/1078 1080/1080/1080
f 1189/1189/1189 1080/1080/1080 1191/1191/1191
f 1593/1593/1593 1079/1079/1079 1077/1077/1077
f 1593/1593/1593 1077/1077/1077 1592/1592/1592
f 1191/1191/1191 1080/1080/1080 1082/1082/1082
f 1191/1191/1191 1082/1082/1082 1193/1193/1193
f 1594/1594/1594 1081/1081/1081 1079/1079/1079
f 1594/1594/1594 1079/1079/1079 1593/1593/1593
f 1086/1086/1086 1085/1085/1085 1196/1196/1196
f 1086/1086/1086 1196/1196/1196 1195/1195/1195
f 1083/1083/1083 1081/1081/1081 1594/1594/1594
f 1083/1083/1083 1594/1594/1594 1595/1595/1595
f 1505/1505/1505 1504/1504/1504 1596/1596/1596
f 1505/1505/1505 1596/1596/1596 1597/1597/1597
f 1503/1503/1503 1502/1502/1502 1337/1337/1337
f 1503/1503/1503 1337/1337/1337 1152/1152/1152
f 1504/1504/1504 1507/1507/1507 1598/1598/1598
f 1504/1504/1504 1598/1598/1598 1596/1596/1596
f 1506/1506/1506 1503/1503/1503 1152/1152/1152
f 1506/1506/1506 1152/1152/1152 1151/1151/1151
f 1511/1511/1511 1510/1510/1510 1519/1519/1519
f 1511/1511/1511 1519/1519/1519 1518/1518/1518
f 1509/1509/1509 1508/1508/1508 1599/1599/1599
f 1509/1509/1509 1599/1599/1599 1600/1600/1600
f 1601/1601/1601 1515/1515/1515 1514/1514/1514
f 1601/1601/1601 1514/1514/1514 1602/1602/1602
f 1512/1512/1512 1506/1506/1506 1151/1151/1151
f 1512/1512/1512 1151/1151/1151 1520/1520/1520
f 1510/1510/1510 1062/1062/1062 1171/1171/1171
f 1510/1510/1510 1171/1171/1171 1519/1519/1519
f 1059/1059/1059 1509/1509/1509 1600/1600/1600
f 1059/1059/1059 1600/1600/1600 1583/1583/1583
f 1508/1508/1508 1505/1505/1505 1597/1597/1597
f 1508/1508/1508 1597/1597/1597 1599/1599/1599
f 1502/1502/1502 1511/1511/1511 1518/1518/1518
f 1502/1502/1502 1518/1518/1518 1337/1337/1337
f 1573/1573/1573 1603/1603/1603 1604/1604/1604
f 1573/1573/1573 1604/1604/1604 1574/1574/1574
f 1574/1574/1574 1604/1604/1604 1605/1605/1605
f 1574/1574/1574 1605/1605/1605 1575/1575/1575
f 1598/1598/1598 1606/1606/1606 1607/1607/1607
f 1598/1598/1598 1607/1607/1607 1596/1596/1596
f 1575/1575/1575 1605/1605/1605 1608/1608/1608
f 1575/1575/1575 1608/1608/1608 1581/1581/1581
f 1576/1576/1576 1609/1609/1609 1603/1603/1603
f 1576/1576/1576 1603/1603/1603 1573/1573/1573
f 1577/1577/1577 1610/1610/1610 1609/1609/1609
f 1577/1577/1577 1609/1609/1609 1576/1576/1576
f 1578/1578/1578 1611/1611/1611 1610/1610/1610
f 1578/1578/1578 1610/1610/1610 1577/1577/1577
f 1579/1579/1579 1612/1612/1612 1611/1611/1611
f 1579/1579/1579 1611/1611/1611 1578/1578/1578
f 1580/1580/1580 1613/1613/1613 1612/1612/1612
f 1580/1580/1580 1612/1612/1612 1579/1579/1579
f 1614/1614/1614 1597/1597/1597 1596/1596/1596
f 1614/1614/1614 1596/1596/1596 1607/1607/1607
f 1582/1582/1582 1615/1615/1615 1613/1613/1613
f 1582/1582/1582 1613/1613/1613 1580/1580/1580
f 1616/1616/1616 1599/1599/1599 1597/1597/1597
f 1616/1616/1616 1597/1597/1597 1614/1614/1614
f 1617/1617/1617 1618/1618/1618 1584/1584/1584
f 1617/1617/1617 1584/1584/1584 1583/1583/1583
f 1584/1584/1584 1618/1618/1618 1619/1619/1619
f 1584/1584/1584 1619/1619/1619 1585/1585/1585
f 1585/1585/1585 1619/1619/1619 1620/1620/1620
f 1585/1585/1585 1620/1620/1620 1586/1586/1586
f 1586/1586/1586 1620/1620/1620 1621/1621/1621
f 1586/1586/1586 1621/1621/1621 1587/1587/1587
f 1587/1587/1587 1621/1621/1621 1622/1622/1622
f 1587/1587/1587 1622/1622/1622 1588/1588/1588
f 1588/1588/1588 1622/1622/1622 1615/1615/1615
f 1588/1588/1588 1615/1615/1615 1582/1582/1582
f 1581/1581/1581 1608/1608/1608 1623/1623/1623
f 1581/1581/1581 1623/1623/1623 1589/1589/1589
f 1589/1589/1589 1623/1623/1623 1624/1624/1624
f 1589/1589/1589 1624/1624/1624 1590/1590/1590
f 1590/1590/1590 1624/1624/1624 1625/1625/1625
f 1590/1590/1590 1625/1625/1625 1591/1591/1591
f 1591/1591/1591 1625/1625/1625 1626/1626/1626
f 1591/1591/1591 1626/1626/1626 1592/1592/1592
f 1592/1592/1592 1626/1626/1626 1627/1627/1627
f 1592/1592/1592 1627/1627/1627 1593/1593/1593
f 1593/1593/1593 1627/1627/1627 1628/1628/1628
f 1593/1593/1593 1628/1628/1628 1594/1594/1594
f 1595/1595/1595 1629/1629/1629 1630/1630/1630
f 1595/1595/1595 1630/1630/1630 1631/1631/1631
f 1632/1632/1632 1606/1606/1606 1598/1598/1598
f 1632/1632/1632 1598/1598/1598 1601/1601/1601
f 1600/1600/1600 1599/1599/1599 1616/1616/1616
f 1600/1600/1600 1616/1616/1616 1633/1633/1633
f 1583/1583/1583 1600/1600/1600 1633/1633/1633
f 1583/1583/1583 1633/1633/1633 1617/1617/1617
f 1634/1634/1634 1635/1635/1635 845/845/845
f 1634/1634/1634 845/845/845 844/844/844
f 600/600/600 599/599/599 1604/1604/1604
f 600/600/600 1604/1604/1604 1603/1603/1603
f 1636/1636/1636 1637/1637/1637 853/853/853
f 1636/1636/1636 853/853/853 852/852/852
f 599/599/599 603/603/603 1605/1605/1605
f 599/599/599 1605/1605/1605 1604/1604/1604
f 1638/1638/1638 1639/1639/1639 1563/1563/1563
f 1638/1638/1638 1563/1563/1563 1564/1564/1564
f 701/701/701 700/700/700 1607/1607/1607
f 701/701/701 1607/1607/1607 1606/1606/1606
f 603/603/603 850/850/850 1608/1608/1608
f 603/603/603 1608/1608/1608 1605/1605/1605
f 1640/1640/1640 1636/1636/1636 852/852/852
f 1640/1640/1640 852/852/852 965/965/965
f 904/904/904 600/600/600 1603/1603/1603
f 904/904/904 1603/1603/1603 1609/1609/1609
f 1635/1635/1635 1641/1641/1641 902/902/902
f 1635/1635/1635 902/902/902 845/845/845
f 902/902/902 1641/1641/1641 1642/1642/1642
f 902/902/902 1642/1642/1642 900/900/900
f 1610/1610/1610 905/905/905 904/904/904
f 1610/1610/1610 904/904/904 1609/1609/1609
f 900/900/900 1642/1642/1642 1643/1643/1643
f 900/900/900 1643/1643/1643 901/901/901
f 1611/1611/1611 907/907/907 905/905/905
f 1611/1611/1611 905/905/905 1610/1610/1610
f 1612/1612/1612 912/912/912 907/907/907
f 1612/1612/1612 907/907/907 1611/1611/1611
f 901/901/901 1643/1643/1643 1644/1644/1644
f 901/901/901 1644/1644/1644 911/911/911
f 1613/1613/1613 917/917/917 912/912/912
f 1613/1613/1613 912/912/912 1612/1612/1612
f 911/911/911 1644/1644/1644 1645/1645/1645
f 911/911/911 1645/1645/1645 916/916/916
f 971/971/971 1563/1563/1563 1639/1639/1639
f 971/971/971 1639/1639/1639 974/974/974
f 916/916/916 1645/1645/1645 1646/1646/1646
f 916/916/916 1646/1646/1646 921/921/921
f 1615/1615/1615 987/987/987 917/917/917
f 1615/1615/1615 917/917/917 1613/1613/1613
f 1647/1647/1647 1648/1648/1648 1321/1321/1321
f 1647/1647/1647 1321/1321/1321 983/983/983
f 990/990/990 989/989/989 1618/1618/1618
f 990/990/990 1618/1618/1618 1617/1617/1617
f 1649/1649/1649 1647/1647/1647 983/983/983
f 1649/1649/1649 983/983/983 986/986/986
f 1618/1618/1618 989/989/989 993/993/993
f 1618/1618/1618 993/993/993 1619/1619/1619
f 924/924/924 1650/1650/1650 1649/1649/1649
f 924/924/924 1649/1649/1649 986/986/986
f 1619/1619/1619 993/993/993 996/996/996
f 1619/1619/1619 996/996/996 1620/1620/1620
f 923/923/923 1651/1651/1651 1650/1650/1650
f 923/923/923 1650/1650/1650 924/924/924
f 1620/1620/1620 996/996/996 998/998/998
f 1620/1620/1620 998/998/998 1621/1621/1621
f 922/922/922 1652/1652/1652 1651/1651/1651
f 922/922/922 1651/1651/1651 923/923/923
f 1621/1621/1621 998/998/998 1000/1000/1000
f 1621/1621/1621 1000/1000/1000 1622/1622/1622
f 921/921/921 1646/1646/1646 1652/1652/1652
f 921/921/921 1652/1652/1652 922/922/922
f 1622/1622/1622 1000/1000/1000 987/987/987
f 1622/1622/1622 987/987/987 1615/1615/1615
f 1653/1653/1653 1640/1640/1640 965/965/965
f 1653/1653/1653 965/965/965 1002/1002/1002
f 850/850/850 1019/1019/1019 1623/1623/1623
f 850/850/850 1623/1623/1623 1608/1608/1608
f 1001/1001/1001 1654/1654/1654 1653/1653/1653
f 1001/1001/1001 1653/1653/1653 1002/1002/1002
f 1019/1019/1019 1021/1021/1021 1624/1624/1624
f 1019/1019/1019 1624/1624/1624 1623/1623/1623
f 1006/1006/1006 1655/1655/1655 1654/1654/1654
f 1006/1006/1006 1654/1654/1654 1001/1001/1001
f 1624/1624/1624 1021/1021/1021 1024/1024/1024
f 1624/1624/1624 1024/1024/1024 1625/1625/1625
f 1007/1007/1007 1656/1656/1656 1655/1655/1655
f 1007/1007/1007 1655/1655/1655 1006/1006/1006
f 1625/1625/1625 1024/1024/1024 1026/1026/1026
f 1625/1625/1625 1026/1026/1026 1626/1626/1626
f 1009/1009/1009 1657/1657/1657 1656/1656/1656
f 1009/1009/1009 1656/1656/1656 1007/1007/1007
f 1626/1626/1626 1026/1026/1026 1028/1028/1028
f 1626/1626/1626 1028/1028/1028 1627/1627/1627
f 1012/1012/1012 1658/1658/1658 1657/1657/1657
f 1012/1012/1012 1657/1657/1657 1009/1009/1009
f 1627/1627/1627 1028/1028/1028 1030/1030/1030
f 1627/1627/1627 1030/1030/1030 1628/1628/1628
f 1014/1014/1014 1659/1659/1659 1658/1658/1658
f 1014/1014/1014 1658/1658/1658 1012/1012/1012
f 1629/1629/1629 1032/1032/1032 1660/1660/1660
f 1629/1629/1629 1660/1660/1660 1630/1630/1630
f 1016/1016/1016 1661/1661/1661 1662/1662/1662
f 1016/1016/1016 1662/1662/1662 1017/1017/1017
f 1033/1033/1033 701/701/701 1606/1606/1606
f 1033/1033/1033 1606/1606/1606 1632/1632/1632
f 1663/1663/1663 1638/1638/1638 1564/1564/1564
f 1663/1663/1663 1564/1564/1564 1567/1567/1567
f 700/700/700 1565/1565/1565 1614/1614/1614
f 700/700/700 1614/1614/1614 1607/1607/1607
f 1570/1570/1570 990/990/990 1617/1617/1617
f 1570/1570/1570 1617/1617/1617 1633/1633/1633
f 1321/1321/1321 1648/1648/1648 1664/1664/1664
f 1321/1321/1321 1664/1664/1664 968/968/968
f 1572/1572/1572 1570/1570/1570 1633/1633/1633
f 1572/1572/1572 1633/1633/1633 1616/1616/1616
f 1664/1664/1664 1665/1665/1665 1568/1568/1568
f 1664/1664/1664 1568/1568/1568 968/968/968
f 1565/1565/1565 1572/1572/1572 1616/1616/1616
f 1565/1565/1565 1616/1616/1616 1614/1614/1614
f 1665/1665/1665 1663/1663/1663 1567/1567/1567
f 1665/1665/1665 1567/1567/1567 1568/1568/1568
f 1666/1666/1666 563/563/563 566/566/566
f 1666/1666/1666 566/566/566 1667/1667/1667
f 1667/1667/1667 566/566/566 568/568/568
f 1667/1667/1667 568/568/568 1668/1668/1668
f 1668/1668/1668 568/568/568 570/570/570
f 1668/1668/1668 570/570/570 1669/1669/1669
f 1669/1669/1669 570/570/570 572/572/572
f 1669/1669/1669 572/572/572 1670/1670/1670
f 1670/1670/1670 572/572/572 574/574/574
f 1670/1670/1670 574/574/574 1671/1671/1671
f 1671/1671/1671 574/574/574 576/576/576
f 1671/1671/1671 576/576/576 1672/1672/1672
f 1673/1673/1673 577/577/577 458/458/458
f 1673/1673/1673 458/458/458 469/469/469
f 1674/1674/1674 467/467/467 562/562/562
f 1674/1674/1674 562/562/562 1675/1675/1675
f 1676/1676/1676 1674/1674/1674 1675/1675/1675
f 1676/1676/1676 1675/1675/1675 1677/1677/1677
f 1678/1678/1678 1679/1679/1679 563/563/563
f 1678/1678/1678 563/563/563 1666/1666/1666
f 563/563/563 1679/1679/1679 1680/1680/1680
f 563/563/563 1680/1680/1680 564/564/564
f 1681/1681/1681 952/952/952 941/941/941
f 1681/1681/1681 941/941/941 957/957/957
f 512/512/512 511/511/511 1682/1682/1682
f 512/512/512 1682/1682/1682 1683/1683/1683
f 855/855/855 518/518/518 512/512/512
f 855/855/855 512/512/512 1683/1683/1683
f 954/954/954 955/955/955 937/937/937
f 954/954/954 937/937/937 935/935/935
f 869/869/869 1684/1684/1684 888/888/888
f 869/869/869 888/888/888 866/866/866
f 736/736/736 859/859/859 858/858/858
f 736/736/736 858/858/858 733/733/733
f 612/612/612 611/611/611 689/689/689
f 612/612/612 689/689/689 605/605/605
f 1327/1327/1327 616/616/616 615/615/615
f 1327/1327/1327 615/615/615 1227/1227/1227
f 625/625/625 629/629/629 632/632/632
f 625/625/625 632/632/632 664/664/664
f 636/636/636 635/635/635 1232/1232/1232
f 636/636/636 1232/1232/1232 1324/1324/1324
f 655/655/655 647/647/647 649/649/649
f 655/655/655 649/649/649 656/656/656
f 1255/1255/1255 650/650/650 653/653/653
f 1255/1255/1255 653/653/653 1239/1239/1239
f 663/663/663 662/662/662 650/650/650
f 663/663/663 650/650/650 1255/1255/1255
f 660/660/660 662/662/662 632/632/632
f 660/660/660 632/632/632 631/631/631
f 645/645/645 677/677/677 678/678/678
f 645/645/645 678/678/678 679/679/679
f 675/675/675 677/677/677 647/647/647
f 675/675/675 647/647/647 655/655/655
f 687/687/687 636/636/636 1324/1324/1324
f 687/687/687 1324/1324/1324 688/688/688
f 687/687/687 611/611/611 610/610/610
f 687/687/687 610/610/610 686/686/686
f 698/698/698 696/696/696 616/616/616
f 698/698/698 616/616/616 1327/1327/1327
f 696/696/696 697/697/697 695/695/695
f 696/696/696 695/695/695 694/694/694
f 113/113/113 112/112/112 467/467/467
f 113/113/113 467/467/467 1674/1674/1674
f 854/854/854 113/113/113 1674/1674/1674
f 854/854/854 1674/1674/1674 1676/1676/1676
f 560/560/560 355/355/355 356/356/356
f 560/560/560 356/356/356 863/863/863
f 876/876/876 854/854/854 1676/1676/1676
f 876/876/876 1676/1676/1676 1685/1685/1685
f 359/359/359 877/877/877 356/356/356
f 359/359/359 356/356/356 203/203/203
f 875/875/875 879/879/879 877/877/877
f 875/875/875 877/877/877 359/359/359
f 887/887/887 886/886/886 872/872/872
f 887/887/887 872/872/872 873/873/873
f 891/891/891 887/887/887 873/873/873
f 891/891/891 873/873/873 874/874/874
f 894/894/894 891/891/891 874/874/874
f 894/894/894 874/874/874 896/896/896
f 1014/1014/1014 1013/1013/1013 1038/1038/1038
f 1014/1014/1014 1038/1038/1038 1686/1686/1686
f 1032/1032/1032 1031/1031/1031 1687/1687/1687
f 1032/1032/1032 1687/1687/1687 1660/1660/1660
f 437/437/437 1013/1013/1013 1011/1011/1011
f 437/437/437 1011/1011/1011 432/432/432
f 1081/1081/1081 1083/1083/1083 1086/1086/1086
f 1081/1081/1081 1086/1086/1086 1082/1082/1082
f 1139/1139/1139 1141/1141/1141 1144/1144/1144
f 1139/1139/1139 1144/1144/1144 1140/1140/1140
f 1193/1193/1193 1195/1195/1195 1198/1198/1198
f 1193/1193/1193 1198/1198/1198 1194/1194/1194
f 1194/1194/1194 1198/1198/1198 1222/1222/1222
f 1194/1194/1194 1222/1222/1222 1220/1220/1220
f 1226/1226/1226 612/612/612 605/605/605
f 1226/1226/1226 605/605/605 608/608/608
f 1226/1226/1226 615/615/615 614/614/614
f 1226/1226/1226 614/614/614 1225/1225/1225
f 1230/1230/1230 629/629/629 625/625/625
f 1230/1230/1230 625/625/625 628/628/628
f 1230/1230/1230 635/635/635 634/634/634
f 1230/1230/1230 634/634/634 1231/1231/1231
f 1238/1238/1238 1236/1236/1236 649/649/649
f 1238/1238/1238 649/649/649 648/648/648
f 1237/1237/1237 1236/1236/1236 653/653/653
f 1237/1237/1237 653/653/653 652/652/652
f 1446/1446/1446 1451/1451/1451 1450/1450/1450
f 1446/1446/1446 1450/1450/1450 1447/1447/1447
f 1455/1455/1455 1454/1454/1454 1449/1449/1449
f 1455/1455/1455 1449/1449/1449 1448/1448/1448
f 1142/1142/1142 1141/1141/1141 1222/1222/1222
f 1142/1142/1142 1222/1222/1222 1221/1221/1221
f 1451/1451/1451 1489/1489/1489 1490/1490/1490
f 1451/1451/1451 1490/1490/1490 1452/1452/1452
f 1454/1454/1454 1489/1489/1489 1488/1488/1488
f 1454/1454/1454 1488/1488/1488 1449/1449/1449
f 1455/1455/1455 1144/1144/1144 1143/1143/1143
f 1455/1455/1455 1143/1143/1143 1456/1456/1456
f 1498/1498/1498 894/894/894 896/896/896
f 1498/1498/1498 896/896/896 1499/1499/1499
f 1496/1496/1496 1500/1500/1500 1498/1498/1498
f 1496/1496/1496 1498/1498/1498 1499/1499/1499
f 679/679/679 678/678/678 1500/1500/1500
f 679/679/679 1500/1500/1500 1496/1496/1496
f 1555/1555/1555 697/697/697 699/699/699
f 1555/1555/1555 699/699/699 1557/1557/1557
f 1553/1553/1553 1555/1555/1555 1560/1560/1560
f 1553/1553/1553 1560/1560/1560 1554/1554/1554
f 940/940/940 1560/1560/1560 1559/1559/1559
f 940/940/940 1559/1559/1559 936/936/936
f 1082/1082/1082 1086/1086/1086 1195/1195/1195
f 1082/1082/1082 1195/1195/1195 1193/1193/1193
f 1084/1084/1084 1083/1083/1083 1595/1595/1595
f 1084/1084/1084 1595/1595/1595 1631/1631/1631
f 1629/1629/1629 1595/1595/1595 1594/1594/1594
f 1629/1629/1629 1594/1594/1594 1628/1628/1628
f 1659/1659/1659 1014/1014/1014 1686/1686/1686
f 1659/1659/1659 1686/1686/1686 1688/1688/1688
f 1032/1032/1032 1629/1629/1629 1628/1628/1628
f 1032/1032/1032 1628/1628/1628 1030/1030/1030
f 595/595/595 1666/1666/1666 1667/1667/1667
f 595/595/595 1667/1667/1667 596/596/596
f 596/596/596 1667/1667/1667 1668/1668/1668
f 596/596/596 1668/1668/1668 827/827/827
f 827/827/827 1668/1668/1668 1669/1669/1669
f 827/827/827 1669/1669/1669 829/829/829
f 829/829/829 1669/1669/1669 1670/1670/1670
f 829/829/829 1670/1670/1670 833/833/833
f 833/833/833 1670/1670/1670 1671/1671/1671
f 833/833/833 1671/1671/1671 835/835/835
f 835/835/835 1671/1671/1671 1672/1672/1672
f 835/835/835 1672/1672/1672 840/840/840
f 839/839/839 1673/1673/1673 469/469/469
f 839/839/839 469/469/469 135/135/135
f 872/872/872 1678/1678/1678 1666/1666/1666
f 872/872/872 1666/1666/1666 595/595/595
f 935/935/935 937/937/937 940/940/940
f 935/935/935 940/940/940 936/936/936
f 876/876/876 1689/1689/1689 879/879/879
f 876/876/876 879/879/879 875/875/875
f 1678/1678/1678 1690/1690/1690 1691/1691/1691
f 1678/1678/1678 1691/1691/1691 1679/1679/1679
f 886/886/886 1690/1690/1690 1678/1678/1678
f 886/886/886 1678/1678/1678 872/872/872
f 1692/1692/1692 1690/1690/1690 886/886/886
f 1692/1692/1692 886/886/886 883/883/883
f 1693/1693/1693 1694/1694/1694 668/668/668
f 1693/1693/1693 668/668/668 667/667/667
f 1695/1695/1695 1693/1693/1693 667/667/667
f 1695/1695/1695 667/667/667 670/670/670
f 1694/1694/1694 1693/1693/1693 749/749/749
f 1694/1694/1694 749/749/749 752/752/752
f 1693/1693/1693 1695/1695/1695 754/754/754
f 1693/1693/1693 754/754/754 749/749/749
f 1696/1696/1696 1697/1697/1697 763/763/763
f 1696/1696/1696 763/763/763 762/762/762
f 1698/1698/1698 1696/1696/1696 762/762/762
f 1698/1698/1698 762/762/762 767/767/767
f 1699/1699/1699 1700/1700/1700 772/772/772
f 1699/1699/1699 772/772/772 775/775/775
f 1700/1700/1700 1699/1699/1699 779/779/779
f 1700/1700/1700 779/779/779 778/778/778
f 1700/1700/1700 1701/1701/1701 782/782/782
f 1700/1700/1700 782/782/782 772/772/772
f 1701/1701/1701 1700/1700/1700 778/778/778
f 1701/1701/1701 778/778/778 785/785/785
f 1702/1702/1702 1703/1703/1703 796/796/796
f 1702/1702/1702 796/796/796 795/795/795
f 1703/1703/1703 1702/1702/1702 798/798/798
f 1703/1703/1703 798/798/798 797/797/797
f 1704/1704/1704 1705/1705/1705 815/815/815
f 1704/1704/1704 815/815/815 814/814/814
f 1706/1706/1706 1707/1707/1707 820/820/820
f 1706/1706/1706 820/820/820 819/819/819
f 1705/1705/1705 1704/1704/1704 822/822/822
f 1705/1705/1705 822/822/822 821/821/821
f 1707/1707/1707 1706/1706/1706 824/824/824
f 1707/1707/1707 824/824/824 823/823/823
f 1708/1708/1708 1709/1709/1709 857/857/857
f 1708/1708/1708 857/857/857 856/856/856
f 1710/1710/1710 1711/1711/1711 862/862/862
f 1710/1710/1710 862/862/862 861/861/861
f 1709/1709/1709 1710/1710/1710 861/861/861
f 1709/1709/1709 861/861/861 857/857/857
f 1710/1710/1710 1709/1709/1709 869/869/869
f 1710/1710/1710 869/869/869 868/868/868
f 1711/1711/1711 1710/1710/1710 868/868/868
f 1711/1711/1711 868/868/868 870/870/870
f 1712/1712/1712 1713/1713/1713 928/928/928
f 1712/1712/1712 928/928/928 927/927/927
f 1713/1713/1713 1712/1712/1712 931/931/931
f 1713/1713/1713 931/931/931 930/930/930
f 1714/1714/1714 1713/1713/1713 930/930/930
f 1714/1714/1714 930/930/930 943/943/943
f 1713/1713/1713 1714/1714/1714 944/944/944
f 1713/1713/1713 944/944/944 928/928/928
f 1714/1714/1714 1715/1715/1715 949/949/949
f 1714/1714/1714 949/949/949 944/944/944
f 1715/1715/1715 1714/1714/1714 943/943/943
f 1715/1715/1715 943/943/943 951/951/951
f 1716/1716/1716 1717/1717/1717 1224/1224/1224
f 1716/1716/1716 1224/1224/1224 1223/1223/1223
f 1718/1718/1718 1717/1717/1717 1245/1245/1245
f 1718/1718/1718 1245/1245/1245 1244/1244/1244
f 1719/1719/1719 1718/1718/1718 1244/1244/1244
f 1719/1719/1719 1244/1244/1244 1246/1246/1246
f 1718/1718/1718 1719/1719/1719 1248/1248/1248
f 1718/1718/1718 1248/1248/1248 1247/1247/1247
f 1720/1720/1720 1721/1721/1721 1250/1250/1250
f 1720/1720/1720 1250/1250/1250 1249/1249/1249
f 1721/1721/1721 1702/1702/1702 795/795/795
f 1721/1721/1721 795/795/795 1250/1250/1250
f 1721/1721/1721 1720/1720/1720 1252/1252/1252
f 1721/1721/1721 1252/1252/1252 1251/1251/1251
f 1702/1702/1702 1721/1721/1721 1251/1251/1251
f 1702/1702/1702 1251/1251/1251 798/798/798
f 1705/1705/1705 1722/1722/1722 1253/1253/1253
f 1705/1705/1705 1253/1253/1253 815/815/815
f 1722/1722/1722 1706/1706/1706 819/819/819
f 1722/1722/1722 819/819/819 1253/1253/1253
f 1722/1722/1722 1705/1705/1705 821/821/821
f 1722/1722/1722 821/821/821 1254/1254/1254
f 1706/1706/1706 1722/1722/1722 1254/1254/1254
f 1706/1706/1706 1254/1254/1254 824/824/824
f 1717/1717/1717 1718/1718/1718 1247/1247/1247
f 1717/1717/1717 1247/1247/1247 1224/1224/1224
f 1723/1723/1723 1724/1724/1724 1261/1261/1261
f 1723/1723/1723 1261/1261/1261 1260/1260/1260
f 1725/1725/1725 1723/1723/1723 1260/1260/1260
f 1725/1725/1725 1260/1260/1260 1265/1265/1265
f 1723/1723/1723 1725/1725/1725 1269/1269/1269
f 1723/1723/1723 1269/1269/1269 1268/1268/1268
f 1726/1726/1726 1727/1727/1727 1272/1272/1272
f 1726/1726/1726 1272/1272/1272 1271/1271/1271
f 1727/1727/1727 1726/1726/1726 1277/1277/1277
f 1727/1727/1727 1277/1277/1277 1276/1276/1276
f 1728/1728/1728 1729/1729/1729 1279/1279/1279
f 1728/1728/1728 1279/1279/1279 1278/1278/1278
f 1725/1725/1725 1729/1729/1729 1280/1280/1280
f 1725/1725/1725 1280/1280/1280 1269/1269/1269
f 1724/1724/1724 1723/1723/1723 1268/1268/1268
f 1724/1724/1724 1268/1268/1268 1284/1284/1284
f 1704/1704/1704 1730/1730/1730 1288/1288/1288
f 1704/1704/1704 1288/1288/1288 822/822/822
f 1731/1731/1731 1703/1703/1703 797/797/797
f 1731/1731/1731 797/797/797 1290/1290/1290
f 1697/1697/1697 1696/1696/1696 1291/1291/1291
f 1697/1697/1697 1291/1291/1291 1294/1294/1294
f 1696/1696/1696 1698/1698/1698 1296/1296/1296
f 1696/1696/1696 1296/1296/1296 1291/1291/1291
f 1703/1703/1703 1731/1731/1731 1297/1297/1297
f 1703/1703/1703 1297/1297/1297 796/796/796
f 1732/1732/1732 1712/1712/1712 927/927/927
f 1732/1732/1732 927/927/927 1302/1302/1302
f 1707/1707/1707 1733/1733/1733 1305/1305/1305
f 1707/1707/1707 1305/1305/1305 820/820/820
f 1733/1733/1733 1707/1707/1707 823/823/823
f 1733/1733/1733 823/823/823 1306/1306/1306
f 1717/1717/1717 1716/1716/1716 1307/1307/1307
f 1717/1717/1717 1307/1307/1307 1245/1245/1245
f 1711/1711/1711 1734/1734/1734 1313/1313/1313
f 1711/1711/1711 1313/1313/1313 862/862/862
f 1735/1735/1735 1716/1716/1716 1223/1223/1223
f 1735/1735/1735 1223/1223/1223 1314/1314/1314
f 1720/1720/1720 1727/1727/1727 1276/1276/1276
f 1720/1720/1720 1276/1276/1276 1252/1252/1252
f 1727/1727/1727 1720/1720/1720 1249/1249/1249
f 1727/1727/1727 1249/1249/1249 1272/1272/1272
f 1719/1719/1719 1728/1728/1728 1278/1278/1278
f 1719/1719/1719 1278/1278/1278 1248/1248/1248
f 1728/1728/1728 1719/1719/1719 1246/1246/1246
f 1728/1728/1728 1246/1246/1246 1331/1331/1331
f 1735/1735/1735 1695/1695/1695 670/670/670
f 1735/1735/1735 670/670/670 1334/1334/1334
f 1698/1698/1698 1730/1730/1730 1336/1336/1336
f 1698/1698/1698 1336/1336/1336 1296/1296/1296
f 1724/1724/1724 1726/1726/1726 1271/1271/1271
f 1724/1724/1724 1271/1271/1271 1261/1261/1261
f 1726/1726/1726 1724/1724/1724 1284/1284/1284
f 1726/1726/1726 1284/1284/1284 1277/1277/1277
f 1729/1729/1729 1725/1725/1725 1265/1265/1265
f 1729/1729/1729 1265/1265/1265 1279/1279/1279
f 1729/1729/1729 1728/1728/1728 1331/1331/1331
f 1729/1729/1729 1331/1331/1331 1280/1280/1280
f 1730/1730/1730 1698/1698/1698 767/767/767
f 1730/1730/1730 767/767/767 1288/1288/1288
f 1697/1697/1697 1731/1731/1731 1290/1290/1290
f 1697/1697/1697 1290/1290/1290 763/763/763
f 1731/1731/1731 1697/1697/1697 1294/1294/1294
f 1731/1731/1731 1294/1294/1294 1297/1297/1297
f 1732/1732/1732 1701/1701/1701 785/785/785
f 1732/1732/1732 785/785/785 1525/1525/1525
f 1701/1701/1701 1732/1732/1732 1302/1302/1302
f 1701/1701/1701 1302/1302/1302 782/782/782
f 1733/1733/1733 1699/1699/1699 775/775/775
f 1733/1733/1733 775/775/775 1305/1305/1305
f 1699/1699/1699 1733/1733/1733 1306/1306/1306
f 1699/1699/1699 1306/1306/1306 779/779/779
f 1734/1734/1734 1694/1694/1694 752/752/752
f 1734/1734/1734 752/752/752 1313/1313/1313
f 1694/1694/1694 1734/1734/1734 1526/1526/1526
f 1694/1694/1694 1526/1526/1526 668/668/668
f 1695/1695/1695 1735/1735/1735 1314/1314/1314
f 1695/1695/1695 1314/1314/1314 754/754/754
f 1716/1716/1716 1735/1735/1735 1334/1334/1334
f 1716/1716/1716 1334/1334/1334 1307/1307/1307
f 1730/1730/1730 1704/1704/1704 814/814/814
f 1730/1730/1730 814/814/814 1336/1336/1336
f 1734/1734/1734 1711/1711/1711 870/870/870
f 1734/1734/1734 870/870/870 1526/1526/1526
f 1712/1712/1712 1732/1732/1732 1525/1525/1525
f 1712/1712/1712 1525/1525/1525 931/931/931
f 1709/1709/1709 1708/1708/1708 1684/1684/1684
f 1709/1709/1709 1684/1684/1684 869/869/869
f 560/560/560 865/865/865 1682/1682/1682
f 560/560/560 1682/1682/1682 511/511/511
f 1016/1016/1016 1015/1015/1015 975/975/975
f 1016/1016/1016 975/975/975 974/974/974
f 701/701/701 1033/1033/1033 1036/1036/1036
f 701/701/701 1036/1036/1036 702/702/702
f 1037/1037/1037 1015/1015/1015 1018/1018/1018
f 1037/1037/1037 1018/1018/1018 1736/1736/1736
f 1146/1146/1146 1145/1145/1145 1495/1495/1495
f 1146/1146/1146 1495/1495/1495 1737/1737/1737
f 1459/1459/1459 1458/1458/1458 1738/1738/1738
f 1459/1459/1459 1738/1738/1738 1492/1492/1492
f 1461/1461/1461 1460/1460/1460 1739/1739/1739
f 1461/1461/1461 1739/1739/1739 1494/1494/1494
f 1459/1459/1459 1491/1491/1491 1466/1466/1466
f 1459/1459/1459 1466/1466/1466 1359/1359/1359
f 1460/1460/1460 1491/1491/1491 1493/1493/1493
f 1460/1460/1460 1493/1493/1493 1739/1739/1739
f 1461/1461/1461 1145/1145/1145 1096/1096/1096
f 1461/1461/1461 1096/1096/1096 1360/1360/1360
f 1506/1506/1506 1512/1512/1512 1515/1515/1515
f 1506/1506/1506 1515/1515/1515 1507/1507/1507
f 1740/1740/1740 1520/1520/1520 1521/1521/1521
f 1740/1740/1740 1521/1521/1521 1741/1741/1741
f 1741/1741/1741 1521/1521/1521 1524/1524/1524
f 1741/1741/1741 1524/1524/1524 1742/1742/1742
f 1742/1742/1742 1524/1524/1524 1146/1146/1146
f 1742/1742/1742 1146/1146/1146 1737/1737/1737
f 1507/1507/1507 1515/1515/1515 1601/1601/1601
f 1507/1507/1507 1601/1601/1601 1598/1598/1598
f 1513/1513/1513 1512/1512/1512 1520/1520/1520
f 1513/1513/1513 1520/1520/1520 1740/1740/1740
f 1632/1632/1632 1601/1601/1601 1602/1602/1602
f 1632/1632/1632 1602/1602/1602 1743/1743/1743
f 1661/1661/1661 1016/1016/1016 974/974/974
f 1661/1661/1661 974/974/974 1639/1639/1639
f 1034/1034/1034 1033/1033/1033 1632/1632/1632
f 1034/1034/1034 1632/1632/1632 1743/1743/1743
f 924/924/924 980/980/980 1318/1318/1318
f 924/924/924 1318/1318/1318 683/683/683
f 1744/1744/1744 1745/1745/1745 1746/1746/1746
f 1744/1744/1744 1746/1746/1746 1747/1747/1747
f 1748/1748/1748 1749/1749/1749 1750/1750/1750
f 1748/1748/1748 1750/1750/1750 1751/1751/1751
f 1752/1752/1752 1753/1753/1753 1754/1754/1754
f 1752/1752/1752 1754/1754/1754 1755/1755/1755
f 1756/1756/1756 1757/1757/1757 1758/1758/1758
f 1756/1756/1756 1758/1758/1758 1759/1759/1759
f 1760/1760/1760 1761/1761/1761 1745/1745/1745
f 1760/1760/1760 1745/1745/1745 1744/1744/1744
f 1762/1762/1762 1763/1763/1763 1764/1764/1764
f 1762/1762/1762 1764/1764/1764 1765/1765/1765
f 1766/1766/1766 1767/1767/1767 1768/1768/1768
f 1766/1766/1766 1768/1768/1768 1769/1769/1769
f 1770/1770/1770 1771/1771/1771 1757/1757/1757
f 1770/1770/1770 1757/1757/1757 1772/1772/1772
f 1773/1773/1773 1774/1774/1774 1775/1775/1775
f 1773/1773/1773 1775/1775/1775 1776/1776/1776
f 1777/1777/1777 1778/1778/1778 1779/1779/1779
f 1777/1777/1777 1779/1779/1779 1780/1780/1780
f 1781/1781/1781 1782/1782/1782 1783/1783/1783
f 1781/1781/1781 1783/1783/1783 1784/1784/1784
f 1785/1785/1785 1786/1786/1786 1787/1787/1787
f 1785/1785/1785 1787/1787/1787 1788/1788/1788
f 1789/1789/1789 1790/1790/1790 1791/1791/1791
f 1789/1789/1789 1791/1791/1791 1792/1792/1792
f 1793/1793/1793 1794/1794/1794 1795/1795/1795
f 1793/1793/1793 1795/1795/1795 1796/1796/1796
f 1797/1797/1797 1798/1798/1798 1799/1799/1799
f 1797/1797/1797 1799/1799/1799 1800/1800/1800
f 1801/1801/1801 1802/1802/1802 1803/1803/1803
f 1801/1801/1801 1803/1803/1803 1804/1804/1804
f 1805/1805/1805 1806/1806/1806 1807/1807/1807
f 1805/1805/1805 1807/1807/1807 1808/1808/1808
f 1809/1809/1809 1810/1810/1810 1811/1811/1811
f 1809/1809/1809 1811/1811/1811 1812/1812/1812
f 1813/1813/1813 1814/1814/1814 1815/1815/1815
f 1813/1813/1813 1815/1815/1815 1816/1816/1816
f 1817/1817/1817 1818/1818/1818 1769/1769/1769
f 1817/1817/1817 1769/1769/1769 1819/1819/1819
f 1820/1820/1820 1814/1814/1814 1821/1821/1821
f 1820/1820/1820 1821/1821/1821 1822/1822/1822
f 1823/1823/1823 1813/1813/1813 1824/1824/1824
f 1823/1823/1823 1824/1824/1824 1825/1825/1825
f 1826/1826/1826 1827/1827/1827 1828/1828/1828
f 1826/1826/1826 1828/1828/1828 1829/1829/1829
f 1830/1830/1830 1817/1817/1817 1824/1824/1824
f 1830/1830/1830 1824/1824/1824 1831/1831/1831
f 1760/1760/1760 1744/1744/1744 1763/1763/1763
f 1760/1760/1760 1763/1763/1763 1762/1762/1762
f 1765/1765/1765 1764/1764/1764 1832/1832/1832
f 1765/1765/1765 1832/1832/1832 1833/1833/1833
f 1834/1834/1834 1835/1835/1835 1836/1836/1836
f 1834/1834/1834 1836/1836/1836 1837/1837/1837
f 1838/1838/1838 1756/1756/1756 1839/1839/1839
f 1838/1838/1838 1839/1839/1839 1840/1840/1840
f 1841/1841/1841 1748/1748/1748 1839/1839/1839
f 1841/1841/1841 1839/1839/1839 1842/1842/1842
f 1843/1843/1843 1764/1764/1764 1763/1763/1763
f 1843/1843/1843 1763/1763/1763 1844/1844/1844
f 1845/1845/1845 1846/1846/1846 1847/1847/1847
f 1845/1845/1845 1847/1847/1847 1848/1848/1848
f 1849/1849/1849 1752/1752/1752 1755/1755/1755
f 1849/1849/1849 1755/1755/1755 1850/1850/1850
f 1851/1851/1851 1852/1852/1852 1853/1853/1853
f 1851/1851/1851 1853/1853/1853 1854/1854/1854
f 1776/1776/1776 1775/1775/1775 1855/1855/1855
f 1776/1776/1776 1855/1855/1855 1856/1856/1856
f 1835/1835/1835 1775/1775/1775 1774/1774/1774
f 1835/1835/1835 1774/1774/1774 1836/1836/1836
f 1838/1838/1838 1857/1857/1857 1853/1853/1853
f 1838/1838/1838 1853/1853/1853 1772/1772/1772
f 1858/1858/1858 1859/1859/1859 1755/1755/1755
f 1858/1858/1858 1755/1755/1755 1754/1754/1754
f 1860/1860/1860 1846/1846/1846 1750/1750/1750
f 1860/1860/1860 1750/1750/1750 1861/1861/1861
f 1845/1845/1845 1862/1862/1862 1840/1840/1840
f 1845/1845/1845 1840/1840/1840 1751/1751/1751
f 1753/1753/1753 1752/1752/1752 1834/1834/1834
f 1753/1753/1753 1834/1834/1834 1837/1837/1837
f 1835/1835/1835 1834/1834/1834 1863/1863/1863
f 1835/1835/1835 1863/1863/1863 1864/1864/1864
f 1865/1865/1865 1857/1857/1857 1862/1862/1862
f 1865/1865/1865 1862/1862/1862 1866/1866/1866
f 1867/1867/1867 1868/1868/1868 1869/1869/1869
f 1867/1867/1867 1869/1869/1869 1870/1870/1870
f 1871/1871/1871 1803/1803/1803 1802/1802/1802
f 1871/1871/1871 1802/1802/1802 1872/1872/1872
f 1788/1788/1788 1873/1873/1873 1874/1874/1874
f 1788/1788/1788 1874/1874/1874 1785/1785/1785
f 1790/1790/1790 1789/1789/1789 1787/1787/1787
f 1790/1790/1790 1787/1787/1787 1786/1786/1786
f 1875/1875/1875 1876/1876/1876 1877/1877/1877
f 1875/1875/1875 1877/1877/1877 1878/1878/1878
f 1879/1879/1879 1880/1880/1880 1795/1795/1795
f 1879/1879/1879 1795/1795/1795 1794/1794/1794
f 1881/1881/1881 1882/1882/1882 1883/1883/1883
f 1881/1881/1881 1883/1883/1883 1884/1884/1884
f 1885/1885/1885 1886/1886/1886 1887/1887/1887
f 1885/1885/1885 1887/1887/1887 1888/1888/1888
f 1889/1889/1889 1890/1890/1890 1891/1891/1891
f 1889/1889/1889 1891/1891/1891 1892/1892/1892
f 1893/1893/1893 1894/1894/1894 1895/1895/1895
f 1893/1893/1893 1895/1895/1895 1896/1896/1896
f 1897/1897/1897 1898/1898/1898 1899/1899/1899
f 1897/1897/1897 1899/1899/1899 1900/1900/1900
f 1841/1841/1841 1901/1901/1901 1902/1902/1902
f 1841/1841/1841 1902/1902/1902 1903/1903/1903
f 1904/1904/1904 1905/1905/1905 1906/1906/1906
f 1904/1904/1904 1906/1906/1906 1907/1907/1907
f 1908/1908/1908 1909/1909/1909 1842/1842/1842
f 1908/1908/1908 1842/1842/1842 1759/1759/1759
f 1892/1892/1892 1891/1891/1891 1893/1893/1893
f 1892/1892/1892 1893/1893/1893 1896/1896/1896
f 1895/1895/1895 1894/1894/1894 1910/1910/1910
f 1895/1895/1895 1910/1910/1910 1911/1911/1911
f 1912/1912/1912 1913/1913/1913 1914/1914/1914
f 1912/1912/1912 1914/1914/1914 1915/1915/1915
f 1916/1916/1916 1917/1917/1917 1749/1749/1749
f 1916/1916/1916 1749/1749/1749 1903/1903/1903
f 1918/1918/1918 1815/1815/1815 1919/1919/1919
f 1918/1918/1918 1919/1919/1919 1920/1920/1920
f 1921/1921/1921 1922/1922/1922 1923/1923/1923
f 1921/1921/1921 1923/1923/1923 1916/1916/1916
f 1924/1924/1924 1925/1925/1925 1818/1818/1818
f 1924/1924/1924 1818/1818/1818 1926/1926/1926
f 1927/1927/1927 1928/1928/1928 1758/1758/1758
f 1927/1927/1927 1758/1758/1758 1929/1929/1929
f 1929/1929/1929 1771/1771/1771 1930/1930/1930
f 1929/1929/1929 1930/1930/1930 1900/1900/1900
f 1931/1931/1931 1932/1932/1932 1908/1908/1908
f 1931/1931/1931 1908/1908/1908 1928/1928/1928
f 1931/1931/1931 1928/1928/1928 1927/1927/1927
f 1931/1931/1931 1927/1927/1927 1933/1933/1933
f 1933/1933/1933 1927/1927/1927 1899/1899/1899
f 1933/1933/1933 1899/1899/1899 1934/1934/1934
f 1934/1934/1934 1899/1899/1899 1898/1898/1898
f 1934/1934/1934 1898/1898/1898 1935/1935/1935
f 1936/1936/1936 1910/1910/1910 1894/1894/1894
f 1936/1936/1936 1894/1894/1894 1937/1937/1937
f 1937/1937/1937 1894/1894/1894 1893/1893/1893
f 1937/1937/1937 1893/1893/1893 1938/1938/1938
f 1939/1939/1939 1938/1938/1938 1893/1893/1893
f 1939/1939/1939 1893/1893/1893 1891/1891/1891
f 1940/1940/1940 1939/1939/1939 1891/1891/1891
f 1940/1940/1940 1891/1891/1891 1890/1890/1890
f 1941/1941/1941 1942/1942/1942 1906/1906/1906
f 1941/1941/1941 1906/1906/1906 1905/1905/1905
f 1943/1943/1943 1922/1922/1922 1921/1921/1921
f 1943/1943/1943 1921/1921/1921 1944/1944/1944
f 1944/1944/1944 1921/1921/1921 1902/1902/1902
f 1944/1944/1944 1902/1902/1902 1945/1945/1945
f 1945/1945/1945 1902/1902/1902 1901/1901/1901
f 1945/1945/1945 1901/1901/1901 1946/1946/1946
f 1946/1946/1946 1901/1901/1901 1909/1909/1909
f 1946/1946/1946 1909/1909/1909 1947/1947/1947
f 1932/1932/1932 1947/1947/1947 1909/1909/1909
f 1932/1932/1932 1909/1909/1909 1908/1908/1908
f 1759/1759/1759 1758/1758/1758 1928/1928/1928
f 1759/1759/1759 1928/1928/1928 1908/1908/1908
f 1901/1901/1901 1841/1841/1841 1842/1842/1842
f 1901/1901/1901 1842/1842/1842 1909/1909/1909
f 1948/1948/1948 1889/1889/1889 1892/1892/1892
f 1948/1948/1948 1892/1892/1892 1949/1949/1949
f 1896/1896/1896 1895/1895/1895 1950/1950/1950
f 1896/1896/1896 1950/1950/1950 1951/1951/1951
f 1952/1952/1952 1897/1897/1897 1900/1900/1900
f 1952/1952/1952 1900/1900/1900 1930/1930/1930
f 1748/1748/1748 1841/1841/1841 1903/1903/1903
f 1748/1748/1748 1903/1903/1903 1749/1749/1749
f 1953/1953/1953 1904/1904/1904 1907/1907/1907
f 1953/1953/1953 1907/1907/1907 1954/1954/1954
f 1759/1759/1759 1842/1842/1842 1839/1839/1839
f 1759/1759/1759 1839/1839/1839 1756/1756/1756
f 1949/1949/1949 1892/1892/1892 1896/1896/1896
f 1949/1949/1949 1896/1896/1896 1951/1951/1951
f 1895/1895/1895 1911/1911/1911 1955/1955/1955
f 1895/1895/1895 1955/1955/1955 1950/1950/1950
f 1921/1921/1921 1916/1916/1916 1903/1903/1903
f 1921/1921/1921 1903/1903/1903 1902/1902/1902
f 1916/1916/1916 1923/1923/1923 1956/1956/1956
f 1916/1916/1916 1956/1956/1956 1917/1917/1917
f 1929/1929/1929 1758/1758/1758 1757/1757/1757
f 1929/1929/1929 1757/1757/1757 1771/1771/1771
f 1927/1927/1927 1929/1929/1929 1900/1900/1900
f 1927/1927/1927 1900/1900/1900 1899/1899/1899
f 1848/1848/1848 1847/1847/1847 1778/1778/1778
f 1848/1848/1848 1778/1778/1778 1777/1777/1777
f 1781/1781/1781 1851/1851/1851 1854/1854/1854
f 1781/1781/1781 1854/1854/1854 1782/1782/1782
f 1866/1866/1866 1848/1848/1848 1777/1777/1777
f 1866/1866/1866 1777/1777/1777 1828/1828/1828
f 1813/1813/1813 1823/1823/1823 1821/1821/1821
f 1813/1813/1813 1821/1821/1821 1814/1814/1814
f 1925/1925/1925 1766/1766/1766 1769/1769/1769
f 1925/1925/1925 1769/1769/1769 1818/1818/1818
f 1806/1806/1806 1805/1805/1805 1871/1871/1871
f 1806/1806/1806 1871/1871/1871 1872/1872/1872
f 1819/1819/1819 1769/1769/1769 1768/1768/1768
f 1819/1819/1819 1768/1768/1768 1843/1843/1843
f 1822/1822/1822 1821/1821/1821 1746/1746/1746
f 1822/1822/1822 1746/1746/1746 1957/1957/1957
f 1747/1747/1747 1823/1823/1823 1825/1825/1825
f 1747/1747/1747 1825/1825/1825 1844/1844/1844
f 1819/1819/1819 1825/1825/1825 1824/1824/1824
f 1819/1819/1819 1824/1824/1824 1817/1817/1817
f 1796/1796/1796 1867/1867/1867 1870/1870/1870
f 1796/1796/1796 1870/1870/1870 1793/1793/1793
f 1898/1898/1898 1897/1897/1897 1958/1958/1958
f 1898/1898/1898 1958/1958/1958 1959/1959/1959
f 1922/1922/1922 1905/1905/1905 1904/1904/1904
f 1922/1922/1922 1904/1904/1904 1923/1923/1923
f 1960/1960/1960 1935/1935/1935 1898/1898/1898
f 1960/1960/1960 1898/1898/1898 1959/1959/1959
f 1943/1943/1943 1941/1941/1941 1905/1905/1905
f 1943/1943/1943 1905/1905/1905 1922/1922/1922
f 1958/1958/1958 1897/1897/1897 1952/1952/1952
f 1958/1958/1958 1952/1952/1952 1961/1961/1961
f 1923/1923/1923 1904/1904/1904 1953/1953/1953
f 1923/1923/1923 1953/1953/1953 1956/1956/1956
f 1816/1816/1816 1815/1815/1815 1918/1918/1918
f 1816/1816/1816 1918/1918/1918 1915/1915/1915
f 1885/1885/1885 1830/1830/1830 1831/1831/1831
f 1885/1885/1885 1831/1831/1831 1914/1914/1914
f 1817/1817/1817 1830/1830/1830 1926/1926/1926
f 1817/1817/1817 1926/1926/1926 1818/1818/1818
f 1816/1816/1816 1831/1831/1831 1824/1824/1824
f 1816/1816/1816 1824/1824/1824 1813/1813/1813
f 1919/1919/1919 1815/1815/1815 1814/1814/1814
f 1919/1919/1919 1814/1814/1814 1820/1820/1820
f 1888/1888/1888 1887/1887/1887 1924/1924/1924
f 1888/1888/1888 1924/1924/1924 1926/1926/1926
f 1830/1830/1830 1885/1885/1885 1888/1888/1888
f 1830/1830/1830 1888/1888/1888 1926/1926/1926
f 1915/1915/1915 1914/1914/1914 1831/1831/1831
f 1915/1915/1915 1831/1831/1831 1816/1816/1816
f 1915/1915/1915 1918/1918/1918 1920/1920/1920
f 1915/1915/1915 1920/1920/1920 1912/1912/1912
f 1886/1886/1886 1885/1885/1885 1914/1914/1914
f 1886/1886/1886 1914/1914/1914 1913/1913/1913
f 1931/1931/1931 1887/1887/1887 1886/1886/1886
f 1931/1931/1931 1886/1886/1886 1932/1932/1932
f 1933/1933/1933 1924/1924/1924 1887/1887/1887
f 1933/1933/1933 1887/1887/1887 1931/1931/1931
f 1934/1934/1934 1925/1925/1925 1924/1924/1924
f 1934/1934/1934 1924/1924/1924 1933/1933/1933
f 1935/1935/1935 1766/1766/1766 1925/1925/1925
f 1935/1935/1935 1925/1925/1925 1934/1934/1934
f 1937/1937/1937 1765/1765/1765 1833/1833/1833
f 1937/1937/1937 1833/1833/1833 1936/1936/1936
f 1938/1938/1938 1762/1762/1762 1765/1765/1765
f 1938/1938/1938 1765/1765/1765 1937/1937/1937
f 1939/1939/1939 1760/1760/1760 1762/1762/1762
f 1939/1939/1939 1762/1762/1762 1938/1938/1938
f 1940/1940/1940 1761/1761/1761 1760/1760/1760
f 1940/1940/1940 1760/1760/1760 1939/1939/1939
f 1941/1941/1941 1822/1822/1822 1957/1957/1957
f 1941/1941/1941 1957/1957/1957 1942/1942/1942
f 1944/1944/1944 1919/1919/1919 1820/1820/1820
f 1944/1944/1944 1820/1820/1820 1943/1943/1943
f 1945/1945/1945 1920/1920/1920 1919/1919/1919
f 1945/1945/1945 1919/1919/1919 1944/1944/1944
f 1946/1946/1946 1912/1912/1912 1920/1920/1920
f 1946/1946/1946 1920/1920/1920 1945/1945/1945
f 1947/1947/1947 1913/1913/1913 1912/1912/1912
f 1947/1947/1947 1912/1912/1912 1946/1946/1946
f 1932/1932/1932 1886/1886/1886 1913/1913/1913
f 1932/1932/1932 1913/1913/1913 1947/1947/1947
f 1960/1960/1960 1767/1767/1767 1766/1766/1766
f 1960/1960/1960 1766/1766/1766 1935/1935/1935
f 1943/1943/1943 1820/1820/1820 1822/1822/1822
f 1943/1943/1943 1822/1822/1822 1941/1941/1941
f 1962/1962/1962 1963/1963/1963 1964/1964/1964
f 1962/1962/1962 1964/1964/1964 1965/1965/1965
f 1966/1966/1966 1967/1967/1967 1968/1968/1968
f 1966/1966/1966 1968/1968/1968 1969/1969/1969
f 1968/1968/1968 1967/1967/1967 1970/1970/1970
f 1968/1968/1968 1970/1970/1970 1971/1971/1971
f 1971/1971/1971 1970/1970/1970 1972/1972/1972
f 1971/1971/1971 1972/1972/1972 1973/1973/1973
f 1973/1973/1973 1972/1972/1972 1974/1974/1974
f 1973/1973/1973 1974/1974/1974 1975/1975/1975
f 1975/1975/1975 1974/1974/1974 1976/1976/1976
f 1975/1975/1975 1976/1976/1976 1977/1977/1977
f 1977/1977/1977 1976/1976/1976 1978/1978/1978
f 1977/1977/1977 1978/1978/1978 1979/1979/1979
f 1980/1980/1980 1981/1981/1981 1982/1982/1982
f 1980/1980/1980 1982/1982/1982 1983/1983/1983
f 1984/1984/1984 1799/1799/1799 1798/1798/1798
f 1984/1984/1984 1798/1798/1798 1985/1985/1985
f 1986/1986/1986 1858/1858/1858 1754/1754/1754
f 1986/1986/1986 1754/1754/1754 1987/1987/1987
f 1987/1987/1987 1754/1754/1754 1753/1753/1753
f 1987/1987/1987 1753/1753/1753 1988/1988/1988
f 1753/1753/1753 1837/1837/1837 1989/1989/1989
f 1753/1753/1753 1989/1989/1989 1988/1988/1988
f 1837/1837/1837 1836/1836/1836 1990/1990/1990
f 1837/1837/1837 1990/1990/1990 1989/1989/1989
f 1836/1836/1836 1774/1774/1774 1991/1991/1991
f 1836/1836/1836 1991/1991/1991 1990/1990/1990
f 1774/1774/1774 1773/1773/1773 1992/1992/1992
f 1774/1774/1774 1992/1992/1992 1991/1991/1991
f 1884/1884/1884 1883/1883/1883 1993/1993/1993
f 1884/1884/1884 1993/1993/1993 1994/1994/1994
f 1907/1907/1907 1889/1889/1889 1948/1948/1948
f 1907/1907/1907 1948/1948/1948 1954/1954/1954
f 1767/1767/1767 1833/1833/1833 1832/1832/1832
f 1767/1767/1767 1832/1832/1832 1768/1768/1768
f 1791/1791/1791 1869/1869/1869 1868/1868/1868
f 1791/1791/1791 1868/1868/1868 1792/1792/1792
f 1807/1807/1807 1874/1874/1874 1873/1873/1873
f 1807/1807/1807 1873/1873/1873 1808/1808/1808
f 1746/1746/1746 1745/1745/1745 1761/1761/1761
f 1746/1746/1746 1761/1761/1761 1957/1957/1957
f 1958/1958/1958 1911/1911/1911 1910/1910/1910
f 1958/1958/1958 1910/1910/1910 1959/1959/1959
f 1936/1936/1936 1960/1960/1960 1959/1959/1959
f 1936/1936/1936 1959/1959/1959 1910/1910/1910
f 1942/1942/1942 1940/1940/1940 1890/1890/1890
f 1942/1942/1942 1890/1890/1890 1906/1906/1906
f 1906/1906/1906 1890/1890/1890 1889/1889/1889
f 1906/1906/1906 1889/1889/1889 1907/1907/1907
f 1961/1961/1961 1955/1955/1955 1911/1911/1911
f 1961/1961/1961 1911/1911/1911 1958/1958/1958
f 1833/1833/1833 1767/1767/1767 1960/1960/1960
f 1833/1833/1833 1960/1960/1960 1936/1936/1936
f 1957/1957/1957 1761/1761/1761 1940/1940/1940
f 1957/1957/1957 1940/1940/1940 1942/1942/1942
f 1823/1823/1823 1747/1747/1747 1746/1746/1746
f 1823/1823/1823 1746/1746/1746 1821/1821/1821
f 1819/1819/1819 1843/1843/1843 1844/1844/1844
f 1819/1819/1819 1844/1844/1844 1825/1825/1825
f 1843/1843/1843 1768/1768/1768 1832/1832/1832
f 1843/1843/1843 1832/1832/1832 1764/1764/1764
f 1744/1744/1744 1747/1747/1747 1844/1844/1844
f 1744/1744/1744 1844/1844/1844 1763/1763/1763
f 1864/1864/1864 1855/1855/1855 1775/1775/1775
f 1864/1864/1864 1775/1775/1775 1835/1835/1835
f 1857/1857/1857 1865/1865/1865 1854/1854/1854
f 1857/1857/1857 1854/1854/1854 1853/1853/1853
f 1859/1859/1859 1995/1995/1995 1850/1850/1850
f 1859/1859/1859 1850/1850/1850 1755/1755/1755
f 1996/1996/1996 1847/1847/1847 1846/1846/1846
f 1996/1996/1996 1846/1846/1846 1860/1860/1860
f 1997/1997/1997 1998/1998/1998 1999/1999/1999
f 1997/1997/1997 1999/1999/1999 2000/2000/2000
f 2001/2001/2001 2002/2002/2002 1882/1882/1882
f 2001/2001/2001 1882/1882/1882 1881/1881/1881
f 1848/1848/1848 1866/1866/1866 1862/1862/1862
f 1848/1848/1848 1862/1862/1862 1845/1845/1845
f 1752/1752/1752 1849/1849/1849 1863/1863/1863
f 1752/1752/1752 1863/1863/1863 1834/1834/1834
f 1826/1826/1826 1849/1849/1849 1850/1850/1850
f 1826/1826/1826 1850/1850/1850 1783/1783/1783
f 1856/1856/1856 1855/1855/1855 1779/1779/1779
f 1856/1856/1856 1779/1779/1779 2003/2003/2003
f 1864/1864/1864 1863/1863/1863 1829/1829/1829
f 1864/1864/1864 1829/1829/1829 1780/1780/1780
f 1800/1800/1800 2004/2004/2004 2005/2005/2005
f 1800/1800/1800 2005/2005/2005 1797/1797/1797
f 2006/2006/2006 2007/2007/2007 2008/2008/2008
f 2006/2006/2006 2008/2008/2008 2009/2009/2009
f 1865/1865/1865 1827/1827/1827 1782/1782/1782
f 1865/1865/1865 1782/1782/1782 1854/1854/1854
f 2010/2010/2010 1778/1778/1778 1847/1847/1847
f 2010/2010/2010 1847/1847/1847 1996/1996/1996
f 1866/1866/1866 1828/1828/1828 1827/1827/1827
f 1866/1866/1866 1827/1827/1827 1865/1865/1865
f 1998/1998/1998 1877/1877/1877 1876/1876/1876
f 1998/1998/1998 1876/1876/1876 1999/1999/1999
f 2007/2007/2007 1812/1812/1812 1811/1811/1811
f 2007/2007/2007 1811/1811/1811 2008/2008/2008
f 2011/2011/2011 2012/2012/2012 2013/2013/2013
f 2011/2011/2011 2013/2013/2013 2014/2014/2014
f 2015/2015/2015 2016/2016/2016 2017/2017/2017
f 2015/2015/2015 2017/2017/2017 2018/2018/2018
f 2018/2018/2018 2017/2017/2017 2019/2019/2019
f 2018/2018/2018 2019/2019/2019 2020/2020/2020
f 2020/2020/2020 2019/2019/2019 2021/2021/2021
f 2020/2020/2020 2021/2021/2021 2022/2022/2022
f 2022/2022/2022 2021/2021/2021 2023/2023/2023
f 2022/2022/2022 2023/2023/2023 2024/2024/2024
f 2024/2024/2024 2023/2023/2023 2025/2025/2025
f 2024/2024/2024 2025/2025/2025 2026/2026/2026
f 2027/2027/2027 2028/2028/2028 2029/2029/2029
f 2027/2027/2027 2029/2029/2029 2030/2030/2030
f 1751/1751/1751 1750/1750/1750 1846/1846/1846
f 1751/1751/1751 1846/1846/1846 1845/1845/1845
f 1852/1852/1852 1770/1770/1770 1772/1772/1772
f 1852/1852/1852 1772/1772/1772 1853/1853/1853
f 2009/2009/2009 1801/1801/1801 1804/1804/1804
f 2009/2009/2009 1804/1804/1804 2006/2006/2006
f 1857/1857/1857 1838/1838/1838 1840/1840/1840
f 1857/1857/1857 1840/1840/1840 1862/1862/1862
f 1756/1756/1756 1838/1838/1838 1772/1772/1772
f 1756/1756/1756 1772/1772/1772 1757/1757/1757
f 1861/1861/1861 1750/1750/1750 1749/1749/1749
f 1861/1861/1861 1749/1749/1749 1917/1917/1917
f 1751/1751/1751 1840/1840/1840 1839/1839/1839
f 1751/1751/1751 1839/1839/1839 1748/1748/1748
f 1880/1880/1880 1879/1879/1879 1997/1997/1997
f 1880/1880/1880 1997/1997/1997 2000/2000/2000
f 1780/1780/1780 1779/1779/1779 1855/1855/1855
f 1780/1780/1780 1855/1855/1855 1864/1864/1864
f 1784/1784/1784 1783/1783/1783 1850/1850/1850
f 1784/1784/1784 1850/1850/1850 1995/1995/1995
f 1810/1810/1810 1809/1809/1809 2002/2002/2002
f 1810/1810/1810 2002/2002/2002 2001/2001/2001
f 1849/1849/1849 1826/1826/1826 1829/1829/1829
f 1849/1849/1849 1829/1829/1829 1863/1863/1863
f 2004/2004/2004 1875/1875/1875 1878/1878/1878
f 2004/2004/2004 1878/1878/1878 2005/2005/2005
f 1827/1827/1827 1826/1826/1826 1783/1783/1783
f 1827/1827/1827 1783/1783/1783 1782/1782/1782
f 2003/2003/2003 1779/1779/1779 1778/1778/1778
f 2003/2003/2003 1778/1778/1778 2010/2010/2010
f 1780/1780/1780 1829/1829/1829 1828/1828/1828
f 1780/1780/1780 1828/1828/1828 1777/1777/1777
f 2016/2016/2016 2015/2015/2015 2031/2031/2031
f 2016/2016/2016 2031/2031/2031 2032/2032/2032
f 1965/1965/1965 1964/1964/1964 2012/2012/2012
f 1965/1965/1965 2012/2012/2012 2011/2011/2011
f 1963/1963/1963 1962/1962/1962 1984/1984/1984
f 1963/1963/1963 1984/1984/1984 1985/1985/1985
f 1969/1969/1969 1968/1968/1968 2016/2016/2016
f 1969/1969/1969 2016/2016/2016 2032/2032/2032
f 1967/1967/1967 1966/1966/1966 1986/1986/1986
f 1967/1967/1967 1986/1986/1986 1987/1987/1987
f 2016/2016/2016 1968/1968/1968 1971/1971/1971
f 2016/2016/2016 1971/1971/1971 2017/2017/2017
f 1970/1970/1970 1967/1967/1967 1987/1987/1987
f 1970/1970/1970 1987/1987/1987 1988/1988/1988
f 2017/2017/2017 1971/1971/1971 1973/1973/1973
f 2017/2017/2017 1973/1973/1973 2019/2019/2019
f 1989/1989/1989 1972/1972/1972 1970/1970/1970
f 1989/1989/1989 1970/1970/1970 1988/1988/1988
f 2019/2019/2019 1973/1973/1973 1975/1975/1975
f 2019/2019/2019 1975/1975/1975 2021/2021/2021
f 1990/1990/1990 1974/1974/1974 1972/1972/1972
f 1990/1990/1990 1972/1972/1972 1989/1989/1989
f 2021/2021/2021 1975/1975/1975 1977/1977/1977
f 2021/2021/2021 1977/1977/1977 2023/2023/2023
f 1991/1991/1991 1976/1976/1976 1974/1974/1974
f 1991/1991/1991 1974/1974/1974 1990/1990/1990
f 2023/2023/2023 1977/1977/1977 1979/1979/1979
f 2023/2023/2023 1979/1979/1979 2025/2025/2025
f 1992/1992/1992 1978/1978/1978 1976/1976/1976
f 1992/1992/1992 1976/1976/1976 1991/1991/1991
f 2028/2028/2028 1980/1980/1980 1983/1983/1983
f 2028/2028/2028 1983/1983/1983 2029/2029/2029
f 1993/1993/1993 1982/1982/1982 1981/1981/1981
f 1993/1993/1993 1981/1981/1981 1994/1994/1994
f 2033/2033/2033 2034/2034/2034 2014/2014/2014
f 2033/2033/2033 2014/2014/2014 2013/2013/2013
f 2034/2034/2034 2033/2033/2033 1677/1677/1677
f 2034/2034/2034 1677/1677/1677 1675/1675/1675
f 2035/2035/2035 2036/2036/2036 565/565/565
f 2035/2035/2035 565/565/565 564/564/564
f 2036/2036/2036 2037/2037/2037 567/567/567
f 2036/2036/2036 567/567/567 565/565/565
f 2037/2037/2037 2038/2038/2038 569/569/569
f 2037/2037/2037 569/569/569 567/567/567
f 2038/2038/2038 2039/2039/2039 571/571/571
f 2038/2038/2038 571/571/571 569/569/569
f 2039/2039/2039 2040/2040/2040 573/573/573
f 2039/2039/2039 573/573/573 571/571/571
f 2040/2040/2040 2041/2041/2041 575/575/575
f 2040/2040/2040 575/575/575 573/573/573
f 2042/2042/2042 2043/2043/2043 459/459/459
f 2042/2042/2042 459/459/459 578/578/578
f 2037/2037/2037 2036/2036/2036 2015/2015/2015
f 2037/2037/2037 2015/2015/2015 2018/2018/2018
f 2038/2038/2038 2037/2037/2037 2018/2018/2018
f 2038/2038/2038 2018/2018/2018 2020/2020/2020
f 2039/2039/2039 2038/2038/2038 2020/2020/2020
f 2039/2039/2039 2020/2020/2020 2022/2022/2022
f 2040/2040/2040 2039/2039/2039 2022/2022/2022
f 2040/2040/2040 2022/2022/2022 2024/2024/2024
f 2041/2041/2041 2040/2040/2040 2024/2024/2024
f 2041/2041/2041 2024/2024/2024 2026/2026/2026
f 2043/2043/2043 2042/2042/2042 2027/2027/2027
f 2043/2043/2043 2027/2027/2027 2030/2030/2030
f 2036/2036/2036 2035/2035/2035 2031/2031/2031
f 2036/2036/2036 2031/2031/2031 2015/2015/2015
f 2044/2044/2044 2045/2045/2045 2046/2046/2046
f 2044/2044/2044 2046/2046/2046 2047/2047/2047
f 2048/2048/2048 2049/2049/2049 2050/2050/2050
f 2048/2048/2048 2050/2050/2050 2051/2051/2051
f 2052/2052/2052 2053/2053/2053 2054/2054/2054
f 2052/2052/2052 2054/2054/2054 2055/2055/2055
f 2056/2056/2056 2057/2057/2057 2058/2058/2058
f 2056/2056/2056 2058/2058/2058 2059/2059/2059
f 2060/2060/2060 2061/2061/2061 2062/2062/2062
f 2060/2060/2060 2062/2062/2062 2050/2050/2050
f 2063/2063/2063 2064/2064/2064 2049/2049/2049
f 2063/2063/2063 2049/2049/2049 2065/2065/2065
f 2066/2066/2066 2053/2053/2053 2052/2052/2052
f 2066/2066/2066 2052/2052/2052 2067/2067/2067
f 2068/2068/2068 2069/2069/2069 2070/2070/2070
f 2068/2068/2068 2070/2070/2070 2071/2071/2071
f 2072/2072/2072 2073/2073/2073 2046/2046/2046
f 2072/2072/2072 2046/2046/2046 2045/2045/2045
f 2074/2074/2074 2075/2075/2075 2076/2076/2076
f 2074/2074/2074 2076/2076/2076 2077/2077/2077
f 2078/2078/2078 2079/2079/2079 2080/2080/2080
f 2078/2078/2078 2080/2080/2080 2081/2081/2081
f 2082/2082/2082 2083/2083/2083 2084/2084/2084
f 2082/2082/2082 2084/2084/2084 2085/2085/2085
f 2086/2086/2086 2087/2087/2087 2070/2070/2070
f 2086/2086/2086 2070/2070/2070 2069/2069/2069
f 2071/2071/2071 2070/2070/2070 2088/2088/2088
f 2071/2071/2071 2088/2088/2088 2089/2089/2089
f 2090/2090/2090 2091/2091/2091 2075/2075/2075
f 2090/2090/2090 2075/2075/2075 2074/2074/2074
f 1796/1796/1796 2092/2092/2092 2093/2093/2093
f 1796/1796/1796 2093/2093/2093 1867/1867/1867
f 1803/1803/1803 1871/1871/1871 2094/2094/2094
f 1803/1803/1803 2094/2094/2094 2095/2095/2095
f 2048/2048/2048 2096/2096/2096 2065/2065/2065
f 2048/2048/2048 2065/2065/2065 2049/2049/2049
f 2097/2097/2097 2098/2098/2098 2057/2057/2057
f 2097/2097/2097 2057/2057/2057 2056/2056/2056
f 2059/2059/2059 2058/2058/2058 2099/2099/2099
f 2059/2059/2059 2099/2099/2099 2100/2100/2100
f 2064/2064/2064 2060/2060/2060 2050/2050/2050
f 2064/2064/2064 2050/2050/2050 2049/2049/2049
f 2063/2063/2063 2065/2065/2065 2101/2101/2101
f 2063/2063/2063 2101/2101/2101 2102/2102/2102
f 2103/2103/2103 2104/2104/2104 2105/2105/2105
f 2103/2103/2103 2105/2105/2105 2086/2086/2086
f 2106/2106/2106 2107/2107/2107 2082/2082/2082
f 2106/2106/2106 2082/2082/2082 2085/2085/2085
f 1873/1873/1873 1788/1788/1788 2108/2108/2108
f 1873/1873/1873 2108/2108/2108 2109/2109/2109
f 1787/1787/1787 1789/1789/1789 2110/2110/2110
f 1787/1787/1787 2110/2110/2110 2111/2111/2111
f 2083/2083/2083 2082/2082/2082 2112/2112/2112
f 2083/2083/2083 2112/2112/2112 2113/2113/2113
f 2084/2084/2084 2114/2114/2114 2105/2105/2105
f 2084/2084/2084 2105/2105/2105 2085/2085/2085
f 2115/2115/2115 2055/2055/2055 2097/2097/2097
f 2115/2115/2115 2097/2097/2097 2116/2116/2116
f 2117/2117/2117 2056/2056/2056 2059/2059/2059
f 2117/2117/2117 2059/2059/2059 2118/2118/2118
f 2119/2119/2119 2067/2067/2067 2052/2052/2052
f 2119/2119/2119 2052/2052/2052 2120/2120/2120
f 2121/2121/2121 2122/2122/2122 2123/2123/2123
f 2121/2121/2121 2123/2123/2123 2124/2124/2124
f 2104/2104/2104 2125/2125/2125 2126/2126/2126
f 2104/2104/2104 2126/2126/2126 2106/2106/2106
f 2127/2127/2127 2123/2123/2123 2076/2076/2076
f 2127/2127/2127 2076/2076/2076 2128/2128/2128
f 2129/2129/2129 2130/2130/2130 2131/2131/2131
f 2129/2129/2129 2131/2131/2131 2132/2132/2132
f 2133/2133/2133 2134/2134/2134 2135/2135/2135
f 2133/2133/2133 2135/2135/2135 2136/2136/2136
f 2004/2004/2004 1800/1800/1800 2137/2137/2137
f 2004/2004/2004 2137/2137/2137 2138/2138/2138
f 2007/2007/2007 2006/2006/2006 2139/2139/2139
f 2007/2007/2007 2139/2139/2139 2140/2140/2140
f 2000/2000/2000 2141/2141/2141 2142/2142/2142
f 2000/2000/2000 2142/2142/2142 1880/1880/1880
f 1883/1883/1883 1882/1882/1882 2143/2143/2143
f 1883/1883/1883 2143/2143/2143 2144/2144/2144
f 2116/2116/2116 2097/2097/2097 2056/2056/2056
f 2116/2116/2116 2056/2056/2056 2117/2117/2117
f 2100/2100/2100 2134/2134/2134 2145/2145/2145
f 2100/2100/2100 2145/2145/2145 2146/2146/2146
f 2147/2147/2147 2130/2130/2130 2148/2148/2148
f 2147/2147/2147 2148/2148/2148 2149/2149/2149
f 2150/2150/2150 2151/2151/2151 2126/2126/2126
f 2150/2150/2150 2126/2126/2126 2152/2152/2152
f 1788/1788/1788 1787/1787/1787 2111/2111/2111
f 1788/1788/1788 2111/2111/2111 2108/2108/2108
f 2110/2110/2110 1789/1789/1789 1792/1792/1792
f 2110/2110/2110 1792/1792/1792 2153/2153/2153
f 1796/1796/1796 1795/1795/1795 2154/2154/2154
f 1796/1796/1796 2154/2154/2154 2092/2092/2092
f 1800/1800/1800 1799/1799/1799 2155/2155/2155
f 1800/1800/1800 2155/2155/2155 2137/2137/2137
f 1804/1804/1804 1803/1803/1803 2095/2095/2095
f 1804/1804/1804 2095/2095/2095 2156/2156/2156
f 1805/1805/1805 1808/1808/1808 2157/2157/2157
f 1805/1805/1805 2157/2157/2157 2158/2158/2158
f 2159/2159/2159 1809/1809/1809 1812/1812/1812
f 2159/2159/2159 1812/1812/1812 2160/2160/2160
f 1812/1812/1812 2007/2007/2007 2140/2140/2140
f 1812/1812/1812 2140/2140/2140 2160/2160/2160
f 2113/2113/2113 2044/2044/2044 2161/2161/2161
f 2113/2113/2113 2161/2161/2161 2083/2083/2083
f 2162/2162/2162 2163/2163/2163 2114/2114/2114
f 2162/2162/2162 2114/2114/2114 2084/2084/2084
f 2090/2090/2090 2072/2072/2072 2045/2045/2045
f 2090/2090/2090 2045/2045/2045 2091/2091/2091
f 2089/2089/2089 2088/2088/2088 2164/2164/2164
f 2089/2089/2089 2164/2164/2164 2165/2165/2165
f 1867/1867/1867 2093/2093/2093 2166/2166/2166
f 1867/1867/1867 2166/2166/2166 1868/1868/1868
f 2161/2161/2161 2162/2162/2162 2084/2084/2084
f 2161/2161/2161 2084/2084/2084 2083/2083/2083
f 2087/2087/2087 2167/2167/2167 2088/2088/2088
f 2087/2087/2087 2088/2088/2088 2070/2070/2070
f 1871/1871/1871 1805/1805/1805 2158/2158/2158
f 1871/1871/1871 2158/2158/2158 2094/2094/2094
f 2168/2168/2168 2169/2169/2169 2170/2170/2170
f 2168/2168/2168 2170/2170/2170 2171/2171/2171
f 2172/2172/2172 2173/2173/2173 2174/2174/2174
f 2172/2172/2172 2174/2174/2174 2175/2175/2175
f 2176/2176/2176 2177/2177/2177 2178/2178/2178
f 2176/2176/2176 2178/2178/2178 2179/2179/2179
f 2177/2177/2177 1962/1962/1962 1965/1965/1965
f 2177/2177/2177 1965/1965/1965 2178/2178/2178
f 1983/1983/1983 1982/1982/1982 2180/2180/2180
f 1983/1983/1983 2180/2180/2180 2181/2181/2181
f 2182/2182/2182 2183/2183/2183 2184/2184/2184
f 2182/2182/2182 2184/2184/2184 2185/2185/2185
f 2186/2186/2186 2187/2187/2187 2188/2188/2188
f 2186/2186/2186 2188/2188/2188 2189/2189/2189
f 2189/2189/2189 2188/2188/2188 2169/2169/2169
f 2189/2189/2189 2169/2169/2169 2168/2168/2168
f 2190/2190/2190 2057/2057/2057 2098/2098/2098
f 2190/2190/2190 2098/2098/2098 2191/2191/2191
f 2054/2054/2054 2053/2053/2053 2192/2192/2192
f 2054/2054/2054 2192/2192/2192 2193/2193/2193
f 2194/2194/2194 2155/2155/2155 2195/2195/2195
f 2194/2194/2194 2195/2195/2195 2196/2196/2196
f 2195/2195/2195 2155/2155/2155 1799/1799/1799
f 2195/2195/2195 1799/1799/1799 1984/1984/1984
f 1883/1883/1883 2144/2144/2144 2197/2197/2197
f 1883/1883/1883 2197/2197/2197 1993/1993/1993
f 2198/2198/2198 2136/2136/2136 2135/2135/2135
f 2198/2198/2198 2135/2135/2135 2199/2199/2199
f 2200/2200/2200 2099/2099/2099 2058/2058/2058
f 2200/2200/2200 2058/2058/2058 2201/2201/2201
f 2201/2201/2201 2058/2058/2058 2057/2057/2057
f 2201/2201/2201 2057/2057/2057 2190/2190/2190
f 2202/2202/2202 2153/2153/2153 2166/2166/2166
f 2202/2202/2202 2166/2166/2166 2203/2203/2203
f 2073/2073/2073 2102/2102/2102 2101/2101/2101
f 2073/2073/2073 2101/2101/2101 2046/2046/2046
f 1792/1792/1792 1868/1868/1868 2166/2166/2166
f 1792/1792/1792 2166/2166/2166 2153/2153/2153
f 1808/1808/1808 1873/1873/1873 2109/2109/2109
f 1808/1808/1808 2109/2109/2109 2157/2157/2157
f 2204/2204/2204 2205/2205/2205 2163/2163/2163
f 2204/2204/2204 2163/2163/2163 2162/2162/2162
f 2206/2206/2206 2204/2204/2204 2162/2162/2162
f 2206/2206/2206 2162/2162/2162 2161/2161/2161
f 2167/2167/2167 2207/2207/2207 2164/2164/2164
f 2167/2167/2167 2164/2164/2164 2088/2088/2088
f 2208/2208/2208 460/460/460 459/459/459
f 2208/2208/2208 459/459/459 2043/2043/2043
f 2209/2209/2209 2152/2152/2152 2126/2126/2126
f 2209/2209/2209 2126/2126/2126 2125/2125/2125
f 2210/2210/2210 2124/2124/2124 2123/2123/2123
f 2210/2210/2210 2123/2123/2123 2127/2127/2127
f 2211/2211/2211 2148/2148/2148 2130/2130/2130
f 2211/2211/2211 2130/2130/2130 2129/2129/2129
f 2212/2212/2212 2145/2145/2145 2134/2134/2134
f 2212/2212/2212 2134/2134/2134 2133/2133/2133
f 2213/2213/2213 2115/2115/2115 2116/2116/2116
f 2213/2213/2213 2116/2116/2116 2214/2214/2214
f 2215/2215/2215 2117/2117/2117 2118/2118/2118
f 2215/2215/2215 2118/2118/2118 2216/2216/2216
f 2217/2217/2217 2119/2119/2119 2120/2120/2120
f 2217/2217/2217 2120/2120/2120 2218/2218/2218
f 1875/1875/1875 2004/2004/2004 2138/2138/2138
f 1875/1875/1875 2138/2138/2138 2219/2219/2219
f 2214/2214/2214 2116/2116/2116 2117/2117/2117
f 2214/2214/2214 2117/2117/2117 2215/2215/2215
f 2146/2146/2146 2145/2145/2145 2080/2080/2080
f 2146/2146/2146 2080/2080/2080 2220/2220/2220
f 1999/1999/1999 2221/2221/2221 2141/2141/2141
f 1999/1999/1999 2141/2141/2141 2000/2000/2000
f 2002/2002/2002 2222/2222/2222 2143/2143/2143
f 2002/2002/2002 2143/2143/2143 1882/1882/1882
f 2152/2152/2152 2209/2209/2209 2223/2223/2223
f 2152/2152/2152 2223/2223/2223 2224/2224/2224
f 2150/2150/2150 2225/2225/2225 2226/2226/2226
f 2150/2150/2150 2226/2226/2226 2210/2210/2210
f 2227/2227/2227 2221/2221/2221 2228/2228/2228
f 2227/2227/2227 2228/2228/2228 2229/2229/2229
f 2149/2149/2149 2148/2148/2148 2230/2230/2230
f 2149/2149/2149 2230/2230/2230 2231/2231/2231
f 2150/2150/2150 2152/2152/2152 2224/2224/2224
f 2150/2150/2150 2224/2224/2224 2225/2225/2225
f 2121/2121/2121 2124/2124/2124 2079/2079/2079
f 2121/2121/2121 2079/2079/2079 2078/2078/2078
f 1999/1999/1999 1876/1876/1876 2228/2228/2228
f 1999/1999/1999 2228/2228/2228 2221/2221/2221
f 2232/2232/2232 2233/2233/2233 2234/2234/2234
f 2232/2232/2232 2234/2234/2234 2235/2235/2235
f 2236/2236/2236 2237/2237/2237 2238/2238/2238
f 2236/2236/2236 2238/2238/2238 2239/2239/2239
f 2240/2240/2240 2241/2241/2241 2242/2242/2242
f 2240/2240/2240 2242/2242/2242 2243/2243/2243
f 2241/2241/2241 2011/2011/2011 2014/2014/2014
f 2241/2241/2241 2014/2014/2014 2242/2242/2242
f 2244/2244/2244 2245/2245/2245 2246/2246/2246
f 2244/2244/2244 2246/2246/2246 2247/2247/2247
f 2248/2248/2248 2249/2249/2249 2250/2250/2250
f 2248/2248/2248 2250/2250/2250 2251/2251/2251
f 2250/2250/2250 2232/2232/2232 2235/2235/2235
f 2250/2250/2250 2235/2235/2235 2251/2251/2251
f 2054/2054/2054 2098/2098/2098 2097/2097/2097
f 2054/2054/2054 2097/2097/2097 2055/2055/2055
f 2135/2135/2135 2134/2134/2134 2100/2100/2100
f 2135/2135/2135 2100/2100/2100 2099/2099/2099
f 2077/2077/2077 2076/2076/2076 2123/2123/2123
f 2077/2077/2077 2123/2123/2123 2122/2122/2122
f 2147/2147/2147 2103/2103/2103 2131/2131/2131
f 2147/2147/2147 2131/2131/2131 2130/2130/2130
f 2107/2107/2107 2106/2106/2106 2126/2126/2126
f 2107/2107/2107 2126/2126/2126 2151/2151/2151
f 2104/2104/2104 2106/2106/2106 2085/2085/2085
f 2104/2104/2104 2085/2085/2085 2105/2105/2105
f 2128/2128/2128 2076/2076/2076 2075/2075/2075
f 2128/2128/2128 2075/2075/2075 2112/2112/2112
f 2132/2132/2132 2131/2131/2131 2069/2069/2069
f 2132/2132/2132 2069/2069/2069 2068/2068/2068
f 1880/1880/1880 2142/2142/2142 2154/2154/2154
f 1880/1880/1880 2154/2154/2154 1795/1795/1795
f 2006/2006/2006 1804/1804/1804 2156/2156/2156
f 2006/2006/2006 2156/2156/2156 2139/2139/2139
f 2081/2081/2081 2080/2080/2080 2145/2145/2145
f 2081/2081/2081 2145/2145/2145 2212/2212/2212
f 1809/1809/1809 2159/2159/2159 2222/2222/2222
f 1809/1809/1809 2222/2222/2222 2002/2002/2002
f 2231/2231/2231 2213/2213/2213 2214/2214/2214
f 2231/2231/2231 2214/2214/2214 2223/2223/2223
f 2224/2224/2224 2215/2215/2215 2216/2216/2216
f 2224/2224/2224 2216/2216/2216 2225/2225/2225
f 2217/2217/2217 2218/2218/2218 2230/2230/2230
f 2217/2217/2217 2230/2230/2230 2252/2252/2252
f 1876/1876/1876 1875/1875/1875 2219/2219/2219
f 1876/1876/1876 2219/2219/2219 2228/2228/2228
f 2223/2223/2223 2214/2214/2214 2215/2215/2215
f 2223/2223/2223 2215/2215/2215 2224/2224/2224
f 2226/2226/2226 2220/2220/2220 2080/2080/2080
f 2226/2226/2226 2080/2080/2080 2079/2079/2079
f 2202/2202/2202 2061/2061/2061 2060/2060/2060
f 2202/2202/2202 2060/2060/2060 2253/2253/2253
f 2064/2064/2064 2063/2063/2063 2254/2254/2254
f 2064/2064/2064 2254/2254/2254 2255/2255/2255
f 2066/2066/2066 2067/2067/2067 2256/2256/2256
f 2066/2066/2066 2256/2256/2256 2194/2194/2194
f 2068/2068/2068 2071/2071/2071 2257/2257/2257
f 2068/2068/2068 2257/2257/2257 2258/2258/2258
f 2073/2073/2073 2072/2072/2072 2259/2259/2259
f 2073/2073/2073 2259/2259/2259 2260/2260/2260
f 2261/2261/2261 2074/2074/2074 2077/2077/2077
f 2261/2261/2261 2077/2077/2077 2262/2262/2262
f 2078/2078/2078 2081/2081/2081 2263/2263/2263
f 2078/2078/2078 2263/2263/2263 2264/2264/2264
f 2257/2257/2257 2071/2071/2071 2089/2089/2089
f 2257/2257/2257 2089/2089/2089 2265/2265/2265
f 2266/2266/2266 2090/2090/2090 2074/2074/2074
f 2266/2266/2266 2074/2074/2074 2261/2261/2261
f 2253/2253/2253 2060/2060/2060 2064/2064/2064
f 2253/2253/2253 2064/2064/2064 2255/2255/2255
f 2063/2063/2063 2102/2102/2102 2267/2267/2267
f 2063/2063/2063 2267/2267/2267 2254/2254/2254
f 2067/2067/2067 2119/2119/2119 2268/2268/2268
f 2067/2067/2067 2268/2268/2268 2256/2256/2256
f 2269/2269/2269 2122/2122/2122 2121/2121/2121
f 2269/2269/2269 2121/2121/2121 2270/2270/2270
f 2129/2129/2129 2132/2132/2132 2271/2271/2271
f 2129/2129/2129 2271/2271/2271 2272/2272/2272
f 2133/2133/2133 2136/2136/2136 2273/2273/2273
f 2133/2133/2133 2273/2273/2273 2274/2274/2274
f 2072/2072/2072 2090/2090/2090 2266/2266/2266
f 2072/2072/2072 2266/2266/2266 2259/2259/2259
f 2265/2265/2265 2089/2089/2089 2165/2165/2165
f 2265/2265/2265 2165/2165/2165 2203/2203/2203
f 2275/2275/2275 2174/2174/2174 2173/2173/2173
f 2275/2275/2275 2173/2173/2173 2276/2276/2276
f 2277/2277/2277 2278/2278/2278 2181/2181/2181
f 2277/2277/2277 2181/2181/2181 2180/2180/2180
f 2053/2053/2053 2066/2066/2066 2279/2279/2279
f 2053/2053/2053 2279/2279/2279 2192/2192/2192
f 2136/2136/2136 2198/2198/2198 2280/2280/2280
f 2136/2136/2136 2280/2280/2280 2273/2273/2273
f 2062/2062/2062 2061/2061/2061 2165/2165/2165
f 2062/2062/2062 2165/2165/2165 2164/2164/2164
f 2102/2102/2102 2073/2073/2073 2260/2260/2260
f 2102/2102/2102 2260/2260/2260 2267/2267/2267
f 2211/2211/2211 2129/2129/2129 2272/2272/2272
f 2211/2211/2211 2272/2272/2272 2227/2227/2227
f 2281/2281/2281 2212/2212/2212 2133/2133/2133
f 2281/2281/2281 2133/2133/2133 2274/2274/2274
f 2119/2119/2119 2217/2217/2217 2282/2282/2282
f 2119/2119/2119 2282/2282/2282 2268/2268/2268
f 2148/2148/2148 2211/2211/2211 2252/2252/2252
f 2148/2148/2148 2252/2252/2252 2230/2230/2230
f 2270/2270/2270 2121/2121/2121 2078/2078/2078
f 2270/2270/2270 2078/2078/2078 2264/2264/2264
f 2238/2238/2238 2283/2283/2283 2284/2284/2284
f 2238/2238/2238 2284/2284/2284 2239/2239/2239
f 2244/2244/2244 2247/2247/2247 2285/2285/2285
f 2244/2244/2244 2285/2285/2285 2286/2286/2286
f 2262/2262/2262 2077/2077/2077 2122/2122/2122
f 2262/2262/2262 2122/2122/2122 2269/2269/2269
f 2132/2132/2132 2068/2068/2068 2258/2258/2258
f 2132/2132/2132 2258/2258/2258 2271/2271/2271
f 2263/2263/2263 2081/2081/2081 2212/2212/2212
f 2263/2263/2263 2212/2212/2212 2281/2281/2281
f 2217/2217/2217 2252/2252/2252 2229/2229/2229
f 2217/2217/2217 2229/2229/2229 2282/2282/2282
f 2204/2204/2204 2048/2048/2048 2051/2051/2051
f 2204/2204/2204 2051/2051/2051 2205/2205/2205
f 2096/2096/2096 2048/2048/2048 2204/2204/2204
f 2096/2096/2096 2204/2204/2204 2206/2206/2206
f 2087/2087/2087 2086/2086/2086 2105/2105/2105
f 2087/2087/2087 2105/2105/2105 2114/2114/2114
f 2103/2103/2103 2086/2086/2086 2069/2069/2069
f 2103/2103/2103 2069/2069/2069 2131/2131/2131
f 2091/2091/2091 2113/2113/2113 2112/2112/2112
f 2091/2091/2091 2112/2112/2112 2075/2075/2075
f 2055/2055/2055 2115/2115/2115 2120/2120/2120
f 2055/2055/2055 2120/2120/2120 2052/2052/2052
f 2151/2151/2151 2127/2127/2127 2128/2128/2128
f 2151/2151/2151 2128/2128/2128 2107/2107/2107
f 2059/2059/2059 2100/2100/2100 2146/2146/2146
f 2059/2059/2059 2146/2146/2146 2118/2118/2118
f 2147/2147/2147 2149/2149/2149 2209/2209/2209
f 2147/2147/2147 2209/2209/2209 2125/2125/2125
f 2045/2045/2045 2044/2044/2044 2113/2113/2113
f 2045/2045/2045 2113/2113/2113 2091/2091/2091
f 2167/2167/2167 2087/2087/2087 2114/2114/2114
f 2167/2167/2167 2114/2114/2114 2163/2163/2163
f 2175/2175/2175 2171/2171/2171 2170/2170/2170
f 2175/2175/2175 2170/2170/2170 2172/2172/2172
f 2187/2187/2187 2186/2186/2186 2185/2185/2185
f 2187/2187/2187 2185/2185/2185 2184/2184/2184
f 2098/2098/2098 2054/2054/2054 2193/2193/2193
f 2098/2098/2098 2193/2193/2193 2191/2191/2191
f 2099/2099/2099 2200/2200/2200 2199/2199/2199
f 2099/2099/2099 2199/2199/2199 2135/2135/2135
f 2210/2210/2210 2127/2127/2127 2151/2151/2151
f 2210/2210/2210 2151/2151/2151 2150/2150/2150
f 2115/2115/2115 2213/2213/2213 2218/2218/2218
f 2115/2115/2115 2218/2218/2218 2120/2120/2120
f 2118/2118/2118 2146/2146/2146 2220/2220/2220
f 2118/2118/2118 2220/2220/2220 2216/2216/2216
f 2210/2210/2210 2226/2226/2226 2079/2079/2079
f 2210/2210/2210 2079/2079/2079 2124/2124/2124
f 2209/2209/2209 2149/2149/2149 2231/2231/2231
f 2209/2209/2209 2231/2231/2231 2223/2223/2223
f 2237/2237/2237 2236/2236/2236 2234/2234/2234
f 2237/2237/2237 2234/2234/2234 2233/2233/2233
f 2249/2249/2249 2248/2248/2248 2246/2246/2246
f 2249/2249/2249 2246/2246/2246 2245/2245/2245
f 2104/2104/2104 2103/2103/2103 2147/2147/2147
f 2104/2104/2104 2147/2147/2147 2125/2125/2125
f 2107/2107/2107 2128/2128/2128 2112/2112/2112
f 2107/2107/2107 2112/2112/2112 2082/2082/2082
f 2213/2213/2213 2231/2231/2231 2230/2230/2230
f 2213/2213/2213 2230/2230/2230 2218/2218/2218
f 2220/2220/2220 2226/2226/2226 2225/2225/2225
f 2220/2220/2220 2225/2225/2225 2216/2216/2216
f 2044/2044/2044 2047/2047/2047 2206/2206/2206
f 2044/2044/2044 2206/2206/2206 2161/2161/2161
f 2207/2207/2207 2167/2167/2167 2163/2163/2163
f 2207/2207/2207 2163/2163/2163 2205/2205/2205
f 2050/2050/2050 2062/2062/2062 2287/2287/2287
f 2050/2050/2050 2287/2287/2287 2051/2051/2051
f 2287/2287/2287 2062/2062/2062 2164/2164/2164
f 2287/2287/2287 2164/2164/2164 2207/2207/2207
f 2287/2287/2287 2207/2207/2207 2205/2205/2205
f 2287/2287/2287 2205/2205/2205 2051/2051/2051
f 2046/2046/2046 2101/2101/2101 2288/2288/2288
f 2046/2046/2046 2288/2288/2288 2047/2047/2047
f 2288/2288/2288 2101/2101/2101 2065/2065/2065
f 2288/2288/2288 2065/2065/2065 2096/2096/2096
f 2288/2288/2288 2096/2096/2096 2206/2206/2206
f 2288/2288/2288 2206/2206/2206 2047/2047/2047
f 2168/2168/2168 2171/2171/2171 2233/2233/2233
f 2168/2168/2168 2233/2233/2233 2232/2232/2232
f 2191/2191/2191 2170/2170/2170 2169/2169/2169
f 2191/2191/2191 2169/2169/2169 2190/2190/2190
f 2175/2175/2175 2174/2174/2174 2238/2238/2238
f 2175/2175/2175 2238/2238/2238 2237/2237/2237
f 2173/2173/2173 2172/2172/2172 2193/2193/2193
f 2173/2173/2173 2193/2193/2193 2192/2192/2192
f 2179/2179/2179 2178/2178/2178 2241/2241/2241
f 2179/2179/2179 2241/2241/2241 2240/2240/2240
f 2176/2176/2176 2276/2276/2276 2279/2279/2279
f 2176/2176/2176 2279/2279/2279 2196/2196/2196
f 2178/2178/2178 1965/1965/1965 2011/2011/2011
f 2178/2178/2178 2011/2011/2011 2241/2241/2241
f 1962/1962/1962 2177/2177/2177 2195/2195/2195
f 1962/1962/1962 2195/2195/2195 1984/1984/1984
f 2029/2029/2029 1983/1983/1983 2181/2181/2181
f 2029/2029/2029 2181/2181/2181 2289/2289/2289
f 2197/2197/2197 2180/2180/2180 1982/1982/1982
f 2197/2197/2197 1982/1982/1982 1993/1993/1993
f 2244/2244/2244 2182/2182/2182 2185/2185/2185
f 2244/2244/2244 2185/2185/2185 2245/2245/2245
f 2199/2199/2199 2184/2184/2184 2183/2183/2183
f 2199/2199/2199 2183/2183/2183 2198/2198/2198
f 2249/2249/2249 2186/2186/2186 2189/2189/2189
f 2249/2249/2249 2189/2189/2189 2250/2250/2250
f 2201/2201/2201 2188/2188/2188 2187/2187/2187
f 2201/2201/2201 2187/2187/2187 2200/2200/2200
f 2250/2250/2250 2189/2189/2189 2168/2168/2168
f 2250/2250/2250 2168/2168/2168 2232/2232/2232
f 2190/2190/2190 2169/2169/2169 2188/2188/2188
f 2190/2190/2190 2188/2188/2188 2201/2201/2201
f 2276/2276/2276 2173/2173/2173 2192/2192/2192
f 2276/2276/2276 2192/2192/2192 2279/2279/2279
f 2174/2174/2174 2275/2275/2275 2283/2283/2283
f 2174/2174/2174 2283/2283/2283 2238/2238/2238
f 2280/2280/2280 2277/2277/2277 2180/2180/2180
f 2280/2280/2280 2180/2180/2180 2197/2197/2197
f 2286/2286/2286 2278/2278/2278 2182/2182/2182
f 2286/2286/2286 2182/2182/2182 2244/2244/2244
f 2193/2193/2193 2172/2172/2172 2170/2170/2170
f 2193/2193/2193 2170/2170/2170 2191/2191/2191
f 2171/2171/2171 2175/2175/2175 2237/2237/2237
f 2171/2171/2171 2237/2237/2237 2233/2233/2233
f 2200/2200/2200 2187/2187/2187 2184/2184/2184
f 2200/2200/2200 2184/2184/2184 2199/2199/2199
f 2245/2245/2245 2185/2185/2185 2186/2186/2186
f 2245/2245/2245 2186/2186/2186 2249/2249/2249
f 2289/2289/2289 2290/2290/2290 2030/2030/2030
f 2289/2289/2289 2030/2030/2030 2029/2029/2029
f 2291/2291/2291 2292/2292/2292 3/3/3
f 2291/2291/2291 3/3/3 2/2/2
f 2293/2293/2293 2294/2294/2294 6/6/6
f 2293/2293/2293 6/6/6 5/5/5
f 2294/2294/2294 2295/2295/2295 9/9/9
f 2294/2294/2294 9/9/9 6/6/6
f 2296/2296/2296 2295/2295/2295 2235/2235/2235
f 2296/2296/2296 2235/2235/2235 2234/2234/2234
f 2297/2297/2297 2298/2298/2298 2236/2236/2236
f 2297/2297/2297 2236/2236/2236 2239/2239/2239
f 2299/2299/2299 2300/2300/2300 2284/2284/2284
f 2299/2299/2299 2284/2284/2284 2243/2243/2243
f 2034/2034/2034 2301/2301/2301 2242/2242/2242
f 2034/2034/2034 2242/2242/2242 2014/2014/2014
f 2292/2292/2292 2291/2291/2291 2247/2247/2247
f 2292/2292/2292 2247/2247/2247 2246/2246/2246
f 2294/2294/2294 2293/2293/2293 2248/2248/2248
f 2294/2294/2294 2248/2248/2248 2251/2251/2251
f 2295/2295/2295 2294/2294/2294 2251/2251/2251
f 2295/2295/2295 2251/2251/2251 2235/2235/2235
f 2295/2295/2295 2296/2296/2296 464/464/464
f 2295/2295/2295 464/464/464 9/9/9
f 2296/2296/2296 2298/2298/2298 363/363/363
f 2296/2296/2296 363/363/363 464/464/464
f 2297/2297/2297 2300/2300/2300 341/341/341
f 2297/2297/2297 341/341/341 364/364/364
f 2301/2301/2301 2034/2034/2034 1675/1675/1675
f 2301/2301/2301 1675/1675/1675 562/562/562
f 2291/2291/2291 2/2/2 465/465/465
f 2291/2291/2291 465/465/465 2302/2302/2302
f 2300/2300/2300 2297/2297/2297 2239/2239/2239
f 2300/2300/2300 2239/2239/2239 2284/2284/2284
f 2208/2208/2208 2290/2290/2290 2285/2285/2285
f 2208/2208/2208 2285/2285/2285 2302/2302/2302
f 2299/2299/2299 2301/2301/2301 562/562/562
f 2299/2299/2299 562/562/562 342/342/342
f 2292/2292/2292 2293/2293/2293 5/5/5
f 2292/2292/2292 5/5/5 3/3/3
f 2298/2298/2298 2296/2296/2296 2234/2234/2234
f 2298/2298/2298 2234/2234/2234 2236/2236/2236
f 2293/2293/2293 2292/2292/2292 2246/2246/2246
f 2293/2293/2293 2246/2246/2246 2248/2248/2248
f 2298/2298/2298 2297/2297/2297 364/364/364
f 2298/2298/2298 364/364/364 363/363/363
f 2043/2043/2043 2030/2030/2030 2290/2290/2290
f 2043/2043/2043 2290/2290/2290 2208/2208/2208
f 2276/2276/2276 2176/2176/2176 2179/2179/2179
f 2276/2276/2276 2179/2179/2179 2275/2275/2275
f 2194/2194/2194 2196/2196/2196 2279/2279/2279
f 2194/2194/2194 2279/2279/2279 2066/2066/2066
f 2061/2061/2061 2202/2202/2202 2203/2203/2203
f 2061/2061/2061 2203/2203/2203 2165/2165/2165
f 2211/2211/2211 2227/2227/2227 2229/2229/2229
f 2211/2211/2211 2229/2229/2229 2252/2252/2252
f 2283/2283/2283 2240/2240/2240 2243/2243/2243
f 2283/2283/2283 2243/2243/2243 2284/2284/2284
f 2153/2153/2153 2202/2202/2202 2253/2253/2253
f 2153/2153/2153 2253/2253/2253 2110/2110/2110
f 2255/2255/2255 2254/2254/2254 2108/2108/2108
f 2255/2255/2255 2108/2108/2108 2111/2111/2111
f 2194/2194/2194 2256/2256/2256 2137/2137/2137
f 2194/2194/2194 2137/2137/2137 2155/2155/2155
f 2258/2258/2258 2257/2257/2257 2092/2092/2092
f 2258/2258/2258 2092/2092/2092 2154/2154/2154
f 2260/2260/2260 2259/2259/2259 2158/2158/2158
f 2260/2260/2260 2158/2158/2158 2157/2157/2157
f 2095/2095/2095 2261/2261/2261 2262/2262/2262
f 2095/2095/2095 2262/2262/2262 2156/2156/2156
f 2160/2160/2160 2264/2264/2264 2263/2263/2263
f 2160/2160/2160 2263/2263/2263 2159/2159/2159
f 2257/2257/2257 2265/2265/2265 2093/2093/2093
f 2257/2257/2257 2093/2093/2093 2092/2092/2092
f 2094/2094/2094 2266/2266/2266 2261/2261/2261
f 2094/2094/2094 2261/2261/2261 2095/2095/2095
f 2110/2110/2110 2253/2253/2253 2255/2255/2255
f 2110/2110/2110 2255/2255/2255 2111/2111/2111
f 2254/2254/2254 2267/2267/2267 2109/2109/2109
f 2254/2254/2254 2109/2109/2109 2108/2108/2108
f 2256/2256/2256 2268/2268/2268 2138/2138/2138
f 2256/2256/2256 2138/2138/2138 2137/2137/2137
f 2139/2139/2139 2269/2269/2269 2270/2270/2270
f 2139/2139/2139 2270/2270/2270 2140/2140/2140
f 2272/2272/2272 2271/2271/2271 2142/2142/2142
f 2272/2272/2272 2142/2142/2142 2141/2141/2141
f 2274/2274/2274 2273/2273/2273 2144/2144/2144
f 2274/2274/2274 2144/2144/2144 2143/2143/2143
f 2259/2259/2259 2266/2266/2266 2094/2094/2094
f 2259/2259/2259 2094/2094/2094 2158/2158/2158
f 2093/2093/2093 2265/2265/2265 2203/2203/2203
f 2093/2093/2093 2203/2203/2203 2166/2166/2166
f 2278/2278/2278 2277/2277/2277 2183/2183/2183
f 2278/2278/2278 2183/2183/2183 2182/2182/2182
f 2273/2273/2273 2280/2280/2280 2197/2197/2197
f 2273/2273/2273 2197/2197/2197 2144/2144/2144
f 2267/2267/2267 2260/2260/2260 2157/2157/2157
f 2267/2267/2267 2157/2157/2157 2109/2109/2109
f 2227/2227/2227 2272/2272/2272 2141/2141/2141
f 2227/2227/2227 2141/2141/2141 2221/2221/2221
f 2222/2222/2222 2281/2281/2281 2274/2274/2274
f 2222/2222/2222 2274/2274/2274 2143/2143/2143
f 2268/2268/2268 2282/2282/2282 2219/2219/2219
f 2268/2268/2268 2219/2219/2219 2138/2138/2138
f 2270/2270/2270 2264/2264/2264 2160/2160/2160
f 2270/2270/2270 2160/2160/2160 2140/2140/2140
f 2286/2286/2286 2285/2285/2285 2290/2290/2290
f 2286/2286/2286 2290/2290/2290 2289/2289/2289
f 2156/2156/2156 2262/2262/2262 2269/2269/2269
f 2156/2156/2156 2269/2269/2269 2139/2139/2139
f 2271/2271/2271 2258/2258/2258 2154/2154/2154
f 2271/2271/2271 2154/2154/2154 2142/2142/2142
f 2159/2159/2159 2263/2263/2263 2281/2281/2281
f 2159/2159/2159 2281/2281/2281 2222/2222/2222
f 2219/2219/2219 2282/2282/2282 2229/2229/2229
f 2219/2219/2219 2229/2229/2229 2228/2228/2228
f 2275/2275/2275 2179/2179/2179 2240/2240/2240
f 2275/2275/2275 2240/2240/2240 2283/2283/2283
f 2177/2177/2177 2176/2176/2176 2196/2196/2196
f 2177/2177/2177 2196/2196/2196 2195/2195/2195
f 2277/2277/2277 2280/2280/2280 2198/2198/2198
f 2277/2277/2277 2198/2198/2198 2183/2183/2183
f 2278/2278/2278 2286/2286/2286 2289/2289/2289
f 2278/2278/2278 2289/2289/2289 2181/2181/2181
f 2301/2301/2301 2299/2299/2299 2243/2243/2243
f 2301/2301/2301 2243/2243/2243 2242/2242/2242
f 2302/2302/2302 465/465/465 460/460/460
f 2302/2302/2302 460/460/460 2208/2208/2208
f 2302/2302/2302 2285/2285/2285 2247/2247/2247
f 2302/2302/2302 2247/2247/2247 2291/2291/2291
f 2300/2300/2300 2299/2299/2299 342/342/342
f 2300/2300/2300 342/342/342 341/341/341
f 2303/2303/2303 2304/2304/2304 2305/2305/2305
f 2303/2303/2303 2305/2305/2305 2306/2306/2306
f 2307/2307/2307 2308/2308/2308 2309/2309/2309
f 2307/2307/2307 2309/2309/2309 2310/2310/2310
f 2311/2311/2311 2312/2312/2312 2313/2313/2313
f 2311/2311/2311 2313/2313/2313 2314/2314/2314
f 2315/2315/2315 2316/2316/2316 2317/2317/2317
f 2315/2315/2315 2317/2317/2317 2318/2318/2318
f 2319/2319/2319 2320/2320/2320 2304/2304/2304
f 2319/2319/2319 2304/2304/2304 2303/2303/2303
f 2321/2321/2321 2322/2322/2322 2323/2323/2323
f 2321/2321/2321 2323/2323/2323 2324/2324/2324
f 2325/2325/2325 2326/2326/2326 2327/2327/2327
f 2325/2325/2325 2327/2327/2327 2328/2328/2328
f 2329/2329/2329 2330/2330/2330 2316/2316/2316
f 2329/2329/2329 2316/2316/2316 2331/2331/2331
f 2332/2332/2332 2333/2333/2333 2334/2334/2334
f 2332/2332/2332 2334/2334/2334 2335/2335/2335
f 2336/2336/2336 2337/2337/2337 2334/2334/2334
f 2336/2336/2336 2334/2334/2334 2338/2338/2338
f 2339/2339/2339 2340/2340/2340 2341/2341/2341
f 2339/2339/2339 2341/2341/2341 2342/2342/2342
f 2343/2343/2343 2344/2344/2344 2345/2345/2345
f 2343/2343/2343 2345/2345/2345 2314/2314/2314
f 2346/2346/2346 2347/2347/2347 2348/2348/2348
f 2346/2346/2346 2348/2348/2348 2349/2349/2349
f 2350/2350/2350 2351/2351/2351 2352/2352/2352
f 2350/2350/2350 2352/2352/2352 2353/2353/2353
f 2354/2354/2354 2355/2355/2355 2356/2356/2356
f 2354/2354/2354 2356/2356/2356 2357/2357/2357
f 2358/2358/2358 2330/2330/2330 2359/2359/2359
f 2358/2358/2358 2359/2359/2359 2360/2360/2360
f 2343/2343/2343 2361/2361/2361 2362/2362/2362
f 2343/2343/2343 2362/2362/2362 2363/2363/2363
f 2364/2364/2364 2365/2365/2365 2366/2366/2366
f 2364/2364/2364 2366/2366/2366 2367/2367/2367
f 2368/2368/2368 2369/2369/2369 2370/2370/2370
f 2368/2368/2368 2370/2370/2370 2371/2371/2371
f 2372/2372/2372 2373/2373/2373 2374/2374/2374
f 2372/2372/2372 2374/2374/2374 2375/2375/2375
f 2376/2376/2376 2335/2335/2335 2377/2377/2377
f 2376/2376/2376 2377/2377/2377 2378/2378/2378
f 2379/2379/2379 2380/2380/2380 2381/2381/2381
f 2379/2379/2379 2381/2381/2381 2382/2382/2382
f 2383/2383/2383 2384/2384/2384 2328/2328/2328
f 2383/2383/2383 2328/2328/2328 2385/2385/2385
f 2386/2386/2386 2380/2380/2380 2387/2387/2387
f 2386/2386/2386 2387/2387/2387 2388/2388/2388
f 2389/2389/2389 2379/2379/2379 2390/2390/2390
f 2389/2389/2389 2390/2390/2390 2391/2391/2391
f 2392/2392/2392 2393/2393/2393 2394/2394/2394
f 2392/2392/2392 2394/2394/2394 2395/2395/2395
f 2311/2311/2311 2396/2396/2396 2397/2397/2397
f 2311/2311/2311 2397/2397/2397 2398/2398/2398
f 2399/2399/2399 2383/2383/2383 2390/2390/2390
f 2399/2399/2399 2390/2390/2390 2400/2400/2400
f 2319/2319/2319 2303/2303/2303 2322/2322/2322
f 2319/2319/2319 2322/2322/2322 2321/2321/2321
f 2324/2324/2324 2323/2323/2323 2401/2401/2401
f 2324/2324/2324 2401/2401/2401 2402/2402/2402
f 2398/2398/2398 2338/2338/2338 2403/2403/2403
f 2398/2398/2398 2403/2403/2403 2404/2404/2404
f 2405/2405/2405 2315/2315/2315 2406/2406/2406
f 2405/2405/2405 2406/2406/2406 2407/2407/2407
f 2408/2408/2408 2307/2307/2307 2406/2406/2406
f 2408/2408/2408 2406/2406/2406 2409/2409/2409
f 2410/2410/2410 2323/2323/2323 2322/2322/2322
f 2410/2410/2410 2322/2322/2322 2411/2411/2411
f 2338/2338/2338 2334/2334/2334 2333/2333/2333
f 2338/2338/2338 2333/2333/2333 2403/2403/2403
f 2361/2361/2361 2343/2343/2343 2314/2314/2314
f 2361/2361/2361 2314/2314/2314 2313/2313/2313
f 2312/2312/2312 2311/2311/2311 2398/2398/2398
f 2312/2312/2312 2398/2398/2398 2404/2404/2404
f 2412/2412/2412 2413/2413/2413 2414/2414/2414
f 2412/2412/2412 2414/2414/2414 2415/2415/2415
f 2416/2416/2416 2366/2366/2366 2365/2365/2365
f 2416/2416/2416 2365/2365/2365 2417/2417/2417
f 2353/2353/2353 2418/2418/2418 2419/2419/2419
f 2353/2353/2353 2419/2419/2419 2350/2350/2350
f 2355/2355/2355 2354/2354/2354 2352/2352/2352
f 2355/2355/2355 2352/2352/2352 2351/2351/2351
f 2363/2363/2363 2420/2420/2420 2344/2344/2344
f 2363/2363/2363 2344/2344/2344 2343/2343/2343
f 2421/2421/2421 2422/2422/2422 2347/2347/2347
f 2421/2421/2421 2347/2347/2347 2346/2346/2346
f 2423/2423/2423 2359/2359/2359 2330/2330/2330
f 2423/2423/2423 2330/2330/2330 2329/2329/2329
f 2335/2335/2335 2376/2376/2376 2424/2424/2424
f 2335/2335/2335 2424/2424/2424 2332/2332/2332
f 2425/2425/2425 2426/2426/2426 2427/2427/2427
f 2425/2425/2425 2427/2427/2427 2428/2428/2428
f 2429/2429/2429 2430/2430/2430 2431/2431/2431
f 2429/2429/2429 2431/2431/2431 2432/2432/2432
f 2433/2433/2433 2434/2434/2434 2435/2435/2435
f 2433/2433/2433 2435/2435/2435 2436/2436/2436
f 2437/2437/2437 2438/2438/2438 2439/2439/2439
f 2437/2437/2437 2439/2439/2439 2440/2440/2440
f 2408/2408/2408 2441/2441/2441 2442/2442/2442
f 2408/2408/2408 2442/2442/2442 2443/2443/2443
f 2444/2444/2444 2445/2445/2445 2446/2446/2446
f 2444/2444/2444 2446/2446/2446 2447/2447/2447
f 2448/2448/2448 2449/2449/2449 2409/2409/2409
f 2448/2448/2448 2409/2409/2409 2318/2318/2318
f 2432/2432/2432 2431/2431/2431 2433/2433/2433
f 2432/2432/2432 2433/2433/2433 2436/2436/2436
f 2435/2435/2435 2434/2434/2434 2450/2450/2450
f 2435/2435/2435 2450/2450/2450 2451/2451/2451
f 2452/2452/2452 2453/2453/2453 2454/2454/2454
f 2452/2452/2452 2454/2454/2454 2455/2455/2455
f 2456/2456/2456 2365/2365/2365 2308/2308/2308
f 2456/2456/2456 2308/2308/2308 2443/2443/2443
f 2457/2457/2457 2381/2381/2381 2458/2458/2458
f 2457/2457/2457 2458/2458/2458 2459/2459/2459
f 2460/2460/2460 2461/2461/2461 2462/2462/2462
f 2460/2460/2460 2462/2462/2462 2456/2456/2456
f 2463/2463/2463 2464/2464/2464 2384/2384/2384
f 2463/2463/2463 2384/2384/2384 2465/2465/2465
f 2466/2466/2466 2467/2467/2467 2317/2317/2317
f 2466/2466/2466 2317/2317/2317 2468/2468/2468
f 2468/2468/2468 2330/2330/2330 2358/2358/2358
f 2468/2468/2468 2358/2358/2358 2440/2440/2440
f 2469/2469/2469 2470/2470/2470 2448/2448/2448
f 2469/2469/2469 2448/2448/2448 2467/2467/2467
f 2469/2469/2469 2467/2467/2467 2466/2466/2466
f 2469/2469/2469 2466/2466/2466 2471/2471/2471
f 2471/2471/2471 2466/2466/2466 2439/2439/2439
f 2471/2471/2471 2439/2439/2439 2472/2472/2472
f 2472/2472/2472 2439/2439/2439 2438/2438/2438
f 2472/2472/2472 2438/2438/2438 2473/2473/2473
f 2474/2474/2474 2450/2450/2450 2434/2434/2434
f 2474/2474/2474 2434/2434/2434 2475/2475/2475
f 2475/2475/2475 2434/2434/2434 2433/2433/2433
f 2475/2475/2475 2433/2433/2433 2476/2476/2476
f 2477/2477/2477 2476/2476/2476 2433/2433/2433
f 2477/2477/2477 2433/2433/2433 2431/2431/2431
f 2478/2478/2478 2477/2477/2477 2431/2431/2431
f 2478/2478/2478 2431/2431/2431 2430/2430/2430
f 2479/2479/2479 2480/2480/2480 2446/2446/2446
f 2479/2479/2479 2446/2446/2446 2445/2445/2445
f 2481/2481/2481 2461/2461/2461 2460/2460/2460
f 2481/2481/2481 2460/2460/2460 2482/2482/2482
f 2482/2482/2482 2460/2460/2460 2442/2442/2442
f 2482/2482/2482 2442/2442/2442 2483/2483/2483
f 2483/2483/2483 2442/2442/2442 2441/2441/2441
f 2483/2483/2483 2441/2441/2441 2484/2484/2484
f 2484/2484/2484 2441/2441/2441 2449/2449/2449
f 2484/2484/2484 2449/2449/2449 2485/2485/2485
f 2470/2470/2470 2485/2485/2485 2449/2449/2449
f 2470/2470/2470 2449/2449/2449 2448/2448/2448
f 2318/2318/2318 2317/2317/2317 2467/2467/2467
f 2318/2318/2318 2467/2467/2467 2448/2448/2448
f 2441/2441/2441 2408/2408/2408 2409/2409/2409
f 2441/2441/2441 2409/2409/2409 2449/2449/2449
f 2419/2419/2419 2429/2429/2429 2432/2432/2432
f 2419/2419/2419 2432/2432/2432 2350/2350/2350
f 2436/2436/2436 2435/2435/2435 2355/2355/2355
f 2436/2436/2436 2355/2355/2355 2351/2351/2351
f 2415/2415/2415 2437/2437/2437 2440/2440/2440
f 2415/2415/2415 2440/2440/2440 2358/2358/2358
f 2307/2307/2307 2408/2408/2408 2443/2443/2443
f 2307/2307/2307 2443/2443/2443 2308/2308/2308
f 2369/2369/2369 2444/2444/2444 2447/2447/2447
f 2369/2369/2369 2447/2447/2447 2370/2370/2370
f 2318/2318/2318 2409/2409/2409 2406/2406/2406
f 2318/2318/2318 2406/2406/2406 2315/2315/2315
f 2350/2350/2350 2432/2432/2432 2436/2436/2436
f 2350/2350/2350 2436/2436/2436 2351/2351/2351
f 2435/2435/2435 2451/2451/2451 2356/2356/2356
f 2435/2435/2435 2356/2356/2356 2355/2355/2355
f 2460/2460/2460 2456/2456/2456 2443/2443/2443
f 2460/2460/2460 2443/2443/2443 2442/2442/2442
f 2456/2456/2456 2462/2462/2462 2417/2417/2417
f 2456/2456/2456 2417/2417/2417 2365/2365/2365
f 2468/2468/2468 2317/2317/2317 2316/2316/2316
f 2468/2468/2468 2316/2316/2316 2330/2330/2330
f 2466/2466/2466 2468/2468/2468 2440/2440/2440
f 2466/2466/2466 2440/2440/2440 2439/2439/2439
f 2486/2486/2486 2362/2362/2362 2361/2361/2361
f 2486/2486/2486 2361/2361/2361 2487/2487/2487
f 2487/2487/2487 2361/2361/2361 2313/2313/2313
f 2487/2487/2487 2313/2313/2313 2488/2488/2488
f 2488/2488/2488 2313/2313/2313 2312/2312/2312
f 2488/2488/2488 2312/2312/2312 2489/2489/2489
f 2489/2489/2489 2312/2312/2312 2404/2404/2404
f 2489/2489/2489 2404/2404/2404 2490/2490/2490
f 2491/2491/2491 2490/2490/2490 2404/2404/2404
f 2491/2491/2491 2404/2404/2404 2403/2403/2403
f 2492/2492/2492 2491/2491/2491 2403/2403/2403
f 2492/2492/2492 2403/2403/2403 2333/2333/2333
f 2493/2493/2493 2492/2492/2492 2333/2333/2333
f 2493/2493/2493 2333/2333/2333 2332/2332/2332
f 2494/2494/2494 2493/2493/2493 2332/2332/2332
f 2494/2494/2494 2332/2332/2332 2424/2424/2424
f 2495/2495/2495 2496/2496/2496 2337/2337/2337
f 2495/2495/2495 2337/2337/2337 2336/2336/2336
f 2339/2339/2339 2497/2497/2497 2498/2498/2498
f 2339/2339/2339 2498/2498/2498 2340/2340/2340
f 2344/2344/2344 2499/2499/2499 2498/2498/2498
f 2344/2344/2344 2498/2498/2498 2345/2345/2345
f 2500/2500/2500 2496/2496/2496 2348/2348/2348
f 2500/2500/2500 2348/2348/2348 2347/2347/2347
f 2501/2501/2501 2495/2495/2495 2336/2336/2336
f 2501/2501/2501 2336/2336/2336 2397/2397/2397
f 2394/2394/2394 2501/2501/2501 2497/2497/2497
f 2394/2394/2394 2497/2497/2497 2339/2339/2339
f 2374/2374/2374 2499/2499/2499 2502/2502/2502
f 2374/2374/2374 2502/2502/2502 2375/2375/2375
f 2379/2379/2379 2389/2389/2389 2387/2387/2387
f 2379/2379/2379 2387/2387/2387 2380/2380/2380
f 2464/2464/2464 2325/2325/2325 2328/2328/2328
f 2464/2464/2464 2328/2328/2328 2384/2384/2384
f 2369/2369/2369 2368/2368/2368 2416/2416/2416
f 2369/2369/2369 2416/2416/2416 2417/2417/2417
f 2385/2385/2385 2328/2328/2328 2327/2327/2327
f 2385/2385/2385 2327/2327/2327 2410/2410/2410
f 2388/2388/2388 2387/2387/2387 2305/2305/2305
f 2388/2388/2388 2305/2305/2305 2503/2503/2503
f 2306/2306/2306 2389/2389/2389 2391/2391/2391
f 2306/2306/2306 2391/2391/2391 2411/2411/2411
f 2385/2385/2385 2391/2391/2391 2390/2390/2390
f 2385/2385/2385 2390/2390/2390 2383/2383/2383
f 2360/2360/2360 2412/2412/2412 2415/2415/2415
f 2360/2360/2360 2415/2415/2415 2358/2358/2358
f 2438/2438/2438 2437/2437/2437 2504/2504/2504
f 2438/2438/2438 2504/2504/2504 2505/2505/2505
f 2461/2461/2461 2445/2445/2445 2444/2444/2444
f 2461/2461/2461 2444/2444/2444 2462/2462/2462
f 2506/2506/2506 2473/2473/2473 2438/2438/2438
f 2506/2506/2506 2438/2438/2438 2505/2505/2505
f 2481/2481/2481 2479/2479/2479 2445/2445/2445
f 2481/2481/2481 2445/2445/2445 2461/2461/2461
f 2504/2504/2504 2437/2437/2437 2415/2415/2415
f 2504/2504/2504 2415/2415/2415 2414/2414/2414
f 2462/2462/2462 2444/2444/2444 2369/2369/2369
f 2462/2462/2462 2369/2369/2369 2417/2417/2417
f 2382/2382/2382 2381/2381/2381 2457/2457/2457
f 2382/2382/2382 2457/2457/2457 2455/2455/2455
f 2425/2425/2425 2399/2399/2399 2400/2400/2400
f 2425/2425/2425 2400/2400/2400 2454/2454/2454
f 2383/2383/2383 2399/2399/2399 2465/2465/2465
f 2383/2383/2383 2465/2465/2465 2384/2384/2384
f 2382/2382/2382 2400/2400/2400 2390/2390/2390
f 2382/2382/2382 2390/2390/2390 2379/2379/2379
f 2458/2458/2458 2381/2381/2381 2380/2380/2380
f 2458/2458/2458 2380/2380/2380 2386/2386/2386
f 2428/2428/2428 2427/2427/2427 2463/2463/2463
f 2428/2428/2428 2463/2463/2463 2465/2465/2465
f 2399/2399/2399 2425/2425/2425 2428/2428/2428
f 2399/2399/2399 2428/2428/2428 2465/2465/2465
f 2455/2455/2455 2454/2454/2454 2400/2400/2400
f 2455/2455/2455 2400/2400/2400 2382/2382/2382
f 2455/2455/2455 2457/2457/2457 2459/2459/2459
f 2455/2455/2455 2459/2459/2459 2452/2452/2452
f 2426/2426/2426 2425/2425/2425 2454/2454/2454
f 2426/2426/2426 2454/2454/2454 2453/2453/2453
f 2469/2469/2469 2427/2427/2427 2426/2426/2426
f 2469/2469/2469 2426/2426/2426 2470/2470/2470
f 2471/2471/2471 2463/2463/2463 2427/2427/2427
f 2471/2471/2471 2427/2427/2427 2469/2469/2469
f 2472/2472/2472 2464/2464/2464 2463/2463/2463
f 2472/2472/2472 2463/2463/2463 2471/2471/2471
f 2473/2473/2473 2325/2325/2325 2464/2464/2464
f 2473/2473/2473 2464/2464/2464 2472/2472/2472
f 2475/2475/2475 2324/2324/2324 2402/2402/2402
f 2475/2475/2475 2402/2402/2402 2474/2474/2474
f 2476/2476/2476 2321/2321/2321 2324/2324/2324
f 2476/2476/2476 2324/2324/2324 2475/2475/2475
f 2477/2477/2477 2319/2319/2319 2321/2321/2321
f 2477/2477/2477 2321/2321/2321 2476/2476/2476
f 2478/2478/2478 2320/2320/2320 2319/2319/2319
f 2478/2478/2478 2319/2319/2319 2477/2477/2477
f 2479/2479/2479 2388/2388/2388 2503/2503/2503
f 2479/2479/2479 2503/2503/2503 2480/2480/2480
f 2482/2482/2482 2458/2458/2458 2386/2386/2386
f 2482/2482/2482 2386/2386/2386 2481/2481/2481
f 2483/2483/2483 2459/2459/2459 2458/2458/2458
f 2483/2483/2483 2458/2458/2458 2482/2482/2482
f 2484/2484/2484 2452/2452/2452 2459/2459/2459
f 2484/2484/2484 2459/2459/2459 2483/2483/2483
f 2485/2485/2485 2453/2453/2453 2452/2452/2452
f 2485/2485/2485 2452/2452/2452 2484/2484/2484
f 2470/2470/2470 2426/2426/2426 2453/2453/2453
f 2470/2470/2470 2453/2453/2453 2485/2485/2485
f 2506/2506/2506 2326/2326/2326 2325/2325/2325
f 2506/2506/2506 2325/2325/2325 2473/2473/2473
f 2481/2481/2481 2386/2386/2386 2388/2388/2388
f 2481/2481/2481 2388/2388/2388 2479/2479/2479
f 2507/2507/2507 2508/2508/2508 2509/2509/2509
f 2507/2507/2507 2509/2509/2509 2510/2510/2510
f 2510/2510/2510 2509/2509/2509 2511/2511/2511
f 2510/2510/2510 2511/2511/2511 2512/2512/2512
f 2511/2511/2511 2513/2513/2513 2514/2514/2514
f 2511/2511/2511 2514/2514/2514 2512/2512/2512
f 2513/2513/2513 2515/2515/2515 2516/2516/2516
f 2513/2513/2513 2516/2516/2516 2514/2514/2514
f 2515/2515/2515 2517/2517/2517 2518/2518/2518
f 2515/2515/2515 2518/2518/2518 2516/2516/2516
f 2517/2517/2517 2519/2519/2519 2520/2520/2520
f 2517/2517/2517 2520/2520/2520 2518/2518/2518
f 2519/2519/2519 2521/2521/2521 2522/2522/2522
f 2519/2519/2519 2522/2522/2522 2520/2520/2520
f 2521/2521/2521 2523/2523/2523 2524/2524/2524
f 2521/2521/2521 2524/2524/2524 2522/2522/2522
f 2525/2525/2525 2507/2507/2507 2510/2510/2510
f 2525/2525/2525 2510/2510/2510 2526/2526/2526
f 2526/2526/2526 2510/2510/2510 2512/2512/2512
f 2526/2526/2526 2512/2512/2512 2527/2527/2527
f 2512/2512/2512 2514/2514/2514 2528/2528/2528
f 2512/2512/2512 2528/2528/2528 2527/2527/2527
f 2514/2514/2514 2516/2516/2516 2529/2529/2529
f 2514/2514/2514 2529/2529/2529 2528/2528/2528
f 2516/2516/2516 2518/2518/2518 2530/2530/2530
f 2516/2516/2516 2530/2530/2530 2529/2529/2529
f 2518/2518/2518 2520/2520/2520 2531/2531/2531
f 2518/2518/2518 2531/2531/2531 2530/2530/2530
f 2520/2520/2520 2522/2522/2522 2532/2532/2532
f 2520/2520/2520 2532/2532/2532 2531/2531/2531
f 2522/2522/2522 2524/2524/2524 2533/2533/2533
f 2522/2522/2522 2533/2533/2533 2532/2532/2532
f 2447/2447/2447 2429/2429/2429 2419/2419/2419
f 2447/2447/2447 2419/2419/2419 2370/2370/2370
f 2326/2326/2326 2402/2402/2402 2401/2401/2401
f 2326/2326/2326 2401/2401/2401 2327/2327/2327
f 2356/2356/2356 2414/2414/2414 2413/2413/2413
f 2356/2356/2356 2413/2413/2413 2357/2357/2357
f 2370/2370/2370 2419/2419/2419 2418/2418/2418
f 2370/2370/2370 2418/2418/2418 2371/2371/2371
f 2305/2305/2305 2304/2304/2304 2320/2320/2320
f 2305/2305/2305 2320/2320/2320 2503/2503/2503
f 2504/2504/2504 2451/2451/2451 2450/2450/2450
f 2504/2504/2504 2450/2450/2450 2505/2505/2505
f 2474/2474/2474 2506/2506/2506 2505/2505/2505
f 2474/2474/2474 2505/2505/2505 2450/2450/2450
f 2480/2480/2480 2478/2478/2478 2430/2430/2430
f 2480/2480/2480 2430/2430/2430 2446/2446/2446
f 2446/2446/2446 2430/2430/2430 2429/2429/2429
f 2446/2446/2446 2429/2429/2429 2447/2447/2447
f 2414/2414/2414 2356/2356/2356 2451/2451/2451
f 2414/2414/2414 2451/2451/2451 2504/2504/2504
f 2402/2402/2402 2326/2326/2326 2506/2506/2506
f 2402/2402/2402 2506/2506/2506 2474/2474/2474
f 2503/2503/2503 2320/2320/2320 2478/2478/2478
f 2503/2503/2503 2478/2478/2478 2480/2480/2480
f 2389/2389/2389 2306/2306/2306 2305/2305/2305
f 2389/2389/2389 2305/2305/2305 2387/2387/2387
f 2385/2385/2385 2410/2410/2410 2411/2411/2411
f 2385/2385/2385 2411/2411/2411 2391/2391/2391
f 2410/2410/2410 2327/2327/2327 2401/2401/2401
f 2410/2410/2410 2401/2401/2401 2323/2323/2323
f 2303/2303/2303 2306/2306/2306 2411/2411/2411
f 2303/2303/2303 2411/2411/2411 2322/2322/2322
f 2534/2534/2534 2535/2535/2535 2536/2536/2536
f 2534/2534/2534 2536/2536/2536 2537/2537/2537
f 2535/2535/2535 2538/2538/2538 2539/2539/2539
f 2535/2535/2535 2539/2539/2539 2536/2536/2536
f 2538/2538/2538 2540/2540/2540 2541/2541/2541
f 2538/2538/2538 2541/2541/2541 2539/2539/2539
f 2540/2540/2540 2542/2542/2542 2543/2543/2543
f 2540/2540/2540 2543/2543/2543 2541/2541/2541
f 2542/2542/2542 2544/2544/2544 2545/2545/2545
f 2542/2542/2542 2545/2545/2545 2543/2543/2543
f 2545/2545/2545 2544/2544/2544 2546/2546/2546
f 2545/2545/2545 2546/2546/2546 2547/2547/2547
f 2547/2547/2547 2546/2546/2546 2548/2548/2548
f 2547/2547/2547 2548/2548/2548 2549/2549/2549
f 2548/2548/2548 2550/2550/2550 2551/2551/2551
f 2548/2548/2548 2551/2551/2551 2549/2549/2549
f 2392/2392/2392 2349/2349/2349 2348/2348/2348
f 2392/2392/2392 2348/2348/2348 2393/2393/2393
f 2396/2396/2396 2311/2311/2311 2314/2314/2314
f 2396/2396/2396 2314/2314/2314 2345/2345/2345
f 2374/2374/2374 2373/2373/2373 2341/2341/2341
f 2374/2374/2374 2341/2341/2341 2340/2340/2340
f 2377/2377/2377 2335/2335/2335 2334/2334/2334
f 2377/2377/2377 2334/2334/2334 2337/2337/2337
f 2338/2338/2338 2398/2398/2398 2397/2397/2397
f 2338/2338/2338 2397/2397/2397 2336/2336/2336
f 2342/2342/2342 2395/2395/2395 2394/2394/2394
f 2342/2342/2342 2394/2394/2394 2339/2339/2339
f 2347/2347/2347 2422/2422/2422 2552/2552/2552
f 2347/2347/2347 2552/2552/2552 2500/2500/2500
f 2393/2393/2393 2348/2348/2348 2496/2496/2496
f 2393/2393/2393 2496/2496/2496 2495/2495/2495
f 2497/2497/2497 2396/2396/2396 2345/2345/2345
f 2497/2497/2497 2345/2345/2345 2498/2498/2498
f 2499/2499/2499 2374/2374/2374 2340/2340/2340
f 2499/2499/2499 2340/2340/2340 2498/2498/2498
f 2377/2377/2377 2337/2337/2337 2496/2496/2496
f 2377/2377/2377 2496/2496/2496 2500/2500/2500
f 2394/2394/2394 2393/2393/2393 2495/2495/2495
f 2394/2394/2394 2495/2495/2495 2501/2501/2501
f 2501/2501/2501 2397/2397/2397 2396/2396/2396
f 2501/2501/2501 2396/2396/2396 2497/2497/2497
f 2499/2499/2499 2344/2344/2344 2420/2420/2420
f 2499/2499/2499 2420/2420/2420 2502/2502/2502
f 2552/2552/2552 2378/2378/2378 2377/2377/2377
f 2552/2552/2552 2377/2377/2377 2500/2500/2500
f 2553/2553/2553 2525/2525/2525 2526/2526/2526
f 2553/2553/2553 2526/2526/2526 2554/2554/2554
f 2554/2554/2554 2526/2526/2526 2527/2527/2527
f 2554/2554/2554 2527/2527/2527 2555/2555/2555
f 2555/2555/2555 2527/2527/2527 2528/2528/2528
f 2555/2555/2555 2528/2528/2528 2556/2556/2556
f 2528/2528/2528 2529/2529/2529 2557/2557/2557
f 2528/2528/2528 2557/2557/2557 2556/2556/2556
f 2529/2529/2529 2530/2530/2530 2558/2558/2558
f 2529/2529/2529 2558/2558/2558 2557/2557/2557
f 2530/2530/2530 2531/2531/2531 2559/2559/2559
f 2530/2530/2530 2559/2559/2559 2558/2558/2558
f 2531/2531/2531 2532/2532/2532 2560/2560/2560
f 2531/2531/2531 2560/2560/2560 2559/2559/2559
f 2532/2532/2532 2533/2533/2533 2561/2561/2561
f 2532/2532/2532 2561/2561/2561 2560/2560/2560
f 2405/2405/2405 2342/2342/2342 2341/2341/2341
f 2405/2405/2405 2341/2341/2341 2331/2331/2331
f 2346/2346/2346 2349/2349/2349 2309/2309/2309
f 2346/2346/2346 2309/2309/2309 2364/2364/2364
f 2392/2392/2392 2395/2395/2395 2407/2407/2407
f 2392/2392/2392 2407/2407/2407 2310/2310/2310
f 1538/1538/1538 2562/2562/2562 2563/2563/2563
f 1538/1538/1538 2563/2563/2563 1539/1539/1539
f 1538/1538/1538 812/812/812 2564/2564/2564
f 1538/1538/1538 2564/2564/2564 2562/2562/2562
f 1539/1539/1539 2563/2563/2563 2565/2565/2565
f 1539/1539/1539 2565/2565/2565 792/792/792
f 1540/1540/1540 2566/2566/2566 2567/2567/2567
f 1540/1540/1540 2567/2567/2567 1541/1541/1541
f 1541/1541/1541 2567/2567/2567 2568/2568/2568
f 1541/1541/1541 2568/2568/2568 811/811/811
f 2569/2569/2569 711/711/711 710/710/710
f 2569/2569/2569 710/710/710 2570/2570/2570
f 710/710/710 792/792/792 2565/2565/2565
f 710/710/710 2565/2565/2565 2570/2570/2570
f 812/812/812 811/811/811 2568/2568/2568
f 812/812/812 2568/2568/2568 2564/2564/2564
f 2536/2536/2536 2571/2571/2571 2572/2572/2572
f 2536/2536/2536 2572/2572/2572 2537/2537/2537
f 2539/2539/2539 2573/2573/2573 2571/2571/2571
f 2539/2539/2539 2571/2571/2571 2536/2536/2536
f 2541/2541/2541 2574/2574/2574 2573/2573/2573
f 2541/2541/2541 2573/2573/2573 2539/2539/2539
f 2543/2543/2543 2575/2575/2575 2574/2574/2574
f 2543/2543/2543 2574/2574/2574 2541/2541/2541
f 2545/2545/2545 2576/2576/2576 2575/2575/2575
f 2545/2545/2545 2575/2575/2575 2543/2543/2543
f 2547/2547/2547 2577/2577/2577 2576/2576/2576
f 2547/2547/2547 2576/2576/2576 2545/2545/2545
f 2549/2549/2549 2578/2578/2578 2577/2577/2577
f 2549/2549/2549 2577/2577/2577 2547/2547/2547
f 2551/2551/2551 2579/2579/2579 2578/2578/2578
f 2551/2551/2551 2578/2578/2578 2549/2549/2549
f 2571/2571/2571 2567/2567/2567 2566/2566/2566
f 2571/2571/2571 2566/2566/2566 2572/2572/2572
f 2573/2573/2573 2568/2568/2568 2567/2567/2567
f 2573/2573/2573 2567/2567/2567 2571/2571/2571
f 2574/2574/2574 2564/2564/2564 2568/2568/2568
f 2574/2574/2574 2568/2568/2568 2573/2573/2573
f 2575/2575/2575 2562/2562/2562 2564/2564/2564
f 2575/2575/2575 2564/2564/2564 2574/2574/2574
f 2576/2576/2576 2563/2563/2563 2562/2562/2562
f 2576/2576/2576 2562/2562/2562 2575/2575/2575
f 2577/2577/2577 2565/2565/2565 2563/2563/2563
f 2577/2577/2577 2563/2563/2563 2576/2576/2576
f 2578/2578/2578 2570/2570/2570 2565/2565/2565
f 2578/2578/2578 2565/2565/2565 2577/2577/2577
f 2579/2579/2579 2569/2569/2569 2570/2570/2570
f 2579/2579/2579 2570/2570/2570 2578/2578/2578
f 2580/2580/2580 2553/2553/2553 2554/2554/2554
f 2580/2580/2580 2554/2554/2554 2581/2581/2581
f 2581/2581/2581 2554/2554/2554 2555/2555/2555
f 2581/2581/2581 2555/2555/2555 2582/2582/2582
f 2555/2555/2555 2556/2556/2556 2583/2583/2583
f 2555/2555/2555 2583/2583/2583 2582/2582/2582
f 2556/2556/2556 2557/2557/2557 2584/2584/2584
f 2556/2556/2556 2584/2584/2584 2583/2583/2583
f 2557/2557/2557 2558/2558/2558 2585/2585/2585
f 2557/2557/2557 2585/2585/2585 2584/2584/2584
f 2558/2558/2558 2559/2559/2559 2586/2586/2586
f 2558/2558/2558 2586/2586/2586 2585/2585/2585
f 2559/2559/2559 2560/2560/2560 2587/2587/2587
f 2559/2559/2559 2587/2587/2587 2586/2586/2586
f 2560/2560/2560 2561/2561/2561 2588/2588/2588
f 2560/2560/2560 2588/2588/2588 2587/2587/2587
f 2508/2508/2508 2486/2486/2486 2487/2487/2487
f 2508/2508/2508 2487/2487/2487 2509/2509/2509
f 2509/2509/2509 2487/2487/2487 2488/2488/2488
f 2509/2509/2509 2488/2488/2488 2511/2511/2511
f 2488/2488/2488 2489/2489/2489 2513/2513/2513
f 2488/2488/2488 2513/2513/2513 2511/2511/2511
f 2489/2489/2489 2490/2490/2490 2515/2515/2515
f 2489/2489/2489 2515/2515/2515 2513/2513/2513
f 2515/2515/2515 2490/2490/2490 2491/2491/2491
f 2515/2515/2515 2491/2491/2491 2517/2517/2517
f 2517/2517/2517 2491/2491/2491 2492/2492/2492
f 2517/2517/2517 2492/2492/2492 2519/2519/2519
f 2492/2492/2492 2493/2493/2493 2521/2521/2521
f 2492/2492/2492 2521/2521/2521 2519/2519/2519
f 2493/2493/2493 2494/2494/2494 2523/2523/2523
f 2493/2493/2493 2523/2523/2523 2521/2521/2521
f 2310/2310/2310 2309/2309/2309 2349/2349/2349
f 2310/2310/2310 2349/2349/2349 2392/2392/2392
f 2373/2373/2373 2329/2329/2329 2331/2331/2331
f 2373/2373/2373 2331/2331/2331 2341/2341/2341
f 2364/2364/2364 2367/2367/2367 2421/2421/2421
f 2364/2364/2364 2421/2421/2421 2346/2346/2346
f 2342/2342/2342 2405/2405/2405 2407/2407/2407
f 2342/2342/2342 2407/2407/2407 2395/2395/2395
f 2372/2372/2372 2423/2423/2423 2329/2329/2329
f 2372/2372/2372 2329/2329/2329 2373/2373/2373
f 2315/2315/2315 2405/2405/2405 2331/2331/2331
f 2315/2315/2315 2331/2331/2331 2316/2316/2316
f 2364/2364/2364 2309/2309/2309 2308/2308/2308
f 2364/2364/2364 2308/2308/2308 2365/2365/2365
f 2310/2310/2310 2407/2407/2407 2406/2406/2406
f 2310/2310/2310 2406/2406/2406 2307/2307/2307
f 2534/2534/2534 2580/2580/2580 2581/2581/2581
f 2534/2534/2534 2581/2581/2581 2535/2535/2535
f 2581/2581/2581 2582/2582/2582 2538/2538/2538
f 2581/2581/2581 2538/2538/2538 2535/2535/2535
f 2582/2582/2582 2583/2583/2583 2540/2540/2540
f 2582/2582/2582 2540/2540/2540 2538/2538/2538
f 2583/2583/2583 2584/2584/2584 2542/2542/2542
f 2583/2583/2583 2542/2542/2542 2540/2540/2540
f 2584/2584/2584 2585/2585/2585 2544/2544/2544
f 2584/2584/2584 2544/2544/2544 2542/2542/2542
f 2544/2544/2544 2585/2585/2585 2586/2586/2586
f 2544/2544/2544 2586/2586/2586 2546/2546/2546
f 2546/2546/2546 2586/2586/2586 2587/2587/2587
f 2546/2546/2546 2587/2587/2587 2548/2548/2548
f 2587/2587/2587 2588/2588/2588 2550/2550/2550
f 2587/2587/2587 2550/2550/2550 2548/2548/2548
f 2589/2589/2589 2590/2590/2590 2591/2591/2591
f 2589/2589/2589 2591/2591/2591 2592/2592/2592
f 2593/2593/2593 2594/2594/2594 2595/2595/2595
f 2593/2593/2593 2595/2595/2595 2596/2596/2596
f 2597/2597/2597 2598/2598/2598 2599/2599/2599
f 2597/2597/2597 2599/2599/2599 2600/2600/2600
f 2601/2601/2601 2602/2602/2602 2603/2603/2603
f 2601/2601/2601 2603/2603/2603 2604/2604/2604
f 2605/2605/2605 2606/2606/2606 2607/2607/2607
f 2605/2605/2605 2607/2607/2607 2595/2595/2595
f 2608/2608/2608 2594/2594/2594 2609/2609/2609
f 2608/2608/2608 2609/2609/2609 2610/2610/2610
f 2611/2611/2611 2612/2612/2612 2598/2598/2598
f 2611/2611/2611 2598/2598/2598 2597/2597/2597
f 2613/2613/2613 2614/2614/2614 2615/2615/2615
f 2613/2613/2613 2615/2615/2615 2616/2616/2616
f 2617/2617/2617 2618/2618/2618 2591/2591/2591
f 2617/2617/2617 2591/2591/2591 2590/2590/2590
f 2619/2619/2619 2620/2620/2620 2621/2621/2621
f 2619/2619/2619 2621/2621/2621 2622/2622/2622
f 2623/2623/2623 2624/2624/2624 2625/2625/2625
f 2623/2623/2623 2625/2625/2625 2626/2626/2626
f 2627/2627/2627 2628/2628/2628 2629/2629/2629
f 2627/2627/2627 2629/2629/2629 2630/2630/2630
f 2631/2631/2631 2632/2632/2632 2633/2633/2633
f 2631/2631/2631 2633/2633/2633 2634/2634/2634
f 2635/2635/2635 2636/2636/2636 2637/2637/2637
f 2635/2635/2635 2637/2637/2637 2638/2638/2638
f 2639/2639/2639 2640/2640/2640 2641/2641/2641
f 2639/2639/2639 2641/2641/2641 2642/2642/2642
f 2643/2643/2643 2644/2644/2644 2615/2615/2615
f 2643/2643/2643 2615/2615/2615 2614/2614/2614
f 2616/2616/2616 2615/2615/2615 2645/2645/2645
f 2616/2616/2616 2645/2645/2645 2646/2646/2646
f 2647/2647/2647 2648/2648/2648 2620/2620/2620
f 2647/2647/2647 2620/2620/2620 2619/2619/2619
f 2649/2649/2649 2650/2650/2650 2651/2651/2651
f 2649/2649/2649 2651/2651/2651 2652/2652/2652
f 2653/2653/2653 2654/2654/2654 2655/2655/2655
f 2653/2653/2653 2655/2655/2655 2656/2656/2656
f 2593/2593/2593 2592/2592/2592 2609/2609/2609
f 2593/2593/2593 2609/2609/2609 2594/2594/2594
f 2657/2657/2657 2596/2596/2596 2595/2595/2595
f 2657/2657/2657 2595/2595/2595 2607/2607/2607
f 2600/2600/2600 2599/2599/2599 2602/2602/2602
f 2600/2600/2600 2602/2602/2602 2601/2601/2601
f 2637/2637/2637 2604/2604/2604 2603/2603/2603
f 2637/2637/2637 2603/2603/2603 2658/2658/2658
f 2608/2608/2608 2605/2605/2605 2595/2595/2595
f 2608/2608/2608 2595/2595/2595 2594/2594/2594
f 2610/2610/2610 2609/2609/2609 2659/2659/2659
f 2610/2610/2610 2659/2659/2659 2660/2660/2660
f 2661/2661/2661 2643/2643/2643 2614/2614/2614
f 2661/2661/2661 2614/2614/2614 2662/2662/2662
f 2663/2663/2663 2664/2664/2664 2639/2639/2639
f 2663/2663/2663 2639/2639/2639 2642/2642/2642
f 2665/2665/2665 2666/2666/2666 2667/2667/2667
f 2665/2665/2665 2667/2667/2667 2668/2668/2668
f 2669/2669/2669 2670/2670/2670 2671/2671/2671
f 2669/2669/2669 2671/2671/2671 2672/2672/2672
f 2648/2648/2648 2640/2640/2640 2639/2639/2639
f 2648/2648/2648 2639/2639/2639 2620/2620/2620
f 2641/2641/2641 2644/2644/2644 2643/2643/2643
f 2641/2641/2641 2643/2643/2643 2642/2642/2642
f 2638/2638/2638 2637/2637/2637 2658/2658/2658
f 2638/2638/2638 2658/2658/2658 2673/2673/2673
f 2674/2674/2674 2675/2675/2675 2676/2676/2676
f 2674/2674/2674 2676/2676/2676 2677/2677/2677
f 2666/2666/2666 2669/2669/2669 2672/2672/2672
f 2666/2666/2666 2672/2672/2672 2667/2667/2667
f 2671/2671/2671 2670/2670/2670 2678/2678/2678
f 2671/2671/2671 2678/2678/2678 2679/2679/2679
f 2649/2649/2649 2680/2680/2680 2681/2681/2681
f 2649/2649/2649 2681/2681/2681 2650/2650/2650
f 2682/2682/2682 2683/2683/2683 2684/2684/2684
f 2682/2682/2682 2684/2684/2684 2685/2685/2685
f 2686/2686/2686 2653/2653/2653 2656/2656/2656
f 2686/2686/2686 2656/2656/2656 2687/2687/2687
f 2688/2688/2688 2689/2689/2689 2690/2690/2690
f 2688/2688/2688 2690/2690/2690 2691/2691/2691
f 2692/2692/2692 2693/2693/2693 2694/2694/2694
f 2692/2692/2692 2694/2694/2694 2695/2695/2695
f 2675/2675/2675 2696/2696/2696 2697/2697/2697
f 2675/2675/2675 2697/2697/2697 2676/2676/2676
f 2698/2698/2698 2602/2602/2602 2599/2599/2599
f 2698/2698/2698 2599/2599/2599 2699/2699/2699
f 2699/2699/2699 2599/2599/2599 2598/2598/2598
f 2699/2699/2699 2598/2598/2598 2700/2700/2700
f 2700/2700/2700 2598/2598/2598 2612/2612/2612
f 2700/2700/2700 2612/2612/2612 2701/2701/2701
f 2702/2702/2702 2684/2684/2684 2683/2683/2683
f 2702/2702/2702 2683/2683/2683 2703/2703/2703
f 2704/2704/2704 2705/2705/2705 2674/2674/2674
f 2704/2704/2704 2674/2674/2674 2677/2677/2677
f 2706/2706/2706 2704/2704/2704 2677/2677/2677
f 2706/2706/2706 2677/2677/2677 2673/2673/2673
f 2707/2707/2707 2708/2708/2708 2658/2658/2658
f 2707/2707/2707 2658/2658/2658 2603/2603/2603
f 2707/2707/2707 2603/2603/2603 2602/2602/2602
f 2707/2707/2707 2602/2602/2602 2698/2698/2698
f 2696/2696/2696 2709/2709/2709 2710/2710/2710
f 2696/2696/2696 2710/2710/2710 2697/2697/2697
f 2711/2711/2711 2712/2712/2712 2695/2695/2695
f 2711/2711/2711 2695/2695/2695 2694/2694/2694
f 2590/2590/2590 2589/2589/2589 2640/2640/2640
f 2590/2590/2590 2640/2640/2640 2648/2648/2648
f 2713/2713/2713 2714/2714/2714 2644/2644/2644
f 2713/2713/2713 2644/2644/2644 2641/2641/2641
f 2647/2647/2647 2617/2617/2617 2590/2590/2590
f 2647/2647/2647 2590/2590/2590 2648/2648/2648
f 2646/2646/2646 2645/2645/2645 2657/2657/2657
f 2646/2646/2646 2657/2657/2657 2715/2715/2715
f 2652/2652/2652 2651/2651/2651 2716/2716/2716
f 2652/2652/2652 2716/2716/2716 2717/2717/2717
f 2589/2589/2589 2713/2713/2713 2641/2641/2641
f 2589/2589/2589 2641/2641/2641 2640/2640/2640
f 2644/2644/2644 2714/2714/2714 2645/2645/2645
f 2644/2644/2644 2645/2645/2645 2615/2615/2615
f 2654/2654/2654 2688/2688/2688 2691/2691/2691
f 2654/2654/2654 2691/2691/2691 2655/2655/2655
f 2718/2718/2718 2719/2719/2719 2720/2720/2720
f 2718/2718/2718 2720/2720/2720 2721/2721/2721
f 2721/2721/2721 2720/2720/2720 2722/2722/2722
f 2721/2721/2721 2722/2722/2722 2723/2723/2723
f 2724/2724/2724 2725/2725/2725 2726/2726/2726
f 2724/2724/2724 2726/2726/2726 2727/2727/2727
f 2726/2726/2726 2725/2725/2725 2728/2728/2728
f 2726/2726/2726 2728/2728/2728 2729/2729/2729
f 2730/2730/2730 2731/2731/2731 2732/2732/2732
f 2730/2730/2730 2732/2732/2732 2733/2733/2733
f 2734/2734/2734 2735/2735/2735 2736/2736/2736
f 2734/2734/2734 2736/2736/2736 2737/2737/2737
f 2736/2736/2736 2738/2738/2738 2739/2739/2739
f 2736/2736/2736 2739/2739/2739 2737/2737/2737
f 2739/2739/2739 2738/2738/2738 2719/2719/2719
f 2739/2739/2739 2719/2719/2719 2718/2718/2718
f 2718/2718/2718 2721/2721/2721 2740/2740/2740
f 2718/2718/2718 2740/2740/2740 2741/2741/2741
f 2721/2721/2721 2723/2723/2723 2742/2742/2742
f 2721/2721/2721 2742/2742/2742 2740/2740/2740
f 2743/2743/2743 2727/2727/2727 2726/2726/2726
f 2743/2743/2743 2726/2726/2726 2744/2744/2744
f 2744/2744/2744 2726/2726/2726 2729/2729/2729
f 2744/2744/2744 2729/2729/2729 2745/2745/2745
f 2733/2733/2733 2732/2732/2732 2746/2746/2746
f 2733/2733/2733 2746/2746/2746 2747/2747/2747
f 2734/2734/2734 2737/2737/2737 2748/2748/2748
f 2734/2734/2734 2748/2748/2748 2749/2749/2749
f 2737/2737/2737 2739/2739/2739 2750/2750/2750
f 2737/2737/2737 2750/2750/2750 2748/2748/2748
f 2739/2739/2739 2718/2718/2718 2741/2741/2741
f 2739/2739/2739 2741/2741/2741 2750/2750/2750
f 2606/2606/2606 2679/2679/2679 2716/2716/2716
f 2606/2606/2606 2716/2716/2716 2715/2715/2715
f 2618/2618/2618 2660/2660/2660 2659/2659/2659
f 2618/2618/2618 2659/2659/2659 2591/2591/2591
f 2678/2678/2678 2717/2717/2717 2716/2716/2716
f 2678/2678/2678 2716/2716/2716 2679/2679/2679
f 2689/2689/2689 2665/2665/2665 2668/2668/2668
f 2689/2689/2689 2668/2668/2668 2690/2690/2690
f 2592/2592/2592 2591/2591/2591 2659/2659/2659
f 2592/2592/2592 2659/2659/2659 2609/2609/2609
f 2593/2593/2593 2596/2596/2596 2714/2714/2714
f 2593/2593/2593 2714/2714/2714 2713/2713/2713
f 2592/2592/2592 2593/2593/2593 2713/2713/2713
f 2592/2592/2592 2713/2713/2713 2589/2589/2589
f 2714/2714/2714 2596/2596/2596 2657/2657/2657
f 2714/2714/2714 2657/2657/2657 2645/2645/2645
f 2751/2751/2751 2752/2752/2752 2753/2753/2753
f 2751/2751/2751 2753/2753/2753 2754/2754/2754
f 2753/2753/2753 2755/2755/2755 2756/2756/2756
f 2753/2753/2753 2756/2756/2756 2754/2754/2754
f 2757/2757/2757 2758/2758/2758 2759/2759/2759
f 2757/2757/2757 2759/2759/2759 2760/2760/2760
f 2759/2759/2759 2758/2758/2758 2761/2761/2761
f 2759/2759/2759 2761/2761/2761 2762/2762/2762
f 2763/2763/2763 2764/2764/2764 2765/2765/2765
f 2763/2763/2763 2765/2765/2765 2766/2766/2766
f 2767/2767/2767 2768/2768/2768 2769/2769/2769
f 2767/2767/2767 2769/2769/2769 2770/2770/2770
f 2769/2769/2769 2771/2771/2771 2772/2772/2772
f 2769/2769/2769 2772/2772/2772 2770/2770/2770
f 2772/2772/2772 2771/2771/2771 2752/2752/2752
f 2772/2772/2772 2752/2752/2752 2751/2751/2751
f 2597/2597/2597 2600/2600/2600 2773/2773/2773
f 2597/2597/2597 2773/2773/2773 2774/2774/2774
f 2601/2601/2601 2604/2604/2604 2775/2775/2775
f 2601/2601/2601 2775/2775/2775 2776/2776/2776
f 2777/2777/2777 2611/2611/2611 2597/2597/2597
f 2777/2777/2777 2597/2597/2597 2774/2774/2774
f 2778/2778/2778 2779/2779/2779 2630/2630/2630
f 2778/2778/2778 2630/2630/2630 2629/2629/2629
f 2780/2780/2780 2682/2682/2682 2685/2685/2685
f 2780/2780/2780 2685/2685/2685 2781/2781/2781
f 2782/2782/2782 2783/2783/2783 2784/2784/2784
f 2782/2782/2782 2784/2784/2784 2785/2785/2785
f 2773/2773/2773 2600/2600/2600 2601/2601/2601
f 2773/2773/2773 2601/2601/2601 2776/2776/2776
f 2604/2604/2604 2637/2637/2637 2636/2636/2636
f 2604/2604/2604 2636/2636/2636 2775/2775/2775
f 2623/2623/2623 2633/2633/2633 2632/2632/2632
f 2623/2623/2623 2632/2632/2632 2624/2624/2624
f 2627/2627/2627 2626/2626/2626 2625/2625/2625
f 2627/2627/2627 2625/2625/2625 2628/2628/2628
f 2786/2786/2786 2787/2787/2787 2773/2773/2773
f 2786/2786/2786 2773/2773/2773 2776/2776/2776
f 2788/2788/2788 2789/2789/2789 2775/2775/2775
f 2788/2788/2788 2775/2775/2775 2636/2636/2636
f 2712/2712/2712 2781/2781/2781 2777/2777/2777
f 2712/2712/2712 2777/2777/2777 2790/2790/2790
f 2710/2710/2710 2784/2784/2784 2778/2778/2778
f 2710/2710/2710 2778/2778/2778 2791/2791/2791
f 2787/2787/2787 2792/2792/2792 2774/2774/2774
f 2787/2787/2787 2774/2774/2774 2773/2773/2773
f 2789/2789/2789 2786/2786/2786 2776/2776/2776
f 2789/2789/2789 2776/2776/2776 2775/2775/2775
f 2787/2787/2787 2786/2786/2786 2625/2625/2625
f 2787/2787/2787 2625/2625/2625 2624/2624/2624
f 2789/2789/2789 2788/2788/2788 2629/2629/2629
f 2789/2789/2789 2629/2629/2629 2628/2628/2628
f 2790/2790/2790 2792/2792/2792 2632/2632/2632
f 2790/2790/2790 2632/2632/2632 2631/2631/2631
f 2791/2791/2791 2788/2788/2788 2636/2636/2636
f 2791/2791/2791 2636/2636/2636 2635/2635/2635
f 2792/2792/2792 2787/2787/2787 2624/2624/2624
f 2792/2792/2792 2624/2624/2624 2632/2632/2632
f 2786/2786/2786 2789/2789/2789 2628/2628/2628
f 2786/2786/2786 2628/2628/2628 2625/2625/2625
f 2785/2785/2785 2784/2784/2784 2710/2710/2710
f 2785/2785/2785 2710/2710/2710 2709/2709/2709
f 2711/2711/2711 2780/2780/2780 2781/2781/2781
f 2711/2711/2711 2781/2781/2781 2712/2712/2712
f 2741/2741/2741 2740/2740/2740 2793/2793/2793
f 2741/2741/2741 2793/2793/2793 2794/2794/2794
f 2793/2793/2793 2740/2740/2740 2742/2742/2742
f 2793/2793/2793 2742/2742/2742 2795/2795/2795
f 2796/2796/2796 2743/2743/2743 2744/2744/2744
f 2796/2796/2796 2744/2744/2744 2797/2797/2797
f 2797/2797/2797 2744/2744/2744 2745/2745/2745
f 2797/2797/2797 2745/2745/2745 2798/2798/2798
f 2747/2747/2747 2746/2746/2746 2799/2799/2799
f 2747/2747/2747 2799/2799/2799 2800/2800/2800
f 2749/2749/2749 2748/2748/2748 2801/2801/2801
f 2749/2749/2749 2801/2801/2801 2802/2802/2802
f 2748/2748/2748 2750/2750/2750 2803/2803/2803
f 2748/2748/2748 2803/2803/2803 2801/2801/2801
f 2750/2750/2750 2741/2741/2741 2794/2794/2794
f 2750/2750/2750 2794/2794/2794 2803/2803/2803
f 2661/2661/2661 2623/2623/2623 2626/2626/2626
f 2661/2661/2661 2626/2626/2626 2663/2663/2663
f 2664/2664/2664 2627/2627/2627 2630/2630/2630
f 2664/2664/2664 2630/2630/2630 2621/2621/2621
f 2634/2634/2634 2633/2633/2633 2662/2662/2662
f 2634/2634/2634 2662/2662/2662 2804/2804/2804
f 2693/2693/2693 2692/2692/2692 2805/2805/2805
f 2693/2693/2693 2805/2805/2805 2806/2806/2806
f 1537/1537/1537 67/67/67 2807/2807/2807
f 1537/1537/1537 2807/2807/2807 2808/2808/2808
f 50/50/50 2809/2809/2809 2810/2810/2810
f 50/50/50 2810/2810/2810 75/75/75
f 2811/2811/2811 51/51/51 521/521/521
f 2811/2811/2811 521/521/521 2812/2812/2812
f 2812/2812/2812 521/521/521 705/705/705
f 2812/2812/2812 705/705/705 2813/2813/2813
f 2814/2814/2814 66/66/66 71/71/71
f 2814/2814/2814 71/71/71 2815/2815/2815
f 71/71/71 70/70/70 2816/2816/2816
f 71/71/71 2816/2816/2816 2815/2815/2815
f 2816/2816/2816 70/70/70 73/73/73
f 2816/2816/2816 73/73/73 2817/2817/2817
f 2817/2817/2817 73/73/73 75/75/75
f 2817/2817/2817 75/75/75 2810/2810/2810
f 2818/2818/2818 2811/2811/2811 2812/2812/2812
f 2818/2818/2818 2812/2812/2812 2819/2819/2819
f 2813/2813/2813 2820/2820/2820 2819/2819/2819
f 2813/2813/2813 2819/2819/2819 2812/2812/2812
f 2754/2754/2754 2821/2821/2821 2822/2822/2822
f 2754/2754/2754 2822/2822/2822 2751/2751/2751
f 2756/2756/2756 2823/2823/2823 2821/2821/2821
f 2756/2756/2756 2821/2821/2821 2754/2754/2754
f 2760/2760/2760 2759/2759/2759 2824/2824/2824
f 2760/2760/2760 2824/2824/2824 2825/2825/2825
f 2762/2762/2762 2826/2826/2826 2824/2824/2824
f 2762/2762/2762 2824/2824/2824 2759/2759/2759
f 2772/2772/2772 2827/2827/2827 2828/2828/2828
f 2772/2772/2772 2828/2828/2828 2770/2770/2770
f 2751/2751/2751 2822/2822/2822 2827/2827/2827
f 2751/2751/2751 2827/2827/2827 2772/2772/2772
f 2767/2767/2767 2818/2818/2818 2819/2819/2819
f 2767/2767/2767 2819/2819/2819 2765/2765/2765
f 2820/2820/2820 2766/2766/2766 2765/2765/2765
f 2820/2820/2820 2765/2765/2765 2819/2819/2819
f 2821/2821/2821 2816/2816/2816 2817/2817/2817
f 2821/2821/2821 2817/2817/2817 2822/2822/2822
f 2823/2823/2823 2815/2815/2815 2816/2816/2816
f 2823/2823/2823 2816/2816/2816 2821/2821/2821
f 2814/2814/2814 2825/2825/2825 2824/2824/2824
f 2814/2814/2814 2824/2824/2824 2807/2807/2807
f 2826/2826/2826 2808/2808/2808 2807/2807/2807
f 2826/2826/2826 2807/2807/2807 2824/2824/2824
f 2827/2827/2827 2810/2810/2810 2809/2809/2809
f 2827/2827/2827 2809/2809/2809 2828/2828/2828
f 2822/2822/2822 2817/2817/2817 2810/2810/2810
f 2822/2822/2822 2810/2810/2810 2827/2827/2827
f 2794/2794/2794 2793/2793/2793 2829/2829/2829
f 2794/2794/2794 2829/2829/2829 2830/2830/2830
f 2793/2793/2793 2795/2795/2795 2831/2831/2831
f 2793/2793/2793 2831/2831/2831 2829/2829/2829
f 2832/2832/2832 2796/2796/2796 2797/2797/2797
f 2832/2832/2832 2797/2797/2797 2833/2833/2833
f 2833/2833/2833 2797/2797/2797 2798/2798/2798
f 2833/2833/2833 2798/2798/2798 2834/2834/2834
f 2800/2800/2800 2799/2799/2799 2835/2835/2835
f 2800/2800/2800 2835/2835/2835 2836/2836/2836
f 2837/2837/2837 2802/2802/2802 2801/2801/2801
f 2837/2837/2837 2801/2801/2801 2838/2838/2838
f 2838/2838/2838 2801/2801/2801 2803/2803/2803
f 2838/2838/2838 2803/2803/2803 2839/2839/2839
f 2803/2803/2803 2794/2794/2794 2830/2830/2830
f 2803/2803/2803 2830/2830/2830 2839/2839/2839
f 2719/2719/2719 2698/2698/2698 2699/2699/2699
f 2719/2719/2719 2699/2699/2699 2720/2720/2720
f 2720/2720/2720 2699/2699/2699 2700/2700/2700
f 2720/2720/2720 2700/2700/2700 2722/2722/2722
f 2724/2724/2724 2701/2701/2701 2702/2702/2702
f 2724/2724/2724 2702/2702/2702 2725/2725/2725
f 2725/2725/2725 2702/2702/2702 2703/2703/2703
f 2725/2725/2725 2703/2703/2703 2728/2728/2728
f 2705/2705/2705 2704/2704/2704 2731/2731/2731
f 2705/2705/2705 2731/2731/2731 2730/2730/2730
f 2706/2706/2706 2708/2708/2708 2736/2736/2736
f 2706/2706/2706 2736/2736/2736 2735/2735/2735
f 2708/2708/2708 2707/2707/2707 2738/2738/2738
f 2708/2708/2708 2738/2738/2738 2736/2736/2736
f 2738/2738/2738 2707/2707/2707 2698/2698/2698
f 2738/2738/2738 2698/2698/2698 2719/2719/2719
f 2779/2779/2779 2622/2622/2622 2621/2621/2621
f 2779/2779/2779 2621/2621/2621 2630/2630/2630
f 2623/2623/2623 2661/2661/2661 2662/2662/2662
f 2623/2623/2623 2662/2662/2662 2633/2633/2633
f 2664/2664/2664 2663/2663/2663 2626/2626/2626
f 2664/2664/2664 2626/2626/2626 2627/2627/2627
f 2782/2782/2782 2686/2686/2686 2687/2687/2687
f 2782/2782/2782 2687/2687/2687 2783/2783/2783
f 2643/2643/2643 2661/2661/2661 2663/2663/2663
f 2643/2643/2643 2663/2663/2663 2642/2642/2642
f 2664/2664/2664 2621/2621/2621 2620/2620/2620
f 2664/2664/2664 2620/2620/2620 2639/2639/2639
f 2804/2804/2804 2662/2662/2662 2614/2614/2614
f 2804/2804/2804 2614/2614/2614 2613/2613/2613
f 2806/2806/2806 2805/2805/2805 2681/2681/2681
f 2806/2806/2806 2681/2681/2681 2680/2680/2680
f 2606/2606/2606 2605/2605/2605 2671/2671/2671
f 2606/2606/2606 2671/2671/2671 2679/2679/2679
f 2608/2608/2608 2610/2610/2610 2667/2667/2667
f 2608/2608/2608 2667/2667/2667 2672/2672/2672
f 2612/2612/2612 2611/2611/2611 2685/2685/2685
f 2612/2612/2612 2685/2685/2685 2684/2684/2684
f 2681/2681/2681 2613/2613/2613 2616/2616/2616
f 2681/2681/2681 2616/2616/2616 2650/2650/2650
f 2618/2618/2618 2617/2617/2617 2691/2691/2691
f 2618/2618/2618 2691/2691/2691 2690/2690/2690
f 2619/2619/2619 2622/2622/2622 2687/2687/2687
f 2619/2619/2619 2687/2687/2687 2656/2656/2656
f 2695/2695/2695 2631/2631/2631 2634/2634/2634
f 2695/2695/2695 2634/2634/2634 2692/2692/2692
f 2697/2697/2697 2635/2635/2635 2638/2638/2638
f 2697/2697/2697 2638/2638/2638 2676/2676/2676
f 2650/2650/2650 2616/2616/2616 2646/2646/2646
f 2650/2650/2650 2646/2646/2646 2651/2651/2651
f 2655/2655/2655 2647/2647/2647 2619/2619/2619
f 2655/2655/2655 2619/2619/2619 2656/2656/2656
f 2605/2605/2605 2608/2608/2608 2672/2672/2672
f 2605/2605/2605 2672/2672/2672 2671/2671/2671
f 2610/2610/2610 2660/2660/2660 2668/2668/2668
f 2610/2610/2610 2668/2668/2668 2667/2667/2667
f 2676/2676/2676 2638/2638/2638 2673/2673/2673
f 2676/2676/2676 2673/2673/2673 2677/2677/2677
f 2701/2701/2701 2612/2612/2612 2684/2684/2684
f 2701/2701/2701 2684/2684/2684 2702/2702/2702
f 2708/2708/2708 2706/2706/2706 2673/2673/2673
f 2708/2708/2708 2673/2673/2673 2658/2658/2658
f 2691/2691/2691 2617/2617/2617 2647/2647/2647
f 2691/2691/2691 2647/2647/2647 2655/2655/2655
f 2651/2651/2651 2646/2646/2646 2715/2715/2715
f 2651/2651/2651 2715/2715/2715 2716/2716/2716
f 2722/2722/2722 2724/2724/2724 2727/2727/2727
f 2722/2722/2722 2727/2727/2727 2723/2723/2723
f 2735/2735/2735 2734/2734/2734 2732/2732/2732
f 2735/2735/2735 2732/2732/2732 2731/2731/2731
f 2727/2727/2727 2743/2743/2743 2742/2742/2742
f 2727/2727/2727 2742/2742/2742 2723/2723/2723
f 2732/2732/2732 2734/2734/2734 2749/2749/2749
f 2732/2732/2732 2749/2749/2749 2746/2746/2746
f 2607/2607/2607 2606/2606/2606 2715/2715/2715
f 2607/2607/2607 2715/2715/2715 2657/2657/2657
f 2660/2660/2660 2618/2618/2618 2690/2690/2690
f 2660/2660/2660 2690/2690/2690 2668/2668/2668
f 2755/2755/2755 2757/2757/2757 2760/2760/2760
f 2755/2755/2755 2760/2760/2760 2756/2756/2756
f 2768/2768/2768 2767/2767/2767 2765/2765/2765
f 2768/2768/2768 2765/2765/2765 2764/2764/2764
f 2611/2611/2611 2777/2777/2777 2781/2781/2781
f 2611/2611/2611 2781/2781/2781 2685/2685/2685
f 2779/2779/2779 2778/2778/2778 2784/2784/2784
f 2779/2779/2779 2784/2784/2784 2783/2783/2783
f 2790/2790/2790 2777/2777/2777 2774/2774/2774
f 2790/2790/2790 2774/2774/2774 2792/2792/2792
f 2791/2791/2791 2778/2778/2778 2629/2629/2629
f 2791/2791/2791 2629/2629/2629 2788/2788/2788
f 2712/2712/2712 2790/2790/2790 2631/2631/2631
f 2712/2712/2712 2631/2631/2631 2695/2695/2695
f 2710/2710/2710 2791/2791/2791 2635/2635/2635
f 2710/2710/2710 2635/2635/2635 2697/2697/2697
f 2743/2743/2743 2796/2796/2796 2795/2795/2795
f 2743/2743/2743 2795/2795/2795 2742/2742/2742
f 2746/2746/2746 2749/2749/2749 2802/2802/2802
f 2746/2746/2746 2802/2802/2802 2799/2799/2799
f 2692/2692/2692 2634/2634/2634 2804/2804/2804
f 2692/2692/2692 2804/2804/2804 2805/2805/2805
f 51/51/51 2811/2811/2811 2809/2809/2809
f 51/51/51 2809/2809/2809 50/50/50
f 66/66/66 2814/2814/2814 2807/2807/2807
f 66/66/66 2807/2807/2807 67/67/67
f 2809/2809/2809 2811/2811/2811 2818/2818/2818
f 2809/2809/2809 2818/2818/2818 2828/2828/2828
f 2756/2756/2756 2760/2760/2760 2825/2825/2825
f 2756/2756/2756 2825/2825/2825 2823/2823/2823
f 2818/2818/2818 2767/2767/2767 2770/2770/2770
f 2818/2818/2818 2770/2770/2770 2828/2828/2828
f 2825/2825/2825 2814/2814/2814 2815/2815/2815
f 2825/2825/2825 2815/2815/2815 2823/2823/2823
f 2831/2831/2831 2832/2832/2832 2757/2757/2757
f 2831/2831/2831 2757/2757/2757 2755/2755/2755
f 2837/2837/2837 2768/2768/2768 2764/2764/2764
f 2837/2837/2837 2764/2764/2764 2835/2835/2835
f 2701/2701/2701 2724/2724/2724 2722/2722/2722
f 2701/2701/2701 2722/2722/2722 2700/2700/2700
f 2704/2704/2704 2706/2706/2706 2735/2735/2735
f 2704/2704/2704 2735/2735/2735 2731/2731/2731
f 2622/2622/2622 2779/2779/2779 2783/2783/2783
f 2622/2622/2622 2783/2783/2783 2687/2687/2687
f 2805/2805/2805 2804/2804/2804 2613/2613/2613
f 2805/2805/2805 2613/2613/2613 2681/2681/2681
f 2752/2752/2752 2830/2830/2830 2829/2829/2829
f 2752/2752/2752 2829/2829/2829 2753/2753/2753
f 2829/2829/2829 2831/2831/2831 2755/2755/2755
f 2829/2829/2829 2755/2755/2755 2753/2753/2753
f 2832/2832/2832 2833/2833/2833 2758/2758/2758
f 2832/2832/2832 2758/2758/2758 2757/2757/2757
f 2833/2833/2833 2834/2834/2834 2761/2761/2761
f 2833/2833/2833 2761/2761/2761 2758/2758/2758
f 2836/2836/2836 2835/2835/2835 2764/2764/2764
f 2836/2836/2836 2764/2764/2764 2763/2763/2763
f 2768/2768/2768 2837/2837/2837 2838/2838/2838
f 2768/2768/2768 2838/2838/2838 2769/2769/2769
f 2769/2769/2769 2838/2838/2838 2839/2839/2839
f 2769/2769/2769 2839/2839/2839 2771/2771/2771
f 2839/2839/2839 2830/2830/2830 2752/2752/2752
f 2839/2839/2839 2752/2752/2752 2771/2771/2771
f 2796/2796/2796 2832/2832/2832 2831/2831/2831
f 2796/2796/2796 2831/2831/2831 2795/2795/2795
f 2837/2837/2837 2835/2835/2835 2799/2799/2799
f 2837/2837/2837 2799/2799/2799 2802/2802/2802
f 2840/2840/2840 2841/2841/2841 2842/2842/2842
f 2840/2840/2840 2842/2842/2842 2843/2843/2843
f 2844/2844/2844 2845/2845/2845 2846/2846/2846
f 2844/2844/2844 2846/2846/2846 2847/2847/2847
f 2848/2848/2848 2849/2849/2849 2850/2850/2850
f 2848/2848/2848 2850/2850/2850 2851/2851/2851
f 2852/2852/2852 2853/2853/2853 2854/2854/2854
f 2852/2852/2852 2854/2854/2854 2855/2855/2855
f 2856/2856/2856 2857/2857/2857 2841/2841/2841
f 2856/2856/2856 2841/2841/2841 2840/2840/2840
f 2858/2858/2858 2859/2859/2859 2860/2860/2860
f 2858/2858/2858 2860/2860/2860 2861/2861/2861
f 2862/2862/2862 2863/2863/2863 2864/2864/2864
f 2862/2862/2862 2864/2864/2864 2865/2865/2865
f 2866/2866/2866 2867/2867/2867 2853/2853/2853
f 2866/2866/2866 2853/2853/2853 2868/2868/2868
f 2869/2869/2869 2870/2870/2870 2871/2871/2871
f 2869/2869/2869 2871/2871/2871 2872/2872/2872
f 2873/2873/2873 2874/2874/2874 2875/2875/2875
f 2873/2873/2873 2875/2875/2875 2876/2876/2876
f 2877/2877/2877 2878/2878/2878 2879/2879/2879
f 2877/2877/2877 2879/2879/2879 2868/2868/2868
f 2880/2880/2880 2881/2881/2881 2882/2882/2882
f 2880/2880/2880 2882/2882/2882 2883/2883/2883
f 2884/2884/2884 2885/2885/2885 2886/2886/2886
f 2884/2884/2884 2886/2886/2886 2846/2846/2846
f 2887/2887/2887 2888/2888/2888 2889/2889/2889
f 2887/2887/2887 2889/2889/2889 2890/2890/2890
f 2891/2891/2891 2892/2892/2892 2893/2893/2893
f 2891/2891/2891 2893/2893/2893 2894/2894/2894
f 2895/2895/2895 2867/2867/2867 2896/2896/2896
f 2895/2895/2895 2896/2896/2896 2897/2897/2897
f 2898/2898/2898 2899/2899/2899 2900/2900/2900
f 2898/2898/2898 2900/2900/2900 2901/2901/2901
f 2884/2884/2884 2902/2902/2902 2903/2903/2903
f 2884/2884/2884 2903/2903/2903 2904/2904/2904
f 2905/2905/2905 2906/2906/2906 2907/2907/2907
f 2905/2905/2905 2907/2907/2907 2908/2908/2908
f 2909/2909/2909 2866/2866/2866 2910/2910/2910
f 2909/2909/2909 2910/2910/2910 2911/2911/2911
f 2912/2912/2912 2913/2913/2913 2914/2914/2914
f 2912/2912/2912 2914/2914/2914 2915/2915/2915
f 2916/2916/2916 2917/2917/2917 2918/2918/2918
f 2916/2916/2916 2918/2918/2918 2919/2919/2919
f 2920/2920/2920 2921/2921/2921 2865/2865/2865
f 2920/2920/2920 2865/2865/2865 2922/2922/2922
f 2923/2923/2923 2917/2917/2917 2924/2924/2924
f 2923/2923/2923 2924/2924/2924 2925/2925/2925
f 2926/2926/2926 2916/2916/2916 2927/2927/2927
f 2926/2926/2926 2927/2927/2927 2928/2928/2928
f 2929/2929/2929 2847/2847/2847 2930/2930/2930
f 2929/2929/2929 2930/2930/2930 2931/2931/2931
f 2932/2932/2932 2933/2933/2933 2934/2934/2934
f 2932/2932/2932 2934/2934/2934 2935/2935/2935
f 2936/2936/2936 2920/2920/2920 2927/2927/2927
f 2936/2936/2936 2927/2927/2927 2937/2937/2937
f 2856/2856/2856 2840/2840/2840 2859/2859/2859
f 2856/2856/2856 2859/2859/2859 2858/2858/2858
f 2861/2861/2861 2860/2860/2860 2938/2938/2938
f 2861/2861/2861 2938/2938/2938 2939/2939/2939
f 2940/2940/2940 2941/2941/2941 2942/2942/2942
f 2940/2940/2940 2942/2942/2942 2943/2943/2943
f 2877/2877/2877 2852/2852/2852 2944/2944/2944
f 2877/2877/2877 2944/2944/2944 2929/2929/2929
f 2945/2945/2945 2844/2844/2844 2944/2944/2944
f 2945/2945/2945 2944/2944/2944 2946/2946/2946
f 2947/2947/2947 2860/2860/2860 2859/2859/2859
f 2947/2947/2947 2859/2859/2859 2948/2948/2948
f 2849/2849/2849 2883/2883/2883 2932/2932/2932
f 2849/2849/2849 2932/2932/2932 2850/2850/2850
f 2872/2872/2872 2871/2871/2871 2875/2875/2875
f 2872/2872/2872 2875/2875/2875 2913/2913/2913
f 2875/2875/2875 2871/2871/2871 2941/2941/2941
f 2875/2875/2875 2941/2941/2941 2876/2876/2876
f 2880/2880/2880 2883/2883/2883 2849/2849/2849
f 2880/2880/2880 2849/2849/2849 2898/2898/2898
f 2932/2932/2932 2935/2935/2935 2940/2940/2940
f 2932/2932/2932 2940/2940/2940 2850/2850/2850
f 2941/2941/2941 2940/2940/2940 2935/2935/2935
f 2941/2941/2941 2935/2935/2935 2876/2876/2876
f 2949/2949/2949 2950/2950/2950 2951/2951/2951
f 2949/2949/2949 2951/2951/2951 2952/2952/2952
f 2953/2953/2953 2903/2903/2903 2902/2902/2902
f 2953/2953/2953 2902/2902/2902 2954/2954/2954
f 2890/2890/2890 2955/2955/2955 2956/2956/2956
f 2890/2890/2890 2956/2956/2956 2887/2887/2887
f 2892/2892/2892 2891/2891/2891 2889/2889/2889
f 2892/2892/2892 2889/2889/2889 2888/2888/2888
f 2957/2957/2957 2958/2958/2958 2881/2881/2881
f 2957/2957/2957 2881/2881/2881 2880/2880/2880
f 2904/2904/2904 2959/2959/2959 2885/2885/2885
f 2904/2904/2904 2885/2885/2885 2884/2884/2884
f 2866/2866/2866 2909/2909/2909 2896/2896/2896
f 2866/2866/2866 2896/2896/2896 2867/2867/2867
f 2872/2872/2872 2960/2960/2960 2961/2961/2961
f 2872/2872/2872 2961/2961/2961 2869/2869/2869
f 2962/2962/2962 2963/2963/2963 2964/2964/2964
f 2962/2962/2962 2964/2964/2964 2965/2965/2965
f 2966/2966/2966 2967/2967/2967 2968/2968/2968
f 2966/2966/2966 2968/2968/2968 2969/2969/2969
f 2970/2970/2970 2971/2971/2971 2972/2972/2972
f 2970/2970/2970 2972/2972/2972 2973/2973/2973
f 2974/2974/2974 2975/2975/2975 2976/2976/2976
f 2974/2974/2974 2976/2976/2976 2977/2977/2977
f 2945/2945/2945 2978/2978/2978 2979/2979/2979
f 2945/2945/2945 2979/2979/2979 2980/2980/2980
f 2981/2981/2981 2982/2982/2982 2983/2983/2983
f 2981/2981/2981 2983/2983/2983 2984/2984/2984
f 2985/2985/2985 2986/2986/2986 2946/2946/2946
f 2985/2985/2985 2946/2946/2946 2855/2855/2855
f 2969/2969/2969 2968/2968/2968 2970/2970/2970
f 2969/2969/2969 2970/2970/2970 2973/2973/2973
f 2972/2972/2972 2971/2971/2971 2987/2987/2987
f 2972/2972/2972 2987/2987/2987 2988/2988/2988
f 2989/2989/2989 2990/2990/2990 2991/2991/2991
f 2989/2989/2989 2991/2991/2991 2992/2992/2992
f 2993/2993/2993 2902/2902/2902 2845/2845/2845
f 2993/2993/2993 2845/2845/2845 2980/2980/2980
f 2994/2994/2994 2918/2918/2918 2995/2995/2995
f 2994/2994/2994 2995/2995/2995 2996/2996/2996
f 2997/2997/2997 2998/2998/2998 2999/2999/2999
f 2997/2997/2997 2999/2999/2999 2993/2993/2993
f 3000/3000/3000 3001/3001/3001 2921/2921/2921
f 3000/3000/3000 2921/2921/2921 3002/3002/3002
f 3003/3003/3003 3004/3004/3004 2854/2854/2854
f 3003/3003/3003 2854/2854/2854 3005/3005/3005
f 3005/3005/3005 2867/2867/2867 2895/2895/2895
f 3005/3005/3005 2895/2895/2895 2977/2977/2977
f 3006/3006/3006 3007/3007/3007 2985/2985/2985
f 3006/3006/3006 2985/2985/2985 3004/3004/3004
f 3006/3006/3006 3004/3004/3004 3003/3003/3003
f 3006/3006/3006 3003/3003/3003 3008/3008/3008
f 3008/3008/3008 3003/3003/3003 2976/2976/2976
f 3008/3008/3008 2976/2976/2976 3009/3009/3009
f 3009/3009/3009 2976/2976/2976 2975/2975/2975
f 3009/3009/3009 2975/2975/2975 3010/3010/3010
f 3011/3011/3011 2987/2987/2987 2971/2971/2971
f 3011/3011/3011 2971/2971/2971 3012/3012/3012
f 3012/3012/3012 2971/2971/2971 2970/2970/2970
f 3012/3012/3012 2970/2970/2970 3013/3013/3013
f 3014/3014/3014 3013/3013/3013 2970/2970/2970
f 3014/3014/3014 2970/2970/2970 2968/2968/2968
f 3015/3015/3015 3014/3014/3014 2968/2968/2968
f 3015/3015/3015 2968/2968/2968 2967/2967/2967
f 3016/3016/3016 3017/3017/3017 2983/2983/2983
f 3016/3016/3016 2983/2983/2983 2982/2982/2982
f 3018/3018/3018 2998/2998/2998 2997/2997/2997
f 3018/3018/3018 2997/2997/2997 3019/3019/3019
f 3019/3019/3019 2997/2997/2997 2979/2979/2979
f 3019/3019/3019 2979/2979/2979 3020/3020/3020
f 3020/3020/3020 2979/2979/2979 2978/2978/2978
f 3020/3020/3020 2978/2978/2978 3021/3021/3021
f 3021/3021/3021 2978/2978/2978 2986/2986/2986
f 3021/3021/3021 2986/2986/2986 3022/3022/3022
f 3007/3007/3007 3022/3022/3022 2986/2986/2986
f 3007/3007/3007 2986/2986/2986 2985/2985/2985
f 2855/2855/2855 2854/2854/2854 3004/3004/3004
f 2855/2855/2855 3004/3004/3004 2985/2985/2985
f 2978/2978/2978 2945/2945/2945 2946/2946/2946
f 2978/2978/2978 2946/2946/2946 2986/2986/2986
f 2956/2956/2956 2966/2966/2966 2969/2969/2969
f 2956/2956/2956 2969/2969/2969 2887/2887/2887
f 2973/2973/2973 2972/2972/2972 2892/2892/2892
f 2973/2973/2973 2892/2892/2892 2888/2888/2888
f 2952/2952/2952 2974/2974/2974 2977/2977/2977
f 2952/2952/2952 2977/2977/2977 2895/2895/2895
f 2844/2844/2844 2945/2945/2945 2980/2980/2980
f 2844/2844/2844 2980/2980/2980 2845/2845/2845
f 2906/2906/2906 2981/2981/2981 2984/2984/2984
f 2906/2906/2906 2984/2984/2984 2907/2907/2907
f 2855/2855/2855 2946/2946/2946 2944/2944/2944
f 2855/2855/2855 2944/2944/2944 2852/2852/2852
f 2887/2887/2887 2969/2969/2969 2973/2973/2973
f 2887/2887/2887 2973/2973/2973 2888/2888/2888
f 2972/2972/2972 2988/2988/2988 2893/2893/2893
f 2972/2972/2972 2893/2893/2893 2892/2892/2892
f 2997/2997/2997 2993/2993/2993 2980/2980/2980
f 2997/2997/2997 2980/2980/2980 2979/2979/2979
f 2993/2993/2993 2999/2999/2999 2954/2954/2954
f 2993/2993/2993 2954/2954/2954 2902/2902/2902
f 3005/3005/3005 2854/2854/2854 2853/2853/2853
f 3005/3005/3005 2853/2853/2853 2867/2867/2867
f 3003/3003/3003 3005/3005/3005 2977/2977/2977
f 3003/3003/3003 2977/2977/2977 2976/2976/2976
f 2848/2848/2848 2899/2899/2899 2898/2898/2898
f 2848/2848/2848 2898/2898/2898 2849/2849/2849
f 2851/2851/2851 2850/2850/2850 2940/2940/2940
f 2851/2851/2851 2940/2940/2940 2943/2943/2943
f 2870/2870/2870 2942/2942/2942 2941/2941/2941
f 2870/2870/2870 2941/2941/2941 2871/2871/2871
f 3023/3023/3023 3024/3024/3024 2874/2874/2874
f 3023/3023/3023 2874/2874/2874 2873/2873/2873
f 2878/2878/2878 3025/3025/3025 3026/3026/3026
f 2878/2878/2878 3026/3026/3026 2879/2879/2879
f 2881/2881/2881 3027/3027/3027 3026/3026/3026
f 2881/2881/2881 3026/3026/3026 2882/2882/2882
f 3028/3028/3028 3024/3024/3024 2886/2886/2886
f 3028/3028/3028 2886/2886/2886 2885/2885/2885
f 3029/3029/3029 3023/3023/3023 2873/2873/2873
f 3029/3029/3029 2873/2873/2873 2934/2934/2934
f 2931/2931/2931 3029/3029/3029 3025/3025/3025
f 2931/2931/2931 3025/3025/3025 2878/2878/2878
f 2910/2910/2910 3027/3027/3027 3030/3030/3030
f 2910/2910/2910 3030/3030/3030 2911/2911/2911
f 2916/2916/2916 2926/2926/2926 2924/2924/2924
f 2916/2916/2916 2924/2924/2924 2917/2917/2917
f 3001/3001/3001 2862/2862/2862 2865/2865/2865
f 3001/3001/3001 2865/2865/2865 2921/2921/2921
f 2906/2906/2906 2905/2905/2905 2953/2953/2953
f 2906/2906/2906 2953/2953/2953 2954/2954/2954
f 2922/2922/2922 2865/2865/2865 2864/2864/2864
f 2922/2922/2922 2864/2864/2864 2947/2947/2947
f 2925/2925/2925 2924/2924/2924 2842/2842/2842
f 2925/2925/2925 2842/2842/2842 3031/3031/3031
f 2843/2843/2843 2926/2926/2926 2928/2928/2928
f 2843/2843/2843 2928/2928/2928 2948/2948/2948
f 2922/2922/2922 2928/2928/2928 2927/2927/2927
f 2922/2922/2922 2927/2927/2927 2920/2920/2920
f 2897/2897/2897 2949/2949/2949 2952/2952/2952
f 2897/2897/2897 2952/2952/2952 2895/2895/2895
f 2975/2975/2975 2974/2974/2974 3032/3032/3032
f 2975/2975/2975 3032/3032/3032 3033/3033/3033
f 2998/2998/2998 2982/2982/2982 2981/2981/2981
f 2998/2998/2998 2981/2981/2981 2999/2999/2999
f 3034/3034/3034 3010/3010/3010 2975/2975/2975
f 3034/3034/3034 2975/2975/2975 3033/3033/3033
f 3018/3018/3018 3016/3016/3016 2982/2982/2982
f 3018/3018/3018 2982/2982/2982 2998/2998/2998
f 3032/3032/3032 2974/2974/2974 2952/2952/2952
f 3032/3032/3032 2952/2952/2952 2951/2951/2951
f 2999/2999/2999 2981/2981/2981 2906/2906/2906
f 2999/2999/2999 2906/2906/2906 2954/2954/2954
f 2919/2919/2919 2918/2918/2918 2994/2994/2994
f 2919/2919/2919 2994/2994/2994 2992/2992/2992
f 2962/2962/2962 2936/2936/2936 2937/2937/2937
f 2962/2962/2962 2937/2937/2937 2991/2991/2991
f 2920/2920/2920 2936/2936/2936 3002/3002/3002
f 2920/2920/2920 3002/3002/3002 2921/2921/2921
f 2919/2919/2919 2937/2937/2937 2927/2927/2927
f 2919/2919/2919 2927/2927/2927 2916/2916/2916
f 2995/2995/2995 2918/2918/2918 2917/2917/2917
f 2995/2995/2995 2917/2917/2917 2923/2923/2923
f 2965/2965/2965 2964/2964/2964 3000/3000/3000
f 2965/2965/2965 3000/3000/3000 3002/3002/3002
f 2936/2936/2936 2962/2962/2962 2965/2965/2965
f 2936/2936/2936 2965/2965/2965 3002/3002/3002
f 2992/2992/2992 2991/2991/2991 2937/2937/2937
f 2992/2992/2992 2937/2937/2937 2919/2919/2919
f 2992/2992/2992 2994/2994/2994 2996/2996/2996
f 2992/2992/2992 2996/2996/2996 2989/2989/2989
f 2963/2963/2963 2962/2962/2962 2991/2991/2991
f 2963/2963/2963 2991/2991/2991 2990/2990/2990
f 3006/3006/3006 2964/2964/2964 2963/2963/2963
f 3006/3006/3006 2963/2963/2963 3007/3007/3007
f 3008/3008/3008 3000/3000/3000 2964/2964/2964
f 3008/3008/3008 2964/2964/2964 3006/3006/3006
f 3009/3009/3009 3001/3001/3001 3000/3000/3000
f 3009/3009/3009 3000/3000/3000 3008/3008/3008
f 3010/3010/3010 2862/2862/2862 3001/3001/3001
f 3010/3010/3010 3001/3001/3001 3009/3009/3009
f 3012/3012/3012 2861/2861/2861 2939/2939/2939
f 3012/3012/3012 2939/2939/2939 3011/3011/3011
f 3013/3013/3013 2858/2858/2858 2861/2861/2861
f 3013/3013/3013 2861/2861/2861 3012/3012/3012
f 3014/3014/3014 2856/2856/2856 2858/2858/2858
f 3014/3014/3014 2858/2858/2858 3013/3013/3013
f 3015/3015/3015 2857/2857/2857 2856/2856/2856
f 3015/3015/3015 2856/2856/2856 3014/3014/3014
f 3016/3016/3016 2925/2925/2925 3031/3031/3031
f 3016/3016/3016 3031/3031/3031 3017/3017/3017
f 3019/3019/3019 2995/2995/2995 2923/2923/2923
f 3019/3019/3019 2923/2923/2923 3018/3018/3018
f 3020/3020/3020 2996/2996/2996 2995/2995/2995
f 3020/3020/3020 2995/2995/2995 3019/3019/3019
f 3021/3021/3021 2989/2989/2989 2996/2996/2996
f 3021/3021/3021 2996/2996/2996 3020/3020/3020
f 3022/3022/3022 2990/2990/2990 2989/2989/2989
f 3022/3022/3022 2989/2989/2989 3021/3021/3021
f 3007/3007/3007 2963/2963/2963 2990/2990/2990
f 3007/3007/3007 2990/2990/2990 3022/3022/3022
f 3034/3034/3034 2863/2863/2863 2862/2862/2862
f 3034/3034/3034 2862/2862/2862 3010/3010/3010
f 3018/3018/3018 2923/2923/2923 2925/2925/2925
f 3018/3018/3018 2925/2925/2925 3016/3016/3016
f 3035/3035/3035 3036/3036/3036 3037/3037/3037
f 3035/3035/3035 3037/3037/3037 3038/3038/3038
f 3038/3038/3038 3037/3037/3037 3039/3039/3039
f 3038/3038/3038 3039/3039/3039 3040/3040/3040
f 3040/3040/3040 3039/3039/3039 3041/3041/3041
f 3040/3040/3040 3041/3041/3041 3042/3042/3042
f 3041/3041/3041 3043/3043/3043 3044/3044/3044
f 3041/3041/3041 3044/3044/3044 3042/3042/3042
f 3043/3043/3043 3045/3045/3045 3046/3046/3046
f 3043/3043/3043 3046/3046/3046 3044/3044/3044
f 3045/3045/3045 3047/3047/3047 3048/3048/3048
f 3045/3045/3045 3048/3048/3048 3046/3046/3046
f 3047/3047/3047 3049/3049/3049 3050/3050/3050
f 3047/3047/3047 3050/3050/3050 3048/3048/3048
f 3049/3049/3049 3051/3051/3051 3052/3052/3052
f 3049/3049/3049 3052/3052/3052 3050/3050/3050
f 3036/3036/3036 3053/3053/3053 3054/3054/3054
f 3036/3036/3036 3054/3054/3054 3037/3037/3037
f 3037/3037/3037 3054/3054/3054 3055/3055/3055
f 3037/3037/3037 3055/3055/3055 3039/3039/3039
f 3055/3055/3055 3056/3056/3056 3041/3041/3041
f 3055/3055/3055 3041/3041/3041 3039/3039/3039
f 3056/3056/3056 3057/3057/3057 3043/3043/3043
f 3056/3056/3056 3043/3043/3043 3041/3041/3041
f 3057/3057/3057 3058/3058/3058 3045/3045/3045
f 3057/3057/3057 3045/3045/3045 3043/3043/3043
f 3058/3058/3058 3059/3059/3059 3047/3047/3047
f 3058/3058/3058 3047/3047/3047 3045/3045/3045
f 3059/3059/3059 3060/3060/3060 3049/3049/3049
f 3059/3059/3059 3049/3049/3049 3047/3047/3047
f 3060/3060/3060 3061/3061/3061 3051/3051/3051
f 3060/3060/3060 3051/3051/3051 3049/3049/3049
f 3062/3062/3062 2900/2900/2900 2899/2899/2899
f 3062/3062/3062 2899/2899/2899 3063/3063/3063
f 3063/3063/3063 2899/2899/2899 2848/2848/2848
f 3063/3063/3063 2848/2848/2848 3064/3064/3064
f 3064/3064/3064 2848/2848/2848 2851/2851/2851
f 3064/3064/3064 2851/2851/2851 3065/3065/3065
f 2851/2851/2851 2943/2943/2943 3066/3066/3066
f 2851/2851/2851 3066/3066/3066 3065/3065/3065
f 2943/2943/2943 2942/2942/2942 3067/3067/3067
f 2943/2943/2943 3067/3067/3067 3066/3066/3066
f 2942/2942/2942 2870/2870/2870 3068/3068/3068
f 2942/2942/2942 3068/3068/3068 3067/3067/3067
f 2870/2870/2870 2869/2869/2869 3069/3069/3069
f 2870/2870/2870 3069/3069/3069 3068/3068/3068
f 2869/2869/2869 2961/2961/2961 3070/3070/3070
f 2869/2869/2869 3070/3070/3070 3069/3069/3069
f 2984/2984/2984 2966/2966/2966 2956/2956/2956
f 2984/2984/2984 2956/2956/2956 2907/2907/2907
f 2863/2863/2863 2939/2939/2939 2938/2938/2938
f 2863/2863/2863 2938/2938/2938 2864/2864/2864
f 2893/2893/2893 2951/2951/2951 2950/2950/2950
f 2893/2893/2893 2950/2950/2950 2894/2894/2894
f 2907/2907/2907 2956/2956/2956 2955/2955/2955
f 2907/2907/2907 2955/2955/2955 2908/2908/2908
f 2842/2842/2842 2841/2841/2841 2857/2857/2857
f 2842/2842/2842 2857/2857/2857 3031/3031/3031
f 3032/3032/3032 2988/2988/2988 2987/2987/2987
f 3032/3032/3032 2987/2987/2987 3033/3033/3033
f 3011/3011/3011 3034/3034/3034 3033/3033/3033
f 3011/3011/3011 3033/3033/3033 2987/2987/2987
f 3017/3017/3017 3015/3015/3015 2967/2967/2967
f 3017/3017/3017 2967/2967/2967 2983/2983/2983
f 2983/2983/2983 2967/2967/2967 2966/2966/2966
f 2983/2983/2983 2966/2966/2966 2984/2984/2984
f 2951/2951/2951 2893/2893/2893 2988/2988/2988
f 2951/2951/2951 2988/2988/2988 3032/3032/3032
f 2939/2939/2939 2863/2863/2863 3034/3034/3034
f 2939/2939/2939 3034/3034/3034 3011/3011/3011
f 3031/3031/3031 2857/2857/2857 3015/3015/3015
f 3031/3031/3031 3015/3015/3015 3017/3017/3017
f 2926/2926/2926 2843/2843/2843 2842/2842/2842
f 2926/2926/2926 2842/2842/2842 2924/2924/2924
f 2922/2922/2922 2947/2947/2947 2948/2948/2948
f 2922/2922/2922 2948/2948/2948 2928/2928/2928
f 2947/2947/2947 2864/2864/2864 2938/2938/2938
f 2947/2947/2947 2938/2938/2938 2860/2860/2860
f 2840/2840/2840 2843/2843/2843 2948/2948/2948
f 2840/2840/2840 2948/2948/2948 2859/2859/2859
f 1527/1527/1527 3071/3071/3071 3072/3072/3072
f 1527/1527/1527 3072/3072/3072 1528/1528/1528
f 1528/1528/1528 3072/3072/3072 3073/3073/3073
f 1528/1528/1528 3073/3073/3073 1529/1529/1529
f 3073/3073/3073 3074/3074/3074 1530/1530/1530
f 3073/3073/3073 1530/1530/1530 1529/1529/1529
f 3074/3074/3074 3075/3075/3075 1531/1531/1531
f 3074/3074/3074 1531/1531/1531 1530/1530/1530
f 3075/3075/3075 3076/3076/3076 1532/1532/1532
f 3075/3075/3075 1532/1532/1532 1531/1531/1531
f 3076/3076/3076 3077/3077/3077 1533/1533/1533
f 3076/3076/3076 1533/1533/1533 1532/1532/1532
f 3077/3077/3077 3078/3078/3078 1534/1534/1534
f 3077/3077/3077 1534/1534/1534 1533/1533/1533
f 3078/3078/3078 3079/3079/3079 1535/1535/1535
f 3078/3078/3078 1535/1535/1535 1534/1534/1534
f 3053/3053/3053 3062/3062/3062 3063/3063/3063
f 3053/3053/3053 3063/3063/3063 3054/3054/3054
f 3054/3054/3054 3063/3063/3063 3064/3064/3064
f 3054/3054/3054 3064/3064/3064 3055/3055/3055
f 3055/3055/3055 3064/3064/3064 3065/3065/3065
f 3055/3055/3055 3065/3065/3065 3056/3056/3056
f 3065/3065/3065 3066/3066/3066 3057/3057/3057
f 3065/3065/3065 3057/3057/3057 3056/3056/3056
f 3066/3066/3066 3067/3067/3067 3058/3058/3058
f 3066/3066/3066 3058/3058/3058 3057/3057/3057
f 3067/3067/3067 3068/3068/3068 3059/3059/3059
f 3067/3067/3067 3059/3059/3059 3058/3058/3058
f 3068/3068/3068 3069/3069/3069 3060/3060/3060
f 3068/3068/3068 3060/3060/3060 3059/3059/3059
f 3069/3069/3069 3070/3070/3070 3061/3061/3061
f 3069/3069/3069 3061/3061/3061 3060/3060/3060
f 2913/2913/2913 2912/2912/2912 2960/2960/2960
f 2913/2913/2913 2960/2960/2960 2872/2872/2872
f 2847/2847/2847 2846/2846/2846 2886/2886/2886
f 2847/2847/2847 2886/2886/2886 2930/2930/2930
f 2933/2933/2933 2932/2932/2932 2883/2883/2883
f 2933/2933/2933 2883/2883/2883 2882/2882/2882
f 2866/2866/2866 2868/2868/2868 2879/2879/2879
f 2866/2866/2866 2879/2879/2879 2910/2910/2910
f 2913/2913/2913 2875/2875/2875 2874/2874/2874
f 2913/2913/2913 2874/2874/2874 2914/2914/2914
f 2876/2876/2876 2935/2935/2935 2934/2934/2934
f 2876/2876/2876 2934/2934/2934 2873/2873/2873
f 2878/2878/2878 2877/2877/2877 2929/2929/2929
f 2878/2878/2878 2929/2929/2929 2931/2931/2931
f 2901/2901/2901 2957/2957/2957 2880/2880/2880
f 2901/2901/2901 2880/2880/2880 2898/2898/2898
f 2885/2885/2885 2959/2959/2959 3080/3080/3080
f 2885/2885/2885 3080/3080/3080 3028/3028/3028
f 2930/2930/2930 2886/2886/2886 3024/3024/3024
f 2930/2930/2930 3024/3024/3024 3023/3023/3023
f 3025/3025/3025 2933/2933/2933 2882/2882/2882
f 3025/3025/3025 2882/2882/2882 3026/3026/3026
f 3027/3027/3027 2910/2910/2910 2879/2879/2879
f 3027/3027/3027 2879/2879/2879 3026/3026/3026
f 2914/2914/2914 2874/2874/2874 3024/3024/3024
f 2914/2914/2914 3024/3024/3024 3028/3028/3028
f 2931/2931/2931 2930/2930/2930 3023/3023/3023
f 2931/2931/2931 3023/3023/3023 3029/3029/3029
f 3029/3029/3029 2934/2934/2934 2933/2933/2933
f 3029/3029/3029 2933/2933/2933 3025/3025/3025
f 3027/3027/3027 2881/2881/2881 2958/2958/2958
f 3027/3027/3027 2958/2958/2958 3030/3030/3030
f 3080/3080/3080 2915/2915/2915 2914/2914/2914
f 3080/3080/3080 2914/2914/2914 3028/3028/3028
f 3081/3081/3081 3082/3082/3082 3083/3083/3083
f 3081/3081/3081 3083/3083/3083 3084/3084/3084
f 3084/3084/3084 3083/3083/3083 3085/3085/3085
f 3084/3084/3084 3085/3085/3085 3086/3086/3086
f 3086/3086/3086 3085/3085/3085 3087/3087/3087
f 3086/3086/3086 3087/3087/3087 3088/3088/3088
f 3087/3087/3087 3089/3089/3089 3090/3090/3090
f 3087/3087/3087 3090/3090/3090 3088/3088/3088
f 3089/3089/3089 3091/3091/3091 3092/3092/3092
f 3089/3089/3089 3092/3092/3092 3090/3090/3090
f 3091/3091/3091 3093/3093/3093 3094/3094/3094
f 3091/3091/3091 3094/3094/3094 3092/3092/3092
f 3093/3093/3093 3095/3095/3095 3096/3096/3096
f 3093/3093/3093 3096/3096/3096 3094/3094/3094
f 3095/3095/3095 3097/3097/3097 3098/3098/3098
f 3095/3095/3095 3098/3098/3098 3096/3096/3096
f 2852/2852/2852 2877/2877/2877 2868/2868/2868
f 2852/2852/2852 2868/2868/2868 2853/2853/2853
f 2884/2884/2884 2846/2846/2846 2845/2845/2845
f 2884/2884/2884 2845/2845/2845 2902/2902/2902
f 2847/2847/2847 2929/2929/2929 2944/2944/2944
f 2847/2847/2847 2944/2944/2944 2844/2844/2844
f 3071/3071/3071 3099/3099/3099 3100/3100/3100
f 3071/3071/3071 3100/3100/3100 3072/3072/3072
f 3072/3072/3072 3100/3100/3100 3101/3101/3101
f 3072/3072/3072 3101/3101/3101 3073/3073/3073
f 3073/3073/3073 3101/3101/3101 3102/3102/3102
f 3073/3073/3073 3102/3102/3102 3074/3074/3074
f 3074/3074/3074 3102/3102/3102 3103/3103/3103
f 3074/3074/3074 3103/3103/3103 3075/3075/3075
f 3075/3075/3075 3103/3103/3103 3104/3104/3104
f 3075/3075/3075 3104/3104/3104 3076/3076/3076
f 3076/3076/3076 3104/3104/3104 3105/3105/3105
f 3076/3076/3076 3105/3105/3105 3077/3077/3077
f 3077/3077/3077 3105/3105/3105 3106/3106/3106
f 3077/3077/3077 3106/3106/3106 3078/3078/3078
f 3078/3078/3078 3106/3106/3106 3107/3107/3107
f 3078/3078/3078 3107/3107/3107 3079/3079/3079
f 3099/3099/3099 3081/3081/3081 3084/3084/3084
f 3099/3099/3099 3084/3084/3084 3100/3100/3100
f 3100/3100/3100 3084/3084/3084 3086/3086/3086
f 3100/3100/3100 3086/3086/3086 3101/3101/3101
f 3101/3101/3101 3086/3086/3086 3088/3088/3088
f 3101/3101/3101 3088/3088/3088 3102/3102/3102
f 3102/3102/3102 3088/3088/3088 3090/3090/3090
f 3102/3102/3102 3090/3090/3090 3103/3103/3103
f 3103/3103/3103 3090/3090/3090 3092/3092/3092
f 3103/3103/3103 3092/3092/3092 3104/3104/3104
f 3104/3104/3104 3092/3092/3092 3094/3094/3094
f 3104/3104/3104 3094/3094/3094 3105/3105/3105
f 3105/3105/3105 3094/3094/3094 3096/3096/3096
f 3105/3105/3105 3096/3096/3096 3106/3106/3106
f 3106/3106/3106 3096/3096/3096 3098/3098/3098
f 3106/3106/3106 3098/3098/3098 3107/3107/3107
f 3108/3108/3108 3035/3035/3035 3038/3038/3038
f 3108/3108/3108 3038/3038/3038 3109/3109/3109
f 3109/3109/3109 3038/3038/3038 3040/3040/3040
f 3109/3109/3109 3040/3040/3040 3110/3110/3110
f 3040/3040/3040 3042/3042/3042 3111/3111/3111
f 3040/3040/3040 3111/3111/3111 3110/3110/3110
f 3042/3042/3042 3044/3044/3044 3112/3112/3112
f 3042/3042/3042 3112/3112/3112 3111/3111/3111
f 3044/3044/3044 3046/3046/3046 3113/3113/3113
f 3044/3044/3044 3113/3113/3113 3112/3112/3112
f 3046/3046/3046 3048/3048/3048 3114/3114/3114
f 3046/3046/3046 3114/3114/3114 3113/3113/3113
f 3048/3048/3048 3050/3050/3050 3115/3115/3115
f 3048/3048/3048 3115/3115/3115 3114/3114/3114
f 3050/3050/3050 3052/3052/3052 3116/3116/3116
f 3050/3050/3050 3116/3116/3116 3115/3115/3115
f 3082/3082/3082 3108/3108/3108 3109/3109/3109
f 3082/3082/3082 3109/3109/3109 3083/3083/3083
f 3083/3083/3083 3109/3109/3109 3110/3110/3110
f 3083/3083/3083 3110/3110/3110 3085/3085/3085
f 3110/3110/3110 3111/3111/3111 3087/3087/3087
f 3110/3110/3110 3087/3087/3087 3085/3085/3085
f 3111/3111/3111 3112/3112/3112 3089/3089/3089
f 3111/3111/3111 3089/3089/3089 3087/3087/3087
f 3112/3112/3112 3113/3113/3113 3091/3091/3091
f 3112/3112/3112 3091/3091/3091 3089/3089/3089
f 3113/3113/3113 3114/3114/3114 3093/3093/3093
f 3113/3113/3113 3093/3093/3093 3091/3091/3091
f 3114/3114/3114 3115/3115/3115 3095/3095/3095
f 3114/3114/3114 3095/3095/3095 3093/3093/3093
f 3115/3115/3115 3116/3116/3116 3097/3097/3097
f 3115/3115/3115 3097/3097/3097 3095/3095/3095
f 3117/3117/3117 3118/3118/3118 3119/3119/3119
f 3117/3117/3117 3119/3119/3119 3120/3120/3120
f 3121/3121/3121 3122/3122/3122 3123/3123/3123
f 3121/3121/3121 3123/3123/3123 3124/3124/3124
f 3125/3125/3125 3126/3126/3126 3127/3127/3127
f 3125/3125/3125 3127/3127/3127 3128/3128/3128
f 3129/3129/3129 3130/3130/3130 3131/3131/3131
f 3129/3129/3129 3131/3131/3131 3132/3132/3132
f 3133/3133/3133 3134/3134/3134 3135/3135/3135
f 3133/3133/3133 3135/3135/3135 3123/3123/3123
f 3136/3136/3136 3122/3122/3122 3137/3137/3137
f 3136/3136/3136 3137/3137/3137 3138/3138/3138
f 3126/3126/3126 3125/3125/3125 3139/3139/3139
f 3126/3126/3126 3139/3139/3139 3140/3140/3140
f 3141/3141/3141 3142/3142/3142 3143/3143/3143
f 3141/3141/3141 3143/3143/3143 3144/3144/3144
f 3145/3145/3145 3146/3146/3146 3119/3119/3119
f 3145/3145/3145 3119/3119/3119 3118/3118/3118
f 3147/3147/3147 3148/3148/3148 3149/3149/3149
f 3147/3147/3147 3149/3149/3149 3150/3150/3150
f 3151/3151/3151 3152/3152/3152 3153/3153/3153
f 3151/3151/3151 3153/3153/3153 3154/3154/3154
f 3155/3155/3155 3156/3156/3156 3157/3157/3157
f 3155/3155/3155 3157/3157/3157 3150/3150/3150
f 3158/3158/3158 3159/3159/3159 3160/3160/3160
f 3158/3158/3158 3160/3160/3160 3161/3161/3161
f 3162/3162/3162 3163/3163/3163 3164/3164/3164
f 3162/3162/3162 3164/3164/3164 3165/3165/3165
f 3166/3166/3166 3167/3167/3167 3168/3168/3168
f 3166/3166/3166 3168/3168/3168 3169/3169/3169
f 3170/3170/3170 3171/3171/3171 3143/3143/3143
f 3170/3170/3170 3143/3143/3143 3142/3142/3142
f 3144/3144/3144 3143/3143/3143 3172/3172/3172
f 3144/3144/3144 3172/3172/3172 3173/3173/3173
f 3174/3174/3174 3175/3175/3175 3149/3149/3149
f 3174/3174/3174 3149/3149/3149 3148/3148/3148
f 3176/3176/3176 3177/3177/3177 3178/3178/3178
f 3176/3176/3176 3178/3178/3178 3179/3179/3179
f 3180/3180/3180 3181/3181/3181 3182/3182/3182
f 3180/3180/3180 3182/3182/3182 3183/3183/3183
f 3121/3121/3121 3120/3120/3120 3137/3137/3137
f 3121/3121/3121 3137/3137/3137 3122/3122/3122
f 3184/3184/3184 3124/3124/3124 3123/3123/3123
f 3184/3184/3184 3123/3123/3123 3135/3135/3135
f 3128/3128/3128 3127/3127/3127 3130/3130/3130
f 3128/3128/3128 3130/3130/3130 3129/3129/3129
f 3185/3185/3185 3132/3132/3132 3131/3131/3131
f 3185/3185/3185 3131/3131/3131 3186/3186/3186
f 3136/3136/3136 3133/3133/3133 3123/3123/3123
f 3136/3136/3136 3123/3123/3123 3122/3122/3122
f 3138/3138/3138 3137/3137/3137 3187/3187/3187
f 3138/3138/3138 3187/3187/3187 3188/3188/3188
f 3151/3151/3151 3170/3170/3170 3142/3142/3142
f 3151/3151/3151 3142/3142/3142 3160/3160/3160
f 3154/3154/3154 3155/3155/3155 3166/3166/3166
f 3154/3154/3154 3166/3166/3166 3169/3169/3169
f 3189/3189/3189 3190/3190/3190 3191/3191/3191
f 3189/3189/3189 3191/3191/3191 3192/3192/3192
f 3193/3193/3193 3194/3194/3194 3195/3195/3195
f 3193/3193/3193 3195/3195/3195 3196/3196/3196
f 3175/3175/3175 3167/3167/3167 3166/3166/3166
f 3175/3175/3175 3166/3166/3166 3149/3149/3149
f 3168/3168/3168 3171/3171/3171 3170/3170/3170
f 3168/3168/3168 3170/3170/3170 3169/3169/3169
f 3128/3128/3128 3197/3197/3197 3198/3198/3198
f 3128/3128/3128 3198/3198/3198 3125/3125/3125
f 3132/3132/3132 3199/3199/3199 3200/3200/3200
f 3132/3132/3132 3200/3200/3200 3129/3129/3129
f 3125/3125/3125 3198/3198/3198 3201/3201/3201
f 3125/3125/3125 3201/3201/3201 3139/3139/3139
f 3165/3165/3165 3164/3164/3164 3185/3185/3185
f 3165/3165/3165 3185/3185/3185 3202/3202/3202
f 3203/3203/3203 3204/3204/3204 3205/3205/3205
f 3203/3203/3203 3205/3205/3205 3206/3206/3206
f 3207/3207/3207 3208/3208/3208 3209/3209/3209
f 3207/3207/3207 3209/3209/3209 3210/3210/3210
f 3128/3128/3128 3129/3129/3129 3200/3200/3200
f 3128/3128/3128 3200/3200/3200 3197/3197/3197
f 3185/3185/3185 3164/3164/3164 3199/3199/3199
f 3185/3185/3185 3199/3199/3199 3132/3132/3132
f 3190/3190/3190 3193/3193/3193 3196/3196/3196
f 3190/3190/3190 3196/3196/3196 3191/3191/3191
f 3195/3195/3195 3194/3194/3194 3211/3211/3211
f 3195/3195/3195 3211/3211/3211 3212/3212/3212
f 3176/3176/3176 3213/3213/3213 3214/3214/3214
f 3176/3176/3176 3214/3214/3214 3177/3177/3177
f 3206/3206/3206 3215/3215/3215 3216/3216/3216
f 3206/3206/3206 3216/3216/3216 3203/3203/3203
f 3217/3217/3217 3180/3180/3180 3183/3183/3183
f 3217/3217/3217 3183/3183/3183 3218/3218/3218
f 3219/3219/3219 3220/3220/3220 3221/3221/3221
f 3219/3219/3219 3221/3221/3221 3222/3222/3222
f 3223/3223/3223 3224/3224/3224 3225/3225/3225
f 3223/3223/3223 3225/3225/3225 3226/3226/3226
f 3207/3207/3207 3210/3210/3210 3227/3227/3227
f 3207/3207/3207 3227/3227/3227 3228/3228/3228
f 3229/3229/3229 3209/3209/3209 3208/3208/3208
f 3229/3229/3229 3208/3208/3208 3230/3230/3230
f 3230/3230/3230 3208/3208/3208 3202/3202/3202
f 3230/3230/3230 3202/3202/3202 3231/3231/3231
f 3227/3227/3227 3232/3232/3232 3233/3233/3233
f 3227/3227/3227 3233/3233/3233 3228/3228/3228
f 3234/3234/3234 3235/3235/3235 3226/3226/3226
f 3234/3234/3234 3226/3226/3226 3225/3225/3225
f 3118/3118/3118 3117/3117/3117 3167/3167/3167
f 3118/3118/3118 3167/3167/3167 3175/3175/3175
f 3236/3236/3236 3237/3237/3237 3171/3171/3171
f 3236/3236/3236 3171/3171/3171 3168/3168/3168
f 3174/3174/3174 3145/3145/3145 3118/3118/3118
f 3174/3174/3174 3118/3118/3118 3175/3175/3175
f 3173/3173/3173 3172/3172/3172 3184/3184/3184
f 3173/3173/3173 3184/3184/3184 3238/3238/3238
f 3179/3179/3179 3178/3178/3178 3239/3239/3239
f 3179/3179/3179 3239/3239/3239 3240/3240/3240
f 3117/3117/3117 3236/3236/3236 3168/3168/3168
f 3117/3117/3117 3168/3168/3168 3167/3167/3167
f 3171/3171/3171 3237/3237/3237 3172/3172/3172
f 3171/3171/3171 3172/3172/3172 3143/3143/3143
f 3181/3181/3181 3219/3219/3219 3222/3222/3222
f 3181/3181/3181 3222/3222/3222 3182/3182/3182
f 3241/3241/3241 3242/3242/3242 3243/3243/3243
f 3241/3241/3241 3243/3243/3243 3244/3244/3244
f 3243/3243/3243 3242/3242/3242 3245/3245/3245
f 3243/3243/3243 3245/3245/3245 3246/3246/3246
f 3247/3247/3247 3248/3248/3248 3249/3249/3249
f 3247/3247/3247 3249/3249/3249 3250/3250/3250
f 3250/3250/3250 3249/3249/3249 3251/3251/3251
f 3250/3250/3250 3251/3251/3251 3252/3252/3252
f 3253/3253/3253 3254/3254/3254 3255/3255/3255
f 3253/3253/3253 3255/3255/3255 3256/3256/3256
f 3257/3257/3257 3258/3258/3258 3259/3259/3259
f 3257/3257/3257 3259/3259/3259 3260/3260/3260
f 3258/3258/3258 3261/3261/3261 3262/3262/3262
f 3258/3258/3258 3262/3262/3262 3259/3259/3259
f 3261/3261/3261 3241/3241/3241 3244/3244/3244
f 3261/3261/3261 3244/3244/3244 3262/3262/3262
f 3241/3241/3241 3263/3263/3263 3264/3264/3264
f 3241/3241/3241 3264/3264/3264 3242/3242/3242
f 3242/3242/3242 3264/3264/3264 3265/3265/3265
f 3242/3242/3242 3265/3265/3265 3245/3245/3245
f 3248/3248/3248 3266/3266/3266 3267/3267/3267
f 3248/3248/3248 3267/3267/3267 3249/3249/3249
f 3249/3249/3249 3267/3267/3267 3268/3268/3268
f 3249/3249/3249 3268/3268/3268 3251/3251/3251
f 3269/3269/3269 3270/3270/3270 3254/3254/3254
f 3269/3269/3269 3254/3254/3254 3253/3253/3253
f 3271/3271/3271 3272/3272/3272 3258/3258/3258
f 3271/3271/3271 3258/3258/3258 3257/3257/3257
f 3272/3272/3272 3273/3273/3273 3261/3261/3261
f 3272/3272/3272 3261/3261/3261 3258/3258/3258
f 3261/3261/3261 3273/3273/3273 3263/3263/3263
f 3261/3261/3261 3263/3263/3263 3241/3241/3241
f 3274/3274/3274 3130/3130/3130 3127/3127/3127
f 3274/3274/3274 3127/3127/3127 3275/3275/3275
f 3275/3275/3275 3127/3127/3127 3126/3126/3126
f 3275/3275/3275 3126/3126/3126 3276/3276/3276
f 3140/3140/3140 3216/3216/3216 3277/3277/3277
f 3140/3140/3140 3277/3277/3277 3278/3278/3278
f 3277/3277/3277 3216/3216/3216 3215/3215/3215
f 3277/3277/3277 3215/3215/3215 3279/3279/3279
f 3229/3229/3229 3230/3230/3230 3280/3280/3280
f 3229/3229/3229 3280/3280/3280 3281/3281/3281
f 3282/3282/3282 3231/3231/3231 3186/3186/3186
f 3282/3282/3282 3186/3186/3186 3283/3283/3283
f 3283/3283/3283 3186/3186/3186 3131/3131/3131
f 3283/3283/3283 3131/3131/3131 3284/3284/3284
f 3284/3284/3284 3131/3131/3131 3130/3130/3130
f 3284/3284/3284 3130/3130/3130 3274/3274/3274
f 3134/3134/3134 3212/3212/3212 3239/3239/3239
f 3134/3134/3134 3239/3239/3239 3238/3238/3238
f 3146/3146/3146 3188/3188/3188 3187/3187/3187
f 3146/3146/3146 3187/3187/3187 3119/3119/3119
f 3211/3211/3211 3240/3240/3240 3239/3239/3239
f 3211/3211/3211 3239/3239/3239 3212/3212/3212
f 3220/3220/3220 3189/3189/3189 3192/3192/3192
f 3220/3220/3220 3192/3192/3192 3221/3221/3221
f 3120/3120/3120 3119/3119/3119 3187/3187/3187
f 3120/3120/3120 3187/3187/3187 3137/3137/3137
f 3121/3121/3121 3124/3124/3124 3237/3237/3237
f 3121/3121/3121 3237/3237/3237 3236/3236/3236
f 3120/3120/3120 3121/3121/3121 3236/3236/3236
f 3120/3120/3120 3236/3236/3236 3117/3117/3117
f 3237/3237/3237 3124/3124/3124 3184/3184/3184
f 3237/3237/3237 3184/3184/3184 3172/3172/3172
f 440/440/440 3285/3285/3285 3286/3286/3286
f 440/440/440 3286/3286/3286 441/441/441
f 441/441/441 3286/3286/3286 3287/3287/3287
f 441/441/441 3287/3287/3287 442/442/442
f 443/443/443 3288/3288/3288 3289/3289/3289
f 443/443/443 3289/3289/3289 444/444/444
f 444/444/444 3289/3289/3289 3290/3290/3290
f 444/444/444 3290/3290/3290 445/445/445
f 3291/3291/3291 3292/3292/3292 522/522/522
f 3291/3291/3291 522/522/522 1536/1536/1536
f 3293/3293/3293 3294/3294/3294 447/447/447
f 3293/3293/3293 447/447/447 446/446/446
f 447/447/447 3294/3294/3294 3295/3295/3295
f 447/447/447 3295/3295/3295 448/448/448
f 3295/3295/3295 3285/3285/3285 440/440/440
f 3295/3295/3295 440/440/440 448/448/448
f 3263/3263/3263 3274/3274/3274 3275/3275/3275
f 3263/3263/3263 3275/3275/3275 3264/3264/3264
f 3264/3264/3264 3275/3275/3275 3276/3276/3276
f 3264/3264/3264 3276/3276/3276 3265/3265/3265
f 3278/3278/3278 3277/3277/3277 3267/3267/3267
f 3278/3278/3278 3267/3267/3267 3266/3266/3266
f 3267/3267/3267 3277/3277/3277 3279/3279/3279
f 3267/3267/3267 3279/3279/3279 3268/3268/3268
f 3281/3281/3281 3280/3280/3280 3270/3270/3270
f 3281/3281/3281 3270/3270/3270 3269/3269/3269
f 3271/3271/3271 3282/3282/3282 3283/3283/3283
f 3271/3271/3271 3283/3283/3283 3272/3272/3272
f 3272/3272/3272 3283/3283/3283 3284/3284/3284
f 3272/3272/3272 3284/3284/3284 3273/3273/3273
f 3273/3273/3273 3284/3284/3284 3274/3274/3274
f 3273/3273/3273 3274/3274/3274 3263/3263/3263
f 3296/3296/3296 3198/3198/3198 3197/3197/3197
f 3296/3296/3296 3197/3197/3197 3297/3297/3297
f 3298/3298/3298 3200/3200/3200 3199/3199/3199
f 3298/3298/3298 3199/3199/3199 3299/3299/3299
f 3300/3300/3300 3201/3201/3201 3198/3198/3198
f 3300/3300/3300 3198/3198/3198 3296/3296/3296
f 3301/3301/3301 3147/3147/3147 3150/3150/3150
f 3301/3301/3301 3150/3150/3150 3157/3157/3157
f 3302/3302/3302 3205/3205/3205 3204/3204/3204
f 3302/3302/3302 3204/3204/3204 3303/3303/3303
f 3304/3304/3304 3217/3217/3217 3218/3218/3218
f 3304/3304/3304 3218/3218/3218 3305/3305/3305
f 3297/3297/3297 3197/3197/3197 3200/3200/3200
f 3297/3297/3297 3200/3200/3200 3298/3298/3298
f 3299/3299/3299 3199/3199/3199 3164/3164/3164
f 3299/3299/3299 3164/3164/3164 3163/3163/3163
f 3151/3151/3151 3160/3160/3160 3159/3159/3159
f 3151/3151/3151 3159/3159/3159 3152/3152/3152
f 3156/3156/3156 3155/3155/3155 3154/3154/3154
f 3156/3156/3156 3154/3154/3154 3153/3153/3153
f 3306/3306/3306 3307/3307/3307 3297/3297/3297
f 3306/3306/3306 3297/3297/3297 3298/3298/3298
f 3308/3308/3308 3309/3309/3309 3299/3299/3299
f 3308/3308/3308 3299/3299/3299 3163/3163/3163
f 3235/3235/3235 3303/3303/3303 3300/3300/3300
f 3235/3235/3235 3300/3300/3300 3310/3310/3310
f 3233/3233/3233 3305/3305/3305 3301/3301/3301
f 3233/3233/3233 3301/3301/3301 3311/3311/3311
f 3307/3307/3307 3312/3312/3312 3296/3296/3296
f 3307/3307/3307 3296/3296/3296 3297/3297/3297
f 3309/3309/3309 3306/3306/3306 3298/3298/3298
f 3309/3309/3309 3298/3298/3298 3299/3299/3299
f 3307/3307/3307 3306/3306/3306 3153/3153/3153
f 3307/3307/3307 3153/3153/3153 3152/3152/3152
f 3309/3309/3309 3308/3308/3308 3157/3157/3157
f 3309/3309/3309 3157/3157/3157 3156/3156/3156
f 3310/3310/3310 3312/3312/3312 3159/3159/3159
f 3310/3310/3310 3159/3159/3159 3158/3158/3158
f 3311/3311/3311 3308/3308/3308 3163/3163/3163
f 3311/3311/3311 3163/3163/3163 3162/3162/3162
f 3312/3312/3312 3307/3307/3307 3152/3152/3152
f 3312/3312/3312 3152/3152/3152 3159/3159/3159
f 3306/3306/3306 3309/3309/3309 3156/3156/3156
f 3306/3306/3306 3156/3156/3156 3153/3153/3153
f 3304/3304/3304 3305/3305/3305 3233/3233/3233
f 3304/3304/3304 3233/3233/3233 3232/3232/3232
f 3234/3234/3234 3302/3302/3302 3303/3303/3303
f 3234/3234/3234 3303/3303/3303 3235/3235/3235
f 3313/3313/3313 3314/3314/3314 3315/3315/3315
f 3313/3313/3313 3315/3315/3315 3316/3316/3316
f 3315/3315/3315 3314/3314/3314 3317/3317/3317
f 3315/3315/3315 3317/3317/3317 3318/3318/3318
f 3319/3319/3319 3320/3320/3320 3321/3321/3321
f 3319/3319/3319 3321/3321/3321 3322/3322/3322
f 3322/3322/3322 3321/3321/3321 3323/3323/3323
f 3322/3322/3322 3323/3323/3323 3324/3324/3324
f 3325/3325/3325 3326/3326/3326 3327/3327/3327
f 3325/3325/3325 3327/3327/3327 3328/3328/3328
f 3329/3329/3329 3330/3330/3330 3331/3331/3331
f 3329/3329/3329 3331/3331/3331 3332/3332/3332
f 3330/3330/3330 3333/3333/3333 3334/3334/3334
f 3330/3330/3330 3334/3334/3334 3331/3331/3331
f 3333/3333/3333 3313/3313/3313 3316/3316/3316
f 3333/3333/3333 3316/3316/3316 3334/3334/3334
f 3151/3151/3151 3154/3154/3154 3169/3169/3169
f 3151/3151/3151 3169/3169/3169 3170/3170/3170
f 3166/3166/3166 3155/3155/3155 3150/3150/3150
f 3166/3166/3166 3150/3150/3150 3149/3149/3149
f 3161/3161/3161 3160/3160/3160 3142/3142/3142
f 3161/3161/3161 3142/3142/3142 3141/3141/3141
f 3224/3224/3224 3223/3223/3223 3214/3214/3214
f 3224/3224/3224 3214/3214/3214 3213/3213/3213
f 3285/3285/3285 3335/3335/3335 3336/3336/3336
f 3285/3285/3285 3336/3336/3336 3286/3286/3286
f 3286/3286/3286 3336/3336/3336 3337/3337/3337
f 3286/3286/3286 3337/3337/3337 3287/3287/3287
f 3338/3338/3338 3288/3288/3288 3287/3287/3287
f 3338/3338/3338 3287/3287/3287 3337/3337/3337
f 3289/3289/3289 3339/3339/3339 3340/3340/3340
f 3289/3289/3289 3340/3340/3340 3290/3290/3290
f 3291/3291/3291 3341/3341/3341 3342/3342/3342
f 3291/3291/3291 3342/3342/3342 3292/3292/3292
f 3293/3293/3293 3292/3292/3292 3342/3342/3342
f 3293/3293/3293 3342/3342/3342 3343/3343/3343
f 3294/3294/3294 3344/3344/3344 3345/3345/3345
f 3294/3294/3294 3345/3345/3345 3295/3295/3295
f 3295/3295/3295 3345/3345/3345 3335/3335/3335
f 3295/3295/3295 3335/3335/3335 3285/3285/3285
f 3335/3335/3335 3316/3316/3316 3315/3315/3315
f 3335/3335/3335 3315/3315/3315 3336/3336/3336
f 3336/3336/3336 3315/3315/3315 3318/3318/3318
f 3336/3336/3336 3318/3318/3318 3337/3337/3337
f 3319/3319/3319 3338/3338/3338 3337/3337/3337
f 3319/3319/3319 3337/3337/3337 3318/3318/3318
f 3339/3339/3339 3322/3322/3322 3324/3324/3324
f 3339/3339/3339 3324/3324/3324 3340/3340/3340
f 3341/3341/3341 3328/3328/3328 3327/3327/3327
f 3341/3341/3341 3327/3327/3327 3342/3342/3342
f 3343/3343/3343 3342/3342/3342 3327/3327/3327
f 3343/3343/3343 3327/3327/3327 3332/3332/3332
f 3344/3344/3344 3331/3331/3331 3334/3334/3334
f 3344/3344/3344 3334/3334/3334 3345/3345/3345
f 3345/3345/3345 3334/3334/3334 3316/3316/3316
f 3345/3345/3345 3316/3316/3316 3335/3335/3335
f 3346/3346/3346 3244/3244/3244 3243/3243/3243
f 3346/3346/3346 3243/3243/3243 3347/3347/3347
f 3347/3347/3347 3243/3243/3243 3246/3246/3246
f 3347/3347/3347 3246/3246/3246 3348/3348/3348
f 3349/3349/3349 3247/3247/3247 3250/3250/3250
f 3349/3349/3349 3250/3250/3250 3350/3350/3350
f 3350/3350/3350 3250/3250/3250 3252/3252/3252
f 3350/3350/3350 3252/3252/3252 3351/3351/3351
f 3256/3256/3256 3255/3255/3255 3352/3352/3352
f 3256/3256/3256 3352/3352/3352 3353/3353/3353
f 3260/3260/3260 3259/3259/3259 3354/3354/3354
f 3260/3260/3260 3354/3354/3354 3355/3355/3355
f 3259/3259/3259 3262/3262/3262 3356/3356/3356
f 3259/3259/3259 3356/3356/3356 3354/3354/3354
f 3262/3262/3262 3244/3244/3244 3346/3346/3346
f 3262/3262/3262 3346/3346/3346 3356/3356/3356
f 3134/3134/3134 3133/3133/3133 3195/3195/3195
f 3134/3134/3134 3195/3195/3195 3212/3212/3212
f 3136/3136/3136 3138/3138/3138 3191/3191/3191
f 3136/3136/3136 3191/3191/3191 3196/3196/3196
f 3140/3140/3140 3139/3139/3139 3203/3203/3203
f 3140/3140/3140 3203/3203/3203 3216/3216/3216
f 3141/3141/3141 3144/3144/3144 3177/3177/3177
f 3141/3141/3141 3177/3177/3177 3214/3214/3214
f 3146/3146/3146 3145/3145/3145 3222/3222/3222
f 3146/3146/3146 3222/3222/3222 3221/3221/3221
f 3148/3148/3148 3147/3147/3147 3218/3218/3218
f 3148/3148/3148 3218/3218/3218 3183/3183/3183
f 3226/3226/3226 3158/3158/3158 3161/3161/3161
f 3226/3226/3226 3161/3161/3161 3223/3223/3223
f 3228/3228/3228 3162/3162/3162 3165/3165/3165
f 3228/3228/3228 3165/3165/3165 3207/3207/3207
f 3177/3177/3177 3144/3144/3144 3173/3173/3173
f 3177/3177/3177 3173/3173/3173 3178/3178/3178
f 3182/3182/3182 3174/3174/3174 3148/3148/3148
f 3182/3182/3182 3148/3148/3148 3183/3183/3183
f 3133/3133/3133 3136/3136/3136 3196/3196/3196
f 3133/3133/3133 3196/3196/3196 3195/3195/3195
f 3191/3191/3191 3138/3138/3138 3188/3188/3188
f 3191/3191/3191 3188/3188/3188 3192/3192/3192
f 3139/3139/3139 3201/3201/3201 3204/3204/3204
f 3139/3139/3139 3204/3204/3204 3203/3203/3203
f 3207/3207/3207 3165/3165/3165 3202/3202/3202
f 3207/3207/3207 3202/3202/3202 3208/3208/3208
f 3231/3231/3231 3202/3202/3202 3185/3185/3185
f 3231/3231/3231 3185/3185/3185 3186/3186/3186
f 3222/3222/3222 3145/3145/3145 3174/3174/3174
f 3222/3222/3222 3174/3174/3174 3182/3182/3182
f 3178/3178/3178 3173/3173/3173 3238/3238/3238
f 3178/3178/3178 3238/3238/3238 3239/3239/3239
f 3248/3248/3248 3247/3247/3247 3246/3246/3246
f 3248/3248/3248 3246/3246/3246 3245/3245/3245
f 3254/3254/3254 3257/3257/3257 3260/3260/3260
f 3254/3254/3254 3260/3260/3260 3255/3255/3255
f 3266/3266/3266 3248/3248/3248 3245/3245/3245
f 3266/3266/3266 3245/3245/3245 3265/3265/3265
f 3270/3270/3270 3271/3271/3271 3257/3257/3257
f 3270/3270/3270 3257/3257/3257 3254/3254/3254
f 3126/3126/3126 3140/3140/3140 3278/3278/3278
f 3126/3126/3126 3278/3278/3278 3276/3276/3276
f 3231/3231/3231 3282/3282/3282 3280/3280/3280
f 3231/3231/3231 3280/3280/3280 3230/3230/3230
f 3135/3135/3135 3134/3134/3134 3238/3238/3238
f 3135/3135/3135 3238/3238/3238 3184/3184/3184
f 3188/3188/3188 3146/3146/3146 3221/3221/3221
f 3188/3188/3188 3221/3221/3221 3192/3192/3192
f 3288/3288/3288 443/443/443 442/442/442
f 3288/3288/3288 442/442/442 3287/3287/3287
f 3292/3292/3292 3293/3293/3293 446/446/446
f 3292/3292/3292 446/446/446 522/522/522
f 3276/3276/3276 3278/3278/3278 3266/3266/3266
f 3276/3276/3276 3266/3266/3266 3265/3265/3265
f 3282/3282/3282 3271/3271/3271 3270/3270/3270
f 3282/3282/3282 3270/3270/3270 3280/3280/3280
f 3201/3201/3201 3300/3300/3300 3303/3303/3303
f 3201/3201/3201 3303/3303/3303 3204/3204/3204
f 3147/3147/3147 3301/3301/3301 3305/3305/3305
f 3147/3147/3147 3305/3305/3305 3218/3218/3218
f 3310/3310/3310 3300/3300/3300 3296/3296/3296
f 3310/3310/3310 3296/3296/3296 3312/3312/3312
f 3311/3311/3311 3301/3301/3301 3157/3157/3157
f 3311/3311/3311 3157/3157/3157 3308/3308/3308
f 3235/3235/3235 3310/3310/3310 3158/3158/3158
f 3235/3235/3235 3158/3158/3158 3226/3226/3226
f 3233/3233/3233 3311/3311/3311 3162/3162/3162
f 3233/3233/3233 3162/3162/3162 3228/3228/3228
f 3320/3320/3320 3319/3319/3319 3318/3318/3318
f 3320/3320/3320 3318/3318/3318 3317/3317/3317
f 3326/3326/3326 3329/3329/3329 3332/3332/3332
f 3326/3326/3326 3332/3332/3332 3327/3327/3327
f 3223/3223/3223 3161/3161/3161 3141/3141/3141
f 3223/3223/3223 3141/3141/3141 3214/3214/3214
f 3288/3288/3288 3338/3338/3338 3339/3339/3339
f 3288/3288/3288 3339/3339/3339 3289/3289/3289
f 3294/3294/3294 3293/3293/3293 3343/3343/3343
f 3294/3294/3294 3343/3343/3343 3344/3344/3344
f 3338/3338/3338 3319/3319/3319 3322/3322/3322
f 3338/3338/3338 3322/3322/3322 3339/3339/3339
f 3344/3344/3344 3343/3343/3343 3332/3332/3332
f 3344/3344/3344 3332/3332/3332 3331/3331/3331
f 3349/3349/3349 3320/3320/3320 3317/3317/3317
f 3349/3349/3349 3317/3317/3317 3348/3348/3348
f 3352/3352/3352 3355/3355/3355 3329/3329/3329
f 3352/3352/3352 3329/3329/3329 3326/3326/3326
f 3313/3313/3313 3346/3346/3346 3347/3347/3347
f 3313/3313/3313 3347/3347/3347 3314/3314/3314
f 3314/3314/3314 3347/3347/3347 3348/3348/3348
f 3314/3314/3314 3348/3348/3348 3317/3317/3317
f 3320/3320/3320 3349/3349/3349 3350/3350/3350
f 3320/3320/3320 3350/3350/3350 3321/3321/3321
f 3321/3321/3321 3350/3350/3350 3351/3351/3351
f 3321/3321/3321 3351/3351/3351 3323/3323/3323
f 3353/3353/3353 3352/3352/3352 3326/3326/3326
f 3353/3353/3353 3326/3326/3326 3325/3325/3325
f 3355/3355/3355 3354/3354/3354 3330/3330/3330
f 3355/3355/3355 3330/3330/3330 3329/3329/3329
f 3330/3330/3330 3354/3354/3354 3356/3356/3356
f 3330/3330/3330 3356/3356/3356 3333/3333/3333
f 3333/3333/3333 3356/3356/3356 3346/3346/3346
f 3333/3333/3333 3346/3346/3346 3313/3313/3313
f 3247/3247/3247 3349/3349/3349 3348/3348/3348
f 3247/3247/3247 3348/3348/3348 3246/3246/3246
f 3355/3355/3355 3352/3352/3352 3255/3255/3255
f 3355/3355/3355 3255/3255/3255 3260/3260/3260
f 3357/3357/3357 3358/3358/3358 3359/3359/3359
f 3357/3357/3357 3359/3359/3359 3360/3360/3360
f 3361/3361/3361 3362/3362/3362 3363/3363/3363
f 3361/3361/3361 3363/3363/3363 3364/3364/3364
f 3365/3365/3365 3366/3366/3366 3367/3367/3367
f 3365/3365/3365 3367/3367/3367 3368/3368/3368
f 3369/3369/3369 3370/3370/3370 3358/3358/3358
f 3369/3369/3369 3358/3358/3358 3357/3357/3357
f 3371/3371/3371 3372/3372/3372 3373/3373/3373
f 3371/3371/3371 3373/3373/3373 3374/3374/3374
f 3375/3375/3375 3376/3376/3376 3377/3377/3377
f 3375/3375/3375 3377/3377/3377 3378/3378/3378
f 3379/3379/3379 3380/3380/3380 3366/3366/3366
f 3379/3379/3379 3366/3366/3366 3381/3381/3381
f 3382/3382/3382 3383/3383/3383 3384/3384/3384
f 3382/3382/3382 3384/3384/3384 3385/3385/3385
f 3386/3386/3386 3387/3387/3387 3388/3388/3388
f 3386/3386/3386 3388/3388/3388 3381/3381/3381
f 3389/3389/3389 3390/3390/3390 3391/3391/3391
f 3389/3389/3389 3391/3391/3391 3392/3392/3392
f 3393/3393/3393 3394/3394/3394 3395/3395/3395
f 3393/3393/3393 3395/3395/3395 3363/3363/3363
f 3396/3396/3396 3397/3397/3397 3398/3398/3398
f 3396/3396/3396 3398/3398/3398 3399/3399/3399
f 3400/3400/3400 3401/3401/3401 3402/3402/3402
f 3400/3400/3400 3402/3402/3402 3403/3403/3403
f 3404/3404/3404 3380/3380/3380 3405/3405/3405
f 3404/3404/3404 3405/3405/3405 3406/3406/3406
f 3393/3393/3393 3407/3407/3407 3408/3408/3408
f 3393/3393/3393 3408/3408/3408 3409/3409/3409
f 3410/3410/3410 3411/3411/3411 3412/3412/3412
f 3410/3410/3410 3412/3412/3412 3413/3413/3413
f 3414/3414/3414 3379/3379/3379 3415/3415/3415
f 3414/3414/3414 3415/3415/3415 3416/3416/3416
f 3417/3417/3417 3418/3418/3418 3419/3419/3419
f 3417/3417/3417 3419/3419/3419 3420/3420/3420
f 3421/3421/3421 3422/3422/3422 3423/3423/3423
f 3421/3421/3421 3423/3423/3423 3424/3424/3424
f 3425/3425/3425 3426/3426/3426 3378/3378/3378
f 3425/3425/3425 3378/3378/3378 3427/3427/3427
f 3428/3428/3428 3422/3422/3422 3429/3429/3429
f 3428/3428/3428 3429/3429/3429 3430/3430/3430
f 3431/3431/3431 3421/3421/3421 3432/3432/3432
f 3431/3431/3431 3432/3432/3432 3433/3433/3433
f 3364/3364/3364 3434/3434/3434 3435/3435/3435
f 3364/3364/3364 3435/3435/3435 3436/3436/3436
f 3437/3437/3437 3438/3438/3438 3439/3439/3439
f 3437/3437/3437 3439/3439/3439 3440/3440/3440
f 3441/3441/3441 3425/3425/3425 3432/3432/3432
f 3441/3441/3441 3432/3432/3432 3442/3442/3442
f 3369/3369/3369 3357/3357/3357 3372/3372/3372
f 3369/3369/3369 3372/3372/3372 3371/3371/3371
f 3374/3374/3374 3373/3373/3373 3443/3443/3443
f 3374/3374/3374 3443/3443/3443 3444/3444/3444
f 3386/3386/3386 3365/3365/3365 3445/3445/3445
f 3386/3386/3386 3445/3445/3445 3436/3436/3436
f 3446/3446/3446 3361/3361/3361 3445/3445/3445
f 3446/3446/3446 3445/3445/3445 3447/3447/3447
f 3448/3448/3448 3373/3373/3373 3372/3372/3372
f 3448/3448/3448 3372/3372/3372 3449/3449/3449
f 3450/3450/3450 3385/3385/3385 3384/3384/3384
f 3450/3450/3450 3384/3384/3384 3451/3451/3451
f 3452/3452/3452 3389/3389/3389 3392/3392/3392
f 3452/3452/3452 3392/3392/3392 3453/3453/3453
f 3438/3438/3438 3437/3437/3437 3454/3454/3454
f 3438/3438/3438 3454/3454/3454 3455/3455/3455
f 3456/3456/3456 3457/3457/3457 3458/3458/3458
f 3456/3456/3456 3458/3458/3458 3459/3459/3459
f 3460/3460/3460 3408/3408/3408 3407/3407/3407
f 3460/3460/3460 3407/3407/3407 3461/3461/3461
f 3399/3399/3399 3462/3462/3462 3463/3463/3463
f 3399/3399/3399 3463/3463/3463 3396/3396/3396
f 3401/3401/3401 3400/3400/3400 3398/3398/3398
f 3401/3401/3401 3398/3398/3398 3397/3397/3397
f 3464/3464/3464 3465/3465/3465 3390/3390/3390
f 3464/3464/3464 3390/3390/3390 3389/3389/3389
f 3409/3409/3409 3466/3466/3466 3394/3394/3394
f 3409/3409/3409 3394/3394/3394 3393/3393/3393
f 3379/3379/3379 3414/3414/3414 3405/3405/3405
f 3379/3379/3379 3405/3405/3405 3380/3380/3380
f 3467/3467/3467 3468/3468/3468 3469/3469/3469
f 3467/3467/3467 3469/3469/3469 3470/3470/3470
f 3471/3471/3471 3472/3472/3472 3473/3473/3473
f 3471/3471/3471 3473/3473/3473 3474/3474/3474
f 3475/3475/3475 3476/3476/3476 3477/3477/3477
f 3475/3475/3475 3477/3477/3477 3478/3478/3478
f 3479/3479/3479 3480/3480/3480 3481/3481/3481
f 3479/3479/3479 3481/3481/3481 3482/3482/3482
f 3446/3446/3446 3483/3483/3483 3484/3484/3484
f 3446/3446/3446 3484/3484/3484 3485/3485/3485
f 3486/3486/3486 3487/3487/3487 3488/3488/3488
f 3486/3486/3486 3488/3488/3488 3489/3489/3489
f 3490/3490/3490 3491/3491/3491 3447/3447/3447
f 3490/3490/3490 3447/3447/3447 3368/3368/3368
f 3474/3474/3474 3473/3473/3473 3475/3475/3475
f 3474/3474/3474 3475/3475/3475 3478/3478/3478
f 3477/3477/3477 3476/3476/3476 3492/3492/3492
f 3477/3477/3477 3492/3492/3492 3493/3493/3493
f 3494/3494/3494 3495/3495/3495 3496/3496/3496
f 3494/3494/3494 3496/3496/3496 3497/3497/3497
f 3498/3498/3498 3407/3407/3407 3362/3362/3362
f 3498/3498/3498 3362/3362/3362 3485/3485/3485
f 3499/3499/3499 3423/3423/3423 3500/3500/3500
f 3499/3499/3499 3500/3500/3500 3501/3501/3501
f 3502/3502/3502 3503/3503/3503 3504/3504/3504
f 3502/3502/3502 3504/3504/3504 3498/3498/3498
f 3505/3505/3505 3506/3506/3506 3426/3426/3426
f 3505/3505/3505 3426/3426/3426 3507/3507/3507
f 3508/3508/3508 3509/3509/3509 3367/3367/3367
f 3508/3508/3508 3367/3367/3367 3510/3510/3510
f 3510/3510/3510 3380/3380/3380 3404/3404/3404
f 3510/3510/3510 3404/3404/3404 3482/3482/3482
f 3511/3511/3511 3512/3512/3512 3490/3490/3490
f 3511/3511/3511 3490/3490/3490 3509/3509/3509
f 3511/3511/3511 3509/3509/3509 3508/3508/3508
f 3511/3511/3511 3508/3508/3508 3513/3513/3513
f 3513/3513/3513 3508/3508/3508 3481/3481/3481
f 3513/3513/3513 3481/3481/3481 3514/3514/3514
f 3514/3514/3514 3481/3481/3481 3480/3480/3480
f 3514/3514/3514 3480/3480/3480 3515/3515/3515
f 3516/3516/3516 3492/3492/3492 3476/3476/3476
f 3516/3516/3516 3476/3476/3476 3517/3517/3517
f 3517/3517/3517 3476/3476/3476 3475/3475/3475
f 3517/3517/3517 3475/3475/3475 3518/3518/3518
f 3519/3519/3519 3518/3518/3518 3475/3475/3475
f 3519/3519/3519 3475/3475/3475 3473/3473/3473
f 3520/3520/3520 3519/3519/3519 3473/3473/3473
f 3520/3520/3520 3473/3473/3473 3472/3472/3472
f 3521/3521/3521 3522/3522/3522 3488/3488/3488
f 3521/3521/3521 3488/3488/3488 3487/3487/3487
f 3503/3503/3503 3502/3502/3502 3523/3523/3523
f 3503/3503/3503 3523/3523/3523 3524/3524/3524
f 3523/3523/3523 3502/3502/3502 3484/3484/3484
f 3523/3523/3523 3484/3484/3484 3525/3525/3525
f 3525/3525/3525 3484/3484/3484 3483/3483/3483
f 3525/3525/3525 3483/3483/3483 3526/3526/3526
f 3526/3526/3526 3483/3483/3483 3491/3491/3491
f 3526/3526/3526 3491/3491/3491 3527/3527/3527
f 3512/3512/3512 3527/3527/3527 3491/3491/3491
f 3512/3512/3512 3491/3491/3491 3490/3490/3490
f 3368/3368/3368 3367/3367/3367 3509/3509/3509
f 3368/3368/3368 3509/3509/3509 3490/3490/3490
f 3483/3483/3483 3446/3446/3446 3447/3447/3447
f 3483/3483/3483 3447/3447/3447 3491/3491/3491
f 3463/3463/3463 3471/3471/3471 3474/3474/3474
f 3463/3463/3463 3474/3474/3474 3396/3396/3396
f 3478/3478/3478 3477/3477/3477 3401/3401/3401
f 3478/3478/3478 3401/3401/3401 3397/3397/3397
f 3459/3459/3459 3479/3479/3479 3482/3482/3482
f 3459/3459/3459 3482/3482/3482 3404/3404/3404
f 3361/3361/3361 3446/3446/3446 3485/3485/3485
f 3361/3361/3361 3485/3485/3485 3362/3362/3362
f 3411/3411/3411 3486/3486/3486 3489/3489/3489
f 3411/3411/3411 3489/3489/3489 3412/3412/3412
f 3368/3368/3368 3447/3447/3447 3445/3445/3445
f 3368/3368/3368 3445/3445/3445 3365/3365/3365
f 3396/3396/3396 3474/3474/3474 3478/3478/3478
f 3396/3396/3396 3478/3478/3478 3397/3397/3397
f 3477/3477/3477 3493/3493/3493 3402/3402/3402
f 3477/3477/3477 3402/3402/3402 3401/3401/3401
f 3502/3502/3502 3498/3498/3498 3485/3485/3485
f 3502/3502/3502 3485/3485/3485 3484/3484/3484
f 3498/3498/3498 3504/3504/3504 3461/3461/3461
f 3498/3498/3498 3461/3461/3461 3407/3407/3407
f 3510/3510/3510 3367/3367/3367 3366/3366/3366
f 3510/3510/3510 3366/3366/3366 3380/3380/3380
f 3508/3508/3508 3510/3510/3510 3482/3482/3482
f 3508/3508/3508 3482/3482/3482 3481/3481/3481
f 3528/3528/3528 3529/3529/3529 3530/3530/3530
f 3528/3528/3528 3530/3530/3530 3531/3531/3531
f 3532/3532/3532 3533/3533/3533 3534/3534/3534
f 3532/3532/3532 3534/3534/3534 3535/3535/3535
f 3536/3536/3536 3537/3537/3537 3538/3538/3538
f 3536/3536/3536 3538/3538/3538 3539/3539/3539
f 3540/3540/3540 3541/3541/3541 3542/3542/3542
f 3540/3540/3540 3542/3542/3542 3543/3543/3543
f 3540/3540/3540 3543/3543/3543 3544/3544/3544
f 3540/3540/3540 3544/3544/3544 3545/3545/3545
f 3546/3546/3546 3547/3547/3547 3383/3383/3383
f 3546/3546/3546 3383/3383/3383 3382/3382/3382
f 3387/3387/3387 3548/3548/3548 3549/3549/3549
f 3387/3387/3387 3549/3549/3549 3388/3388/3388
f 3390/3390/3390 3550/3550/3550 3549/3549/3549
f 3390/3390/3390 3549/3549/3549 3391/3391/3391
f 3551/3551/3551 3547/3547/3547 3395/3395/3395
f 3551/3551/3551 3395/3395/3395 3394/3394/3394
f 3552/3552/3552 3546/3546/3546 3382/3382/3382
f 3552/3552/3552 3382/3382/3382 3440/3440/3440
f 3435/3435/3435 3552/3552/3552 3548/3548/3548
f 3435/3435/3435 3548/3548/3548 3387/3387/3387
f 3415/3415/3415 3550/3550/3550 3553/3553/3553
f 3415/3415/3415 3553/3553/3553 3416/3416/3416
f 3421/3421/3421 3431/3431/3431 3429/3429/3429
f 3421/3421/3421 3429/3429/3429 3422/3422/3422
f 3506/3506/3506 3375/3375/3375 3378/3378/3378
f 3506/3506/3506 3378/3378/3378 3426/3426/3426
f 3411/3411/3411 3410/3410/3410 3460/3460/3460
f 3411/3411/3411 3460/3460/3460 3461/3461/3461
f 3427/3427/3427 3378/3378/3378 3377/3377/3377
f 3427/3427/3427 3377/3377/3377 3448/3448/3448
f 3430/3430/3430 3429/3429/3429 3359/3359/3359
f 3430/3430/3430 3359/3359/3359 3554/3554/3554
f 3360/3360/3360 3431/3431/3431 3433/3433/3433
f 3360/3360/3360 3433/3433/3433 3449/3449/3449
f 3427/3427/3427 3433/3433/3433 3432/3432/3432
f 3427/3427/3427 3432/3432/3432 3425/3425/3425
f 3406/3406/3406 3456/3456/3456 3459/3459/3459
f 3406/3406/3406 3459/3459/3459 3404/3404/3404
f 3480/3480/3480 3479/3479/3479 3555/3555/3555
f 3480/3480/3480 3555/3555/3555 3556/3556/3556
f 3503/3503/3503 3487/3487/3487 3486/3486/3486
f 3503/3503/3503 3486/3486/3486 3504/3504/3504
f 3557/3557/3557 3515/3515/3515 3480/3480/3480
f 3557/3557/3557 3480/3480/3480 3556/3556/3556
f 3524/3524/3524 3521/3521/3521 3487/3487/3487
f 3524/3524/3524 3487/3487/3487 3503/3503/3503
f 3555/3555/3555 3479/3479/3479 3459/3459/3459
f 3555/3555/3555 3459/3459/3459 3458/3458/3458
f 3504/3504/3504 3486/3486/3486 3411/3411/3411
f 3504/3504/3504 3411/3411/3411 3461/3461/3461
f 3424/3424/3424 3423/3423/3423 3499/3499/3499
f 3424/3424/3424 3499/3499/3499 3497/3497/3497
f 3467/3467/3467 3441/3441/3441 3442/3442/3442
f 3467/3467/3467 3442/3442/3442 3496/3496/3496
f 3425/3425/3425 3441/3441/3441 3507/3507/3507
f 3425/3425/3425 3507/3507/3507 3426/3426/3426
f 3424/3424/3424 3442/3442/3442 3432/3432/3432
f 3424/3424/3424 3432/3432/3432 3421/3421/3421
f 3500/3500/3500 3423/3423/3423 3422/3422/3422
f 3500/3500/3500 3422/3422/3422 3428/3428/3428
f 3470/3470/3470 3469/3469/3469 3505/3505/3505
f 3470/3470/3470 3505/3505/3505 3507/3507/3507
f 3441/3441/3441 3467/3467/3467 3470/3470/3470
f 3441/3441/3441 3470/3470/3470 3507/3507/3507
f 3497/3497/3497 3496/3496/3496 3442/3442/3442
f 3497/3497/3497 3442/3442/3442 3424/3424/3424
f 3497/3497/3497 3499/3499/3499 3501/3501/3501
f 3497/3497/3497 3501/3501/3501 3494/3494/3494
f 3468/3468/3468 3467/3467/3467 3496/3496/3496
f 3468/3468/3468 3496/3496/3496 3495/3495/3495
f 3511/3511/3511 3469/3469/3469 3468/3468/3468
f 3511/3511/3511 3468/3468/3468 3512/3512/3512
f 3513/3513/3513 3505/3505/3505 3469/3469/3469
f 3513/3513/3513 3469/3469/3469 3511/3511/3511
f 3514/3514/3514 3506/3506/3506 3505/3505/3505
f 3514/3514/3514 3505/3505/3505 3513/3513/3513
f 3515/3515/3515 3375/3375/3375 3506/3506/3506
f 3515/3515/3515 3506/3506/3506 3514/3514/3514
f 3517/3517/3517 3374/3374/3374 3444/3444/3444
f 3517/3517/3517 3444/3444/3444 3516/3516/3516
f 3518/3518/3518 3371/3371/3371 3374/3374/3374
f 3518/3518/3518 3374/3374/3374 3517/3517/3517
f 3519/3519/3519 3369/3369/3369 3371/3371/3371
f 3519/3519/3519 3371/3371/3371 3518/3518/3518
f 3520/3520/3520 3370/3370/3370 3369/3369/3369
f 3520/3520/3520 3369/3369/3369 3519/3519/3519
f 3521/3521/3521 3430/3430/3430 3554/3554/3554
f 3521/3521/3521 3554/3554/3554 3522/3522/3522
f 3523/3523/3523 3500/3500/3500 3428/3428/3428
f 3523/3523/3523 3428/3428/3428 3524/3524/3524
f 3525/3525/3525 3501/3501/3501 3500/3500/3500
f 3525/3525/3525 3500/3500/3500 3523/3523/3523
f 3526/3526/3526 3494/3494/3494 3501/3501/3501
f 3526/3526/3526 3501/3501/3501 3525/3525/3525
f 3527/3527/3527 3495/3495/3495 3494/3494/3494
f 3527/3527/3527 3494/3494/3494 3526/3526/3526
f 3512/3512/3512 3468/3468/3468 3495/3495/3495
f 3512/3512/3512 3495/3495/3495 3527/3527/3527
f 3557/3557/3557 3376/3376/3376 3375/3375/3375
f 3557/3557/3557 3375/3375/3375 3515/3515/3515
f 3524/3524/3524 3428/3428/3428 3430/3430/3430
f 3524/3524/3524 3430/3430/3430 3521/3521/3521
f 3558/3558/3558 3559/3559/3559 3560/3560/3560
f 3558/3558/3558 3560/3560/3560 3561/3561/3561
f 3562/3562/3562 3563/3563/3563 3559/3559/3559
f 3562/3562/3562 3559/3559/3559 3558/3558/3558
f 3562/3562/3562 3564/3564/3564 3565/3565/3565
f 3562/3562/3562 3565/3565/3565 3563/3563/3563
f 3564/3564/3564 3566/3566/3566 3567/3567/3567
f 3564/3564/3564 3567/3567/3567 3565/3565/3565
f 3566/3566/3566 3568/3568/3568 3569/3569/3569
f 3566/3566/3566 3569/3569/3569 3567/3567/3567
f 3568/3568/3568 3570/3570/3570 3571/3571/3571
f 3568/3568/3568 3571/3571/3571 3569/3569/3569
f 3570/3570/3570 3572/3572/3572 3573/3573/3573
f 3570/3570/3570 3573/3573/3573 3571/3571/3571
f 3572/3572/3572 3574/3574/3574 3575/3575/3575
f 3572/3572/3572 3575/3575/3575 3573/3573/3573
f 3576/3576/3576 3528/3528/3528 3531/3531/3531
f 3576/3576/3576 3531/3531/3531 3577/3577/3577
f 3577/3577/3577 3531/3531/3531 3533/3533/3533
f 3577/3577/3577 3533/3533/3533 3578/3578/3578
f 3578/3578/3578 3533/3533/3533 3532/3532/3532
f 3578/3578/3578 3532/3532/3532 3579/3579/3579
f 3532/3532/3532 3537/3537/3537 3580/3580/3580
f 3532/3532/3532 3580/3580/3580 3579/3579/3579
f 3537/3537/3537 3536/3536/3536 3581/3581/3581
f 3537/3537/3537 3581/3581/3581 3580/3580/3580
f 3536/3536/3536 3541/3541/3541 3582/3582/3582
f 3536/3536/3536 3582/3582/3582 3581/3581/3581
f 3541/3541/3541 3540/3540/3540 3583/3583/3583
f 3541/3541/3541 3583/3583/3583 3582/3582/3582
f 3540/3540/3540 3545/3545/3545 3584/3584/3584
f 3540/3540/3540 3584/3584/3584 3583/3583/3583
f 3489/3489/3489 3471/3471/3471 3463/3463/3463
f 3489/3489/3489 3463/3463/3463 3412/3412/3412
f 3376/3376/3376 3444/3444/3444 3443/3443/3443
f 3376/3376/3376 3443/3443/3443 3377/3377/3377
f 3402/3402/3402 3458/3458/3458 3457/3457/3457
f 3402/3402/3402 3457/3457/3457 3403/3403/3403
f 3412/3412/3412 3463/3463/3463 3462/3462/3462
f 3412/3412/3412 3462/3462/3462 3413/3413/3413
f 3359/3359/3359 3358/3358/3358 3370/3370/3370
f 3359/3359/3359 3370/3370/3370 3554/3554/3554
f 3555/3555/3555 3493/3493/3493 3492/3492/3492
f 3555/3555/3555 3492/3492/3492 3556/3556/3556
f 3516/3516/3516 3557/3557/3557 3556/3556/3556
f 3516/3516/3516 3556/3556/3556 3492/3492/3492
f 3522/3522/3522 3520/3520/3520 3472/3472/3472
f 3522/3522/3522 3472/3472/3472 3488/3488/3488
f 3488/3488/3488 3472/3472/3472 3471/3471/3471
f 3488/3488/3488 3471/3471/3471 3489/3489/3489
f 3458/3458/3458 3402/3402/3402 3493/3493/3493
f 3458/3458/3458 3493/3493/3493 3555/3555/3555
f 3444/3444/3444 3376/3376/3376 3557/3557/3557
f 3444/3444/3444 3557/3557/3557 3516/3516/3516
f 3554/3554/3554 3370/3370/3370 3520/3520/3520
f 3554/3554/3554 3520/3520/3520 3522/3522/3522
f 3431/3431/3431 3360/3360/3360 3359/3359/3359
f 3431/3431/3431 3359/3359/3359 3429/3429/3429
f 3427/3427/3427 3448/3448/3448 3449/3449/3449
f 3427/3427/3427 3449/3449/3449 3433/3433/3433
f 3448/3448/3448 3377/3377/3377 3443/3443/3443
f 3448/3448/3448 3443/3443/3443 3373/3373/3373
f 3357/3357/3357 3360/3360/3360 3449/3449/3449
f 3357/3357/3357 3449/3449/3449 3372/3372/3372
f 726/726/726 3585/3585/3585 3586/3586/3586
f 726/726/726 3586/3586/3586 727/727/727
f 727/727/727 3586/3586/3586 3587/3587/3587
f 727/727/727 3587/3587/3587 746/746/746
f 3587/3587/3587 3588/3588/3588 744/744/744
f 3587/3587/3587 744/744/744 746/746/746
f 3588/3588/3588 3589/3589/3589 742/742/742
f 3588/3588/3588 742/742/742 744/744/744
f 3589/3589/3589 3590/3590/3590 740/740/740
f 3589/3589/3589 740/740/740 742/742/742
f 3590/3590/3590 3591/3591/3591 738/738/738
f 3590/3590/3590 738/738/738 740/740/740
f 3591/3591/3591 3592/3592/3592 734/734/734
f 3591/3591/3591 734/734/734 738/738/738
f 3592/3592/3592 3593/3593/3593 735/735/735
f 3592/3592/3592 735/735/735 734/734/734
f 3561/3561/3561 3576/3576/3576 3577/3577/3577
f 3561/3561/3561 3577/3577/3577 3558/3558/3558
f 3558/3558/3558 3577/3577/3577 3578/3578/3578
f 3558/3558/3558 3578/3578/3578 3562/3562/3562
f 3562/3562/3562 3578/3578/3578 3579/3579/3579
f 3562/3562/3562 3579/3579/3579 3564/3564/3564
f 3579/3579/3579 3580/3580/3580 3566/3566/3566
f 3579/3579/3579 3566/3566/3566 3564/3564/3564
f 3580/3580/3580 3581/3581/3581 3568/3568/3568
f 3580/3580/3580 3568/3568/3568 3566/3566/3566
f 3581/3581/3581 3582/3582/3582 3570/3570/3570
f 3581/3581/3581 3570/3570/3570 3568/3568/3568
f 3582/3582/3582 3583/3583/3583 3572/3572/3572
f 3582/3582/3582 3572/3572/3572 3570/3570/3570
f 3583/3583/3583 3584/3584/3584 3574/3574/3574
f 3583/3583/3583 3574/3574/3574 3572/3572/3572
f 3364/3364/3364 3363/3363/3363 3395/3395/3395
f 3364/3364/3364 3395/3395/3395 3434/3434/3434
f 3439/3439/3439 3438/3438/3438 3392/3392/3392
f 3439/3439/3439 3392/3392/3392 3391/3391/3391
f 3415/3415/3415 3379/3379/3379 3381/3381/3381
f 3415/3415/3415 3381/3381/3381 3388/3388/3388
f 3419/3419/3419 3418/3418/3418 3384/3384/3384
f 3419/3419/3419 3384/3384/3384 3383/3383/3383
f 3385/3385/3385 3437/3437/3437 3440/3440/3440
f 3385/3385/3385 3440/3440/3440 3382/3382/3382
f 3386/3386/3386 3436/3436/3436 3435/3435/3435
f 3386/3386/3386 3435/3435/3435 3387/3387/3387
f 3394/3394/3394 3466/3466/3466 3594/3594/3594
f 3394/3394/3394 3594/3594/3594 3551/3551/3551
f 3434/3434/3434 3395/3395/3395 3547/3547/3547
f 3434/3434/3434 3547/3547/3547 3546/3546/3546
f 3548/3548/3548 3439/3439/3439 3391/3391/3391
f 3548/3548/3548 3391/3391/3391 3549/3549/3549
f 3550/3550/3550 3415/3415/3415 3388/3388/3388
f 3550/3550/3550 3388/3388/3388 3549/3549/3549
f 3419/3419/3419 3383/3383/3383 3547/3547/3547
f 3419/3419/3419 3547/3547/3547 3551/3551/3551
f 3435/3435/3435 3434/3434/3434 3546/3546/3546
f 3435/3435/3435 3546/3546/3546 3552/3552/3552
f 3552/3552/3552 3440/3440/3440 3439/3439/3439
f 3552/3552/3552 3439/3439/3439 3548/3548/3548
f 3550/3550/3550 3390/3390/3390 3465/3465/3465
f 3550/3550/3550 3465/3465/3465 3553/3553/3553
f 3594/3594/3594 3420/3420/3420 3419/3419/3419
f 3594/3594/3594 3419/3419/3419 3551/3551/3551
f 3595/3595/3595 3560/3560/3560 3559/3559/3559
f 3595/3595/3595 3559/3559/3559 3596/3596/3596
f 3596/3596/3596 3559/3559/3559 3563/3563/3563
f 3596/3596/3596 3563/3563/3563 3597/3597/3597
f 3597/3597/3597 3563/3563/3563 3565/3565/3565
f 3597/3597/3597 3565/3565/3565 3598/3598/3598
f 3565/3565/3565 3567/3567/3567 3599/3599/3599
f 3565/3565/3565 3599/3599/3599 3598/3598/3598
f 3567/3567/3567 3569/3569/3569 3600/3600/3600
f 3567/3567/3567 3600/3600/3600 3599/3599/3599
f 3569/3569/3569 3571/3571/3571 3601/3601/3601
f 3569/3569/3569 3601/3601/3601 3600/3600/3600
f 3571/3571/3571 3573/3573/3573 3602/3602/3602
f 3571/3571/3571 3602/3602/3602 3601/3601/3601
f 3573/3573/3573 3575/3575/3575 3603/3603/3603
f 3573/3573/3573 3603/3603/3603 3602/3602/3602
f 3365/3365/3365 3386/3386/3386 3381/3381/3381
f 3365/3365/3365 3381/3381/3381 3366/3366/3366
f 3393/3393/3393 3363/3363/3363 3362/3362/3362
f 3393/3393/3393 3362/3362/3362 3407/3407/3407
f 3364/3364/3364 3436/3436/3436 3445/3445/3445
f 3364/3364/3364 3445/3445/3445 3361/3361/3361
f 3585/3585/3585 3604/3604/3604 3605/3605/3605
f 3585/3585/3585 3605/3605/3605 3586/3586/3586
f 3586/3586/3586 3605/3605/3605 3606/3606/3606
f 3586/3586/3586 3606/3606/3606 3587/3587/3587
f 3587/3587/3587 3606/3606/3606 3607/3607/3607
f 3587/3587/3587 3607/3607/3607 3588/3588/3588
f 3588/3588/3588 3607/3607/3607 3608/3608/3608
f 3588/3588/3588 3608/3608/3608 3589/3589/3589
f 3589/3589/3589 3608/3608/3608 3609/3609/3609
f 3589/3589/3589 3609/3609/3609 3590/3590/3590
f 3590/3590/3590 3609/3609/3609 3610/3610/3610
f 3590/3590/3590 3610/3610/3610 3591/3591/3591
f 3591/3591/3591 3610/3610/3610 3611/3611/3611
f 3591/3591/3591 3611/3611/3611 3592/3592/3592
f 3592/3592/3592 3611/3611/3611 3612/3612/3612
f 3592/3592/3592 3612/3612/3612 3593/3593/3593
f 3604/3604/3604 3613/3613/3613 3614/3614/3614
f 3604/3604/3604 3614/3614/3614 3605/3605/3605
f 3605/3605/3605 3614/3614/3614 3615/3615/3615
f 3605/3605/3605 3615/3615/3615 3606/3606/3606
f 3606/3606/3606 3615/3615/3615 3616/3616/3616
f 3606/3606/3606 3616/3616/3616 3607/3607/3607
f 3607/3607/3607 3616/3616/3616 3617/3617/3617
f 3607/3607/3607 3617/3617/3617 3608/3608/3608
f 3608/3608/3608 3617/3617/3617 3618/3618/3618
f 3608/3608/3608 3618/3618/3618 3609/3609/3609
f 3609/3609/3609 3618/3618/3618 3619/3619/3619
f 3609/3609/3609 3619/3619/3619 3610/3610/3610
f 3610/3610/3610 3619/3619/3619 3620/3620/3620
f 3610/3610/3610 3620/3620/3620 3611/3611/3611
f 3611/3611/3611 3620/3620/3620 3621/3621/3621
f 3611/3611/3611 3621/3621/3621 3612/3612/3612
f 3613/3613/3613 3622/3622/3622 3623/3623/3623
f 3613/3613/3613 3623/3623/3623 3614/3614/3614
f 3614/3614/3614 3623/3623/3623 3624/3624/3624
f 3614/3614/3614 3624/3624/3624 3615/3615/3615
f 3615/3615/3615 3624/3624/3624 3625/3625/3625
f 3615/3615/3615 3625/3625/3625 3616/3616/3616
f 3616/3616/3616 3625/3625/3625 3626/3626/3626
f 3616/3616/3616 3626/3626/3626 3617/3617/3617
f 3626/3626/3626 3627/3627/3627 3618/3618/3618
f 3626/3626/3626 3618/3618/3618 3617/3617/3617
f 3627/3627/3627 3628/3628/3628 3619/3619/3619
f 3627/3627/3627 3619/3619/3619 3618/3618/3618
f 3628/3628/3628 3629/3629/3629 3620/3620/3620
f 3628/3628/3628 3620/3620/3620 3619/3619/3619
f 3629/3629/3629 3630/3630/3630 3621/3621/3621
f 3629/3629/3629 3621/3621/3621 3620/3620/3620
f 3539/3539/3539 3450/3450/3450 3451/3451/3451
f 3539/3539/3539 3451/3451/3451 3542/3542/3542
f 3530/3530/3530 3452/3452/3452 3453/3453/3453
f 3530/3530/3530 3453/3453/3453 3534/3534/3534
f 3455/3455/3455 3454/3454/3454 3538/3538/3538
f 3455/3455/3455 3538/3538/3538 3535/3535/3535
f 3438/3438/3438 3455/3455/3455 3453/3453/3453
f 3438/3438/3438 3453/3453/3453 3392/3392/3392
f 3631/3631/3631 3451/3451/3451 3384/3384/3384
f 3631/3631/3631 3384/3384/3384 3418/3418/3418
f 3389/3389/3389 3452/3452/3452 3632/3632/3632
f 3389/3389/3389 3632/3632/3632 3464/3464/3464
f 3385/3385/3385 3450/3450/3450 3454/3454/3454
f 3385/3385/3385 3454/3454/3454 3437/3437/3437
f 3633/3633/3633 3631/3631/3631 3418/3418/3418
f 3633/3633/3633 3418/3418/3418 3417/3417/3417
f 3535/3535/3535 3534/3534/3534 3453/3453/3453
f 3535/3535/3535 3453/3453/3453 3455/3455/3455
f 3631/3631/3631 3543/3543/3543 3542/3542/3542
f 3631/3631/3631 3542/3542/3542 3451/3451/3451
f 3530/3530/3530 3529/3529/3529 3632/3632/3632
f 3530/3530/3530 3632/3632/3632 3452/3452/3452
f 3450/3450/3450 3539/3539/3539 3538/3538/3538
f 3450/3450/3450 3538/3538/3538 3454/3454/3454
f 3633/3633/3633 3544/3544/3544 3543/3543/3543
f 3633/3633/3633 3543/3543/3543 3631/3631/3631
f 3539/3539/3539 3542/3542/3542 3541/3541/3541
f 3539/3539/3539 3541/3541/3541 3536/3536/3536
f 3531/3531/3531 3530/3530/3530 3534/3534/3534
f 3531/3531/3531 3534/3534/3534 3533/3533/3533
f 3532/3532/3532 3535/3535/3535 3538/3538/3538
f 3532/3532/3532 3538/3538/3538 3537/3537/3537
f 3622/3622/3622 3595/3595/3595 3596/3596/3596
f 3622/3622/3622 3596/3596/3596 3623/3623/3623
f 3623/3623/3623 3596/3596/3596 3597/3597/3597
f 3623/3623/3623 3597/3597/3597 3624/3624/3624
f 3597/3597/3597 3598/3598/3598 3625/3625/3625
f 3597/3597/3597 3625/3625/3625 3624/3624/3624
f 3598/3598/3598 3599/3599/3599 3626/3626/3626
f 3598/3598/3598 3626/3626/3626 3625/3625/3625
f 3599/3599/3599 3600/3600/3600 3627/3627/3627
f 3599/3599/3599 3627/3627/3627 3626/3626/3626
f 3600/3600/3600 3601/3601/3601 3628/3628/3628
f 3600/3600/3600 3628/3628/3628 3627/3627/3627
f 3628/3628/3628 3601/3601/3601 3602/3602/3602
f 3628/3628/3628 3602/3602/3602 3629/3629/3629
f 3602/3602/3602 3603/3603/3603 3630/3630/3630
f 3602/3602/3602 3630/3630/3630 3629/3629/3629
f 3634/3634/3634 3635/3635/3635 3636/3636/3636
f 3634/3634/3634 3636/3636/3636 3637/3637/3637
f 3638/3638/3638 3639/3639/3639 3640/3640/3640
f 3638/3638/3638 3640/3640/3640 3641/3641/3641
f 3642/3642/3642 3643/3643/3643 3644/3644/3644
f 3642/3642/3642 3644/3644/3644 3640/3640/3640
f 3645/3645/3645 3639/3639/3639 3646/3646/3646
f 3645/3645/3645 3646/3646/3646 3647/3647/3647
f 3648/3648/3648 3649/3649/3649 3650/3650/3650
f 3648/3648/3648 3650/3650/3650 3651/3651/3651
f 3652/3652/3652 3653/3653/3653 3636/3636/3636
f 3652/3652/3652 3636/3636/3636 3635/3635/3635
f 3654/3654/3654 3655/3655/3655 3656/3656/3656
f 3654/3654/3654 3656/3656/3656 3657/3657/3657
f 3658/3658/3658 3659/3659/3659 3660/3660/3660
f 3658/3658/3658 3660/3660/3660 3661/3661/3661
f 3662/3662/3662 3663/3663/3663 3664/3664/3664
f 3662/3662/3662 3664/3664/3664 3656/3656/3656
f 3665/3665/3665 3666/3666/3666 3667/3667/3667
f 3665/3665/3665 3667/3667/3667 3668/3668/3668
f 3669/3669/3669 3670/3670/3670 3671/3671/3671
f 3669/3669/3669 3671/3671/3671 3672/3672/3672
f 3673/3673/3673 3674/3674/3674 3675/3675/3675
f 3673/3673/3673 3675/3675/3675 3676/3676/3676
f 3677/3677/3677 3678/3678/3678 3650/3650/3650
f 3677/3677/3677 3650/3650/3650 3649/3649/3649
f 3651/3651/3651 3650/3650/3650 3679/3679/3679
f 3651/3651/3651 3679/3679/3679 3680/3680/3680
f 3681/3681/3681 3682/3682/3682 3655/3655/3655
f 3681/3681/3681 3655/3655/3655 3654/3654/3654
f 3683/3683/3683 3684/3684/3684 3685/3685/3685
f 3683/3683/3683 3685/3685/3685 3686/3686/3686
f 3687/3687/3687 3688/3688/3688 3689/3689/3689
f 3687/3687/3687 3689/3689/3689 3690/3690/3690
f 3638/3638/3638 3637/3637/3637 3646/3646/3646
f 3638/3638/3638 3646/3646/3646 3639/3639/3639
f 3691/3691/3691 3641/3641/3641 3640/3640/3640
f 3691/3691/3691 3640/3640/3640 3644/3644/3644
f 3645/3645/3645 3642/3642/3642 3640/3640/3640
f 3645/3645/3645 3640/3640/3640 3639/3639/3639
f 3647/3647/3647 3646/3646/3646 3692/3692/3692
f 3647/3647/3647 3692/3692/3692 3693/3693/3693
f 3658/3658/3658 3677/3677/3677 3649/3649/3649
f 3658/3658/3658 3649/3649/3649 3667/3667/3667
f 3661/3661/3661 3662/3662/3662 3673/3673/3673
f 3661/3661/3661 3673/3673/3673 3676/3676/3676
f 3694/3694/3694 3695/3695/3695 3696/3696/3696
f 3694/3694/3694 3696/3696/3696 3697/3697/3697
f 3698/3698/3698 3699/3699/3699 3700/3700/3700
f 3698/3698/3698 3700/3700/3700 3701/3701/3701
f 3682/3682/3682 3674/3674/3674 3673/3673/3673
f 3682/3682/3682 3673/3673/3673 3655/3655/3655
f 3675/3675/3675 3678/3678/3678 3677/3677/3677
f 3675/3675/3675 3677/3677/3677 3676/3676/3676
f 3672/3672/3672 3671/3671/3671 3702/3702/3702
f 3672/3672/3672 3702/3702/3702 3703/3703/3703
f 3704/3704/3704 3705/3705/3705 3706/3706/3706
f 3704/3704/3704 3706/3706/3706 3707/3707/3707
f 3695/3695/3695 3698/3698/3698 3701/3701/3701
f 3695/3695/3695 3701/3701/3701 3696/3696/3696
f 3700/3700/3700 3699/3699/3699 3708/3708/3708
f 3700/3700/3700 3708/3708/3708 3709/3709/3709
f 3683/3683/3683 3710/3710/3710 3711/3711/3711
f 3683/3683/3683 3711/3711/3711 3684/3684/3684
f 3712/3712/3712 3687/3687/3687 3690/3690/3690
f 3712/3712/3712 3690/3690/3690 3713/3713/3713
f 3714/3714/3714 3715/3715/3715 3716/3716/3716
f 3714/3714/3714 3716/3716/3716 3717/3717/3717
f 3718/3718/3718 3719/3719/3719 3720/3720/3720
f 3718/3718/3718 3720/3720/3720 3721/3721/3721
f 3704/3704/3704 3722/3722/3722 3723/3723/3723
f 3704/3704/3704 3723/3723/3723 3705/3705/3705
f 3724/3724/3724 3725/3725/3725 3726/3726/3726
f 3724/3724/3724 3726/3726/3726 3727/3727/3727
f 3728/3728/3728 3727/3727/3727 3726/3726/3726
f 3728/3728/3728 3726/3726/3726 3729/3729/3729
f 3730/3730/3730 3728/3728/3728 3729/3729/3729
f 3730/3730/3730 3729/3729/3729 3731/3731/3731
f 3732/3732/3732 3733/3733/3733 3734/3734/3734
f 3732/3732/3732 3734/3734/3734 3735/3735/3735
f 3736/3736/3736 3737/3737/3737 3738/3738/3738
f 3736/3736/3736 3738/3738/3738 3739/3739/3739
f 3739/3739/3739 3738/3738/3738 3725/3725/3725
f 3739/3739/3739 3725/3725/3725 3724/3724/3724
f 3722/3722/3722 3740/3740/3740 3741/3741/3741
f 3722/3722/3722 3741/3741/3741 3723/3723/3723
f 3742/3742/3742 3743/3743/3743 3721/3721/3721
f 3742/3742/3742 3721/3721/3721 3720/3720/3720
f 3635/3635/3635 3634/3634/3634 3674/3674/3674
f 3635/3635/3635 3674/3674/3674 3682/3682/3682
f 3744/3744/3744 3745/3745/3745 3678/3678/3678
f 3744/3744/3744 3678/3678/3678 3675/3675/3675
f 3681/3681/3681 3652/3652/3652 3635/3635/3635
f 3681/3681/3681 3635/3635/3635 3682/3682/3682
f 3680/3680/3680 3679/3679/3679 3691/3691/3691
f 3680/3680/3680 3691/3691/3691 3746/3746/3746
f 3686/3686/3686 3685/3685/3685 3747/3747/3747
f 3686/3686/3686 3747/3747/3747 3748/3748/3748
f 3634/3634/3634 3744/3744/3744 3675/3675/3675
f 3634/3634/3634 3675/3675/3675 3674/3674/3674
f 3678/3678/3678 3745/3745/3745 3679/3679/3679
f 3678/3678/3678 3679/3679/3679 3650/3650/3650
f 3688/3688/3688 3714/3714/3714 3717/3717/3717
f 3688/3688/3688 3717/3717/3717 3689/3689/3689
f 3749/3749/3749 3750/3750/3750 3751/3751/3751
f 3749/3749/3749 3751/3751/3751 3752/3752/3752
f 3753/3753/3753 3754/3754/3754 3750/3750/3750
f 3753/3753/3753 3750/3750/3750 3749/3749/3749
f 3755/3755/3755 3756/3756/3756 3757/3757/3757
f 3755/3755/3755 3757/3757/3757 3758/3758/3758
f 3759/3759/3759 3760/3760/3760 3756/3756/3756
f 3759/3759/3759 3756/3756/3756 3755/3755/3755
f 3761/3761/3761 3762/3762/3762 3763/3763/3763
f 3761/3761/3761 3763/3763/3763 3764/3764/3764
f 3765/3765/3765 3766/3766/3766 3767/3767/3767
f 3765/3765/3765 3767/3767/3767 3768/3768/3768
f 3766/3766/3766 3769/3769/3769 3770/3770/3770
f 3766/3766/3766 3770/3770/3770 3767/3767/3767
f 3752/3752/3752 3751/3751/3751 3770/3770/3770
f 3752/3752/3752 3770/3770/3770 3769/3769/3769
f 3771/3771/3771 3724/3724/3724 3727/3727/3727
f 3771/3771/3771 3727/3727/3727 3772/3772/3772
f 3772/3772/3772 3727/3727/3727 3728/3728/3728
f 3772/3772/3772 3728/3728/3728 3773/3773/3773
f 3730/3730/3730 3732/3732/3732 3774/3774/3774
f 3730/3730/3730 3774/3774/3774 3775/3775/3775
f 3774/3774/3774 3732/3732/3732 3735/3735/3735
f 3774/3774/3774 3735/3735/3735 3776/3776/3776
f 3777/3777/3777 3778/3778/3778 3779/3779/3779
f 3777/3777/3777 3779/3779/3779 3780/3780/3780
f 3781/3781/3781 3736/3736/3736 3782/3782/3782
f 3781/3781/3781 3782/3782/3782 3783/3783/3783
f 3782/3782/3782 3736/3736/3736 3739/3739/3739
f 3782/3782/3782 3739/3739/3739 3784/3784/3784
f 3784/3784/3784 3739/3739/3739 3724/3724/3724
f 3784/3784/3784 3724/3724/3724 3771/3771/3771
f 3643/3643/3643 3709/3709/3709 3747/3747/3747
f 3643/3643/3643 3747/3747/3747 3746/3746/3746
f 3653/3653/3653 3693/3693/3693 3692/3692/3692
f 3653/3653/3653 3692/3692/3692 3636/3636/3636
f 3708/3708/3708 3748/3748/3748 3747/3747/3747
f 3708/3708/3708 3747/3747/3747 3709/3709/3709
f 3715/3715/3715 3694/3694/3694 3697/3697/3697
f 3715/3715/3715 3697/3697/3697 3716/3716/3716
f 3637/3637/3637 3636/3636/3636 3692/3692/3692
f 3637/3637/3637 3692/3692/3692 3646/3646/3646
f 3638/3638/3638 3641/3641/3641 3745/3745/3745
f 3638/3638/3638 3745/3745/3745 3744/3744/3744
f 3637/3637/3637 3638/3638/3638 3744/3744/3744
f 3637/3637/3637 3744/3744/3744 3634/3634/3634
f 3745/3745/3745 3641/3641/3641 3691/3691/3691
f 3745/3745/3745 3691/3691/3691 3679/3679/3679
f 3785/3785/3785 3786/3786/3786 84/84/84
f 3785/3785/3785 84/84/84 87/87/87
f 3786/3786/3786 3787/3787/3787 85/85/85
f 3786/3786/3786 85/85/85 84/84/84
f 59/59/59 3788/3788/3788 3789/3789/3789
f 59/59/59 3789/3789/3789 58/58/58
f 58/58/58 3789/3789/3789 3790/3790/3790
f 58/58/58 3790/3790/3790 716/716/716
f 3791/3791/3791 3792/3792/3792 95/95/95
f 3791/3791/3791 95/95/95 732/732/732
f 92/92/92 3793/3793/3793 3794/3794/3794
f 92/92/92 3794/3794/3794 91/91/91
f 3794/3794/3794 3795/3795/3795 89/89/89
f 3794/3794/3794 89/89/89 91/91/91
f 3795/3795/3795 3785/3785/3785 87/87/87
f 3795/3795/3795 87/87/87 89/89/89
f 3752/3752/3752 3771/3771/3771 3772/3772/3772
f 3752/3752/3752 3772/3772/3772 3749/3749/3749
f 3749/3749/3749 3772/3772/3772 3773/3773/3773
f 3749/3749/3749 3773/3773/3773 3753/3753/3753
f 3758/3758/3758 3775/3775/3775 3774/3774/3774
f 3758/3758/3758 3774/3774/3774 3755/3755/3755
f 3755/3755/3755 3774/3774/3774 3776/3776/3776
f 3755/3755/3755 3776/3776/3776 3759/3759/3759
f 3780/3780/3780 3779/3779/3779 3762/3762/3762
f 3780/3780/3780 3762/3762/3762 3761/3761/3761
f 3765/3765/3765 3783/3783/3783 3782/3782/3782
f 3765/3765/3765 3782/3782/3782 3766/3766/3766
f 3766/3766/3766 3782/3782/3782 3784/3784/3784
f 3766/3766/3766 3784/3784/3784 3769/3769/3769
f 3769/3769/3769 3784/3784/3784 3771/3771/3771
f 3769/3769/3769 3771/3771/3771 3752/3752/3752
f 3796/3796/3796 3797/3797/3797 3798/3798/3798
f 3796/3796/3796 3798/3798/3798 3799/3799/3799
f 3800/3800/3800 3801/3801/3801 3802/3802/3802
f 3800/3800/3800 3802/3802/3802 3803/3803/3803
f 3804/3804/3804 3805/3805/3805 3796/3796/3796
f 3804/3804/3804 3796/3796/3796 3799/3799/3799
f 3657/3657/3657 3656/3656/3656 3664/3664/3664
f 3657/3657/3657 3664/3664/3664 3806/3806/3806
f 3807/3807/3807 3808/3808/3808 3809/3809/3809
f 3807/3807/3807 3809/3809/3809 3810/3810/3810
f 3712/3712/3712 3713/3713/3713 3811/3811/3811
f 3712/3712/3712 3811/3811/3811 3812/3812/3812
f 3798/3798/3798 3797/3797/3797 3800/3800/3800
f 3798/3798/3798 3800/3800/3800 3803/3803/3803
f 3801/3801/3801 3671/3671/3671 3670/3670/3670
f 3801/3801/3801 3670/3670/3670 3802/3802/3802
f 3658/3658/3658 3667/3667/3667 3666/3666/3666
f 3658/3658/3658 3666/3666/3666 3659/3659/3659
f 3662/3662/3662 3661/3661/3661 3660/3660/3660
f 3662/3662/3662 3660/3660/3660 3663/3663/3663
f 3813/3813/3813 3814/3814/3814 3798/3798/3798
f 3813/3813/3813 3798/3798/3798 3803/3803/3803
f 3815/3815/3815 3816/3816/3816 3802/3802/3802
f 3815/3815/3815 3802/3802/3802 3670/3670/3670
f 3743/3743/3743 3810/3810/3810 3804/3804/3804
f 3743/3743/3743 3804/3804/3804 3817/3817/3817
f 3741/3741/3741 3811/3811/3811 3806/3806/3806
f 3741/3741/3741 3806/3806/3806 3818/3818/3818
f 3814/3814/3814 3819/3819/3819 3799/3799/3799
f 3814/3814/3814 3799/3799/3799 3798/3798/3798
f 3816/3816/3816 3813/3813/3813 3803/3803/3803
f 3816/3816/3816 3803/3803/3803 3802/3802/3802
f 3814/3814/3814 3813/3813/3813 3660/3660/3660
f 3814/3814/3814 3660/3660/3660 3659/3659/3659
f 3816/3816/3816 3815/3815/3815 3664/3664/3664
f 3816/3816/3816 3664/3664/3664 3663/3663/3663
f 3817/3817/3817 3819/3819/3819 3666/3666/3666
f 3817/3817/3817 3666/3666/3666 3665/3665/3665
f 3818/3818/3818 3815/3815/3815 3670/3670/3670
f 3818/3818/3818 3670/3670/3670 3669/3669/3669
f 3819/3819/3819 3814/3814/3814 3659/3659/3659
f 3819/3819/3819 3659/3659/3659 3666/3666/3666
f 3813/3813/3813 3816/3816/3816 3663/3663/3663
f 3813/3813/3813 3663/3663/3663 3660/3660/3660
f 3812/3812/3812 3811/3811/3811 3741/3741/3741
f 3812/3812/3812 3741/3741/3741 3740/3740/3740
f 3742/3742/3742 3807/3807/3807 3810/3810/3810
f 3742/3742/3742 3810/3810/3810 3743/3743/3743
f 3820/3820/3820 3751/3751/3751 3750/3750/3750
f 3820/3820/3820 3750/3750/3750 3821/3821/3821
f 3821/3821/3821 3750/3750/3750 3754/3754/3754
f 3821/3821/3821 3754/3754/3754 3822/3822/3822
f 3823/3823/3823 3757/3757/3757 3756/3756/3756
f 3823/3823/3823 3756/3756/3756 3824/3824/3824
f 3824/3824/3824 3756/3756/3756 3760/3760/3760
f 3824/3824/3824 3760/3760/3760 3825/3825/3825
f 3764/3764/3764 3763/3763/3763 3826/3826/3826
f 3764/3764/3764 3826/3826/3826 3827/3827/3827
f 3768/3768/3768 3767/3767/3767 3828/3828/3828
f 3768/3768/3768 3828/3828/3828 3829/3829/3829
f 3828/3828/3828 3767/3767/3767 3770/3770/3770
f 3828/3828/3828 3770/3770/3770 3830/3830/3830
f 3830/3830/3830 3770/3770/3770 3751/3751/3751
f 3830/3830/3830 3751/3751/3751 3820/3820/3820
f 3658/3658/3658 3661/3661/3661 3676/3676/3676
f 3658/3658/3658 3676/3676/3676 3677/3677/3677
f 3673/3673/3673 3662/3662/3662 3656/3656/3656
f 3673/3673/3673 3656/3656/3656 3655/3655/3655
f 3668/3668/3668 3667/3667/3667 3649/3649/3649
f 3668/3668/3668 3649/3649/3649 3648/3648/3648
f 3719/3719/3719 3718/3718/3718 3711/3711/3711
f 3719/3719/3719 3711/3711/3711 3710/3710/3710
f 3785/3785/3785 3831/3831/3831 3832/3832/3832
f 3785/3785/3785 3832/3832/3832 3786/3786/3786
f 3786/3786/3786 3832/3832/3832 3833/3833/3833
f 3786/3786/3786 3833/3833/3833 3787/3787/3787
f 3834/3834/3834 3788/3788/3788 3787/3787/3787
f 3834/3834/3834 3787/3787/3787 3833/3833/3833
f 3789/3789/3789 3835/3835/3835 3836/3836/3836
f 3789/3789/3789 3836/3836/3836 3790/3790/3790
f 3791/3791/3791 3837/3837/3837 3838/3838/3838
f 3791/3791/3791 3838/3838/3838 3792/3792/3792
f 3793/3793/3793 3792/3792/3792 3838/3838/3838
f 3793/3793/3793 3838/3838/3838 3839/3839/3839
f 3794/3794/3794 3840/3840/3840 3841/3841/3841
f 3794/3794/3794 3841/3841/3841 3795/3795/3795
f 3795/3795/3795 3841/3841/3841 3831/3831/3831
f 3795/3795/3795 3831/3831/3831 3785/3785/3785
f 3831/3831/3831 3842/3842/3842 3843/3843/3843
f 3831/3831/3831 3843/3843/3843 3832/3832/3832
f 3832/3832/3832 3843/3843/3843 3844/3844/3844
f 3832/3832/3832 3844/3844/3844 3833/3833/3833
f 3834/3834/3834 3833/3833/3833 3844/3844/3844
f 3834/3834/3834 3844/3844/3844 3845/3845/3845
f 3835/3835/3835 3846/3846/3846 3847/3847/3847
f 3835/3835/3835 3847/3847/3847 3836/3836/3836
f 3837/3837/3837 3848/3848/3848 3849/3849/3849
f 3837/3837/3837 3849/3849/3849 3838/3838/3838
f 3850/3850/3850 3839/3839/3839 3838/3838/3838
f 3850/3850/3850 3838/3838/3838 3849/3849/3849
f 3840/3840/3840 3851/3851/3851 3852/3852/3852
f 3840/3840/3840 3852/3852/3852 3841/3841/3841
f 3841/3841/3841 3852/3852/3852 3842/3842/3842
f 3841/3841/3841 3842/3842/3842 3831/3831/3831
f 3853/3853/3853 3854/3854/3854 3843/3843/3843
f 3853/3853/3853 3843/3843/3843 3842/3842/3842
f 3854/3854/3854 3855/3855/3855 3844/3844/3844
f 3854/3854/3854 3844/3844/3844 3843/3843/3843
f 3856/3856/3856 3857/3857/3857 3846/3846/3846
f 3856/3856/3856 3846/3846/3846 3845/3845/3845
f 3846/3846/3846 3857/3857/3857 3858/3858/3858
f 3846/3846/3846 3858/3858/3858 3847/3847/3847
f 3859/3859/3859 3860/3860/3860 3849/3849/3849
f 3859/3859/3859 3849/3849/3849 3848/3848/3848
f 3850/3850/3850 3861/3861/3861 3862/3862/3862
f 3850/3850/3850 3862/3862/3862 3851/3851/3851
f 3851/3851/3851 3862/3862/3862 3863/3863/3863
f 3851/3851/3851 3863/3863/3863 3852/3852/3852
f 3863/3863/3863 3853/3853/3853 3842/3842/3842
f 3863/3863/3863 3842/3842/3842 3852/3852/3852
f 3703/3703/3703 3702/3702/3702 3737/3737/3737
f 3703/3703/3703 3737/3737/3737 3864/3864/3864
f 3865/3865/3865 3707/3707/3707 3706/3706/3706
f 3865/3865/3865 3706/3706/3706 3866/3866/3866
f 3796/3796/3796 3867/3867/3867 3868/3868/3868
f 3796/3796/3796 3868/3868/3868 3797/3797/3797
f 3869/3869/3869 3870/3870/3870 3801/3801/3801
f 3869/3869/3869 3801/3801/3801 3800/3800/3800
f 3805/3805/3805 3871/3871/3871 3867/3867/3867
f 3805/3805/3805 3867/3867/3867 3796/3796/3796
f 3868/3868/3868 3869/3869/3869 3800/3800/3800
f 3868/3868/3868 3800/3800/3800 3797/3797/3797
f 3801/3801/3801 3870/3870/3870 3702/3702/3702
f 3801/3801/3801 3702/3702/3702 3671/3671/3671
f 3808/3808/3808 3872/3872/3872 3873/3873/3873
f 3808/3808/3808 3873/3873/3873 3809/3809/3809
f 3729/3729/3729 3726/3726/3726 3868/3868/3868
f 3729/3729/3729 3868/3868/3868 3867/3867/3867
f 3725/3725/3725 3738/3738/3738 3870/3870/3870
f 3725/3725/3725 3870/3870/3870 3869/3869/3869
f 3731/3731/3731 3729/3729/3729 3867/3867/3867
f 3731/3731/3731 3867/3867/3867 3871/3871/3871
f 3726/3726/3726 3725/3725/3725 3869/3869/3869
f 3726/3726/3726 3869/3869/3869 3868/3868/3868
f 3738/3738/3738 3737/3737/3737 3702/3702/3702
f 3738/3738/3738 3702/3702/3702 3870/3870/3870
f 3734/3734/3734 3733/3733/3733 3873/3873/3873
f 3734/3734/3734 3873/3873/3873 3872/3872/3872
f 3864/3864/3864 3737/3737/3737 3736/3736/3736
f 3864/3864/3864 3736/3736/3736 3781/3781/3781
f 3865/3865/3865 3866/3866/3866 3778/3778/3778
f 3865/3865/3865 3778/3778/3778 3777/3777/3777
f 3643/3643/3643 3642/3642/3642 3700/3700/3700
f 3643/3643/3643 3700/3700/3700 3709/3709/3709
f 3645/3645/3645 3647/3647/3647 3696/3696/3696
f 3645/3645/3645 3696/3696/3696 3701/3701/3701
f 3711/3711/3711 3648/3648/3648 3651/3651/3651
f 3711/3711/3711 3651/3651/3651 3684/3684/3684
f 3653/3653/3653 3652/3652/3652 3717/3717/3717
f 3653/3653/3653 3717/3717/3717 3716/3716/3716
f 3690/3690/3690 3654/3654/3654 3657/3657/3657
f 3690/3690/3690 3657/3657/3657 3713/3713/3713
f 3721/3721/3721 3665/3665/3665 3668/3668/3668
f 3721/3721/3721 3668/3668/3668 3718/3718/3718
f 3723/3723/3723 3669/3669/3669 3672/3672/3672
f 3723/3723/3723 3672/3672/3672 3705/3705/3705
f 3684/3684/3684 3651/3651/3651 3680/3680/3680
f 3684/3684/3684 3680/3680/3680 3685/3685/3685
f 3689/3689/3689 3681/3681/3681 3654/3654/3654
f 3689/3689/3689 3654/3654/3654 3690/3690/3690
f 3642/3642/3642 3645/3645/3645 3701/3701/3701
f 3642/3642/3642 3701/3701/3701 3700/3700/3700
f 3647/3647/3647 3693/3693/3693 3697/3697/3697
f 3647/3647/3647 3697/3697/3697 3696/3696/3696
f 3705/3705/3705 3672/3672/3672 3703/3703/3703
f 3705/3705/3705 3703/3703/3703 3706/3706/3706
f 3732/3732/3732 3730/3730/3730 3731/3731/3731
f 3732/3732/3732 3731/3731/3731 3733/3733/3733
f 3717/3717/3717 3652/3652/3652 3681/3681/3681
f 3717/3717/3717 3681/3681/3681 3689/3689/3689
f 3685/3685/3685 3680/3680/3680 3746/3746/3746
f 3685/3685/3685 3746/3746/3746 3747/3747/3747
f 3758/3758/3758 3757/3757/3757 3754/3754/3754
f 3758/3758/3758 3754/3754/3754 3753/3753/3753
f 3762/3762/3762 3765/3765/3765 3768/3768/3768
f 3762/3762/3762 3768/3768/3768 3763/3763/3763
f 3728/3728/3728 3730/3730/3730 3775/3775/3775
f 3728/3728/3728 3775/3775/3775 3773/3773/3773
f 3781/3781/3781 3783/3783/3783 3779/3779/3779
f 3781/3781/3781 3779/3779/3779 3778/3778/3778
f 3644/3644/3644 3643/3643/3643 3746/3746/3746
f 3644/3644/3644 3746/3746/3746 3691/3691/3691
f 3693/3693/3693 3653/3653/3653 3716/3716/3716
f 3693/3693/3693 3716/3716/3716 3697/3697/3697
f 3788/3788/3788 59/59/59 85/85/85
f 3788/3788/3788 85/85/85 3787/3787/3787
f 3792/3792/3792 3793/3793/3793 92/92/92
f 3792/3792/3792 92/92/92 95/95/95
f 3773/3773/3773 3775/3775/3775 3758/3758/3758
f 3773/3773/3773 3758/3758/3758 3753/3753/3753
f 3783/3783/3783 3765/3765/3765 3762/3762/3762
f 3783/3783/3783 3762/3762/3762 3779/3779/3779
f 3805/3805/3805 3804/3804/3804 3810/3810/3810
f 3805/3805/3805 3810/3810/3810 3809/3809/3809
f 3713/3713/3713 3657/3657/3657 3806/3806/3806
f 3713/3713/3713 3806/3806/3806 3811/3811/3811
f 3817/3817/3817 3804/3804/3804 3799/3799/3799
f 3817/3817/3817 3799/3799/3799 3819/3819/3819
f 3818/3818/3818 3806/3806/3806 3664/3664/3664
f 3818/3818/3818 3664/3664/3664 3815/3815/3815
f 3817/3817/3817 3665/3665/3665 3721/3721/3721
f 3817/3817/3817 3721/3721/3721 3743/3743/3743
f 3741/3741/3741 3818/3818/3818 3669/3669/3669
f 3741/3741/3741 3669/3669/3669 3723/3723/3723
f 3822/3822/3822 3823/3823/3823 3856/3856/3856
f 3822/3822/3822 3856/3856/3856 3855/3855/3855
f 3826/3826/3826 3829/3829/3829 3861/3861/3861
f 3826/3826/3826 3861/3861/3861 3860/3860/3860
f 3718/3718/3718 3668/3668/3668 3648/3648/3648
f 3718/3718/3718 3648/3648/3648 3711/3711/3711
f 3789/3789/3789 3788/3788/3788 3834/3834/3834
f 3789/3789/3789 3834/3834/3834 3835/3835/3835
f 3794/3794/3794 3793/3793/3793 3839/3839/3839
f 3794/3794/3794 3839/3839/3839 3840/3840/3840
f 3835/3835/3835 3834/3834/3834 3845/3845/3845
f 3835/3835/3835 3845/3845/3845 3846/3846/3846
f 3839/3839/3839 3850/3850/3850 3851/3851/3851
f 3839/3839/3839 3851/3851/3851 3840/3840/3840
f 3855/3855/3855 3856/3856/3856 3845/3845/3845
f 3855/3855/3855 3845/3845/3845 3844/3844/3844
f 3861/3861/3861 3850/3850/3850 3849/3849/3849
f 3861/3861/3861 3849/3849/3849 3860/3860/3860
f 3706/3706/3706 3703/3703/3703 3864/3864/3864
f 3706/3706/3706 3864/3864/3864 3866/3866/3866
f 3871/3871/3871 3805/3805/3805 3809/3809/3809
f 3871/3871/3871 3809/3809/3809 3873/3873/3873
f 3731/3731/3731 3871/3871/3871 3873/3873/3873
f 3731/3731/3731 3873/3873/3873 3733/3733/3733
f 3866/3866/3866 3864/3864/3864 3781/3781/3781
f 3866/3866/3866 3781/3781/3781 3778/3778/3778
f 3853/3853/3853 3820/3820/3820 3821/3821/3821
f 3853/3853/3853 3821/3821/3821 3854/3854/3854
f 3821/3821/3821 3822/3822/3822 3855/3855/3855
f 3821/3821/3821 3855/3855/3855 3854/3854/3854
f 3823/3823/3823 3824/3824/3824 3857/3857/3857
f 3823/3823/3823 3857/3857/3857 3856/3856/3856
f 3857/3857/3857 3824/3824/3824 3825/3825/3825
f 3857/3857/3857 3825/3825/3825 3858/3858/3858
f 3827/3827/3827 3826/3826/3826 3860/3860/3860
f 3827/3827/3827 3860/3860/3860 3859/3859/3859
f 3829/3829/3829 3828/3828/3828 3862/3862/3862
f 3829/3829/3829 3862/3862/3862 3861/3861/3861
f 3862/3862/3862 3828/3828/3828 3830/3830/3830
f 3862/3862/3862 3830/3830/3830 3863/3863/3863
f 3863/3863/3863 3830/3830/3830 3820/3820/3820
f 3863/3863/3863 3820/3820/3820 3853/3853/3853
f 3757/3757/3757 3823/3823/3823 3822/3822/3822
f 3757/3757/3757 3822/3822/3822 3754/3754/3754
f 3829/3829/3829 3826/3826/3826 3763/3763/3763
f 3829/3829/3829 3763/3763/3763 3768/3768/3768
f 3874/3874/3874 3875/3875/3875 3876/3876/3876
f 3874/3874/3874 3876/3876/3876 3877/3877/3877
f 3878/3878/3878 3879/3879/3879 3880/3880/3880
f 3878/3878/3878 3880/3880/3880 3881/3881/3881
f 3882/3882/3882 3883/3883/3883 3884/3884/3884
f 3882/3882/3882 3884/3884/3884 3885/3885/3885
f 3886/3886/3886 3887/3887/3887 3888/3888/3888
f 3886/3886/3886 3888/3888/3888 3889/3889/3889
f 3890/3890/3890 3891/3891/3891 3875/3875/3875
f 3890/3890/3890 3875/3875/3875 3874/3874/3874
f 3892/3892/3892 3893/3893/3893 3894/3894/3894
f 3892/3892/3892 3894/3894/3894 3895/3895/3895
f 3896/3896/3896 3897/3897/3897 3898/3898/3898
f 3896/3896/3896 3898/3898/3898 3899/3899/3899
f 3900/3900/3900 3901/3901/3901 3887/3887/3887
f 3900/3900/3900 3887/3887/3887 3902/3902/3902
f 3903/3903/3903 3904/3904/3904 3905/3905/3905
f 3903/3903/3903 3905/3905/3905 3906/3906/3906
f 3907/3907/3907 3908/3908/3908 3909/3909/3909
f 3907/3907/3907 3909/3909/3909 3910/3910/3910
f 3911/3911/3911 3902/3902/3902 3912/3912/3912
f 3911/3911/3911 3912/3912/3912 3913/3913/3913
f 3914/3914/3914 3915/3915/3915 3916/3916/3916
f 3914/3914/3914 3916/3916/3916 3917/3917/3917
f 3918/3918/3918 3919/3919/3919 3880/3880/3880
f 3918/3918/3918 3880/3880/3880 3920/3920/3920
f 3921/3921/3921 3922/3922/3922 3923/3923/3923
f 3921/3921/3921 3923/3923/3923 3924/3924/3924
f 3925/3925/3925 3926/3926/3926 3927/3927/3927
f 3925/3925/3925 3927/3927/3927 3928/3928/3928
f 3929/3929/3929 3901/3901/3901 3930/3930/3930
f 3929/3929/3929 3930/3930/3930 3931/3931/3931
f 3932/3932/3932 3933/3933/3933 3934/3934/3934
f 3932/3932/3932 3934/3934/3934 3935/3935/3935
f 3920/3920/3920 3936/3936/3936 3937/3937/3937
f 3920/3920/3920 3937/3937/3937 3938/3938/3938
f 3939/3939/3939 3940/3940/3940 3941/3941/3941
f 3939/3939/3939 3941/3941/3941 3942/3942/3942
f 3900/3900/3900 3943/3943/3943 3944/3944/3944
f 3900/3900/3900 3944/3944/3944 3945/3945/3945
f 3946/3946/3946 3947/3947/3947 3948/3948/3948
f 3946/3946/3946 3948/3948/3948 3949/3949/3949
f 3950/3950/3950 3951/3951/3951 3952/3952/3952
f 3950/3950/3950 3952/3952/3952 3953/3953/3953
f 3954/3954/3954 3955/3955/3955 3899/3899/3899
f 3954/3954/3954 3899/3899/3899 3956/3956/3956
f 3957/3957/3957 3951/3951/3951 3958/3958/3958
f 3957/3957/3957 3958/3958/3958 3959/3959/3959
f 3960/3960/3960 3950/3950/3950 3961/3961/3961
f 3960/3960/3960 3961/3961/3961 3962/3962/3962
f 3881/3881/3881 3963/3963/3963 3964/3964/3964
f 3881/3881/3881 3964/3964/3964 3965/3965/3965
f 3966/3966/3966 3967/3967/3967 3968/3968/3968
f 3966/3966/3966 3968/3968/3968 3969/3969/3969
f 3970/3970/3970 3954/3954/3954 3961/3961/3961
f 3970/3970/3970 3961/3961/3961 3971/3971/3971
f 3890/3890/3890 3874/3874/3874 3893/3893/3893
f 3890/3890/3890 3893/3893/3893 3892/3892/3892
f 3895/3895/3895 3894/3894/3894 3972/3972/3972
f 3895/3895/3895 3972/3972/3972 3973/3973/3973
f 3974/3974/3974 3975/3975/3975 3976/3976/3976
f 3974/3974/3974 3976/3976/3976 3977/3977/3977
f 3912/3912/3912 3886/3886/3886 3978/3978/3978
f 3912/3912/3912 3978/3978/3978 3965/3965/3965
f 3979/3979/3979 3878/3878/3878 3978/3978/3978
f 3979/3979/3979 3978/3978/3978 3980/3980/3980
f 3981/3981/3981 3894/3894/3894 3893/3893/3893
f 3981/3981/3981 3893/3893/3893 3982/3982/3982
f 3910/3910/3910 3909/3909/3909 3905/3905/3905
f 3910/3910/3910 3905/3905/3905 3975/3975/3975
f 3932/3932/3932 3916/3916/3916 3915/3915/3915
f 3932/3932/3932 3915/3915/3915 3885/3885/3885
f 3966/3966/3966 3969/3969/3969 3974/3974/3974
f 3966/3966/3966 3974/3974/3974 3882/3882/3882
f 3983/3983/3983 3984/3984/3984 3985/3985/3985
f 3983/3983/3983 3985/3985/3985 3986/3986/3986
f 3987/3987/3987 3937/3937/3937 3936/3936/3936
f 3987/3987/3987 3936/3936/3936 3988/3988/3988
f 3924/3924/3924 3989/3989/3989 3990/3990/3990
f 3924/3924/3924 3990/3990/3990 3921/3921/3921
f 3926/3926/3926 3925/3925/3925 3923/3923/3923
f 3926/3926/3926 3923/3923/3923 3922/3922/3922
f 3991/3991/3991 3992/3992/3992 3917/3917/3917
f 3991/3991/3991 3917/3917/3917 3916/3916/3916
f 3938/3938/3938 3993/3993/3993 3918/3918/3918
f 3938/3938/3938 3918/3918/3918 3920/3920/3920
f 3900/3900/3900 3945/3945/3945 3930/3930/3930
f 3900/3900/3900 3930/3930/3930 3901/3901/3901
f 3906/3906/3906 3994/3994/3994 3995/3995/3995
f 3906/3906/3906 3995/3995/3995 3903/3903/3903
f 3996/3996/3996 3997/3997/3997 3998/3998/3998
f 3996/3996/3996 3998/3998/3998 3999/3999/3999
f 4000/4000/4000 4001/4001/4001 4002/4002/4002
f 4000/4000/4000 4002/4002/4002 4003/4003/4003
f 4004/4004/4004 4005/4005/4005 4006/4006/4006
f 4004/4004/4004 4006/4006/4006 4007/4007/4007
f 4008/4008/4008 4009/4009/4009 4010/4010/4010
f 4008/4008/4008 4010/4010/4010 4011/4011/4011
f 3979/3979/3979 4012/4012/4012 4013/4013/4013
f 3979/3979/3979 4013/4013/4013 4014/4014/4014
f 4015/4015/4015 4016/4016/4016 4017/4017/4017
f 4015/4015/4015 4017/4017/4017 4018/4018/4018
f 4019/4019/4019 4020/4020/4020 3980/3980/3980
f 4019/4019/4019 3980/3980/3980 3889/3889/3889
f 4003/4003/4003 4002/4002/4002 4004/4004/4004
f 4003/4003/4003 4004/4004/4004 4007/4007/4007
f 4006/4006/4006 4005/4005/4005 4021/4021/4021
f 4006/4006/4006 4021/4021/4021 4022/4022/4022
f 4023/4023/4023 4024/4024/4024 4025/4025/4025
f 4023/4023/4023 4025/4025/4025 4026/4026/4026
f 4027/4027/4027 3936/3936/3936 3879/3879/3879
f 4027/4027/4027 3879/3879/3879 4014/4014/4014
f 4028/4028/4028 3952/3952/3952 4029/4029/4029
f 4028/4028/4028 4029/4029/4029 4030/4030/4030
f 4031/4031/4031 4032/4032/4032 4033/4033/4033
f 4031/4031/4031 4033/4033/4033 4027/4027/4027
f 4034/4034/4034 4035/4035/4035 3955/3955/3955
f 4034/4034/4034 3955/3955/3955 4036/4036/4036
f 4037/4037/4037 4038/4038/4038 3888/3888/3888
f 4037/4037/4037 3888/3888/3888 4039/4039/4039
f 4039/4039/4039 3901/3901/3901 3929/3929/3929
f 4039/4039/4039 3929/3929/3929 4011/4011/4011
f 4040/4040/4040 4041/4041/4041 4019/4019/4019
f 4040/4040/4040 4019/4019/4019 4038/4038/4038
f 4040/4040/4040 4038/4038/4038 4037/4037/4037
f 4040/4040/4040 4037/4037/4037 4042/4042/4042
f 4042/4042/4042 4037/4037/4037 4010/4010/4010
f 4042/4042/4042 4010/4010/4010 4043/4043/4043
f 4043/4043/4043 4010/4010/4010 4009/4009/4009
f 4043/4043/4043 4009/4009/4009 4044/4044/4044
f 4045/4045/4045 4021/4021/4021 4005/4005/4005
f 4045/4045/4045 4005/4005/4005 4046/4046/4046
f 4046/4046/4046 4005/4005/4005 4004/4004/4004
f 4046/4046/4046 4004/4004/4004 4047/4047/4047
f 4048/4048/4048 4047/4047/4047 4004/4004/4004
f 4048/4048/4048 4004/4004/4004 4002/4002/4002
f 4049/4049/4049 4048/4048/4048 4002/4002/4002
f 4049/4049/4049 4002/4002/4002 4001/4001/4001
f 4050/4050/4050 4051/4051/4051 4017/4017/4017
f 4050/4050/4050 4017/4017/4017 4016/4016/4016
f 4052/4052/4052 4032/4032/4032 4031/4031/4031
f 4052/4052/4052 4031/4031/4031 4053/4053/4053
f 4053/4053/4053 4031/4031/4031 4013/4013/4013
f 4053/4053/4053 4013/4013/4013 4054/4054/4054
f 4054/4054/4054 4013/4013/4013 4012/4012/4012
f 4054/4054/4054 4012/4012/4012 4055/4055/4055
f 4055/4055/4055 4012/4012/4012 4020/4020/4020
f 4055/4055/4055 4020/4020/4020 4056/4056/4056
f 4041/4041/4041 4056/4056/4056 4020/4020/4020
f 4041/4041/4041 4020/4020/4020 4019/4019/4019
f 3889/3889/3889 3888/3888/3888 4038/4038/4038
f 3889/3889/3889 4038/4038/4038 4019/4019/4019
f 4012/4012/4012 3979/3979/3979 3980/3980/3980
f 4012/4012/4012 3980/3980/3980 4020/4020/4020
f 3990/3990/3990 4000/4000/4000 4003/4003/4003
f 3990/3990/3990 4003/4003/4003 3921/3921/3921
f 4007/4007/4007 4006/4006/4006 3926/3926/3926
f 4007/4007/4007 3926/3926/3926 3922/3922/3922
f 3986/3986/3986 4008/4008/4008 4011/4011/4011
f 3986/3986/3986 4011/4011/4011 3929/3929/3929
f 3878/3878/3878 3979/3979/3979 4014/4014/4014
f 3878/3878/3878 4014/4014/4014 3879/3879/3879
f 3940/3940/3940 4015/4015/4015 4018/4018/4018
f 3940/3940/3940 4018/4018/4018 3941/3941/3941
f 3889/3889/3889 3980/3980/3980 3978/3978/3978
f 3889/3889/3889 3978/3978/3978 3886/3886/3886
f 3921/3921/3921 4003/4003/4003 4007/4007/4007
f 3921/3921/3921 4007/4007/4007 3922/3922/3922
f 4006/4006/4006 4022/4022/4022 3927/3927/3927
f 4006/4006/4006 3927/3927/3927 3926/3926/3926
f 4031/4031/4031 4027/4027/4027 4014/4014/4014
f 4031/4031/4031 4014/4014/4014 4013/4013/4013
f 4027/4027/4027 4033/4033/4033 3988/3988/3988
f 4027/4027/4027 3988/3988/3988 3936/3936/3936
f 4039/4039/4039 3888/3888/3888 3887/3887/3887
f 4039/4039/4039 3887/3887/3887 3901/3901/3901
f 4037/4037/4037 4039/4039/4039 4011/4011/4011
f 4037/4037/4037 4011/4011/4011 4010/4010/4010
f 4057/4057/4057 4058/4058/4058 3908/3908/3908
f 4057/4057/4057 3908/3908/3908 3907/3907/3907
f 3913/3913/3913 4059/4059/4059 4060/4060/4060
f 3913/3913/3913 4060/4060/4060 3911/3911/3911
f 3917/3917/3917 4061/4061/4061 4060/4060/4060
f 3917/3917/3917 4060/4060/4060 3914/3914/3914
f 3918/3918/3918 4062/4062/4062 4058/4058/4058
f 3918/3918/3918 4058/4058/4058 3919/3919/3919
f 4063/4063/4063 4057/4057/4057 3907/3907/3907
f 4063/4063/4063 3907/3907/3907 3968/3968/3968
f 3964/3964/3964 4063/4063/4063 4059/4059/4059
f 3964/3964/3964 4059/4059/4059 3913/3913/3913
f 4061/4061/4061 4064/4064/4064 3944/3944/3944
f 4061/4061/4061 3944/3944/3944 3943/3943/3943
f 3950/3950/3950 3960/3960/3960 3958/3958/3958
f 3950/3950/3950 3958/3958/3958 3951/3951/3951
f 4035/4035/4035 3896/3896/3896 3899/3899/3899
f 4035/4035/4035 3899/3899/3899 3955/3955/3955
f 3940/3940/3940 3939/3939/3939 3987/3987/3987
f 3940/3940/3940 3987/3987/3987 3988/3988/3988
f 3956/3956/3956 3899/3899/3899 3898/3898/3898
f 3956/3956/3956 3898/3898/3898 3981/3981/3981
f 3959/3959/3959 3958/3958/3958 3876/3876/3876
f 3959/3959/3959 3876/3876/3876 4065/4065/4065
f 3877/3877/3877 3960/3960/3960 3962/3962/3962
f 3877/3877/3877 3962/3962/3962 3982/3982/3982
f 3956/3956/3956 3962/3962/3962 3961/3961/3961
f 3956/3956/3956 3961/3961/3961 3954/3954/3954
f 3931/3931/3931 3983/3983/3983 3986/3986/3986
f 3931/3931/3931 3986/3986/3986 3929/3929/3929
f 4009/4009/4009 4008/4008/4008 4066/4066/4066
f 4009/4009/4009 4066/4066/4066 4067/4067/4067
f 4032/4032/4032 4016/4016/4016 4015/4015/4015
f 4032/4032/4032 4015/4015/4015 4033/4033/4033
f 4068/4068/4068 4044/4044/4044 4009/4009/4009
f 4068/4068/4068 4009/4009/4009 4067/4067/4067
f 4052/4052/4052 4050/4050/4050 4016/4016/4016
f 4052/4052/4052 4016/4016/4016 4032/4032/4032
f 4066/4066/4066 4008/4008/4008 3986/3986/3986
f 4066/4066/4066 3986/3986/3986 3985/3985/3985
f 4033/4033/4033 4015/4015/4015 3940/3940/3940
f 4033/4033/4033 3940/3940/3940 3988/3988/3988
f 3953/3953/3953 3952/3952/3952 4028/4028/4028
f 3953/3953/3953 4028/4028/4028 4026/4026/4026
f 3996/3996/3996 3970/3970/3970 3971/3971/3971
f 3996/3996/3996 3971/3971/3971 4025/4025/4025
f 3954/3954/3954 3970/3970/3970 4036/4036/4036
f 3954/3954/3954 4036/4036/4036 3955/3955/3955
f 3953/3953/3953 3971/3971/3971 3961/3961/3961
f 3953/3953/3953 3961/3961/3961 3950/3950/3950
f 4029/4029/4029 3952/3952/3952 3951/3951/3951
f 4029/4029/4029 3951/3951/3951 3957/3957/3957
f 3999/3999/3999 3998/3998/3998 4034/4034/4034
f 3999/3999/3999 4034/4034/4034 4036/4036/4036
f 3970/3970/3970 3996/3996/3996 3999/3999/3999
f 3970/3970/3970 3999/3999/3999 4036/4036/4036
f 4026/4026/4026 4025/4025/4025 3971/3971/3971
f 4026/4026/4026 3971/3971/3971 3953/3953/3953
f 4026/4026/4026 4028/4028/4028 4030/4030/4030
f 4026/4026/4026 4030/4030/4030 4023/4023/4023
f 3997/3997/3997 3996/3996/3996 4025/4025/4025
f 3997/3997/3997 4025/4025/4025 4024/4024/4024
f 4040/4040/4040 3998/3998/3998 3997/3997/3997
f 4040/4040/4040 3997/3997/3997 4041/4041/4041
f 4042/4042/4042 4034/4034/4034 3998/3998/3998
f 4042/4042/4042 3998/3998/3998 4040/4040/4040
f 4043/4043/4043 4035/4035/4035 4034/4034/4034
f 4043/4043/4043 4034/4034/4034 4042/4042/4042
f 4044/4044/4044 3896/3896/3896 4035/4035/4035
f 4044/4044/4044 4035/4035/4035 4043/4043/4043
f 4046/4046/4046 3895/3895/3895 3973/3973/3973
f 4046/4046/4046 3973/3973/3973 4045/4045/4045
f 4047/4047/4047 3892/3892/3892 3895/3895/3895
f 4047/4047/4047 3895/3895/3895 4046/4046/4046
f 4048/4048/4048 3890/3890/3890 3892/3892/3892
f 4048/4048/4048 3892/3892/3892 4047/4047/4047
f 4049/4049/4049 3891/3891/3891 3890/3890/3890
f 4049/4049/4049 3890/3890/3890 4048/4048/4048
f 4050/4050/4050 3959/3959/3959 4065/4065/4065
f 4050/4050/4050 4065/4065/4065 4051/4051/4051
f 4053/4053/4053 4029/4029/4029 3957/3957/3957
f 4053/4053/4053 3957/3957/3957 4052/4052/4052
f 4054/4054/4054 4030/4030/4030 4029/4029/4029
f 4054/4054/4054 4029/4029/4029 4053/4053/4053
f 4055/4055/4055 4023/4023/4023 4030/4030/4030
f 4055/4055/4055 4030/4030/4030 4054/4054/4054
f 4056/4056/4056 4024/4024/4024 4023/4023/4023
f 4056/4056/4056 4023/4023/4023 4055/4055/4055
f 4041/4041/4041 3997/3997/3997 4024/4024/4024
f 4041/4041/4041 4024/4024/4024 4056/4056/4056
f 4068/4068/4068 3897/3897/3897 3896/3896/3896
f 4068/4068/4068 3896/3896/3896 4044/4044/4044
f 4052/4052/4052 3957/3957/3957 3959/3959/3959
f 4052/4052/4052 3959/3959/3959 4050/4050/4050
f 3933/3933/3933 4069/4069/4069 4070/4070/4070
f 3933/3933/3933 4070/4070/4070 3934/3934/3934
f 3884/3884/3884 4071/4071/4071 4069/4069/4069
f 3884/3884/3884 4069/4069/4069 3933/3933/3933
f 3884/3884/3884 3883/3883/3883 4072/4072/4072
f 3884/3884/3884 4072/4072/4072 4071/4071/4071
f 3883/3883/3883 3977/3977/3977 4073/4073/4073
f 3883/3883/3883 4073/4073/4073 4072/4072/4072
f 3977/3977/3977 3976/3976/3976 4074/4074/4074
f 3977/3977/3977 4074/4074/4074 4073/4073/4073
f 3976/3976/3976 3904/3904/3904 4075/4075/4075
f 3976/3976/3976 4075/4075/4075 4074/4074/4074
f 4075/4075/4075 4076/4076/4076 4077/4077/4077
f 4075/4075/4075 4077/4077/4077 4078/4078/4078
f 4076/4076/4076 4079/4079/4079 4080/4080/4080
f 4076/4076/4076 4080/4080/4080 4077/4077/4077
f 4081/4081/4081 4082/4082/4082 4083/4083/4083
f 4081/4081/4081 4083/4083/4083 4084/4084/4084
f 4084/4084/4084 4083/4083/4083 4085/4085/4085
f 4084/4084/4084 4085/4085/4085 4086/4086/4086
f 4086/4086/4086 4085/4085/4085 4087/4087/4087
f 4086/4086/4086 4087/4087/4087 4088/4088/4088
f 4087/4087/4087 4089/4089/4089 4090/4090/4090
f 4087/4087/4087 4090/4090/4090 4088/4088/4088
f 4089/4089/4089 4091/4091/4091 4092/4092/4092
f 4089/4089/4089 4092/4092/4092 4090/4090/4090
f 4091/4091/4091 4093/4093/4093 4094/4094/4094
f 4091/4091/4091 4094/4094/4094 4092/4092/4092
f 4093/4093/4093 4078/4078/4078 4077/4077/4077
f 4093/4093/4093 4077/4077/4077 4095/4095/4095
f 4096/4096/4096 4095/4095/4095 4077/4077/4077
f 4096/4096/4096 4077/4077/4077 4080/4080/4080
f 4018/4018/4018 4000/4000/4000 3990/3990/3990
f 4018/4018/4018 3990/3990/3990 3941/3941/3941
f 3897/3897/3897 3973/3973/3973 3972/3972/3972
f 3897/3897/3897 3972/3972/3972 3898/3898/3898
f 3927/3927/3927 3985/3985/3985 3984/3984/3984
f 3927/3927/3927 3984/3984/3984 3928/3928/3928
f 3941/3941/3941 3990/3990/3990 3989/3989/3989
f 3941/3941/3941 3989/3989/3989 3942/3942/3942
f 3876/3876/3876 3875/3875/3875 3891/3891/3891
f 3876/3876/3876 3891/3891/3891 4065/4065/4065
f 4066/4066/4066 4022/4022/4022 4021/4021/4021
f 4066/4066/4066 4021/4021/4021 4067/4067/4067
f 4045/4045/4045 4068/4068/4068 4067/4067/4067
f 4045/4045/4045 4067/4067/4067 4021/4021/4021
f 4051/4051/4051 4049/4049/4049 4001/4001/4001
f 4051/4051/4051 4001/4001/4001 4017/4017/4017
f 4017/4017/4017 4001/4001/4001 4000/4000/4000
f 4017/4017/4017 4000/4000/4000 4018/4018/4018
f 3985/3985/3985 3927/3927/3927 4022/4022/4022
f 3985/3985/3985 4022/4022/4022 4066/4066/4066
f 3973/3973/3973 3897/3897/3897 4068/4068/4068
f 3973/3973/3973 4068/4068/4068 4045/4045/4045
f 4065/4065/4065 3891/3891/3891 4049/4049/4049
f 4065/4065/4065 4049/4049/4049 4051/4051/4051
f 3960/3960/3960 3877/3877/3877 3876/3876/3876
f 3960/3960/3960 3876/3876/3876 3958/3958/3958
f 3956/3956/3956 3981/3981/3981 3982/3982/3982
f 3956/3956/3956 3982/3982/3982 3962/3962/3962
f 3981/3981/3981 3898/3898/3898 3972/3972/3972
f 3981/3981/3981 3972/3972/3972 3894/3894/3894
f 3874/3874/3874 3877/3877/3877 3982/3982/3982
f 3874/3874/3874 3982/3982/3982 3893/3893/3893
f 4097/4097/4097 4098/4098/4098 4099/4099/4099
f 4097/4097/4097 4099/4099/4099 4100/4100/4100
f 4098/4098/4098 4101/4101/4101 4102/4102/4102
f 4098/4098/4098 4102/4102/4102 4099/4099/4099
f 4101/4101/4101 4103/4103/4103 4104/4104/4104
f 4101/4101/4101 4104/4104/4104 4102/4102/4102
f 4103/4103/4103 4105/4105/4105 4106/4106/4106
f 4103/4103/4103 4106/4106/4106 4104/4104/4104
f 4105/4105/4105 4107/4107/4107 4108/4108/4108
f 4105/4105/4105 4108/4108/4108 4106/4106/4106
f 4107/4107/4107 4109/4109/4109 4110/4110/4110
f 4107/4107/4107 4110/4110/4110 4108/4108/4108
f 4109/4109/4109 4111/4111/4111 4112/4112/4112
f 4109/4109/4109 4112/4112/4112 4110/4110/4110
f 4111/4111/4111 4113/4113/4113 4114/4114/4114
f 4111/4111/4111 4114/4114/4114 4112/4112/4112
f 3881/3881/3881 3880/3880/3880 3919/3919/3919
f 3881/3881/3881 3919/3919/3919 3963/3963/3963
f 3966/3966/3966 3915/3915/3915 3914/3914/3914
f 3966/3966/3966 3914/3914/3914 3967/3967/3967
f 3900/3900/3900 3902/3902/3902 3911/3911/3911
f 3900/3900/3900 3911/3911/3911 3943/3943/3943
f 3946/3946/3946 3909/3909/3909 3908/3908/3908
f 3946/3946/3946 3908/3908/3908 3947/3947/3947
f 3993/3993/3993 4115/4115/4115 4062/4062/4062
f 3993/3993/3993 4062/4062/4062 3918/3918/3918
f 3886/3886/3886 3912/3912/3912 3902/3902/3902
f 3886/3886/3886 3902/3902/3902 3887/3887/3887
f 3920/3920/3920 3880/3880/3880 3879/3879/3879
f 3920/3920/3920 3879/3879/3879 3936/3936/3936
f 3881/3881/3881 3965/3965/3965 3978/3978/3978
f 3881/3881/3881 3978/3978/3978 3878/3878/3878
f 4116/4116/4116 4117/4117/4117 4118/4118/4118
f 4116/4116/4116 4118/4118/4118 4119/4119/4119
f 4117/4117/4117 4120/4120/4120 4121/4121/4121
f 4117/4117/4117 4121/4121/4121 4118/4118/4118
f 4120/4120/4120 4122/4122/4122 4123/4123/4123
f 4120/4120/4120 4123/4123/4123 4121/4121/4121
f 4122/4122/4122 4124/4124/4124 4125/4125/4125
f 4122/4122/4122 4125/4125/4125 4123/4123/4123
f 4124/4124/4124 4126/4126/4126 4127/4127/4127
f 4124/4124/4124 4127/4127/4127 4125/4125/4125
f 4126/4126/4126 4128/4128/4128 4129/4129/4129
f 4126/4126/4126 4129/4129/4129 4127/4127/4127
f 4128/4128/4128 4130/4130/4130 4131/4131/4131
f 4128/4128/4128 4131/4131/4131 4129/4129/4129
f 4130/4130/4130 4132/4132/4132 4133/4133/4133
f 4130/4130/4130 4133/4133/4133 4131/4131/4131
f 4099/4099/4099 4117/4117/4117 4116/4116/4116
f 4099/4099/4099 4116/4116/4116 4100/4100/4100
f 4102/4102/4102 4120/4120/4120 4117/4117/4117
f 4102/4102/4102 4117/4117/4117 4099/4099/4099
f 4104/4104/4104 4122/4122/4122 4120/4120/4120
f 4104/4104/4104 4120/4120/4120 4102/4102/4102
f 4106/4106/4106 4124/4124/4124 4122/4122/4122
f 4106/4106/4106 4122/4122/4122 4104/4104/4104
f 4108/4108/4108 4126/4126/4126 4124/4124/4124
f 4108/4108/4108 4124/4124/4124 4106/4106/4106
f 4110/4110/4110 4128/4128/4128 4126/4126/4126
f 4110/4110/4110 4126/4126/4126 4108/4108/4108
f 4112/4112/4112 4130/4130/4130 4128/4128/4128
f 4112/4112/4112 4128/4128/4128 4110/4110/4110
f 4114/4114/4114 4132/4132/4132 4130/4130/4130
f 4114/4114/4114 4130/4130/4130 4112/4112/4112
f 1544/1544/1544 1543/1543/1543 4119/4119/4119
f 1544/1544/1544 4119/4119/4119 4118/4118/4118
f 4133/4133/4133 1547/1547/1547 1546/1546/1546
f 4133/4133/4133 1546/1546/1546 4131/4131/4131
f 1546/1546/1546 1548/1548/1548 4129/4129/4129
f 1546/1546/1546 4129/4129/4129 4131/4131/4131
f 4129/4129/4129 1548/1548/1548 1549/1549/1549
f 4129/4129/4129 1549/1549/1549 4127/4127/4127
f 1551/1551/1551 1550/1550/1550 4121/4121/4121
f 1551/1551/1551 4121/4121/4121 4123/4123/4123
f 4121/4121/4121 1550/1550/1550 1544/1544/1544
f 4121/4121/4121 1544/1544/1544 4118/4118/4118
f 1552/1552/1552 1551/1551/1551 4123/4123/4123
f 1552/1552/1552 4123/4123/4123 4125/4125/4125
f 4127/4127/4127 1549/1549/1549 1552/1552/1552
f 4127/4127/4127 1552/1552/1552 4125/4125/4125
f 4134/4134/4134 4135/4135/4135 4071/4071/4071
f 4134/4134/4134 4071/4071/4071 4072/4072/4072
f 4136/4136/4136 4134/4134/4134 4072/4072/4072
f 4136/4136/4136 4072/4072/4072 4073/4073/4073
f 4137/4137/4137 4136/4136/4136 4073/4073/4073
f 4137/4137/4137 4073/4073/4073 4074/4074/4074
f 4078/4078/4078 4137/4137/4137 4074/4074/4074
f 4078/4078/4078 4074/4074/4074 4075/4075/4075
f 4135/4135/4135 4134/4134/4134 4087/4087/4087
f 4135/4135/4135 4087/4087/4087 4085/4085/4085
f 4134/4134/4134 4136/4136/4136 4089/4089/4089
f 4134/4134/4134 4089/4089/4089 4087/4087/4087
f 4136/4136/4136 4137/4137/4137 4091/4091/4091
f 4136/4136/4136 4091/4091/4091 4089/4089/4089
f 4137/4137/4137 4078/4078/4078 4093/4093/4093
f 4137/4137/4137 4093/4093/4093 4091/4091/4091
f 4095/4095/4095 4096/4096/4096 4138/4138/4138
f 4095/4095/4095 4138/4138/4138 4139/4139/4139
f 4093/4093/4093 4095/4095/4095 4139/4139/4139
f 4093/4093/4093 4139/4139/4139 4094/4094/4094
f 4076/4076/4076 4075/4075/4075 3904/3904/3904
f 4076/4076/4076 3904/3904/3904 3903/3903/3903
f 4079/4079/4079 4076/4076/4076 3903/3903/3903
f 4079/4079/4079 3903/3903/3903 3995/3995/3995
f 4140/4140/4140 4069/4069/4069 4071/4071/4071
f 4140/4140/4140 4071/4071/4071 4135/4135/4135
f 4070/4070/4070 4069/4069/4069 4140/4140/4140
f 4070/4070/4070 4140/4140/4140 4141/4141/4141
f 4083/4083/4083 4082/4082/4082 4141/4141/4141
f 4083/4083/4083 4141/4141/4141 4140/4140/4140
f 4085/4085/4085 4083/4083/4083 4140/4140/4140
f 4085/4085/4085 4140/4140/4140 4135/4135/4135
f 3968/3968/3968 3907/3907/3907 3910/3910/3910
f 3968/3968/3968 3910/3910/3910 3969/3969/3969
f 3965/3965/3965 3964/3964/3964 3913/3913/3913
f 3965/3965/3965 3913/3913/3913 3912/3912/3912
f 3963/3963/3963 3919/3919/3919 4058/4058/4058
f 3963/3963/3963 4058/4058/4058 4057/4057/4057
f 4059/4059/4059 3967/3967/3967 3914/3914/3914
f 4059/4059/4059 3914/3914/3914 4060/4060/4060
f 4061/4061/4061 3943/3943/3943 3911/3911/3911
f 4061/4061/4061 3911/3911/3911 4060/4060/4060
f 3947/3947/3947 3908/3908/3908 4058/4058/4058
f 3947/3947/3947 4058/4058/4058 4062/4062/4062
f 3964/3964/3964 3963/3963/3963 4057/4057/4057
f 3964/3964/3964 4057/4057/4057 4063/4063/4063
f 4063/4063/4063 3968/3968/3968 3967/3967/3967
f 4063/4063/4063 3967/3967/3967 4059/4059/4059
f 4061/4061/4061 3917/3917/3917 3992/3992/3992
f 4061/4061/4061 3992/3992/3992 4064/4064/4064
f 3948/3948/3948 3947/3947/3947 4062/4062/4062
f 3948/3948/3948 4062/4062/4062 4115/4115/4115
f 4098/4098/4098 4097/4097/4097 4142/4142/4142
f 4098/4098/4098 4142/4142/4142 4143/4143/4143
f 4144/4144/4144 4101/4101/4101 4098/4098/4098
f 4144/4144/4144 4098/4098/4098 4143/4143/4143
f 4145/4145/4145 4103/4103/4103 4101/4101/4101
f 4145/4145/4145 4101/4101/4101 4144/4144/4144
f 4105/4105/4105 4103/4103/4103 4145/4145/4145
f 4105/4105/4105 4145/4145/4145 4146/4146/4146
f 4107/4107/4107 4105/4105/4105 4146/4146/4146
f 4107/4107/4107 4146/4146/4146 4147/4147/4147
f 4109/4109/4109 4107/4107/4107 4147/4147/4147
f 4109/4109/4109 4147/4147/4147 4148/4148/4148
f 4111/4111/4111 4109/4109/4109 4148/4148/4148
f 4111/4111/4111 4148/4148/4148 4149/4149/4149
f 4113/4113/4113 4111/4111/4111 4149/4149/4149
f 4113/4113/4113 4149/4149/4149 4150/4150/4150
f 3966/3966/3966 3882/3882/3882 3885/3885/3885
f 3966/3966/3966 3885/3885/3885 3915/3915/3915
f 3906/3906/3906 3905/3905/3905 3909/3909/3909
f 3906/3906/3906 3909/3909/3909 3946/3946/3946
f 3916/3916/3916 3932/3932/3932 3935/3935/3935
f 3916/3916/3916 3935/3935/3935 3991/3991/3991
f 3975/3975/3975 3974/3974/3974 3969/3969/3969
f 3975/3975/3975 3969/3969/3969 3910/3910/3910
f 3975/3975/3975 3905/3905/3905 3904/3904/3904
f 3975/3975/3975 3904/3904/3904 3976/3976/3976
f 3933/3933/3933 3932/3932/3932 3885/3885/3885
f 3933/3933/3933 3885/3885/3885 3884/3884/3884
f 3882/3882/3882 3974/3974/3974 3977/3977/3977
f 3882/3882/3882 3977/3977/3977 3883/3883/3883
f 3994/3994/3994 3906/3906/3906 3946/3946/3946
f 3994/3994/3994 3946/3946/3946 3949/3949/3949
f 4143/4143/4143 4142/4142/4142 4081/4081/4081
f 4143/4143/4143 4081/4081/4081 4084/4084/4084
f 4086/4086/4086 4144/4144/4144 4143/4143/4143
f 4086/4086/4086 4143/4143/4143 4084/4084/4084
f 4088/4088/4088 4145/4145/4145 4144/4144/4144
f 4088/4088/4088 4144/4144/4144 4086/4086/4086
f 4090/4090/4090 4146/4146/4146 4145/4145/4145
f 4090/4090/4090 4145/4145/4145 4088/4088/4088
f 4147/4147/4147 4146/4146/4146 4090/4090/4090
f 4147/4147/4147 4090/4090/4090 4092/4092/4092
f 4148/4148/4148 4147/4147/4147 4092/4092/4092
f 4148/4148/4148 4092/4092/4092 4094/4094/4094
f 4149/4149/4149 4148/4148/4148 4094/4094/4094
f 4149/4149/4149 4094/4094/4094 4139/4139/4139
f 4150/4150/4150 4149/4149/4149 4139/4139/4139
f 4150/4150/4150 4139/4139/4139 4138/4138/4138
f 4151/4151/4151 4152/4152/4152 4153/4153/4153
f 4151/4151/4151 4153/4153/4153 4154/4154/4154
f 4155/4155/4155 4156/4156/4156 4157/4157/4157
f 4155/4155/4155 4157/4157/4157 4158/4158/4158
f 4159/4159/4159 4160/4160/4160 4161/4161/4161
f 4159/4159/4159 4161/4161/4161 4162/4162/4162
f 4163/4163/4163 4164/4164/4164 4165/4165/4165
f 4163/4163/4163 4165/4165/4165 4166/4166/4166
f 4167/4167/4167 4168/4168/4168 4169/4169/4169
f 4167/4167/4167 4169/4169/4169 4157/4157/4157
f 4170/4170/4170 4156/4156/4156 4171/4171/4171
f 4170/4170/4170 4171/4171/4171 4172/4172/4172
f 4173/4173/4173 4174/4174/4174 4160/4160/4160
f 4173/4173/4173 4160/4160/4160 4159/4159/4159
f 4175/4175/4175 4176/4176/4176 4177/4177/4177
f 4175/4175/4175 4177/4177/4177 4178/4178/4178
f 4179/4179/4179 4180/4180/4180 4153/4153/4153
f 4179/4179/4179 4153/4153/4153 4152/4152/4152
f 4181/4181/4181 4182/4182/4182 4183/4183/4183
f 4181/4181/4181 4183/4183/4183 4184/4184/4184
f 4185/4185/4185 4186/4186/4186 4187/4187/4187
f 4185/4185/4185 4187/4187/4187 4188/4188/4188
f 4189/4189/4189 4184/4184/4184 4190/4190/4190
f 4189/4189/4189 4190/4190/4190 4191/4191/4191
f 4192/4192/4192 4193/4193/4193 4194/4194/4194
f 4192/4192/4192 4194/4194/4194 4195/4195/4195
f 4196/4196/4196 4197/4197/4197 4198/4198/4198
f 4196/4196/4196 4198/4198/4198 4199/4199/4199
f 4200/4200/4200 4201/4201/4201 4202/4202/4202
f 4200/4200/4200 4202/4202/4202 4203/4203/4203
f 4204/4204/4204 4205/4205/4205 4177/4177/4177
f 4204/4204/4204 4177/4177/4177 4176/4176/4176
f 4178/4178/4178 4177/4177/4177 4206/4206/4206
f 4178/4178/4178 4206/4206/4206 4207/4207/4207
f 4208/4208/4208 4209/4209/4209 4183/4183/4183
f 4208/4208/4208 4183/4183/4183 4182/4182/4182
f 4210/4210/4210 4211/4211/4211 4212/4212/4212
f 4210/4210/4210 4212/4212/4212 4213/4213/4213
f 4214/4214/4214 4215/4215/4215 4216/4216/4216
f 4214/4214/4214 4216/4216/4216 4217/4217/4217
f 4155/4155/4155 4154/4154/4154 4171/4171/4171
f 4155/4155/4155 4171/4171/4171 4156/4156/4156
f 4218/4218/4218 4158/4158/4158 4157/4157/4157
f 4218/4218/4218 4157/4157/4157 4169/4169/4169
f 4162/4162/4162 4161/4161/4161 4164/4164/4164
f 4162/4162/4162 4164/4164/4164 4163/4163/4163
f 4166/4166/4166 4165/4165/4165 4219/4219/4219
f 4166/4166/4166 4219/4219/4219 4220/4220/4220
f 4170/4170/4170 4167/4167/4167 4157/4157/4157
f 4170/4170/4170 4157/4157/4157 4156/4156/4156
f 4172/4172/4172 4171/4171/4171 4221/4221/4221
f 4172/4172/4172 4221/4221/4221 4222/4222/4222
f 4188/4188/4188 4204/4204/4204 4176/4176/4176
f 4188/4188/4188 4176/4176/4176 4194/4194/4194
f 4187/4187/4187 4190/4190/4190 4200/4200/4200
f 4187/4187/4187 4200/4200/4200 4203/4203/4203
f 4223/4223/4223 4224/4224/4224 4225/4225/4225
f 4223/4223/4223 4225/4225/4225 4226/4226/4226
f 4227/4227/4227 4228/4228/4228 4229/4229/4229
f 4227/4227/4227 4229/4229/4229 4230/4230/4230
f 4209/4209/4209 4201/4201/4201 4200/4200/4200
f 4209/4209/4209 4200/4200/4200 4183/4183/4183
f 4202/4202/4202 4205/4205/4205 4204/4204/4204
f 4202/4202/4202 4204/4204/4204 4203/4203/4203
f 4199/4199/4199 4198/4198/4198 4220/4220/4220
f 4199/4199/4199 4220/4220/4220 4231/4231/4231
f 4232/4232/4232 4233/4233/4233 4234/4234/4234
f 4232/4232/4232 4234/4234/4234 4235/4235/4235
f 4224/4224/4224 4227/4227/4227 4230/4230/4230
f 4224/4224/4224 4230/4230/4230 4225/4225/4225
f 4229/4229/4229 4228/4228/4228 4236/4236/4236
f 4229/4229/4229 4236/4236/4236 4237/4237/4237
f 4210/4210/4210 4238/4238/4238 4239/4239/4239
f 4210/4210/4210 4239/4239/4239 4211/4211/4211
f 4240/4240/4240 4241/4241/4241 4242/4242/4242
f 4240/4240/4240 4242/4242/4242 4243/4243/4243
f 4244/4244/4244 4214/4214/4214 4217/4217/4217
f 4244/4244/4244 4217/4217/4217 4245/4245/4245
f 4246/4246/4246 4247/4247/4247 4248/4248/4248
f 4246/4246/4246 4248/4248/4248 4249/4249/4249
f 4250/4250/4250 4251/4251/4251 4252/4252/4252
f 4250/4250/4250 4252/4252/4252 4253/4253/4253
f 4233/4233/4233 4232/4232/4232 4254/4254/4254
f 4233/4233/4233 4254/4254/4254 4255/4255/4255
f 4256/4256/4256 4164/4164/4164 4161/4161/4161
f 4256/4256/4256 4161/4161/4161 4257/4257/4257
f 4255/4255/4255 4254/4254/4254 4258/4258/4258
f 4255/4255/4255 4258/4258/4258 4259/4259/4259
f 4260/4260/4260 4261/4261/4261 4253/4253/4253
f 4260/4260/4260 4253/4253/4253 4252/4252/4252
f 4152/4152/4152 4151/4151/4151 4201/4201/4201
f 4152/4152/4152 4201/4201/4201 4209/4209/4209
f 4262/4262/4262 4263/4263/4263 4205/4205/4205
f 4262/4262/4262 4205/4205/4205 4202/4202/4202
f 4208/4208/4208 4179/4179/4179 4152/4152/4152
f 4208/4208/4208 4152/4152/4152 4209/4209/4209
f 4207/4207/4207 4206/4206/4206 4218/4218/4218
f 4207/4207/4207 4218/4218/4218 4264/4264/4264
f 4213/4213/4213 4212/4212/4212 4265/4265/4265
f 4213/4213/4213 4265/4265/4265 4266/4266/4266
f 4151/4151/4151 4262/4262/4262 4202/4202/4202
f 4151/4151/4151 4202/4202/4202 4201/4201/4201
f 4205/4205/4205 4263/4263/4263 4206/4206/4206
f 4205/4205/4205 4206/4206/4206 4177/4177/4177
f 4215/4215/4215 4246/4246/4246 4249/4249/4249
f 4215/4215/4215 4249/4249/4249 4216/4216/4216
f 4160/4160/4160 4267/4267/4267 4257/4257/4257
f 4160/4160/4160 4257/4257/4257 4161/4161/4161
f 4242/4242/4242 4268/4268/4268 4269/4269/4269
f 4242/4242/4242 4269/4269/4269 4174/4174/4174
f 4241/4241/4241 4270/4270/4270 4268/4268/4268
f 4241/4241/4241 4268/4268/4268 4242/4242/4242
f 4271/4271/4271 4272/4272/4272 4273/4273/4273
f 4271/4271/4271 4273/4273/4273 4274/4274/4274
f 4219/4219/4219 4275/4275/4275 4276/4276/4276
f 4219/4219/4219 4276/4276/4276 4277/4277/4277
f 4219/4219/4219 4165/4165/4165 4278/4278/4278
f 4219/4219/4219 4278/4278/4278 4275/4275/4275
f 4164/4164/4164 4256/4256/4256 4278/4278/4278
f 4164/4164/4164 4278/4278/4278 4165/4165/4165
f 4279/4279/4279 4280/4280/4280 4281/4281/4281
f 4279/4279/4279 4281/4281/4281 4282/4282/4282
f 4281/4281/4281 4280/4280/4280 4283/4283/4283
f 4281/4281/4281 4283/4283/4283 4284/4284/4284
f 4285/4285/4285 4286/4286/4286 4287/4287/4287
f 4285/4285/4285 4287/4287/4287 4288/4288/4288
f 4287/4287/4287 4286/4286/4286 4289/4289/4289
f 4287/4287/4287 4289/4289/4289 4290/4290/4290
f 4271/4271/4271 4274/4274/4274 4291/4291/4291
f 4271/4271/4271 4291/4291/4291 4292/4292/4292
f 4293/4293/4293 4294/4294/4294 4295/4295/4295
f 4293/4293/4293 4295/4295/4295 4296/4296/4296
f 4294/4294/4294 4297/4297/4297 4298/4298/4298
f 4294/4294/4294 4298/4298/4298 4295/4295/4295
f 4298/4298/4298 4297/4297/4297 4279/4279/4279
f 4298/4298/4298 4279/4279/4279 4282/4282/4282
f 4168/4168/4168 4237/4237/4237 4265/4265/4265
f 4168/4168/4168 4265/4265/4265 4264/4264/4264
f 4180/4180/4180 4222/4222/4222 4221/4221/4221
f 4180/4180/4180 4221/4221/4221 4153/4153/4153
f 4236/4236/4236 4266/4266/4266 4265/4265/4265
f 4236/4236/4236 4265/4265/4265 4237/4237/4237
f 4247/4247/4247 4223/4223/4223 4226/4226/4226
f 4247/4247/4247 4226/4226/4226 4248/4248/4248
f 4154/4154/4154 4153/4153/4153 4221/4221/4221
f 4154/4154/4154 4221/4221/4221 4171/4171/4171
f 4155/4155/4155 4158/4158/4158 4263/4263/4263
f 4155/4155/4155 4263/4263/4263 4262/4262/4262
f 4154/4154/4154 4155/4155/4155 4262/4262/4262
f 4154/4154/4154 4262/4262/4262 4151/4151/4151
f 4263/4263/4263 4158/4158/4158 4218/4218/4218
f 4263/4263/4263 4218/4218/4218 4206/4206/4206
f 4299/4299/4299 4300/4300/4300 4301/4301/4301
f 4299/4299/4299 4301/4301/4301 4302/4302/4302
f 4301/4301/4301 4300/4300/4300 4303/4303/4303
f 4301/4301/4301 4303/4303/4303 4304/4304/4304
f 4305/4305/4305 4306/4306/4306 4307/4307/4307
f 4305/4305/4305 4307/4307/4307 4308/4308/4308
f 4307/4307/4307 4306/4306/4306 4309/4309/4309
f 4307/4307/4307 4309/4309/4309 4310/4310/4310
f 4311/4311/4311 4312/4312/4312 4313/4313/4313
f 4311/4311/4311 4313/4313/4313 4314/4314/4314
f 4315/4315/4315 4316/4316/4316 4317/4317/4317
f 4315/4315/4315 4317/4317/4317 4318/4318/4318
f 4318/4318/4318 4317/4317/4317 4319/4319/4319
f 4318/4318/4318 4319/4319/4319 4320/4320/4320
f 4320/4320/4320 4319/4319/4319 4299/4299/4299
f 4320/4320/4320 4299/4299/4299 4302/4302/4302
f 4321/4321/4321 4322/4322/4322 4323/4323/4323
f 4321/4321/4321 4323/4323/4323 4324/4324/4324
f 4325/4325/4325 4326/4326/4326 4327/4327/4327
f 4325/4325/4325 4327/4327/4327 4328/4328/4328
f 4329/4329/4329 4330/4330/4330 4322/4322/4322
f 4329/4329/4329 4322/4322/4322 4321/4321/4321
f 4331/4331/4331 4181/4181/4181 4184/4184/4184
f 4331/4331/4331 4184/4184/4184 4189/4189/4189
f 4332/4332/4332 4333/4333/4333 4334/4334/4334
f 4332/4332/4332 4334/4334/4334 4335/4335/4335
f 4336/4336/4336 4244/4244/4244 4245/4245/4245
f 4336/4336/4336 4245/4245/4245 4337/4337/4337
f 4323/4323/4323 4326/4326/4326 4325/4325/4325
f 4323/4323/4323 4325/4325/4325 4324/4324/4324
f 4328/4328/4328 4327/4327/4327 4198/4198/4198
f 4328/4328/4328 4198/4198/4198 4197/4197/4197
f 4185/4185/4185 4188/4188/4188 4194/4194/4194
f 4185/4185/4185 4194/4194/4194 4193/4193/4193
f 4191/4191/4191 4190/4190/4190 4187/4187/4187
f 4191/4191/4191 4187/4187/4187 4186/4186/4186
f 4188/4188/4188 4187/4187/4187 4203/4203/4203
f 4188/4188/4188 4203/4203/4203 4204/4204/4204
f 4200/4200/4200 4190/4190/4190 4184/4184/4184
f 4200/4200/4200 4184/4184/4184 4183/4183/4183
f 4195/4195/4195 4194/4194/4194 4176/4176/4176
f 4195/4195/4195 4176/4176/4176 4175/4175/4175
f 4251/4251/4251 4250/4250/4250 4239/4239/4239
f 4251/4251/4251 4239/4239/4239 4238/4238/4238
f 4338/4338/4338 4339/4339/4339 4340/4340/4340
f 4338/4338/4338 4340/4340/4340 4341/4341/4341
f 4340/4340/4340 4339/4339/4339 4342/4342/4342
f 4340/4340/4340 4342/4342/4342 4343/4343/4343
f 4344/4344/4344 4345/4345/4345 4346/4346/4346
f 4344/4344/4344 4346/4346/4346 4347/4347/4347
f 4346/4346/4346 4345/4345/4345 4348/4348/4348
f 4346/4346/4346 4348/4348/4348 4349/4349/4349
f 4350/4350/4350 4351/4351/4351 4352/4352/4352
f 4350/4350/4350 4352/4352/4352 4353/4353/4353
f 4354/4354/4354 4355/4355/4355 4356/4356/4356
f 4354/4354/4354 4356/4356/4356 4357/4357/4357
f 4356/4356/4356 4355/4355/4355 4358/4358/4358
f 4356/4356/4356 4358/4358/4358 4359/4359/4359
f 4359/4359/4359 4358/4358/4358 4338/4338/4338
f 4359/4359/4359 4338/4338/4338 4341/4341/4341
f 4301/4301/4301 4339/4339/4339 4338/4338/4338
f 4301/4301/4301 4338/4338/4338 4302/4302/4302
f 4304/4304/4304 4342/4342/4342 4339/4339/4339
f 4304/4304/4304 4339/4339/4339 4301/4301/4301
f 4308/4308/4308 4307/4307/4307 4345/4345/4345
f 4308/4308/4308 4345/4345/4345 4344/4344/4344
f 4310/4310/4310 4348/4348/4348 4345/4345/4345
f 4310/4310/4310 4345/4345/4345 4307/4307/4307
f 4313/4313/4313 4351/4351/4351 4350/4350/4350
f 4313/4313/4313 4350/4350/4350 4314/4314/4314
f 4354/4354/4354 4315/4315/4315 4318/4318/4318
f 4354/4354/4354 4318/4318/4318 4355/4355/4355
f 4320/4320/4320 4358/4358/4358 4355/4355/4355
f 4320/4320/4320 4355/4355/4355 4318/4318/4318
f 4302/4302/4302 4338/4338/4338 4358/4358/4358
f 4302/4302/4302 4358/4358/4358 4320/4320/4320
f 449/449/449 455/455/455 4343/4343/4343
f 449/449/449 4343/4343/4343 4347/4347/4347
f 1542/1542/1542 450/450/450 4346/4346/4346
f 1542/1542/1542 4346/4346/4346 4349/4349/4349
f 452/452/452 523/523/523 4352/4352/4352
f 452/452/452 4352/4352/4352 4357/4357/4357
f 4352/4352/4352 523/523/523 1545/1545/1545
f 4352/4352/4352 1545/1545/1545 4353/4353/4353
f 455/455/455 454/454/454 4340/4340/4340
f 455/455/455 4340/4340/4340 4343/4343/4343
f 454/454/454 456/456/456 4341/4341/4341
f 454/454/454 4341/4341/4341 4340/4340/4340
f 456/456/456 457/457/457 4359/4359/4359
f 456/456/456 4359/4359/4359 4341/4341/4341
f 4359/4359/4359 457/457/457 453/453/453
f 4359/4359/4359 453/453/453 4356/4356/4356
f 4360/4360/4360 4256/4256/4256 4257/4257/4257
f 4360/4360/4360 4257/4257/4257 4361/4361/4361
f 4362/4362/4362 4361/4361/4361 4257/4257/4257
f 4362/4362/4362 4257/4257/4257 4267/4267/4267
f 4363/4363/4363 4362/4362/4362 4267/4267/4267
f 4363/4363/4363 4267/4267/4267 4269/4269/4269
f 4274/4274/4274 4273/4273/4273 4276/4276/4276
f 4274/4274/4274 4276/4276/4276 4364/4364/4364
f 4365/4365/4365 4275/4275/4275 4278/4278/4278
f 4365/4365/4365 4278/4278/4278 4366/4366/4366
f 4366/4366/4366 4278/4278/4278 4256/4256/4256
f 4366/4366/4366 4256/4256/4256 4360/4360/4360
f 4361/4361/4361 4280/4280/4280 4279/4279/4279
f 4361/4361/4361 4279/4279/4279 4360/4360/4360
f 4362/4362/4362 4283/4283/4283 4280/4280/4280
f 4362/4362/4362 4280/4280/4280 4361/4361/4361
f 4367/4367/4367 4286/4286/4286 4285/4285/4285
f 4367/4367/4367 4285/4285/4285 4363/4363/4363
f 4364/4364/4364 4365/4365/4365 4294/4294/4294
f 4364/4364/4364 4294/4294/4294 4293/4293/4293
f 4365/4365/4365 4366/4366/4366 4297/4297/4297
f 4365/4365/4365 4297/4297/4297 4294/4294/4294
f 4360/4360/4360 4279/4279/4279 4297/4297/4297
f 4360/4360/4360 4297/4297/4297 4366/4366/4366
f 4368/4368/4368 4369/4369/4369 4324/4324/4324
f 4368/4368/4368 4324/4324/4324 4325/4325/4325
f 4370/4370/4370 4371/4371/4371 4328/4328/4328
f 4370/4370/4370 4328/4328/4328 4197/4197/4197
f 4261/4261/4261 4335/4335/4335 4329/4329/4329
f 4261/4261/4261 4329/4329/4329 4372/4372/4372
f 4259/4259/4259 4337/4337/4337 4331/4331/4331
f 4259/4259/4259 4331/4331/4331 4373/4373/4373
f 4369/4369/4369 4374/4374/4374 4321/4321/4321
f 4369/4369/4369 4321/4321/4321 4324/4324/4324
f 4371/4371/4371 4368/4368/4368 4325/4325/4325
f 4371/4371/4371 4325/4325/4325 4328/4328/4328
f 4369/4369/4369 4368/4368/4368 4186/4186/4186
f 4369/4369/4369 4186/4186/4186 4185/4185/4185
f 4371/4371/4371 4370/4370/4370 4189/4189/4189
f 4371/4371/4371 4189/4189/4189 4191/4191/4191
f 4372/4372/4372 4374/4374/4374 4193/4193/4193
f 4372/4372/4372 4193/4193/4193 4192/4192/4192
f 4373/4373/4373 4370/4370/4370 4197/4197/4197
f 4373/4373/4373 4197/4197/4197 4196/4196/4196
f 4374/4374/4374 4369/4369/4369 4185/4185/4185
f 4374/4374/4374 4185/4185/4185 4193/4193/4193
f 4368/4368/4368 4371/4371/4371 4191/4191/4191
f 4368/4368/4368 4191/4191/4191 4186/4186/4186
f 4292/4292/4292 4291/4291/4291 4375/4375/4375
f 4292/4292/4292 4375/4375/4375 4376/4376/4376
f 4273/4273/4273 4272/4272/4272 4377/4377/4377
f 4273/4273/4273 4377/4377/4377 4378/4378/4378
f 4367/4367/4367 4268/4268/4268 4270/4270/4270
f 4367/4367/4367 4270/4270/4270 4379/4379/4379
f 4379/4379/4379 4289/4289/4289 4286/4286/4286
f 4379/4379/4379 4286/4286/4286 4367/4367/4367
f 4258/4258/4258 4336/4336/4336 4337/4337/4337
f 4258/4258/4258 4337/4337/4337 4259/4259/4259
f 4260/4260/4260 4332/4332/4332 4335/4335/4335
f 4260/4260/4260 4335/4335/4335 4261/4261/4261
f 4380/4380/4380 4300/4300/4300 4299/4299/4299
f 4380/4380/4380 4299/4299/4299 4381/4381/4381
f 4382/4382/4382 4303/4303/4303 4300/4300/4300
f 4382/4382/4382 4300/4300/4300 4380/4380/4380
f 4305/4305/4305 4303/4303/4303 4382/4382/4382
f 4305/4305/4305 4382/4382/4382 4383/4383/4383
f 4384/4384/4384 4309/4309/4309 4306/4306/4306
f 4384/4384/4384 4306/4306/4306 4385/4385/4385
f 4312/4312/4312 4311/4311/4311 4386/4386/4386
f 4312/4312/4312 4386/4386/4386 4387/4387/4387
f 4316/4316/4316 4312/4312/4312 4387/4387/4387
f 4316/4316/4316 4387/4387/4387 4388/4388/4388
f 4319/4319/4319 4317/4317/4317 4389/4389/4389
f 4319/4319/4319 4389/4389/4389 4390/4390/4390
f 4381/4381/4381 4299/4299/4299 4319/4319/4319
f 4381/4381/4381 4319/4319/4319 4390/4390/4390
f 4322/4322/4322 4159/4159/4159 4162/4162/4162
f 4322/4322/4322 4162/4162/4162 4323/4323/4323
f 4326/4326/4326 4163/4163/4163 4166/4166/4166
f 4326/4326/4326 4166/4166/4166 4327/4327/4327
f 4330/4330/4330 4173/4173/4173 4159/4159/4159
f 4330/4330/4330 4159/4159/4159 4322/4322/4322
f 4323/4323/4323 4162/4162/4162 4163/4163/4163
f 4323/4323/4323 4163/4163/4163 4326/4326/4326
f 4327/4327/4327 4166/4166/4166 4220/4220/4220
f 4327/4327/4327 4220/4220/4220 4198/4198/4198
f 4277/4277/4277 4231/4231/4231 4220/4220/4220
f 4277/4277/4277 4220/4220/4220 4219/4219/4219
f 4235/4235/4235 4234/4234/4234 4378/4378/4378
f 4235/4235/4235 4378/4378/4378 4377/4377/4377
f 4333/4333/4333 4240/4240/4240 4243/4243/4243
f 4333/4333/4333 4243/4243/4243 4334/4334/4334
f 4168/4168/4168 4167/4167/4167 4229/4229/4229
f 4168/4168/4168 4229/4229/4229 4237/4237/4237
f 4170/4170/4170 4172/4172/4172 4225/4225/4225
f 4170/4170/4170 4225/4225/4225 4230/4230/4230
f 4174/4174/4174 4173/4173/4173 4243/4243/4243
f 4174/4174/4174 4243/4243/4243 4242/4242/4242
f 4175/4175/4175 4178/4178/4178 4211/4211/4211
f 4175/4175/4175 4211/4211/4211 4239/4239/4239
f 4180/4180/4180 4179/4179/4179 4249/4249/4249
f 4180/4180/4180 4249/4249/4249 4248/4248/4248
f 4182/4182/4182 4181/4181/4181 4245/4245/4245
f 4182/4182/4182 4245/4245/4245 4217/4217/4217
f 4253/4253/4253 4192/4192/4192 4195/4195/4195
f 4253/4253/4253 4195/4195/4195 4250/4250/4250
f 4255/4255/4255 4196/4196/4196 4199/4199/4199
f 4255/4255/4255 4199/4199/4199 4233/4233/4233
f 4211/4211/4211 4178/4178/4178 4207/4207/4207
f 4211/4211/4211 4207/4207/4207 4212/4212/4212
f 4216/4216/4216 4208/4208/4208 4182/4182/4182
f 4216/4216/4216 4182/4182/4182 4217/4217/4217
f 4167/4167/4167 4170/4170/4170 4230/4230/4230
f 4167/4167/4167 4230/4230/4230 4229/4229/4229
f 4172/4172/4172 4222/4222/4222 4226/4226/4226
f 4172/4172/4172 4226/4226/4226 4225/4225/4225
f 4199/4199/4199 4231/4231/4231 4234/4234/4234
f 4199/4199/4199 4234/4234/4234 4233/4233/4233
f 4249/4249/4249 4179/4179/4179 4208/4208/4208
f 4249/4249/4249 4208/4208/4208 4216/4216/4216
f 4212/4212/4212 4207/4207/4207 4264/4264/4264
f 4212/4212/4212 4264/4264/4264 4265/4265/4265
f 4174/4174/4174 4269/4269/4269 4267/4267/4267
f 4174/4174/4174 4267/4267/4267 4160/4160/4160
f 4277/4277/4277 4276/4276/4276 4273/4273/4273
f 4277/4277/4277 4273/4273/4273 4378/4378/4378
f 4283/4283/4283 4285/4285/4285 4288/4288/4288
f 4283/4283/4283 4288/4288/4288 4284/4284/4284
f 4291/4291/4291 4293/4293/4293 4296/4296/4296
f 4291/4291/4291 4296/4296/4296 4375/4375/4375
f 4169/4169/4169 4168/4168/4168 4264/4264/4264
f 4169/4169/4169 4264/4264/4264 4218/4218/4218
f 4222/4222/4222 4180/4180/4180 4248/4248/4248
f 4222/4222/4222 4248/4248/4248 4226/4226/4226
f 4303/4303/4303 4305/4305/4305 4308/4308/4308
f 4303/4303/4303 4308/4308/4308 4304/4304/4304
f 4316/4316/4316 4315/4315/4315 4313/4313/4313
f 4316/4316/4316 4313/4313/4313 4312/4312/4312
f 4330/4330/4330 4329/4329/4329 4335/4335/4335
f 4330/4330/4330 4335/4335/4335 4334/4334/4334
f 4181/4181/4181 4331/4331/4331 4337/4337/4337
f 4181/4181/4181 4337/4337/4337 4245/4245/4245
f 4250/4250/4250 4195/4195/4195 4175/4175/4175
f 4250/4250/4250 4175/4175/4175 4239/4239/4239
f 4342/4342/4342 4344/4344/4344 4347/4347/4347
f 4342/4342/4342 4347/4347/4347 4343/4343/4343
f 4351/4351/4351 4354/4354/4354 4357/4357/4357
f 4351/4351/4351 4357/4357/4357 4352/4352/4352
f 4304/4304/4304 4308/4308/4308 4344/4344/4344
f 4304/4304/4304 4344/4344/4344 4342/4342/4342
f 4315/4315/4315 4354/4354/4354 4351/4351/4351
f 4315/4315/4315 4351/4351/4351 4313/4313/4313
f 450/450/450 449/449/449 4347/4347/4347
f 450/450/450 4347/4347/4347 4346/4346/4346
f 453/453/453 452/452/452 4357/4357/4357
f 453/453/453 4357/4357/4357 4356/4356/4356
f 4363/4363/4363 4269/4269/4269 4268/4268/4268
f 4363/4363/4363 4268/4268/4268 4367/4367/4367
f 4364/4364/4364 4276/4276/4276 4275/4275/4275
f 4364/4364/4364 4275/4275/4275 4365/4365/4365
f 4362/4362/4362 4363/4363/4363 4285/4285/4285
f 4362/4362/4362 4285/4285/4285 4283/4283/4283
f 4274/4274/4274 4364/4364/4364 4293/4293/4293
f 4274/4274/4274 4293/4293/4293 4291/4291/4291
f 4372/4372/4372 4329/4329/4329 4321/4321/4321
f 4372/4372/4372 4321/4321/4321 4374/4374/4374
f 4373/4373/4373 4331/4331/4331 4189/4189/4189
f 4373/4373/4373 4189/4189/4189 4370/4370/4370
f 4261/4261/4261 4372/4372/4372 4192/4192/4192
f 4261/4261/4261 4192/4192/4192 4253/4253/4253
f 4259/4259/4259 4373/4373/4373 4196/4196/4196
f 4259/4259/4259 4196/4196/4196 4255/4255/4255
f 4385/4385/4385 4383/4383/4383 4288/4288/4288
f 4385/4385/4385 4288/4288/4288 4287/4287/4287
f 4389/4389/4389 4388/4388/4388 4296/4296/4296
f 4389/4389/4389 4296/4296/4296 4295/4295/4295
f 4173/4173/4173 4330/4330/4330 4334/4334/4334
f 4173/4173/4173 4334/4334/4334 4243/4243/4243
f 4231/4231/4231 4277/4277/4277 4378/4378/4378
f 4231/4231/4231 4378/4378/4378 4234/4234/4234
f 4281/4281/4281 4380/4380/4380 4381/4381/4381
f 4281/4281/4281 4381/4381/4381 4282/4282/4282
f 4284/4284/4284 4382/4382/4382 4380/4380/4380
f 4284/4284/4284 4380/4380/4380 4281/4281/4281
f 4383/4383/4383 4382/4382/4382 4284/4284/4284
f 4383/4383/4383 4284/4284/4284 4288/4288/4288
f 4384/4384/4384 4385/4385/4385 4287/4287/4287
f 4384/4384/4384 4287/4287/4287 4290/4290/4290
f 4387/4387/4387 4386/4386/4386 4376/4376/4376
f 4387/4387/4387 4376/4376/4376 4375/4375/4375
f 4388/4388/4388 4387/4387/4387 4375/4375/4375
f 4388/4388/4388 4375/4375/4375 4296/4296/4296
f 4390/4390/4390 4389/4389/4389 4295/4295/4295
f 4390/4390/4390 4295/4295/4295 4298/4298/4298
f 4381/4381/4381 4390/4390/4390 4298/4298/4298
f 4381/4381/4381 4298/4298/4298 4282/4282/4282
f 4383/4383/4383 4385/4385/4385 4306/4306/4306
f 4383/4383/4383 4306/4306/4306 4305/4305/4305
f 4388/4388/4388 4389/4389/4389 4317/4317/4317
f 4388/4388/4388 4317/4317/4317 4316/4316/4316
